"Section","Variable","Source","Model","ScalarName","AnalysisType","Region","ScalarType","Units","Data","Weight"
"EcosystemandCarbonCycle","BurnedArea","GFED4.1S","ED-H1m-mild-humid","Benchmark Period Mean (intersection)","MeanState","global","scalar","%","0.329776","80.0"
"EcosystemandCarbonCycle","BurnedArea","GFED4.1S","ED-H1m-mild-humid","Benchmark Period Mean (complement)","MeanState","global","scalar","%","0","80.0"
"EcosystemandCarbonCycle","BurnedArea","GFED4.1S","ED-H1m-mild-humid","Period Mean (original grids)","MeanState","global","scalar","%","0.460336","80.0"
"EcosystemandCarbonCycle","BurnedArea","GFED4.1S","ED-H1m-mild-humid","Model Period Mean (intersection)","MeanState","global","scalar","%","0.498788","80.0"
"EcosystemandCarbonCycle","BurnedArea","GFED4.1S","ED-H1m-mild-humid","Model Period Mean (complement)","MeanState","global","scalar","%","0.0732893","80.0"
"EcosystemandCarbonCycle","BurnedArea","GFED4.1S","ED-H1m-mild-humid","Benchmark Period Mean (intersection)","MeanState","bona","scalar","%","0.0334473","80.0"
"EcosystemandCarbonCycle","BurnedArea","GFED4.1S","ED-H1m-mild-humid","Benchmark Period Mean (complement)","MeanState","bona","scalar","%","0","80.0"
"EcosystemandCarbonCycle","BurnedArea","GFED4.1S","ED-H1m-mild-humid","Period Mean (original grids)","MeanState","bona","scalar","%","0.0343862","80.0"
"EcosystemandCarbonCycle","BurnedArea","GFED4.1S","ED-H1m-mild-humid","Model Period Mean (intersection)","MeanState","bona","scalar","%","0.0354241","80.0"
"EcosystemandCarbonCycle","BurnedArea","GFED4.1S","ED-H1m-mild-humid","Model Period Mean (complement)","MeanState","bona","scalar","%","0.00339661","80.0"
"EcosystemandCarbonCycle","BurnedArea","GFED4.1S","ED-H1m-mild-humid","Benchmark Period Mean (intersection)","MeanState","tena","scalar","%","0.0259374","80.0"
"EcosystemandCarbonCycle","BurnedArea","GFED4.1S","ED-H1m-mild-humid","Benchmark Period Mean (complement)","MeanState","tena","scalar","%","0","80.0"
"EcosystemandCarbonCycle","BurnedArea","GFED4.1S","ED-H1m-mild-humid","Period Mean (original grids)","MeanState","tena","scalar","%","0.287764","80.0"
"EcosystemandCarbonCycle","BurnedArea","GFED4.1S","ED-H1m-mild-humid","Model Period Mean (intersection)","MeanState","tena","scalar","%","0.294747","80.0"
"EcosystemandCarbonCycle","BurnedArea","GFED4.1S","ED-H1m-mild-humid","Model Period Mean (complement)","MeanState","tena","scalar","%","0.075123","80.0"
"EcosystemandCarbonCycle","BurnedArea","GFED4.1S","ED-H1m-mild-humid","Benchmark Period Mean (intersection)","MeanState","ceam","scalar","%","0.0824275","80.0"
"EcosystemandCarbonCycle","BurnedArea","GFED4.1S","ED-H1m-mild-humid","Benchmark Period Mean (complement)","MeanState","ceam","scalar","%","0","80.0"
"EcosystemandCarbonCycle","BurnedArea","GFED4.1S","ED-H1m-mild-humid","Period Mean (original grids)","MeanState","ceam","scalar","%","0.560377","80.0"
"EcosystemandCarbonCycle","BurnedArea","GFED4.1S","ED-H1m-mild-humid","Model Period Mean (intersection)","MeanState","ceam","scalar","%","0.637002","80.0"
"EcosystemandCarbonCycle","BurnedArea","GFED4.1S","ED-H1m-mild-humid","Model Period Mean (complement)","MeanState","ceam","scalar","%","0.0719886","80.0"
"EcosystemandCarbonCycle","BurnedArea","GFED4.1S","ED-H1m-mild-humid","Benchmark Period Mean (intersection)","MeanState","nhsa","scalar","%","0.142765","80.0"
"EcosystemandCarbonCycle","BurnedArea","GFED4.1S","ED-H1m-mild-humid","Benchmark Period Mean (complement)","MeanState","nhsa","scalar","%","0","80.0"
"EcosystemandCarbonCycle","BurnedArea","GFED4.1S","ED-H1m-mild-humid","Period Mean (original grids)","MeanState","nhsa","scalar","%","0.570251","80.0"
"EcosystemandCarbonCycle","BurnedArea","GFED4.1S","ED-H1m-mild-humid","Model Period Mean (intersection)","MeanState","nhsa","scalar","%","0.604822","80.0"
"EcosystemandCarbonCycle","BurnedArea","GFED4.1S","ED-H1m-mild-humid","Model Period Mean (complement)","MeanState","nhsa","scalar","%","0.0749286","80.0"
"EcosystemandCarbonCycle","BurnedArea","GFED4.1S","ED-H1m-mild-humid","Benchmark Period Mean (intersection)","MeanState","shsa","scalar","%","0.145694","80.0"
"EcosystemandCarbonCycle","BurnedArea","GFED4.1S","ED-H1m-mild-humid","Benchmark Period Mean (complement)","MeanState","shsa","scalar","%","0","80.0"
"EcosystemandCarbonCycle","BurnedArea","GFED4.1S","ED-H1m-mild-humid","Period Mean (original grids)","MeanState","shsa","scalar","%","0.679472","80.0"
"EcosystemandCarbonCycle","BurnedArea","GFED4.1S","ED-H1m-mild-humid","Model Period Mean (intersection)","MeanState","shsa","scalar","%","0.704255","80.0"
"EcosystemandCarbonCycle","BurnedArea","GFED4.1S","ED-H1m-mild-humid","Model Period Mean (complement)","MeanState","shsa","scalar","%","0.0295253","80.0"
"EcosystemandCarbonCycle","BurnedArea","GFED4.1S","ED-H1m-mild-humid","Benchmark Period Mean (intersection)","MeanState","euro","scalar","%","0.0250618","80.0"
"EcosystemandCarbonCycle","BurnedArea","GFED4.1S","ED-H1m-mild-humid","Benchmark Period Mean (complement)","MeanState","euro","scalar","%","0","80.0"
"EcosystemandCarbonCycle","BurnedArea","GFED4.1S","ED-H1m-mild-humid","Period Mean (original grids)","MeanState","euro","scalar","%","0.223223","80.0"
"EcosystemandCarbonCycle","BurnedArea","GFED4.1S","ED-H1m-mild-humid","Model Period Mean (intersection)","MeanState","euro","scalar","%","0.248492","80.0"
"EcosystemandCarbonCycle","BurnedArea","GFED4.1S","ED-H1m-mild-humid","Model Period Mean (complement)","MeanState","euro","scalar","%","0.0311274","80.0"
"EcosystemandCarbonCycle","BurnedArea","GFED4.1S","ED-H1m-mild-humid","Benchmark Period Mean (intersection)","MeanState","mide","scalar","%","0.025217","80.0"
"EcosystemandCarbonCycle","BurnedArea","GFED4.1S","ED-H1m-mild-humid","Benchmark Period Mean (complement)","MeanState","mide","scalar","%","0","80.0"
"EcosystemandCarbonCycle","BurnedArea","GFED4.1S","ED-H1m-mild-humid","Period Mean (original grids)","MeanState","mide","scalar","%","0.286002","80.0"
"EcosystemandCarbonCycle","BurnedArea","GFED4.1S","ED-H1m-mild-humid","Model Period Mean (intersection)","MeanState","mide","scalar","%","0.352261","80.0"
"EcosystemandCarbonCycle","BurnedArea","GFED4.1S","ED-H1m-mild-humid","Model Period Mean (complement)","MeanState","mide","scalar","%","0.11645","80.0"
"EcosystemandCarbonCycle","BurnedArea","GFED4.1S","ED-H1m-mild-humid","Benchmark Period Mean (intersection)","MeanState","nhaf","scalar","%","1.23284","80.0"
"EcosystemandCarbonCycle","BurnedArea","GFED4.1S","ED-H1m-mild-humid","Benchmark Period Mean (complement)","MeanState","nhaf","scalar","%","0","80.0"
"EcosystemandCarbonCycle","BurnedArea","GFED4.1S","ED-H1m-mild-humid","Period Mean (original grids)","MeanState","nhaf","scalar","%","1.099","80.0"
"EcosystemandCarbonCycle","BurnedArea","GFED4.1S","ED-H1m-mild-humid","Model Period Mean (intersection)","MeanState","nhaf","scalar","%","1.16362","80.0"
"EcosystemandCarbonCycle","BurnedArea","GFED4.1S","ED-H1m-mild-humid","Model Period Mean (complement)","MeanState","nhaf","scalar","%","0.15593","80.0"
"EcosystemandCarbonCycle","BurnedArea","GFED4.1S","ED-H1m-mild-humid","Benchmark Period Mean (intersection)","MeanState","shaf","scalar","%","1.45692","80.0"
"EcosystemandCarbonCycle","BurnedArea","GFED4.1S","ED-H1m-mild-humid","Benchmark Period Mean (complement)","MeanState","shaf","scalar","%","0","80.0"
"EcosystemandCarbonCycle","BurnedArea","GFED4.1S","ED-H1m-mild-humid","Period Mean (original grids)","MeanState","shaf","scalar","%","1.09153","80.0"
"EcosystemandCarbonCycle","BurnedArea","GFED4.1S","ED-H1m-mild-humid","Model Period Mean (intersection)","MeanState","shaf","scalar","%","1.12423","80.0"
"EcosystemandCarbonCycle","BurnedArea","GFED4.1S","ED-H1m-mild-humid","Model Period Mean (complement)","MeanState","shaf","scalar","%","0.144205","80.0"
"EcosystemandCarbonCycle","BurnedArea","GFED4.1S","ED-H1m-mild-humid","Benchmark Period Mean (intersection)","MeanState","boas","scalar","%","0.0336143","80.0"
"EcosystemandCarbonCycle","BurnedArea","GFED4.1S","ED-H1m-mild-humid","Benchmark Period Mean (complement)","MeanState","boas","scalar","%","0","80.0"
"EcosystemandCarbonCycle","BurnedArea","GFED4.1S","ED-H1m-mild-humid","Period Mean (original grids)","MeanState","boas","scalar","%","0.0573169","80.0"
"EcosystemandCarbonCycle","BurnedArea","GFED4.1S","ED-H1m-mild-humid","Model Period Mean (intersection)","MeanState","boas","scalar","%","0.0581317","80.0"
"EcosystemandCarbonCycle","BurnedArea","GFED4.1S","ED-H1m-mild-humid","Model Period Mean (complement)","MeanState","boas","scalar","%","0.00309099","80.0"
"EcosystemandCarbonCycle","BurnedArea","GFED4.1S","ED-H1m-mild-humid","Benchmark Period Mean (intersection)","MeanState","ceas","scalar","%","0.125736","80.0"
"EcosystemandCarbonCycle","BurnedArea","GFED4.1S","ED-H1m-mild-humid","Benchmark Period Mean (complement)","MeanState","ceas","scalar","%","0","80.0"
"EcosystemandCarbonCycle","BurnedArea","GFED4.1S","ED-H1m-mild-humid","Period Mean (original grids)","MeanState","ceas","scalar","%","0.208636","80.0"
"EcosystemandCarbonCycle","BurnedArea","GFED4.1S","ED-H1m-mild-humid","Model Period Mean (intersection)","MeanState","ceas","scalar","%","0.21939","80.0"
"EcosystemandCarbonCycle","BurnedArea","GFED4.1S","ED-H1m-mild-humid","Model Period Mean (complement)","MeanState","ceas","scalar","%","0.0881328","80.0"
"EcosystemandCarbonCycle","BurnedArea","GFED4.1S","ED-H1m-mild-humid","Benchmark Period Mean (intersection)","MeanState","seas","scalar","%","0.148029","80.0"
"EcosystemandCarbonCycle","BurnedArea","GFED4.1S","ED-H1m-mild-humid","Benchmark Period Mean (complement)","MeanState","seas","scalar","%","0","80.0"
"EcosystemandCarbonCycle","BurnedArea","GFED4.1S","ED-H1m-mild-humid","Period Mean (original grids)","MeanState","seas","scalar","%","0.763929","80.0"
"EcosystemandCarbonCycle","BurnedArea","GFED4.1S","ED-H1m-mild-humid","Model Period Mean (intersection)","MeanState","seas","scalar","%","0.826354","80.0"
"EcosystemandCarbonCycle","BurnedArea","GFED4.1S","ED-H1m-mild-humid","Model Period Mean (complement)","MeanState","seas","scalar","%","0.0801016","80.0"
"EcosystemandCarbonCycle","BurnedArea","GFED4.1S","ED-H1m-mild-humid","Benchmark Period Mean (intersection)","MeanState","eqas","scalar","%","0.0480126","80.0"
"EcosystemandCarbonCycle","BurnedArea","GFED4.1S","ED-H1m-mild-humid","Benchmark Period Mean (complement)","MeanState","eqas","scalar","%","0","80.0"
"EcosystemandCarbonCycle","BurnedArea","GFED4.1S","ED-H1m-mild-humid","Period Mean (original grids)","MeanState","eqas","scalar","%","0.196745","80.0"
"EcosystemandCarbonCycle","BurnedArea","GFED4.1S","ED-H1m-mild-humid","Model Period Mean (intersection)","MeanState","eqas","scalar","%","0.265933","80.0"
"EcosystemandCarbonCycle","BurnedArea","GFED4.1S","ED-H1m-mild-humid","Model Period Mean (complement)","MeanState","eqas","scalar","%","0.015327","80.0"
"EcosystemandCarbonCycle","BurnedArea","GFED4.1S","ED-H1m-mild-humid","Benchmark Period Mean (intersection)","MeanState","aust","scalar","%","0.529194","80.0"
"EcosystemandCarbonCycle","BurnedArea","GFED4.1S","ED-H1m-mild-humid","Benchmark Period Mean (complement)","MeanState","aust","scalar","%","0","80.0"
"EcosystemandCarbonCycle","BurnedArea","GFED4.1S","ED-H1m-mild-humid","Period Mean (original grids)","MeanState","aust","scalar","%","0.406115","80.0"
"EcosystemandCarbonCycle","BurnedArea","GFED4.1S","ED-H1m-mild-humid","Model Period Mean (intersection)","MeanState","aust","scalar","%","0.429899","80.0"
"EcosystemandCarbonCycle","BurnedArea","GFED4.1S","ED-H1m-mild-humid","Model Period Mean (complement)","MeanState","aust","scalar","%","0.0984938","80.0"
"EcosystemandCarbonCycle","BurnedArea","GFED4.1S","ED-H1m-mild-humid","Spatial Distribution Score","MeanState","global","score","1","0.682813","80.0"
"EcosystemandCarbonCycle","BurnedArea","GFED4.1S","ED-H1m-mild-humid","Spatial Distribution Score","MeanState","bona","score","1","0.559956","80.0"
"EcosystemandCarbonCycle","BurnedArea","GFED4.1S","ED-H1m-mild-humid","Spatial Distribution Score","MeanState","tena","score","1","0.248154","80.0"
"EcosystemandCarbonCycle","BurnedArea","GFED4.1S","ED-H1m-mild-humid","Spatial Distribution Score","MeanState","ceam","score","1","0.20689","80.0"
"EcosystemandCarbonCycle","BurnedArea","GFED4.1S","ED-H1m-mild-humid","Spatial Distribution Score","MeanState","nhsa","score","1","0.755392","80.0"
"EcosystemandCarbonCycle","BurnedArea","GFED4.1S","ED-H1m-mild-humid","Spatial Distribution Score","MeanState","shsa","score","1","0.551492","80.0"
"EcosystemandCarbonCycle","BurnedArea","GFED4.1S","ED-H1m-mild-humid","Spatial Distribution Score","MeanState","euro","score","1","0.124062","80.0"
"EcosystemandCarbonCycle","BurnedArea","GFED4.1S","ED-H1m-mild-humid","Spatial Distribution Score","MeanState","mide","score","1","0.134394","80.0"
"EcosystemandCarbonCycle","BurnedArea","GFED4.1S","ED-H1m-mild-humid","Spatial Distribution Score","MeanState","nhaf","score","1","0.450846","80.0"
"EcosystemandCarbonCycle","BurnedArea","GFED4.1S","ED-H1m-mild-humid","Spatial Distribution Score","MeanState","shaf","score","1","0.400255","80.0"
"EcosystemandCarbonCycle","BurnedArea","GFED4.1S","ED-H1m-mild-humid","Spatial Distribution Score","MeanState","boas","score","1","0.750161","80.0"
"EcosystemandCarbonCycle","BurnedArea","GFED4.1S","ED-H1m-mild-humid","Spatial Distribution Score","MeanState","ceas","score","1","0.712335","80.0"
"EcosystemandCarbonCycle","BurnedArea","GFED4.1S","ED-H1m-mild-humid","Spatial Distribution Score","MeanState","seas","score","1","0.488732","80.0"
"EcosystemandCarbonCycle","BurnedArea","GFED4.1S","ED-H1m-mild-humid","Spatial Distribution Score","MeanState","eqas","score","1","0.332029","80.0"
"EcosystemandCarbonCycle","BurnedArea","GFED4.1S","ED-H1m-mild-humid","Spatial Distribution Score","MeanState","aust","score","1","0.643711","80.0"
"EcosystemandCarbonCycle","BurnedArea","GFED4.1S","ED-H1m-mild-humid","Phase Shift","MeanState","global","scalar","months","2.05847","80.0"
"EcosystemandCarbonCycle","BurnedArea","GFED4.1S","ED-H1m-mild-humid","Seasonal Cycle Score","MeanState","global","score","1","0.845991","80.0"
"EcosystemandCarbonCycle","BurnedArea","GFED4.1S","ED-H1m-mild-humid","Phase Shift","MeanState","bona","scalar","months","1.89796","80.0"
"EcosystemandCarbonCycle","BurnedArea","GFED4.1S","ED-H1m-mild-humid","Seasonal Cycle Score","MeanState","bona","score","1","0.925121","80.0"
"EcosystemandCarbonCycle","BurnedArea","GFED4.1S","ED-H1m-mild-humid","Phase Shift","MeanState","tena","scalar","months","2.40385","80.0"
"EcosystemandCarbonCycle","BurnedArea","GFED4.1S","ED-H1m-mild-humid","Seasonal Cycle Score","MeanState","tena","score","1","0.698429","80.0"
"EcosystemandCarbonCycle","BurnedArea","GFED4.1S","ED-H1m-mild-humid","Phase Shift","MeanState","ceam","scalar","months","1.70995","80.0"
"EcosystemandCarbonCycle","BurnedArea","GFED4.1S","ED-H1m-mild-humid","Seasonal Cycle Score","MeanState","ceam","score","1","0.848627","80.0"
"EcosystemandCarbonCycle","BurnedArea","GFED4.1S","ED-H1m-mild-humid","Phase Shift","MeanState","nhsa","scalar","months","1.42477","80.0"
"EcosystemandCarbonCycle","BurnedArea","GFED4.1S","ED-H1m-mild-humid","Seasonal Cycle Score","MeanState","nhsa","score","1","0.914424","80.0"
"EcosystemandCarbonCycle","BurnedArea","GFED4.1S","ED-H1m-mild-humid","Phase Shift","MeanState","shsa","scalar","months","1.86329","80.0"
"EcosystemandCarbonCycle","BurnedArea","GFED4.1S","ED-H1m-mild-humid","Seasonal Cycle Score","MeanState","shsa","score","1","0.820097","80.0"
"EcosystemandCarbonCycle","BurnedArea","GFED4.1S","ED-H1m-mild-humid","Phase Shift","MeanState","euro","scalar","months","2.19551","80.0"
"EcosystemandCarbonCycle","BurnedArea","GFED4.1S","ED-H1m-mild-humid","Seasonal Cycle Score","MeanState","euro","score","1","0.807603","80.0"
"EcosystemandCarbonCycle","BurnedArea","GFED4.1S","ED-H1m-mild-humid","Phase Shift","MeanState","mide","scalar","months","2.53464","80.0"
"EcosystemandCarbonCycle","BurnedArea","GFED4.1S","ED-H1m-mild-humid","Seasonal Cycle Score","MeanState","mide","score","1","0.766559","80.0"
"EcosystemandCarbonCycle","BurnedArea","GFED4.1S","ED-H1m-mild-humid","Phase Shift","MeanState","nhaf","scalar","months","1.74665","80.0"
"EcosystemandCarbonCycle","BurnedArea","GFED4.1S","ED-H1m-mild-humid","Seasonal Cycle Score","MeanState","nhaf","score","1","0.900497","80.0"
"EcosystemandCarbonCycle","BurnedArea","GFED4.1S","ED-H1m-mild-humid","Phase Shift","MeanState","shaf","scalar","months","1.41639","80.0"
"EcosystemandCarbonCycle","BurnedArea","GFED4.1S","ED-H1m-mild-humid","Seasonal Cycle Score","MeanState","shaf","score","1","0.904071","80.0"
"EcosystemandCarbonCycle","BurnedArea","GFED4.1S","ED-H1m-mild-humid","Phase Shift","MeanState","boas","scalar","months","1.81847","80.0"
"EcosystemandCarbonCycle","BurnedArea","GFED4.1S","ED-H1m-mild-humid","Seasonal Cycle Score","MeanState","boas","score","1","0.796639","80.0"
"EcosystemandCarbonCycle","BurnedArea","GFED4.1S","ED-H1m-mild-humid","Phase Shift","MeanState","ceas","scalar","months","2.36974","80.0"
"EcosystemandCarbonCycle","BurnedArea","GFED4.1S","ED-H1m-mild-humid","Seasonal Cycle Score","MeanState","ceas","score","1","0.721724","80.0"
"EcosystemandCarbonCycle","BurnedArea","GFED4.1S","ED-H1m-mild-humid","Phase Shift","MeanState","seas","scalar","months","2.27135","80.0"
"EcosystemandCarbonCycle","BurnedArea","GFED4.1S","ED-H1m-mild-humid","Seasonal Cycle Score","MeanState","seas","score","1","0.826309","80.0"
"EcosystemandCarbonCycle","BurnedArea","GFED4.1S","ED-H1m-mild-humid","Phase Shift","MeanState","eqas","scalar","months","1.99877","80.0"
"EcosystemandCarbonCycle","BurnedArea","GFED4.1S","ED-H1m-mild-humid","Seasonal Cycle Score","MeanState","eqas","score","1","0.841258","80.0"
"EcosystemandCarbonCycle","BurnedArea","GFED4.1S","ED-H1m-mild-humid","Phase Shift","MeanState","aust","scalar","months","2.58584","80.0"
"EcosystemandCarbonCycle","BurnedArea","GFED4.1S","ED-H1m-mild-humid","Seasonal Cycle Score","MeanState","aust","score","1","0.577176","80.0"
"EcosystemandCarbonCycle","BurnedArea","GFED4.1S","ED-H1m-mild-humid","Bias","MeanState","global","scalar","%","0.169012","80.0"
"EcosystemandCarbonCycle","BurnedArea","GFED4.1S","ED-H1m-mild-humid","Bias Score","MeanState","global","score","1","0.726349","80.0"
"EcosystemandCarbonCycle","BurnedArea","GFED4.1S","ED-H1m-mild-humid","Bias","MeanState","bona","scalar","%","0.00197679","80.0"
"EcosystemandCarbonCycle","BurnedArea","GFED4.1S","ED-H1m-mild-humid","Bias Score","MeanState","bona","score","1","0.888967","80.0"
"EcosystemandCarbonCycle","BurnedArea","GFED4.1S","ED-H1m-mild-humid","Bias","MeanState","tena","scalar","%","0.268809","80.0"
"EcosystemandCarbonCycle","BurnedArea","GFED4.1S","ED-H1m-mild-humid","Bias Score","MeanState","tena","score","1","0.487387","80.0"
"EcosystemandCarbonCycle","BurnedArea","GFED4.1S","ED-H1m-mild-humid","Bias","MeanState","ceam","scalar","%","0.554574","80.0"
"EcosystemandCarbonCycle","BurnedArea","GFED4.1S","ED-H1m-mild-humid","Bias Score","MeanState","ceam","score","1","0.364991","80.0"
"EcosystemandCarbonCycle","BurnedArea","GFED4.1S","ED-H1m-mild-humid","Bias","MeanState","nhsa","scalar","%","0.462057","80.0"
"EcosystemandCarbonCycle","BurnedArea","GFED4.1S","ED-H1m-mild-humid","Bias Score","MeanState","nhsa","score","1","0.564138","80.0"
"EcosystemandCarbonCycle","BurnedArea","GFED4.1S","ED-H1m-mild-humid","Bias","MeanState","shsa","scalar","%","0.558561","80.0"
"EcosystemandCarbonCycle","BurnedArea","GFED4.1S","ED-H1m-mild-humid","Bias Score","MeanState","shsa","score","1","0.571166","80.0"
"EcosystemandCarbonCycle","BurnedArea","GFED4.1S","ED-H1m-mild-humid","Bias","MeanState","euro","scalar","%","0.22343","80.0"
"EcosystemandCarbonCycle","BurnedArea","GFED4.1S","ED-H1m-mild-humid","Bias Score","MeanState","euro","score","1","0.479159","80.0"
"EcosystemandCarbonCycle","BurnedArea","GFED4.1S","ED-H1m-mild-humid","Bias","MeanState","mide","scalar","%","0.327044","80.0"
"EcosystemandCarbonCycle","BurnedArea","GFED4.1S","ED-H1m-mild-humid","Bias Score","MeanState","mide","score","1","0.474045","80.0"
"EcosystemandCarbonCycle","BurnedArea","GFED4.1S","ED-H1m-mild-humid","Bias","MeanState","nhaf","scalar","%","-0.0692156","80.0"
"EcosystemandCarbonCycle","BurnedArea","GFED4.1S","ED-H1m-mild-humid","Bias Score","MeanState","nhaf","score","1","0.755331","80.0"
"EcosystemandCarbonCycle","BurnedArea","GFED4.1S","ED-H1m-mild-humid","Bias","MeanState","shaf","scalar","%","-0.332691","80.0"
"EcosystemandCarbonCycle","BurnedArea","GFED4.1S","ED-H1m-mild-humid","Bias Score","MeanState","shaf","score","1","0.734345","80.0"
"EcosystemandCarbonCycle","BurnedArea","GFED4.1S","ED-H1m-mild-humid","Bias","MeanState","boas","scalar","%","0.0245173","80.0"
"EcosystemandCarbonCycle","BurnedArea","GFED4.1S","ED-H1m-mild-humid","Bias Score","MeanState","boas","score","1","0.857184","80.0"
"EcosystemandCarbonCycle","BurnedArea","GFED4.1S","ED-H1m-mild-humid","Bias","MeanState","ceas","scalar","%","0.0936542","80.0"
"EcosystemandCarbonCycle","BurnedArea","GFED4.1S","ED-H1m-mild-humid","Bias Score","MeanState","ceas","score","1","0.803773","80.0"
"EcosystemandCarbonCycle","BurnedArea","GFED4.1S","ED-H1m-mild-humid","Bias","MeanState","seas","scalar","%","0.678325","80.0"
"EcosystemandCarbonCycle","BurnedArea","GFED4.1S","ED-H1m-mild-humid","Bias Score","MeanState","seas","score","1","0.565538","80.0"
"EcosystemandCarbonCycle","BurnedArea","GFED4.1S","ED-H1m-mild-humid","Bias","MeanState","eqas","scalar","%","0.21792","80.0"
"EcosystemandCarbonCycle","BurnedArea","GFED4.1S","ED-H1m-mild-humid","Bias Score","MeanState","eqas","score","1","0.568558","80.0"
"EcosystemandCarbonCycle","BurnedArea","GFED4.1S","ED-H1m-mild-humid","Bias","MeanState","aust","scalar","%","-0.0992954","80.0"
"EcosystemandCarbonCycle","BurnedArea","GFED4.1S","ED-H1m-mild-humid","Bias Score","MeanState","aust","score","1","0.750602","80.0"
"EcosystemandCarbonCycle","BurnedArea","GFED4.1S","ED-H1m-mild-humid","RMSE","MeanState","global","scalar","%","0.85412","80.0"
"EcosystemandCarbonCycle","BurnedArea","GFED4.1S","ED-H1m-mild-humid","RMSE Score","MeanState","global","score","1","0.506847","80.0"
"EcosystemandCarbonCycle","BurnedArea","GFED4.1S","ED-H1m-mild-humid","RMSE","MeanState","bona","scalar","%","0.116481","80.0"
"EcosystemandCarbonCycle","BurnedArea","GFED4.1S","ED-H1m-mild-humid","RMSE Score","MeanState","bona","score","1","0.746301","80.0"
"EcosystemandCarbonCycle","BurnedArea","GFED4.1S","ED-H1m-mild-humid","RMSE","MeanState","tena","scalar","%","0.47092","80.0"
"EcosystemandCarbonCycle","BurnedArea","GFED4.1S","ED-H1m-mild-humid","RMSE Score","MeanState","tena","score","1","0.347542","80.0"
"EcosystemandCarbonCycle","BurnedArea","GFED4.1S","ED-H1m-mild-humid","RMSE","MeanState","ceam","scalar","%","0.715412","80.0"
"EcosystemandCarbonCycle","BurnedArea","GFED4.1S","ED-H1m-mild-humid","RMSE Score","MeanState","ceam","score","1","0.356998","80.0"
"EcosystemandCarbonCycle","BurnedArea","GFED4.1S","ED-H1m-mild-humid","RMSE","MeanState","nhsa","scalar","%","0.626976","80.0"
"EcosystemandCarbonCycle","BurnedArea","GFED4.1S","ED-H1m-mild-humid","RMSE Score","MeanState","nhsa","score","1","0.530291","80.0"
"EcosystemandCarbonCycle","BurnedArea","GFED4.1S","ED-H1m-mild-humid","RMSE","MeanState","shsa","scalar","%","0.770551","80.0"
"EcosystemandCarbonCycle","BurnedArea","GFED4.1S","ED-H1m-mild-humid","RMSE Score","MeanState","shsa","score","1","0.467468","80.0"
"EcosystemandCarbonCycle","BurnedArea","GFED4.1S","ED-H1m-mild-humid","RMSE","MeanState","euro","scalar","%","0.39837","80.0"
"EcosystemandCarbonCycle","BurnedArea","GFED4.1S","ED-H1m-mild-humid","RMSE Score","MeanState","euro","score","1","0.318505","80.0"
"EcosystemandCarbonCycle","BurnedArea","GFED4.1S","ED-H1m-mild-humid","RMSE","MeanState","mide","scalar","%","0.539813","80.0"
"EcosystemandCarbonCycle","BurnedArea","GFED4.1S","ED-H1m-mild-humid","RMSE Score","MeanState","mide","score","1","0.337833","80.0"
"EcosystemandCarbonCycle","BurnedArea","GFED4.1S","ED-H1m-mild-humid","RMSE","MeanState","nhaf","scalar","%","2.49635","80.0"
"EcosystemandCarbonCycle","BurnedArea","GFED4.1S","ED-H1m-mild-humid","RMSE Score","MeanState","nhaf","score","1","0.47394","80.0"
"EcosystemandCarbonCycle","BurnedArea","GFED4.1S","ED-H1m-mild-humid","RMSE","MeanState","shaf","scalar","%","2.36387","80.0"
"EcosystemandCarbonCycle","BurnedArea","GFED4.1S","ED-H1m-mild-humid","RMSE Score","MeanState","shaf","score","1","0.493011","80.0"
"EcosystemandCarbonCycle","BurnedArea","GFED4.1S","ED-H1m-mild-humid","RMSE","MeanState","boas","scalar","%","0.146484","80.0"
"EcosystemandCarbonCycle","BurnedArea","GFED4.1S","ED-H1m-mild-humid","RMSE Score","MeanState","boas","score","1","0.642969","80.0"
"EcosystemandCarbonCycle","BurnedArea","GFED4.1S","ED-H1m-mild-humid","RMSE","MeanState","ceas","scalar","%","0.437645","80.0"
"EcosystemandCarbonCycle","BurnedArea","GFED4.1S","ED-H1m-mild-humid","RMSE Score","MeanState","ceas","score","1","0.583204","80.0"
"EcosystemandCarbonCycle","BurnedArea","GFED4.1S","ED-H1m-mild-humid","RMSE","MeanState","seas","scalar","%","1.00438","80.0"
"EcosystemandCarbonCycle","BurnedArea","GFED4.1S","ED-H1m-mild-humid","RMSE Score","MeanState","seas","score","1","0.403964","80.0"
"EcosystemandCarbonCycle","BurnedArea","GFED4.1S","ED-H1m-mild-humid","RMSE","MeanState","eqas","scalar","%","0.292896","80.0"
"EcosystemandCarbonCycle","BurnedArea","GFED4.1S","ED-H1m-mild-humid","RMSE Score","MeanState","eqas","score","1","0.552681","80.0"
"EcosystemandCarbonCycle","BurnedArea","GFED4.1S","ED-H1m-mild-humid","RMSE","MeanState","aust","scalar","%","1.05264","80.0"
"EcosystemandCarbonCycle","BurnedArea","GFED4.1S","ED-H1m-mild-humid","RMSE Score","MeanState","aust","score","1","0.655418","80.0"
"EcosystemandCarbonCycle","BurnedArea","GFED4.1S","ED-H1m-mild-humid","Overall Score","MeanState","global","score","1","0.65377","80.0"
"EcosystemandCarbonCycle","BurnedArea","GFED4.1S","ED-H1m-mild-humid","Overall Score","MeanState","bona","score","1","0.773329","80.0"
"EcosystemandCarbonCycle","BurnedArea","GFED4.1S","ED-H1m-mild-humid","Overall Score","MeanState","tena","score","1","0.425811","80.0"
"EcosystemandCarbonCycle","BurnedArea","GFED4.1S","ED-H1m-mild-humid","Overall Score","MeanState","ceam","score","1","0.426901","80.0"
"EcosystemandCarbonCycle","BurnedArea","GFED4.1S","ED-H1m-mild-humid","Overall Score","MeanState","nhsa","score","1","0.658907","80.0"
"EcosystemandCarbonCycle","BurnedArea","GFED4.1S","ED-H1m-mild-humid","Overall Score","MeanState","shsa","score","1","0.575538","80.0"
"EcosystemandCarbonCycle","BurnedArea","GFED4.1S","ED-H1m-mild-humid","Overall Score","MeanState","euro","score","1","0.409567","80.0"
"EcosystemandCarbonCycle","BurnedArea","GFED4.1S","ED-H1m-mild-humid","Overall Score","MeanState","mide","score","1","0.410133","80.0"
"EcosystemandCarbonCycle","BurnedArea","GFED4.1S","ED-H1m-mild-humid","Overall Score","MeanState","nhaf","score","1","0.610911","80.0"
"EcosystemandCarbonCycle","BurnedArea","GFED4.1S","ED-H1m-mild-humid","Overall Score","MeanState","shaf","score","1","0.604938","80.0"
"EcosystemandCarbonCycle","BurnedArea","GFED4.1S","ED-H1m-mild-humid","Overall Score","MeanState","boas","score","1","0.737984","80.0"
"EcosystemandCarbonCycle","BurnedArea","GFED4.1S","ED-H1m-mild-humid","Overall Score","MeanState","ceas","score","1","0.680848","80.0"
"EcosystemandCarbonCycle","BurnedArea","GFED4.1S","ED-H1m-mild-humid","Overall Score","MeanState","seas","score","1","0.537701","80.0"
"EcosystemandCarbonCycle","BurnedArea","GFED4.1S","ED-H1m-mild-humid","Overall Score","MeanState","eqas","score","1","0.569441","80.0"
"EcosystemandCarbonCycle","BurnedArea","GFED4.1S","ED-H1m-mild-humid","Overall Score","MeanState","aust","score","1","0.656465","80.0"
"EcosystemandCarbonCycle","BurnedArea","GFED4.1S","ED-H1-annual-humid-supp","Benchmark Period Mean (intersection)","MeanState","global","scalar","%","0.329776","80.0"
"EcosystemandCarbonCycle","BurnedArea","GFED4.1S","ED-H1-annual-humid-supp","Benchmark Period Mean (complement)","MeanState","global","scalar","%","0","80.0"
"EcosystemandCarbonCycle","BurnedArea","GFED4.1S","ED-H1-annual-humid-supp","Period Mean (original grids)","MeanState","global","scalar","%","0.299374","80.0"
"EcosystemandCarbonCycle","BurnedArea","GFED4.1S","ED-H1-annual-humid-supp","Model Period Mean (intersection)","MeanState","global","scalar","%","0.322491","80.0"
"EcosystemandCarbonCycle","BurnedArea","GFED4.1S","ED-H1-annual-humid-supp","Model Period Mean (complement)","MeanState","global","scalar","%","0.0666817","80.0"
"EcosystemandCarbonCycle","BurnedArea","GFED4.1S","ED-H1-annual-humid-supp","Benchmark Period Mean (intersection)","MeanState","bona","scalar","%","0.0334473","80.0"
"EcosystemandCarbonCycle","BurnedArea","GFED4.1S","ED-H1-annual-humid-supp","Benchmark Period Mean (complement)","MeanState","bona","scalar","%","0","80.0"
"EcosystemandCarbonCycle","BurnedArea","GFED4.1S","ED-H1-annual-humid-supp","Period Mean (original grids)","MeanState","bona","scalar","%","0.0107912","80.0"
"EcosystemandCarbonCycle","BurnedArea","GFED4.1S","ED-H1-annual-humid-supp","Model Period Mean (intersection)","MeanState","bona","scalar","%","0.0111213","80.0"
"EcosystemandCarbonCycle","BurnedArea","GFED4.1S","ED-H1-annual-humid-supp","Model Period Mean (complement)","MeanState","bona","scalar","%","0.000936345","80.0"
"EcosystemandCarbonCycle","BurnedArea","GFED4.1S","ED-H1-annual-humid-supp","Benchmark Period Mean (intersection)","MeanState","tena","scalar","%","0.0259374","80.0"
"EcosystemandCarbonCycle","BurnedArea","GFED4.1S","ED-H1-annual-humid-supp","Benchmark Period Mean (complement)","MeanState","tena","scalar","%","0","80.0"
"EcosystemandCarbonCycle","BurnedArea","GFED4.1S","ED-H1-annual-humid-supp","Period Mean (original grids)","MeanState","tena","scalar","%","0.159423","80.0"
"EcosystemandCarbonCycle","BurnedArea","GFED4.1S","ED-H1-annual-humid-supp","Model Period Mean (intersection)","MeanState","tena","scalar","%","0.163746","80.0"
"EcosystemandCarbonCycle","BurnedArea","GFED4.1S","ED-H1-annual-humid-supp","Model Period Mean (complement)","MeanState","tena","scalar","%","0.027767","80.0"
"EcosystemandCarbonCycle","BurnedArea","GFED4.1S","ED-H1-annual-humid-supp","Benchmark Period Mean (intersection)","MeanState","ceam","scalar","%","0.0824275","80.0"
"EcosystemandCarbonCycle","BurnedArea","GFED4.1S","ED-H1-annual-humid-supp","Benchmark Period Mean (complement)","MeanState","ceam","scalar","%","0","80.0"
"EcosystemandCarbonCycle","BurnedArea","GFED4.1S","ED-H1-annual-humid-supp","Period Mean (original grids)","MeanState","ceam","scalar","%","0.311687","80.0"
"EcosystemandCarbonCycle","BurnedArea","GFED4.1S","ED-H1-annual-humid-supp","Model Period Mean (intersection)","MeanState","ceam","scalar","%","0.351613","80.0"
"EcosystemandCarbonCycle","BurnedArea","GFED4.1S","ED-H1-annual-humid-supp","Model Period Mean (complement)","MeanState","ceam","scalar","%","0.0572082","80.0"
"EcosystemandCarbonCycle","BurnedArea","GFED4.1S","ED-H1-annual-humid-supp","Benchmark Period Mean (intersection)","MeanState","nhsa","scalar","%","0.142765","80.0"
"EcosystemandCarbonCycle","BurnedArea","GFED4.1S","ED-H1-annual-humid-supp","Benchmark Period Mean (complement)","MeanState","nhsa","scalar","%","0","80.0"
"EcosystemandCarbonCycle","BurnedArea","GFED4.1S","ED-H1-annual-humid-supp","Period Mean (original grids)","MeanState","nhsa","scalar","%","0.188544","80.0"
"EcosystemandCarbonCycle","BurnedArea","GFED4.1S","ED-H1-annual-humid-supp","Model Period Mean (intersection)","MeanState","nhsa","scalar","%","0.198977","80.0"
"EcosystemandCarbonCycle","BurnedArea","GFED4.1S","ED-H1-annual-humid-supp","Model Period Mean (complement)","MeanState","nhsa","scalar","%","0.039061","80.0"
"EcosystemandCarbonCycle","BurnedArea","GFED4.1S","ED-H1-annual-humid-supp","Benchmark Period Mean (intersection)","MeanState","shsa","scalar","%","0.145694","80.0"
"EcosystemandCarbonCycle","BurnedArea","GFED4.1S","ED-H1-annual-humid-supp","Benchmark Period Mean (complement)","MeanState","shsa","scalar","%","0","80.0"
"EcosystemandCarbonCycle","BurnedArea","GFED4.1S","ED-H1-annual-humid-supp","Period Mean (original grids)","MeanState","shsa","scalar","%","0.339587","80.0"
"EcosystemandCarbonCycle","BurnedArea","GFED4.1S","ED-H1-annual-humid-supp","Model Period Mean (intersection)","MeanState","shsa","scalar","%","0.351547","80.0"
"EcosystemandCarbonCycle","BurnedArea","GFED4.1S","ED-H1-annual-humid-supp","Model Period Mean (complement)","MeanState","shsa","scalar","%","0.0259452","80.0"
"EcosystemandCarbonCycle","BurnedArea","GFED4.1S","ED-H1-annual-humid-supp","Benchmark Period Mean (intersection)","MeanState","euro","scalar","%","0.0250618","80.0"
"EcosystemandCarbonCycle","BurnedArea","GFED4.1S","ED-H1-annual-humid-supp","Benchmark Period Mean (complement)","MeanState","euro","scalar","%","0","80.0"
"EcosystemandCarbonCycle","BurnedArea","GFED4.1S","ED-H1-annual-humid-supp","Period Mean (original grids)","MeanState","euro","scalar","%","0.116784","80.0"
"EcosystemandCarbonCycle","BurnedArea","GFED4.1S","ED-H1-annual-humid-supp","Model Period Mean (intersection)","MeanState","euro","scalar","%","0.130156","80.0"
"EcosystemandCarbonCycle","BurnedArea","GFED4.1S","ED-H1-annual-humid-supp","Model Period Mean (complement)","MeanState","euro","scalar","%","0.0151287","80.0"
"EcosystemandCarbonCycle","BurnedArea","GFED4.1S","ED-H1-annual-humid-supp","Benchmark Period Mean (intersection)","MeanState","mide","scalar","%","0.025217","80.0"
"EcosystemandCarbonCycle","BurnedArea","GFED4.1S","ED-H1-annual-humid-supp","Benchmark Period Mean (complement)","MeanState","mide","scalar","%","0","80.0"
"EcosystemandCarbonCycle","BurnedArea","GFED4.1S","ED-H1-annual-humid-supp","Period Mean (original grids)","MeanState","mide","scalar","%","0.283094","80.0"
"EcosystemandCarbonCycle","BurnedArea","GFED4.1S","ED-H1-annual-humid-supp","Model Period Mean (intersection)","MeanState","mide","scalar","%","0.342543","80.0"
"EcosystemandCarbonCycle","BurnedArea","GFED4.1S","ED-H1-annual-humid-supp","Model Period Mean (complement)","MeanState","mide","scalar","%","0.130967","80.0"
"EcosystemandCarbonCycle","BurnedArea","GFED4.1S","ED-H1-annual-humid-supp","Benchmark Period Mean (intersection)","MeanState","nhaf","scalar","%","1.23284","80.0"
"EcosystemandCarbonCycle","BurnedArea","GFED4.1S","ED-H1-annual-humid-supp","Benchmark Period Mean (complement)","MeanState","nhaf","scalar","%","0","80.0"
"EcosystemandCarbonCycle","BurnedArea","GFED4.1S","ED-H1-annual-humid-supp","Period Mean (original grids)","MeanState","nhaf","scalar","%","0.906901","80.0"
"EcosystemandCarbonCycle","BurnedArea","GFED4.1S","ED-H1-annual-humid-supp","Model Period Mean (intersection)","MeanState","nhaf","scalar","%","0.955962","80.0"
"EcosystemandCarbonCycle","BurnedArea","GFED4.1S","ED-H1-annual-humid-supp","Model Period Mean (complement)","MeanState","nhaf","scalar","%","0.190919","80.0"
"EcosystemandCarbonCycle","BurnedArea","GFED4.1S","ED-H1-annual-humid-supp","Benchmark Period Mean (intersection)","MeanState","shaf","scalar","%","1.45692","80.0"
"EcosystemandCarbonCycle","BurnedArea","GFED4.1S","ED-H1-annual-humid-supp","Benchmark Period Mean (complement)","MeanState","shaf","scalar","%","0","80.0"
"EcosystemandCarbonCycle","BurnedArea","GFED4.1S","ED-H1-annual-humid-supp","Period Mean (original grids)","MeanState","shaf","scalar","%","0.794304","80.0"
"EcosystemandCarbonCycle","BurnedArea","GFED4.1S","ED-H1-annual-humid-supp","Model Period Mean (intersection)","MeanState","shaf","scalar","%","0.817087","80.0"
"EcosystemandCarbonCycle","BurnedArea","GFED4.1S","ED-H1-annual-humid-supp","Model Period Mean (complement)","MeanState","shaf","scalar","%","0.134418","80.0"
"EcosystemandCarbonCycle","BurnedArea","GFED4.1S","ED-H1-annual-humid-supp","Benchmark Period Mean (intersection)","MeanState","boas","scalar","%","0.0336143","80.0"
"EcosystemandCarbonCycle","BurnedArea","GFED4.1S","ED-H1-annual-humid-supp","Benchmark Period Mean (complement)","MeanState","boas","scalar","%","0","80.0"
"EcosystemandCarbonCycle","BurnedArea","GFED4.1S","ED-H1-annual-humid-supp","Period Mean (original grids)","MeanState","boas","scalar","%","0.0201857","80.0"
"EcosystemandCarbonCycle","BurnedArea","GFED4.1S","ED-H1-annual-humid-supp","Model Period Mean (intersection)","MeanState","boas","scalar","%","0.0204768","80.0"
"EcosystemandCarbonCycle","BurnedArea","GFED4.1S","ED-H1-annual-humid-supp","Model Period Mean (complement)","MeanState","boas","scalar","%","0.00080879","80.0"
"EcosystemandCarbonCycle","BurnedArea","GFED4.1S","ED-H1-annual-humid-supp","Benchmark Period Mean (intersection)","MeanState","ceas","scalar","%","0.125736","80.0"
"EcosystemandCarbonCycle","BurnedArea","GFED4.1S","ED-H1-annual-humid-supp","Benchmark Period Mean (complement)","MeanState","ceas","scalar","%","0","80.0"
"EcosystemandCarbonCycle","BurnedArea","GFED4.1S","ED-H1-annual-humid-supp","Period Mean (original grids)","MeanState","ceas","scalar","%","0.140732","80.0"
"EcosystemandCarbonCycle","BurnedArea","GFED4.1S","ED-H1-annual-humid-supp","Model Period Mean (intersection)","MeanState","ceas","scalar","%","0.146322","80.0"
"EcosystemandCarbonCycle","BurnedArea","GFED4.1S","ED-H1-annual-humid-supp","Model Period Mean (complement)","MeanState","ceas","scalar","%","0.0781025","80.0"
"EcosystemandCarbonCycle","BurnedArea","GFED4.1S","ED-H1-annual-humid-supp","Benchmark Period Mean (intersection)","MeanState","seas","scalar","%","0.148029","80.0"
"EcosystemandCarbonCycle","BurnedArea","GFED4.1S","ED-H1-annual-humid-supp","Benchmark Period Mean (complement)","MeanState","seas","scalar","%","0","80.0"
"EcosystemandCarbonCycle","BurnedArea","GFED4.1S","ED-H1-annual-humid-supp","Period Mean (original grids)","MeanState","seas","scalar","%","0.470845","80.0"
"EcosystemandCarbonCycle","BurnedArea","GFED4.1S","ED-H1-annual-humid-supp","Model Period Mean (intersection)","MeanState","seas","scalar","%","0.508338","80.0"
"EcosystemandCarbonCycle","BurnedArea","GFED4.1S","ED-H1-annual-humid-supp","Model Period Mean (complement)","MeanState","seas","scalar","%","0.0601357","80.0"
"EcosystemandCarbonCycle","BurnedArea","GFED4.1S","ED-H1-annual-humid-supp","Benchmark Period Mean (intersection)","MeanState","eqas","scalar","%","0.0480126","80.0"
"EcosystemandCarbonCycle","BurnedArea","GFED4.1S","ED-H1-annual-humid-supp","Benchmark Period Mean (complement)","MeanState","eqas","scalar","%","0","80.0"
"EcosystemandCarbonCycle","BurnedArea","GFED4.1S","ED-H1-annual-humid-supp","Period Mean (original grids)","MeanState","eqas","scalar","%","0.0362249","80.0"
"EcosystemandCarbonCycle","BurnedArea","GFED4.1S","ED-H1-annual-humid-supp","Model Period Mean (intersection)","MeanState","eqas","scalar","%","0.0486894","80.0"
"EcosystemandCarbonCycle","BurnedArea","GFED4.1S","ED-H1-annual-humid-supp","Model Period Mean (complement)","MeanState","eqas","scalar","%","0.0035414","80.0"
"EcosystemandCarbonCycle","BurnedArea","GFED4.1S","ED-H1-annual-humid-supp","Benchmark Period Mean (intersection)","MeanState","aust","scalar","%","0.529194","80.0"
"EcosystemandCarbonCycle","BurnedArea","GFED4.1S","ED-H1-annual-humid-supp","Benchmark Period Mean (complement)","MeanState","aust","scalar","%","0","80.0"
"EcosystemandCarbonCycle","BurnedArea","GFED4.1S","ED-H1-annual-humid-supp","Period Mean (original grids)","MeanState","aust","scalar","%","0.324093","80.0"
"EcosystemandCarbonCycle","BurnedArea","GFED4.1S","ED-H1-annual-humid-supp","Model Period Mean (intersection)","MeanState","aust","scalar","%","0.343838","80.0"
"EcosystemandCarbonCycle","BurnedArea","GFED4.1S","ED-H1-annual-humid-supp","Model Period Mean (complement)","MeanState","aust","scalar","%","0.0687139","80.0"
"EcosystemandCarbonCycle","BurnedArea","GFED4.1S","ED-H1-annual-humid-supp","Spatial Distribution Score","MeanState","global","score","1","0.583747","80.0"
"EcosystemandCarbonCycle","BurnedArea","GFED4.1S","ED-H1-annual-humid-supp","Spatial Distribution Score","MeanState","bona","score","1","0.147403","80.0"
"EcosystemandCarbonCycle","BurnedArea","GFED4.1S","ED-H1-annual-humid-supp","Spatial Distribution Score","MeanState","tena","score","1","0.22942","80.0"
"EcosystemandCarbonCycle","BurnedArea","GFED4.1S","ED-H1-annual-humid-supp","Spatial Distribution Score","MeanState","ceam","score","1","0.3243","80.0"
"EcosystemandCarbonCycle","BurnedArea","GFED4.1S","ED-H1-annual-humid-supp","Spatial Distribution Score","MeanState","nhsa","score","1","0.743802","80.0"
"EcosystemandCarbonCycle","BurnedArea","GFED4.1S","ED-H1-annual-humid-supp","Spatial Distribution Score","MeanState","shsa","score","1","0.694256","80.0"
"EcosystemandCarbonCycle","BurnedArea","GFED4.1S","ED-H1-annual-humid-supp","Spatial Distribution Score","MeanState","euro","score","1","0.221963","80.0"
"EcosystemandCarbonCycle","BurnedArea","GFED4.1S","ED-H1-annual-humid-supp","Spatial Distribution Score","MeanState","mide","score","1","0.127681","80.0"
"EcosystemandCarbonCycle","BurnedArea","GFED4.1S","ED-H1-annual-humid-supp","Spatial Distribution Score","MeanState","nhaf","score","1","0.478002","80.0"
"EcosystemandCarbonCycle","BurnedArea","GFED4.1S","ED-H1-annual-humid-supp","Spatial Distribution Score","MeanState","shaf","score","1","0.345397","80.0"
"EcosystemandCarbonCycle","BurnedArea","GFED4.1S","ED-H1-annual-humid-supp","Spatial Distribution Score","MeanState","boas","score","1","0.268475","80.0"
"EcosystemandCarbonCycle","BurnedArea","GFED4.1S","ED-H1-annual-humid-supp","Spatial Distribution Score","MeanState","ceas","score","1","0.647784","80.0"
"EcosystemandCarbonCycle","BurnedArea","GFED4.1S","ED-H1-annual-humid-supp","Spatial Distribution Score","MeanState","seas","score","1","0.516524","80.0"
"EcosystemandCarbonCycle","BurnedArea","GFED4.1S","ED-H1-annual-humid-supp","Spatial Distribution Score","MeanState","eqas","score","1","0.644669","80.0"
"EcosystemandCarbonCycle","BurnedArea","GFED4.1S","ED-H1-annual-humid-supp","Spatial Distribution Score","MeanState","aust","score","1","0.524733","80.0"
"EcosystemandCarbonCycle","BurnedArea","GFED4.1S","ED-H1-annual-humid-supp","Phase Shift","MeanState","global","scalar","months","2.04035","80.0"
"EcosystemandCarbonCycle","BurnedArea","GFED4.1S","ED-H1-annual-humid-supp","Seasonal Cycle Score","MeanState","global","score","1","0.849577","80.0"
"EcosystemandCarbonCycle","BurnedArea","GFED4.1S","ED-H1-annual-humid-supp","Phase Shift","MeanState","bona","scalar","months","1.88079","80.0"
"EcosystemandCarbonCycle","BurnedArea","GFED4.1S","ED-H1-annual-humid-supp","Seasonal Cycle Score","MeanState","bona","score","1","0.926114","80.0"
"EcosystemandCarbonCycle","BurnedArea","GFED4.1S","ED-H1-annual-humid-supp","Phase Shift","MeanState","tena","scalar","months","2.43304","80.0"
"EcosystemandCarbonCycle","BurnedArea","GFED4.1S","ED-H1-annual-humid-supp","Seasonal Cycle Score","MeanState","tena","score","1","0.683819","80.0"
"EcosystemandCarbonCycle","BurnedArea","GFED4.1S","ED-H1-annual-humid-supp","Phase Shift","MeanState","ceam","scalar","months","1.70977","80.0"
"EcosystemandCarbonCycle","BurnedArea","GFED4.1S","ED-H1-annual-humid-supp","Seasonal Cycle Score","MeanState","ceam","score","1","0.851834","80.0"
"EcosystemandCarbonCycle","BurnedArea","GFED4.1S","ED-H1-annual-humid-supp","Phase Shift","MeanState","nhsa","scalar","months","1.40004","80.0"
"EcosystemandCarbonCycle","BurnedArea","GFED4.1S","ED-H1-annual-humid-supp","Seasonal Cycle Score","MeanState","nhsa","score","1","0.915106","80.0"
"EcosystemandCarbonCycle","BurnedArea","GFED4.1S","ED-H1-annual-humid-supp","Phase Shift","MeanState","shsa","scalar","months","1.79675","80.0"
"EcosystemandCarbonCycle","BurnedArea","GFED4.1S","ED-H1-annual-humid-supp","Seasonal Cycle Score","MeanState","shsa","score","1","0.829885","80.0"
"EcosystemandCarbonCycle","BurnedArea","GFED4.1S","ED-H1-annual-humid-supp","Phase Shift","MeanState","euro","scalar","months","2.20838","80.0"
"EcosystemandCarbonCycle","BurnedArea","GFED4.1S","ED-H1-annual-humid-supp","Seasonal Cycle Score","MeanState","euro","score","1","0.803494","80.0"
"EcosystemandCarbonCycle","BurnedArea","GFED4.1S","ED-H1-annual-humid-supp","Phase Shift","MeanState","mide","scalar","months","2.48029","80.0"
"EcosystemandCarbonCycle","BurnedArea","GFED4.1S","ED-H1-annual-humid-supp","Seasonal Cycle Score","MeanState","mide","score","1","0.773501","80.0"
"EcosystemandCarbonCycle","BurnedArea","GFED4.1S","ED-H1-annual-humid-supp","Phase Shift","MeanState","nhaf","scalar","months","1.74646","80.0"
"EcosystemandCarbonCycle","BurnedArea","GFED4.1S","ED-H1-annual-humid-supp","Seasonal Cycle Score","MeanState","nhaf","score","1","0.894886","80.0"
"EcosystemandCarbonCycle","BurnedArea","GFED4.1S","ED-H1-annual-humid-supp","Phase Shift","MeanState","shaf","scalar","months","1.31549","80.0"
"EcosystemandCarbonCycle","BurnedArea","GFED4.1S","ED-H1-annual-humid-supp","Seasonal Cycle Score","MeanState","shaf","score","1","0.916783","80.0"
"EcosystemandCarbonCycle","BurnedArea","GFED4.1S","ED-H1-annual-humid-supp","Phase Shift","MeanState","boas","scalar","months","1.81659","80.0"
"EcosystemandCarbonCycle","BurnedArea","GFED4.1S","ED-H1-annual-humid-supp","Seasonal Cycle Score","MeanState","boas","score","1","0.79727","80.0"
"EcosystemandCarbonCycle","BurnedArea","GFED4.1S","ED-H1-annual-humid-supp","Phase Shift","MeanState","ceas","scalar","months","2.37505","80.0"
"EcosystemandCarbonCycle","BurnedArea","GFED4.1S","ED-H1-annual-humid-supp","Seasonal Cycle Score","MeanState","ceas","score","1","0.724337","80.0"
"EcosystemandCarbonCycle","BurnedArea","GFED4.1S","ED-H1-annual-humid-supp","Phase Shift","MeanState","seas","scalar","months","2.30917","80.0"
"EcosystemandCarbonCycle","BurnedArea","GFED4.1S","ED-H1-annual-humid-supp","Seasonal Cycle Score","MeanState","seas","score","1","0.824698","80.0"
"EcosystemandCarbonCycle","BurnedArea","GFED4.1S","ED-H1-annual-humid-supp","Phase Shift","MeanState","eqas","scalar","months","1.97218","80.0"
"EcosystemandCarbonCycle","BurnedArea","GFED4.1S","ED-H1-annual-humid-supp","Seasonal Cycle Score","MeanState","eqas","score","1","0.849317","80.0"
"EcosystemandCarbonCycle","BurnedArea","GFED4.1S","ED-H1-annual-humid-supp","Phase Shift","MeanState","aust","scalar","months","2.53243","80.0"
"EcosystemandCarbonCycle","BurnedArea","GFED4.1S","ED-H1-annual-humid-supp","Seasonal Cycle Score","MeanState","aust","score","1","0.578337","80.0"
"EcosystemandCarbonCycle","BurnedArea","GFED4.1S","ED-H1-annual-humid-supp","Bias","MeanState","global","scalar","%","-0.00728464","80.0"
"EcosystemandCarbonCycle","BurnedArea","GFED4.1S","ED-H1-annual-humid-supp","Bias Score","MeanState","global","score","1","0.724277","80.0"
"EcosystemandCarbonCycle","BurnedArea","GFED4.1S","ED-H1-annual-humid-supp","Bias","MeanState","bona","scalar","%","-0.0223261","80.0"
"EcosystemandCarbonCycle","BurnedArea","GFED4.1S","ED-H1-annual-humid-supp","Bias Score","MeanState","bona","score","1","0.894947","80.0"
"EcosystemandCarbonCycle","BurnedArea","GFED4.1S","ED-H1-annual-humid-supp","Bias","MeanState","tena","scalar","%","0.137809","80.0"
"EcosystemandCarbonCycle","BurnedArea","GFED4.1S","ED-H1-annual-humid-supp","Bias Score","MeanState","tena","score","1","0.601335","80.0"
"EcosystemandCarbonCycle","BurnedArea","GFED4.1S","ED-H1-annual-humid-supp","Bias","MeanState","ceam","scalar","%","0.269185","80.0"
"EcosystemandCarbonCycle","BurnedArea","GFED4.1S","ED-H1-annual-humid-supp","Bias Score","MeanState","ceam","score","1","0.53295","80.0"
"EcosystemandCarbonCycle","BurnedArea","GFED4.1S","ED-H1-annual-humid-supp","Bias","MeanState","nhsa","scalar","%","0.0562123","80.0"
"EcosystemandCarbonCycle","BurnedArea","GFED4.1S","ED-H1-annual-humid-supp","Bias Score","MeanState","nhsa","score","1","0.679098","80.0"
"EcosystemandCarbonCycle","BurnedArea","GFED4.1S","ED-H1-annual-humid-supp","Bias","MeanState","shsa","scalar","%","0.205853","80.0"
"EcosystemandCarbonCycle","BurnedArea","GFED4.1S","ED-H1-annual-humid-supp","Bias Score","MeanState","shsa","score","1","0.69994","80.0"
"EcosystemandCarbonCycle","BurnedArea","GFED4.1S","ED-H1-annual-humid-supp","Bias","MeanState","euro","scalar","%","0.105094","80.0"
"EcosystemandCarbonCycle","BurnedArea","GFED4.1S","ED-H1-annual-humid-supp","Bias Score","MeanState","euro","score","1","0.657658","80.0"
"EcosystemandCarbonCycle","BurnedArea","GFED4.1S","ED-H1-annual-humid-supp","Bias","MeanState","mide","scalar","%","0.317326","80.0"
"EcosystemandCarbonCycle","BurnedArea","GFED4.1S","ED-H1-annual-humid-supp","Bias Score","MeanState","mide","score","1","0.499607","80.0"
"EcosystemandCarbonCycle","BurnedArea","GFED4.1S","ED-H1-annual-humid-supp","Bias","MeanState","nhaf","scalar","%","-0.276877","80.0"
"EcosystemandCarbonCycle","BurnedArea","GFED4.1S","ED-H1-annual-humid-supp","Bias Score","MeanState","nhaf","score","1","0.730925","80.0"
"EcosystemandCarbonCycle","BurnedArea","GFED4.1S","ED-H1-annual-humid-supp","Bias","MeanState","shaf","scalar","%","-0.639835","80.0"
"EcosystemandCarbonCycle","BurnedArea","GFED4.1S","ED-H1-annual-humid-supp","Bias Score","MeanState","shaf","score","1","0.706167","80.0"
"EcosystemandCarbonCycle","BurnedArea","GFED4.1S","ED-H1-annual-humid-supp","Bias","MeanState","boas","scalar","%","-0.0131375","80.0"
"EcosystemandCarbonCycle","BurnedArea","GFED4.1S","ED-H1-annual-humid-supp","Bias Score","MeanState","boas","score","1","0.879017","80.0"
"EcosystemandCarbonCycle","BurnedArea","GFED4.1S","ED-H1-annual-humid-supp","Bias","MeanState","ceas","scalar","%","0.0205858","80.0"
"EcosystemandCarbonCycle","BurnedArea","GFED4.1S","ED-H1-annual-humid-supp","Bias Score","MeanState","ceas","score","1","0.813774","80.0"
"EcosystemandCarbonCycle","BurnedArea","GFED4.1S","ED-H1-annual-humid-supp","Bias","MeanState","seas","scalar","%","0.360309","80.0"
"EcosystemandCarbonCycle","BurnedArea","GFED4.1S","ED-H1-annual-humid-supp","Bias Score","MeanState","seas","score","1","0.672448","80.0"
"EcosystemandCarbonCycle","BurnedArea","GFED4.1S","ED-H1-annual-humid-supp","Bias","MeanState","eqas","scalar","%","0.000676825","80.0"
"EcosystemandCarbonCycle","BurnedArea","GFED4.1S","ED-H1-annual-humid-supp","Bias Score","MeanState","eqas","score","1","0.725909","80.0"
"EcosystemandCarbonCycle","BurnedArea","GFED4.1S","ED-H1-annual-humid-supp","Bias","MeanState","aust","scalar","%","-0.185356","80.0"
"EcosystemandCarbonCycle","BurnedArea","GFED4.1S","ED-H1-annual-humid-supp","Bias Score","MeanState","aust","score","1","0.756824","80.0"
"EcosystemandCarbonCycle","BurnedArea","GFED4.1S","ED-H1-annual-humid-supp","RMSE","MeanState","global","scalar","%","0.731084","80.0"
"EcosystemandCarbonCycle","BurnedArea","GFED4.1S","ED-H1-annual-humid-supp","RMSE Score","MeanState","global","score","1","0.517305","80.0"
"EcosystemandCarbonCycle","BurnedArea","GFED4.1S","ED-H1-annual-humid-supp","RMSE","MeanState","bona","scalar","%","0.0913991","80.0"
"EcosystemandCarbonCycle","BurnedArea","GFED4.1S","ED-H1-annual-humid-supp","RMSE Score","MeanState","bona","score","1","0.753215","80.0"
"EcosystemandCarbonCycle","BurnedArea","GFED4.1S","ED-H1-annual-humid-supp","RMSE","MeanState","tena","scalar","%","0.2769","80.0"
"EcosystemandCarbonCycle","BurnedArea","GFED4.1S","ED-H1-annual-humid-supp","RMSE Score","MeanState","tena","score","1","0.424563","80.0"
"EcosystemandCarbonCycle","BurnedArea","GFED4.1S","ED-H1-annual-humid-supp","RMSE","MeanState","ceam","scalar","%","0.471529","80.0"
"EcosystemandCarbonCycle","BurnedArea","GFED4.1S","ED-H1-annual-humid-supp","RMSE Score","MeanState","ceam","score","1","0.405121","80.0"
"EcosystemandCarbonCycle","BurnedArea","GFED4.1S","ED-H1-annual-humid-supp","RMSE","MeanState","nhsa","scalar","%","0.286056","80.0"
"EcosystemandCarbonCycle","BurnedArea","GFED4.1S","ED-H1-annual-humid-supp","RMSE Score","MeanState","nhsa","score","1","0.547826","80.0"
"EcosystemandCarbonCycle","BurnedArea","GFED4.1S","ED-H1-annual-humid-supp","RMSE","MeanState","shsa","scalar","%","0.488144","80.0"
"EcosystemandCarbonCycle","BurnedArea","GFED4.1S","ED-H1-annual-humid-supp","RMSE Score","MeanState","shsa","score","1","0.489006","80.0"
"EcosystemandCarbonCycle","BurnedArea","GFED4.1S","ED-H1-annual-humid-supp","RMSE","MeanState","euro","scalar","%","0.217872","80.0"
"EcosystemandCarbonCycle","BurnedArea","GFED4.1S","ED-H1-annual-humid-supp","RMSE Score","MeanState","euro","score","1","0.451575","80.0"
"EcosystemandCarbonCycle","BurnedArea","GFED4.1S","ED-H1-annual-humid-supp","RMSE","MeanState","mide","scalar","%","0.543394","80.0"
"EcosystemandCarbonCycle","BurnedArea","GFED4.1S","ED-H1-annual-humid-supp","RMSE Score","MeanState","mide","score","1","0.347447","80.0"
"EcosystemandCarbonCycle","BurnedArea","GFED4.1S","ED-H1-annual-humid-supp","RMSE","MeanState","nhaf","scalar","%","2.50937","80.0"
"EcosystemandCarbonCycle","BurnedArea","GFED4.1S","ED-H1-annual-humid-supp","RMSE Score","MeanState","nhaf","score","1","0.472176","80.0"
"EcosystemandCarbonCycle","BurnedArea","GFED4.1S","ED-H1-annual-humid-supp","RMSE","MeanState","shaf","scalar","%","2.28186","80.0"
"EcosystemandCarbonCycle","BurnedArea","GFED4.1S","ED-H1-annual-humid-supp","RMSE Score","MeanState","shaf","score","1","0.504536","80.0"
"EcosystemandCarbonCycle","BurnedArea","GFED4.1S","ED-H1-annual-humid-supp","RMSE","MeanState","boas","scalar","%","0.0921816","80.0"
"EcosystemandCarbonCycle","BurnedArea","GFED4.1S","ED-H1-annual-humid-supp","RMSE Score","MeanState","boas","score","1","0.697007","80.0"
"EcosystemandCarbonCycle","BurnedArea","GFED4.1S","ED-H1-annual-humid-supp","RMSE","MeanState","ceas","scalar","%","0.369203","80.0"
"EcosystemandCarbonCycle","BurnedArea","GFED4.1S","ED-H1-annual-humid-supp","RMSE Score","MeanState","ceas","score","1","0.62487","80.0"
"EcosystemandCarbonCycle","BurnedArea","GFED4.1S","ED-H1-annual-humid-supp","RMSE","MeanState","seas","scalar","%","0.767712","80.0"
"EcosystemandCarbonCycle","BurnedArea","GFED4.1S","ED-H1-annual-humid-supp","RMSE Score","MeanState","seas","score","1","0.43045","80.0"
"EcosystemandCarbonCycle","BurnedArea","GFED4.1S","ED-H1-annual-humid-supp","RMSE","MeanState","eqas","scalar","%","0.114738","80.0"
"EcosystemandCarbonCycle","BurnedArea","GFED4.1S","ED-H1-annual-humid-supp","RMSE Score","MeanState","eqas","score","1","0.590328","80.0"
"EcosystemandCarbonCycle","BurnedArea","GFED4.1S","ED-H1-annual-humid-supp","RMSE","MeanState","aust","scalar","%","1.01853","80.0"
"EcosystemandCarbonCycle","BurnedArea","GFED4.1S","ED-H1-annual-humid-supp","RMSE Score","MeanState","aust","score","1","0.65606","80.0"
"EcosystemandCarbonCycle","BurnedArea","GFED4.1S","ED-H1-annual-humid-supp","Overall Score","MeanState","global","score","1","0.638442","80.0"
"EcosystemandCarbonCycle","BurnedArea","GFED4.1S","ED-H1-annual-humid-supp","Overall Score","MeanState","bona","score","1","0.694979","80.0"
"EcosystemandCarbonCycle","BurnedArea","GFED4.1S","ED-H1-annual-humid-supp","Overall Score","MeanState","tena","score","1","0.47274","80.0"
"EcosystemandCarbonCycle","BurnedArea","GFED4.1S","ED-H1-annual-humid-supp","Overall Score","MeanState","ceam","score","1","0.503865","80.0"
"EcosystemandCarbonCycle","BurnedArea","GFED4.1S","ED-H1-annual-humid-supp","Overall Score","MeanState","nhsa","score","1","0.686731","80.0"
"EcosystemandCarbonCycle","BurnedArea","GFED4.1S","ED-H1-annual-humid-supp","Overall Score","MeanState","shsa","score","1","0.640418","80.0"
"EcosystemandCarbonCycle","BurnedArea","GFED4.1S","ED-H1-annual-humid-supp","Overall Score","MeanState","euro","score","1","0.517253","80.0"
"EcosystemandCarbonCycle","BurnedArea","GFED4.1S","ED-H1-annual-humid-supp","Overall Score","MeanState","mide","score","1","0.419137","80.0"
"EcosystemandCarbonCycle","BurnedArea","GFED4.1S","ED-H1-annual-humid-supp","Overall Score","MeanState","nhaf","score","1","0.609633","80.0"
"EcosystemandCarbonCycle","BurnedArea","GFED4.1S","ED-H1-annual-humid-supp","Overall Score","MeanState","shaf","score","1","0.595484","80.0"
"EcosystemandCarbonCycle","BurnedArea","GFED4.1S","ED-H1-annual-humid-supp","Overall Score","MeanState","boas","score","1","0.667755","80.0"
"EcosystemandCarbonCycle","BurnedArea","GFED4.1S","ED-H1-annual-humid-supp","Overall Score","MeanState","ceas","score","1","0.687127","80.0"
"EcosystemandCarbonCycle","BurnedArea","GFED4.1S","ED-H1-annual-humid-supp","Overall Score","MeanState","seas","score","1","0.574914","80.0"
"EcosystemandCarbonCycle","BurnedArea","GFED4.1S","ED-H1-annual-humid-supp","Overall Score","MeanState","eqas","score","1","0.68011","80.0"
"EcosystemandCarbonCycle","BurnedArea","GFED4.1S","ED-H1-annual-humid-supp","Overall Score","MeanState","aust","score","1","0.634402","80.0"
"EcosystemandCarbonCycle","BurnedArea","GFED4.1S","ED-H3-seasonal-contrast","Benchmark Period Mean (intersection)","MeanState","global","scalar","%","0.329776","80.0"
"EcosystemandCarbonCycle","BurnedArea","GFED4.1S","ED-H3-seasonal-contrast","Benchmark Period Mean (complement)","MeanState","global","scalar","%","0","80.0"
"EcosystemandCarbonCycle","BurnedArea","GFED4.1S","ED-H3-seasonal-contrast","Period Mean (original grids)","MeanState","global","scalar","%","0.47955","80.0"
"EcosystemandCarbonCycle","BurnedArea","GFED4.1S","ED-H3-seasonal-contrast","Model Period Mean (intersection)","MeanState","global","scalar","%","0.520339","80.0"
"EcosystemandCarbonCycle","BurnedArea","GFED4.1S","ED-H3-seasonal-contrast","Model Period Mean (complement)","MeanState","global","scalar","%","0.0689768","80.0"
"EcosystemandCarbonCycle","BurnedArea","GFED4.1S","ED-H3-seasonal-contrast","Benchmark Period Mean (intersection)","MeanState","bona","scalar","%","0.0334473","80.0"
"EcosystemandCarbonCycle","BurnedArea","GFED4.1S","ED-H3-seasonal-contrast","Benchmark Period Mean (complement)","MeanState","bona","scalar","%","0","80.0"
"EcosystemandCarbonCycle","BurnedArea","GFED4.1S","ED-H3-seasonal-contrast","Period Mean (original grids)","MeanState","bona","scalar","%","0.0291155","80.0"
"EcosystemandCarbonCycle","BurnedArea","GFED4.1S","ED-H3-seasonal-contrast","Model Period Mean (intersection)","MeanState","bona","scalar","%","0.0299935","80.0"
"EcosystemandCarbonCycle","BurnedArea","GFED4.1S","ED-H3-seasonal-contrast","Model Period Mean (complement)","MeanState","bona","scalar","%","0.00289887","80.0"
"EcosystemandCarbonCycle","BurnedArea","GFED4.1S","ED-H3-seasonal-contrast","Benchmark Period Mean (intersection)","MeanState","tena","scalar","%","0.0259374","80.0"
"EcosystemandCarbonCycle","BurnedArea","GFED4.1S","ED-H3-seasonal-contrast","Benchmark Period Mean (complement)","MeanState","tena","scalar","%","0","80.0"
"EcosystemandCarbonCycle","BurnedArea","GFED4.1S","ED-H3-seasonal-contrast","Period Mean (original grids)","MeanState","tena","scalar","%","0.27082","80.0"
"EcosystemandCarbonCycle","BurnedArea","GFED4.1S","ED-H3-seasonal-contrast","Model Period Mean (intersection)","MeanState","tena","scalar","%","0.277389","80.0"
"EcosystemandCarbonCycle","BurnedArea","GFED4.1S","ED-H3-seasonal-contrast","Model Period Mean (complement)","MeanState","tena","scalar","%","0.0707684","80.0"
"EcosystemandCarbonCycle","BurnedArea","GFED4.1S","ED-H3-seasonal-contrast","Benchmark Period Mean (intersection)","MeanState","ceam","scalar","%","0.0824275","80.0"
"EcosystemandCarbonCycle","BurnedArea","GFED4.1S","ED-H3-seasonal-contrast","Benchmark Period Mean (complement)","MeanState","ceam","scalar","%","0","80.0"
"EcosystemandCarbonCycle","BurnedArea","GFED4.1S","ED-H3-seasonal-contrast","Period Mean (original grids)","MeanState","ceam","scalar","%","0.572662","80.0"
"EcosystemandCarbonCycle","BurnedArea","GFED4.1S","ED-H3-seasonal-contrast","Model Period Mean (intersection)","MeanState","ceam","scalar","%","0.651111","80.0"
"EcosystemandCarbonCycle","BurnedArea","GFED4.1S","ED-H3-seasonal-contrast","Model Period Mean (complement)","MeanState","ceam","scalar","%","0.0726502","80.0"
"EcosystemandCarbonCycle","BurnedArea","GFED4.1S","ED-H3-seasonal-contrast","Benchmark Period Mean (intersection)","MeanState","nhsa","scalar","%","0.142765","80.0"
"EcosystemandCarbonCycle","BurnedArea","GFED4.1S","ED-H3-seasonal-contrast","Benchmark Period Mean (complement)","MeanState","nhsa","scalar","%","0","80.0"
"EcosystemandCarbonCycle","BurnedArea","GFED4.1S","ED-H3-seasonal-contrast","Period Mean (original grids)","MeanState","nhsa","scalar","%","0.622807","80.0"
"EcosystemandCarbonCycle","BurnedArea","GFED4.1S","ED-H3-seasonal-contrast","Model Period Mean (intersection)","MeanState","nhsa","scalar","%","0.660937","80.0"
"EcosystemandCarbonCycle","BurnedArea","GFED4.1S","ED-H3-seasonal-contrast","Model Period Mean (complement)","MeanState","nhsa","scalar","%","0.0764922","80.0"
"EcosystemandCarbonCycle","BurnedArea","GFED4.1S","ED-H3-seasonal-contrast","Benchmark Period Mean (intersection)","MeanState","shsa","scalar","%","0.145694","80.0"
"EcosystemandCarbonCycle","BurnedArea","GFED4.1S","ED-H3-seasonal-contrast","Benchmark Period Mean (complement)","MeanState","shsa","scalar","%","0","80.0"
"EcosystemandCarbonCycle","BurnedArea","GFED4.1S","ED-H3-seasonal-contrast","Period Mean (original grids)","MeanState","shsa","scalar","%","0.72027","80.0"
"EcosystemandCarbonCycle","BurnedArea","GFED4.1S","ED-H3-seasonal-contrast","Model Period Mean (intersection)","MeanState","shsa","scalar","%","0.746737","80.0"
"EcosystemandCarbonCycle","BurnedArea","GFED4.1S","ED-H3-seasonal-contrast","Model Period Mean (complement)","MeanState","shsa","scalar","%","0.0261893","80.0"
"EcosystemandCarbonCycle","BurnedArea","GFED4.1S","ED-H3-seasonal-contrast","Benchmark Period Mean (intersection)","MeanState","euro","scalar","%","0.0250618","80.0"
"EcosystemandCarbonCycle","BurnedArea","GFED4.1S","ED-H3-seasonal-contrast","Benchmark Period Mean (complement)","MeanState","euro","scalar","%","0","80.0"
"EcosystemandCarbonCycle","BurnedArea","GFED4.1S","ED-H3-seasonal-contrast","Period Mean (original grids)","MeanState","euro","scalar","%","0.212672","80.0"
"EcosystemandCarbonCycle","BurnedArea","GFED4.1S","ED-H3-seasonal-contrast","Model Period Mean (intersection)","MeanState","euro","scalar","%","0.236709","80.0"
"EcosystemandCarbonCycle","BurnedArea","GFED4.1S","ED-H3-seasonal-contrast","Model Period Mean (complement)","MeanState","euro","scalar","%","0.0299373","80.0"
"EcosystemandCarbonCycle","BurnedArea","GFED4.1S","ED-H3-seasonal-contrast","Benchmark Period Mean (intersection)","MeanState","mide","scalar","%","0.025217","80.0"
"EcosystemandCarbonCycle","BurnedArea","GFED4.1S","ED-H3-seasonal-contrast","Benchmark Period Mean (complement)","MeanState","mide","scalar","%","0","80.0"
"EcosystemandCarbonCycle","BurnedArea","GFED4.1S","ED-H3-seasonal-contrast","Period Mean (original grids)","MeanState","mide","scalar","%","0.278155","80.0"
"EcosystemandCarbonCycle","BurnedArea","GFED4.1S","ED-H3-seasonal-contrast","Model Period Mean (intersection)","MeanState","mide","scalar","%","0.345526","80.0"
"EcosystemandCarbonCycle","BurnedArea","GFED4.1S","ED-H3-seasonal-contrast","Model Period Mean (complement)","MeanState","mide","scalar","%","0.105757","80.0"
"EcosystemandCarbonCycle","BurnedArea","GFED4.1S","ED-H3-seasonal-contrast","Benchmark Period Mean (intersection)","MeanState","nhaf","scalar","%","1.23284","80.0"
"EcosystemandCarbonCycle","BurnedArea","GFED4.1S","ED-H3-seasonal-contrast","Benchmark Period Mean (complement)","MeanState","nhaf","scalar","%","0","80.0"
"EcosystemandCarbonCycle","BurnedArea","GFED4.1S","ED-H3-seasonal-contrast","Period Mean (original grids)","MeanState","nhaf","scalar","%","1.19239","80.0"
"EcosystemandCarbonCycle","BurnedArea","GFED4.1S","ED-H3-seasonal-contrast","Model Period Mean (intersection)","MeanState","nhaf","scalar","%","1.2634","80.0"
"EcosystemandCarbonCycle","BurnedArea","GFED4.1S","ED-H3-seasonal-contrast","Model Period Mean (complement)","MeanState","nhaf","scalar","%","0.156112","80.0"
"EcosystemandCarbonCycle","BurnedArea","GFED4.1S","ED-H3-seasonal-contrast","Benchmark Period Mean (intersection)","MeanState","shaf","scalar","%","1.45692","80.0"
"EcosystemandCarbonCycle","BurnedArea","GFED4.1S","ED-H3-seasonal-contrast","Benchmark Period Mean (complement)","MeanState","shaf","scalar","%","0","80.0"
"EcosystemandCarbonCycle","BurnedArea","GFED4.1S","ED-H3-seasonal-contrast","Period Mean (original grids)","MeanState","shaf","scalar","%","1.15418","80.0"
"EcosystemandCarbonCycle","BurnedArea","GFED4.1S","ED-H3-seasonal-contrast","Model Period Mean (intersection)","MeanState","shaf","scalar","%","1.18968","80.0"
"EcosystemandCarbonCycle","BurnedArea","GFED4.1S","ED-H3-seasonal-contrast","Model Period Mean (complement)","MeanState","shaf","scalar","%","0.12598","80.0"
"EcosystemandCarbonCycle","BurnedArea","GFED4.1S","ED-H3-seasonal-contrast","Benchmark Period Mean (intersection)","MeanState","boas","scalar","%","0.0336143","80.0"
"EcosystemandCarbonCycle","BurnedArea","GFED4.1S","ED-H3-seasonal-contrast","Benchmark Period Mean (complement)","MeanState","boas","scalar","%","0","80.0"
"EcosystemandCarbonCycle","BurnedArea","GFED4.1S","ED-H3-seasonal-contrast","Period Mean (original grids)","MeanState","boas","scalar","%","0.0492318","80.0"
"EcosystemandCarbonCycle","BurnedArea","GFED4.1S","ED-H3-seasonal-contrast","Model Period Mean (intersection)","MeanState","boas","scalar","%","0.0499309","80.0"
"EcosystemandCarbonCycle","BurnedArea","GFED4.1S","ED-H3-seasonal-contrast","Model Period Mean (complement)","MeanState","boas","scalar","%","0.00270367","80.0"
"EcosystemandCarbonCycle","BurnedArea","GFED4.1S","ED-H3-seasonal-contrast","Benchmark Period Mean (intersection)","MeanState","ceas","scalar","%","0.125736","80.0"
"EcosystemandCarbonCycle","BurnedArea","GFED4.1S","ED-H3-seasonal-contrast","Benchmark Period Mean (complement)","MeanState","ceas","scalar","%","0","80.0"
"EcosystemandCarbonCycle","BurnedArea","GFED4.1S","ED-H3-seasonal-contrast","Period Mean (original grids)","MeanState","ceas","scalar","%","0.18933","80.0"
"EcosystemandCarbonCycle","BurnedArea","GFED4.1S","ED-H3-seasonal-contrast","Model Period Mean (intersection)","MeanState","ceas","scalar","%","0.199515","80.0"
"EcosystemandCarbonCycle","BurnedArea","GFED4.1S","ED-H3-seasonal-contrast","Model Period Mean (complement)","MeanState","ceas","scalar","%","0.0752053","80.0"
"EcosystemandCarbonCycle","BurnedArea","GFED4.1S","ED-H3-seasonal-contrast","Benchmark Period Mean (intersection)","MeanState","seas","scalar","%","0.148029","80.0"
"EcosystemandCarbonCycle","BurnedArea","GFED4.1S","ED-H3-seasonal-contrast","Benchmark Period Mean (complement)","MeanState","seas","scalar","%","0","80.0"
"EcosystemandCarbonCycle","BurnedArea","GFED4.1S","ED-H3-seasonal-contrast","Period Mean (original grids)","MeanState","seas","scalar","%","0.836907","80.0"
"EcosystemandCarbonCycle","BurnedArea","GFED4.1S","ED-H3-seasonal-contrast","Model Period Mean (intersection)","MeanState","seas","scalar","%","0.905358","80.0"
"EcosystemandCarbonCycle","BurnedArea","GFED4.1S","ED-H3-seasonal-contrast","Model Period Mean (complement)","MeanState","seas","scalar","%","0.0870743","80.0"
"EcosystemandCarbonCycle","BurnedArea","GFED4.1S","ED-H3-seasonal-contrast","Benchmark Period Mean (intersection)","MeanState","eqas","scalar","%","0.0480126","80.0"
"EcosystemandCarbonCycle","BurnedArea","GFED4.1S","ED-H3-seasonal-contrast","Benchmark Period Mean (complement)","MeanState","eqas","scalar","%","0","80.0"
"EcosystemandCarbonCycle","BurnedArea","GFED4.1S","ED-H3-seasonal-contrast","Period Mean (original grids)","MeanState","eqas","scalar","%","0.219005","80.0"
"EcosystemandCarbonCycle","BurnedArea","GFED4.1S","ED-H3-seasonal-contrast","Model Period Mean (intersection)","MeanState","eqas","scalar","%","0.296208","80.0"
"EcosystemandCarbonCycle","BurnedArea","GFED4.1S","ED-H3-seasonal-contrast","Model Period Mean (complement)","MeanState","eqas","scalar","%","0.0165673","80.0"
"EcosystemandCarbonCycle","BurnedArea","GFED4.1S","ED-H3-seasonal-contrast","Benchmark Period Mean (intersection)","MeanState","aust","scalar","%","0.529194","80.0"
"EcosystemandCarbonCycle","BurnedArea","GFED4.1S","ED-H3-seasonal-contrast","Benchmark Period Mean (complement)","MeanState","aust","scalar","%","0","80.0"
"EcosystemandCarbonCycle","BurnedArea","GFED4.1S","ED-H3-seasonal-contrast","Period Mean (original grids)","MeanState","aust","scalar","%","0.402589","80.0"
"EcosystemandCarbonCycle","BurnedArea","GFED4.1S","ED-H3-seasonal-contrast","Model Period Mean (intersection)","MeanState","aust","scalar","%","0.425888","80.0"
"EcosystemandCarbonCycle","BurnedArea","GFED4.1S","ED-H3-seasonal-contrast","Model Period Mean (complement)","MeanState","aust","scalar","%","0.101227","80.0"
"EcosystemandCarbonCycle","BurnedArea","GFED4.1S","ED-H3-seasonal-contrast","Spatial Distribution Score","MeanState","global","score","1","0.726711","80.0"
"EcosystemandCarbonCycle","BurnedArea","GFED4.1S","ED-H3-seasonal-contrast","Spatial Distribution Score","MeanState","bona","score","1","0.46919","80.0"
"EcosystemandCarbonCycle","BurnedArea","GFED4.1S","ED-H3-seasonal-contrast","Spatial Distribution Score","MeanState","tena","score","1","0.242829","80.0"
"EcosystemandCarbonCycle","BurnedArea","GFED4.1S","ED-H3-seasonal-contrast","Spatial Distribution Score","MeanState","ceam","score","1","0.182847","80.0"
"EcosystemandCarbonCycle","BurnedArea","GFED4.1S","ED-H3-seasonal-contrast","Spatial Distribution Score","MeanState","nhsa","score","1","0.744626","80.0"
"EcosystemandCarbonCycle","BurnedArea","GFED4.1S","ED-H3-seasonal-contrast","Spatial Distribution Score","MeanState","shsa","score","1","0.506274","80.0"
"EcosystemandCarbonCycle","BurnedArea","GFED4.1S","ED-H3-seasonal-contrast","Spatial Distribution Score","MeanState","euro","score","1","0.125061","80.0"
"EcosystemandCarbonCycle","BurnedArea","GFED4.1S","ED-H3-seasonal-contrast","Spatial Distribution Score","MeanState","mide","score","1","0.128456","80.0"
"EcosystemandCarbonCycle","BurnedArea","GFED4.1S","ED-H3-seasonal-contrast","Spatial Distribution Score","MeanState","nhaf","score","1","0.530843","80.0"
"EcosystemandCarbonCycle","BurnedArea","GFED4.1S","ED-H3-seasonal-contrast","Spatial Distribution Score","MeanState","shaf","score","1","0.47668","80.0"
"EcosystemandCarbonCycle","BurnedArea","GFED4.1S","ED-H3-seasonal-contrast","Spatial Distribution Score","MeanState","boas","score","1","0.694944","80.0"
"EcosystemandCarbonCycle","BurnedArea","GFED4.1S","ED-H3-seasonal-contrast","Spatial Distribution Score","MeanState","ceas","score","1","0.695564","80.0"
"EcosystemandCarbonCycle","BurnedArea","GFED4.1S","ED-H3-seasonal-contrast","Spatial Distribution Score","MeanState","seas","score","1","0.432745","80.0"
"EcosystemandCarbonCycle","BurnedArea","GFED4.1S","ED-H3-seasonal-contrast","Spatial Distribution Score","MeanState","eqas","score","1","0.281469","80.0"
"EcosystemandCarbonCycle","BurnedArea","GFED4.1S","ED-H3-seasonal-contrast","Spatial Distribution Score","MeanState","aust","score","1","0.671215","80.0"
"EcosystemandCarbonCycle","BurnedArea","GFED4.1S","ED-H3-seasonal-contrast","Phase Shift","MeanState","global","scalar","months","2.05635","80.0"
"EcosystemandCarbonCycle","BurnedArea","GFED4.1S","ED-H3-seasonal-contrast","Seasonal Cycle Score","MeanState","global","score","1","0.84804","80.0"
"EcosystemandCarbonCycle","BurnedArea","GFED4.1S","ED-H3-seasonal-contrast","Phase Shift","MeanState","bona","scalar","months","1.89611","80.0"
"EcosystemandCarbonCycle","BurnedArea","GFED4.1S","ED-H3-seasonal-contrast","Seasonal Cycle Score","MeanState","bona","score","1","0.925072","80.0"
"EcosystemandCarbonCycle","BurnedArea","GFED4.1S","ED-H3-seasonal-contrast","Phase Shift","MeanState","tena","scalar","months","2.40466","80.0"
"EcosystemandCarbonCycle","BurnedArea","GFED4.1S","ED-H3-seasonal-contrast","Seasonal Cycle Score","MeanState","tena","score","1","0.693836","80.0"
"EcosystemandCarbonCycle","BurnedArea","GFED4.1S","ED-H3-seasonal-contrast","Phase Shift","MeanState","ceam","scalar","months","1.72906","80.0"
"EcosystemandCarbonCycle","BurnedArea","GFED4.1S","ED-H3-seasonal-contrast","Seasonal Cycle Score","MeanState","ceam","score","1","0.841039","80.0"
"EcosystemandCarbonCycle","BurnedArea","GFED4.1S","ED-H3-seasonal-contrast","Phase Shift","MeanState","nhsa","scalar","months","1.43898","80.0"
"EcosystemandCarbonCycle","BurnedArea","GFED4.1S","ED-H3-seasonal-contrast","Seasonal Cycle Score","MeanState","nhsa","score","1","0.913277","80.0"
"EcosystemandCarbonCycle","BurnedArea","GFED4.1S","ED-H3-seasonal-contrast","Phase Shift","MeanState","shsa","scalar","months","1.8431","80.0"
"EcosystemandCarbonCycle","BurnedArea","GFED4.1S","ED-H3-seasonal-contrast","Seasonal Cycle Score","MeanState","shsa","score","1","0.828608","80.0"
"EcosystemandCarbonCycle","BurnedArea","GFED4.1S","ED-H3-seasonal-contrast","Phase Shift","MeanState","euro","scalar","months","2.20009","80.0"
"EcosystemandCarbonCycle","BurnedArea","GFED4.1S","ED-H3-seasonal-contrast","Seasonal Cycle Score","MeanState","euro","score","1","0.807021","80.0"
"EcosystemandCarbonCycle","BurnedArea","GFED4.1S","ED-H3-seasonal-contrast","Phase Shift","MeanState","mide","scalar","months","2.51538","80.0"
"EcosystemandCarbonCycle","BurnedArea","GFED4.1S","ED-H3-seasonal-contrast","Seasonal Cycle Score","MeanState","mide","score","1","0.774187","80.0"
"EcosystemandCarbonCycle","BurnedArea","GFED4.1S","ED-H3-seasonal-contrast","Phase Shift","MeanState","nhaf","scalar","months","1.74837","80.0"
"EcosystemandCarbonCycle","BurnedArea","GFED4.1S","ED-H3-seasonal-contrast","Seasonal Cycle Score","MeanState","nhaf","score","1","0.901546","80.0"
"EcosystemandCarbonCycle","BurnedArea","GFED4.1S","ED-H3-seasonal-contrast","Phase Shift","MeanState","shaf","scalar","months","1.38205","80.0"
"EcosystemandCarbonCycle","BurnedArea","GFED4.1S","ED-H3-seasonal-contrast","Seasonal Cycle Score","MeanState","shaf","score","1","0.908871","80.0"
"EcosystemandCarbonCycle","BurnedArea","GFED4.1S","ED-H3-seasonal-contrast","Phase Shift","MeanState","boas","scalar","months","1.81756","80.0"
"EcosystemandCarbonCycle","BurnedArea","GFED4.1S","ED-H3-seasonal-contrast","Seasonal Cycle Score","MeanState","boas","score","1","0.79693","80.0"
"EcosystemandCarbonCycle","BurnedArea","GFED4.1S","ED-H3-seasonal-contrast","Phase Shift","MeanState","ceas","scalar","months","2.36894","80.0"
"EcosystemandCarbonCycle","BurnedArea","GFED4.1S","ED-H3-seasonal-contrast","Seasonal Cycle Score","MeanState","ceas","score","1","0.724735","80.0"
"EcosystemandCarbonCycle","BurnedArea","GFED4.1S","ED-H3-seasonal-contrast","Phase Shift","MeanState","seas","scalar","months","2.33147","80.0"
"EcosystemandCarbonCycle","BurnedArea","GFED4.1S","ED-H3-seasonal-contrast","Seasonal Cycle Score","MeanState","seas","score","1","0.821509","80.0"
"EcosystemandCarbonCycle","BurnedArea","GFED4.1S","ED-H3-seasonal-contrast","Phase Shift","MeanState","eqas","scalar","months","1.97605","80.0"
"EcosystemandCarbonCycle","BurnedArea","GFED4.1S","ED-H3-seasonal-contrast","Seasonal Cycle Score","MeanState","eqas","score","1","0.849881","80.0"
"EcosystemandCarbonCycle","BurnedArea","GFED4.1S","ED-H3-seasonal-contrast","Phase Shift","MeanState","aust","scalar","months","2.56995","80.0"
"EcosystemandCarbonCycle","BurnedArea","GFED4.1S","ED-H3-seasonal-contrast","Seasonal Cycle Score","MeanState","aust","score","1","0.572082","80.0"
"EcosystemandCarbonCycle","BurnedArea","GFED4.1S","ED-H3-seasonal-contrast","Bias","MeanState","global","scalar","%","0.190563","80.0"
"EcosystemandCarbonCycle","BurnedArea","GFED4.1S","ED-H3-seasonal-contrast","Bias Score","MeanState","global","score","1","0.730379","80.0"
"EcosystemandCarbonCycle","BurnedArea","GFED4.1S","ED-H3-seasonal-contrast","Bias","MeanState","bona","scalar","%","-0.00345383","80.0"
"EcosystemandCarbonCycle","BurnedArea","GFED4.1S","ED-H3-seasonal-contrast","Bias Score","MeanState","bona","score","1","0.891143","80.0"
"EcosystemandCarbonCycle","BurnedArea","GFED4.1S","ED-H3-seasonal-contrast","Bias","MeanState","tena","scalar","%","0.251451","80.0"
"EcosystemandCarbonCycle","BurnedArea","GFED4.1S","ED-H3-seasonal-contrast","Bias Score","MeanState","tena","score","1","0.497402","80.0"
"EcosystemandCarbonCycle","BurnedArea","GFED4.1S","ED-H3-seasonal-contrast","Bias","MeanState","ceam","scalar","%","0.568683","80.0"
"EcosystemandCarbonCycle","BurnedArea","GFED4.1S","ED-H3-seasonal-contrast","Bias Score","MeanState","ceam","score","1","0.35291","80.0"
"EcosystemandCarbonCycle","BurnedArea","GFED4.1S","ED-H3-seasonal-contrast","Bias","MeanState","nhsa","scalar","%","0.518173","80.0"
"EcosystemandCarbonCycle","BurnedArea","GFED4.1S","ED-H3-seasonal-contrast","Bias Score","MeanState","nhsa","score","1","0.552029","80.0"
"EcosystemandCarbonCycle","BurnedArea","GFED4.1S","ED-H3-seasonal-contrast","Bias","MeanState","shsa","scalar","%","0.601043","80.0"
"EcosystemandCarbonCycle","BurnedArea","GFED4.1S","ED-H3-seasonal-contrast","Bias Score","MeanState","shsa","score","1","0.549134","80.0"
"EcosystemandCarbonCycle","BurnedArea","GFED4.1S","ED-H3-seasonal-contrast","Bias","MeanState","euro","scalar","%","0.211648","80.0"
"EcosystemandCarbonCycle","BurnedArea","GFED4.1S","ED-H3-seasonal-contrast","Bias Score","MeanState","euro","score","1","0.502862","80.0"
"EcosystemandCarbonCycle","BurnedArea","GFED4.1S","ED-H3-seasonal-contrast","Bias","MeanState","mide","scalar","%","0.320309","80.0"
"EcosystemandCarbonCycle","BurnedArea","GFED4.1S","ED-H3-seasonal-contrast","Bias Score","MeanState","mide","score","1","0.477769","80.0"
"EcosystemandCarbonCycle","BurnedArea","GFED4.1S","ED-H3-seasonal-contrast","Bias","MeanState","nhaf","scalar","%","0.030558","80.0"
"EcosystemandCarbonCycle","BurnedArea","GFED4.1S","ED-H3-seasonal-contrast","Bias Score","MeanState","nhaf","score","1","0.760363","80.0"
"EcosystemandCarbonCycle","BurnedArea","GFED4.1S","ED-H3-seasonal-contrast","Bias","MeanState","shaf","scalar","%","-0.267245","80.0"
"EcosystemandCarbonCycle","BurnedArea","GFED4.1S","ED-H3-seasonal-contrast","Bias Score","MeanState","shaf","score","1","0.744628","80.0"
"EcosystemandCarbonCycle","BurnedArea","GFED4.1S","ED-H3-seasonal-contrast","Bias","MeanState","boas","scalar","%","0.0163165","80.0"
"EcosystemandCarbonCycle","BurnedArea","GFED4.1S","ED-H3-seasonal-contrast","Bias Score","MeanState","boas","score","1","0.86317","80.0"
"EcosystemandCarbonCycle","BurnedArea","GFED4.1S","ED-H3-seasonal-contrast","Bias","MeanState","ceas","scalar","%","0.0737791","80.0"
"EcosystemandCarbonCycle","BurnedArea","GFED4.1S","ED-H3-seasonal-contrast","Bias Score","MeanState","ceas","score","1","0.807395","80.0"
"EcosystemandCarbonCycle","BurnedArea","GFED4.1S","ED-H3-seasonal-contrast","Bias","MeanState","seas","scalar","%","0.757329","80.0"
"EcosystemandCarbonCycle","BurnedArea","GFED4.1S","ED-H3-seasonal-contrast","Bias Score","MeanState","seas","score","1","0.544868","80.0"
"EcosystemandCarbonCycle","BurnedArea","GFED4.1S","ED-H3-seasonal-contrast","Bias","MeanState","eqas","scalar","%","0.248195","80.0"
"EcosystemandCarbonCycle","BurnedArea","GFED4.1S","ED-H3-seasonal-contrast","Bias Score","MeanState","eqas","score","1","0.548738","80.0"
"EcosystemandCarbonCycle","BurnedArea","GFED4.1S","ED-H3-seasonal-contrast","Bias","MeanState","aust","scalar","%","-0.103306","80.0"
"EcosystemandCarbonCycle","BurnedArea","GFED4.1S","ED-H3-seasonal-contrast","Bias Score","MeanState","aust","score","1","0.754749","80.0"
"EcosystemandCarbonCycle","BurnedArea","GFED4.1S","ED-H3-seasonal-contrast","RMSE","MeanState","global","scalar","%","0.862133","80.0"
"EcosystemandCarbonCycle","BurnedArea","GFED4.1S","ED-H3-seasonal-contrast","RMSE Score","MeanState","global","score","1","0.511045","80.0"
"EcosystemandCarbonCycle","BurnedArea","GFED4.1S","ED-H3-seasonal-contrast","RMSE","MeanState","bona","scalar","%","0.110075","80.0"
"EcosystemandCarbonCycle","BurnedArea","GFED4.1S","ED-H3-seasonal-contrast","RMSE Score","MeanState","bona","score","1","0.747616","80.0"
"EcosystemandCarbonCycle","BurnedArea","GFED4.1S","ED-H3-seasonal-contrast","RMSE","MeanState","tena","scalar","%","0.443618","80.0"
"EcosystemandCarbonCycle","BurnedArea","GFED4.1S","ED-H3-seasonal-contrast","RMSE Score","MeanState","tena","score","1","0.355272","80.0"
"EcosystemandCarbonCycle","BurnedArea","GFED4.1S","ED-H3-seasonal-contrast","RMSE","MeanState","ceam","scalar","%","0.743469","80.0"
"EcosystemandCarbonCycle","BurnedArea","GFED4.1S","ED-H3-seasonal-contrast","RMSE Score","MeanState","ceam","score","1","0.337511","80.0"
"EcosystemandCarbonCycle","BurnedArea","GFED4.1S","ED-H3-seasonal-contrast","RMSE","MeanState","nhsa","scalar","%","0.6933","80.0"
"EcosystemandCarbonCycle","BurnedArea","GFED4.1S","ED-H3-seasonal-contrast","RMSE Score","MeanState","nhsa","score","1","0.512476","80.0"
"EcosystemandCarbonCycle","BurnedArea","GFED4.1S","ED-H3-seasonal-contrast","RMSE","MeanState","shsa","scalar","%","0.833919","80.0"
"EcosystemandCarbonCycle","BurnedArea","GFED4.1S","ED-H3-seasonal-contrast","RMSE Score","MeanState","shsa","score","1","0.445657","80.0"
"EcosystemandCarbonCycle","BurnedArea","GFED4.1S","ED-H3-seasonal-contrast","RMSE","MeanState","euro","scalar","%","0.381371","80.0"
"EcosystemandCarbonCycle","BurnedArea","GFED4.1S","ED-H3-seasonal-contrast","RMSE Score","MeanState","euro","score","1","0.331933","80.0"
"EcosystemandCarbonCycle","BurnedArea","GFED4.1S","ED-H3-seasonal-contrast","RMSE","MeanState","mide","scalar","%","0.53658","80.0"
"EcosystemandCarbonCycle","BurnedArea","GFED4.1S","ED-H3-seasonal-contrast","RMSE Score","MeanState","mide","score","1","0.338529","80.0"
"EcosystemandCarbonCycle","BurnedArea","GFED4.1S","ED-H3-seasonal-contrast","RMSE","MeanState","nhaf","scalar","%","2.51681","80.0"
"EcosystemandCarbonCycle","BurnedArea","GFED4.1S","ED-H3-seasonal-contrast","RMSE Score","MeanState","nhaf","score","1","0.478598","80.0"
"EcosystemandCarbonCycle","BurnedArea","GFED4.1S","ED-H3-seasonal-contrast","RMSE","MeanState","shaf","scalar","%","2.30976","80.0"
"EcosystemandCarbonCycle","BurnedArea","GFED4.1S","ED-H3-seasonal-contrast","RMSE Score","MeanState","shaf","score","1","0.503845","80.0"
"EcosystemandCarbonCycle","BurnedArea","GFED4.1S","ED-H3-seasonal-contrast","RMSE","MeanState","boas","scalar","%","0.133323","80.0"
"EcosystemandCarbonCycle","BurnedArea","GFED4.1S","ED-H3-seasonal-contrast","RMSE Score","MeanState","boas","score","1","0.655456","80.0"
"EcosystemandCarbonCycle","BurnedArea","GFED4.1S","ED-H3-seasonal-contrast","RMSE","MeanState","ceas","scalar","%","0.41552","80.0"
"EcosystemandCarbonCycle","BurnedArea","GFED4.1S","ED-H3-seasonal-contrast","RMSE Score","MeanState","ceas","score","1","0.593611","80.0"
"EcosystemandCarbonCycle","BurnedArea","GFED4.1S","ED-H3-seasonal-contrast","RMSE","MeanState","seas","scalar","%","1.11289","80.0"
"EcosystemandCarbonCycle","BurnedArea","GFED4.1S","ED-H3-seasonal-contrast","RMSE Score","MeanState","seas","score","1","0.387788","80.0"
"EcosystemandCarbonCycle","BurnedArea","GFED4.1S","ED-H3-seasonal-contrast","RMSE","MeanState","eqas","scalar","%","0.326889","80.0"
"EcosystemandCarbonCycle","BurnedArea","GFED4.1S","ED-H3-seasonal-contrast","RMSE Score","MeanState","eqas","score","1","0.541194","80.0"
"EcosystemandCarbonCycle","BurnedArea","GFED4.1S","ED-H3-seasonal-contrast","RMSE","MeanState","aust","scalar","%","1.04218","80.0"
"EcosystemandCarbonCycle","BurnedArea","GFED4.1S","ED-H3-seasonal-contrast","RMSE Score","MeanState","aust","score","1","0.655663","80.0"
"EcosystemandCarbonCycle","BurnedArea","GFED4.1S","ED-H3-seasonal-contrast","Overall Score","MeanState","global","score","1","0.665444","80.0"
"EcosystemandCarbonCycle","BurnedArea","GFED4.1S","ED-H3-seasonal-contrast","Overall Score","MeanState","bona","score","1","0.756128","80.0"
"EcosystemandCarbonCycle","BurnedArea","GFED4.1S","ED-H3-seasonal-contrast","Overall Score","MeanState","tena","score","1","0.428922","80.0"
"EcosystemandCarbonCycle","BurnedArea","GFED4.1S","ED-H3-seasonal-contrast","Overall Score","MeanState","ceam","score","1","0.410364","80.0"
"EcosystemandCarbonCycle","BurnedArea","GFED4.1S","ED-H3-seasonal-contrast","Overall Score","MeanState","nhsa","score","1","0.646977","80.0"
"EcosystemandCarbonCycle","BurnedArea","GFED4.1S","ED-H3-seasonal-contrast","Overall Score","MeanState","shsa","score","1","0.555066","80.0"
"EcosystemandCarbonCycle","BurnedArea","GFED4.1S","ED-H3-seasonal-contrast","Overall Score","MeanState","euro","score","1","0.419762","80.0"
"EcosystemandCarbonCycle","BurnedArea","GFED4.1S","ED-H3-seasonal-contrast","Overall Score","MeanState","mide","score","1","0.411494","80.0"
"EcosystemandCarbonCycle","BurnedArea","GFED4.1S","ED-H3-seasonal-contrast","Overall Score","MeanState","nhaf","score","1","0.62999","80.0"
"EcosystemandCarbonCycle","BurnedArea","GFED4.1S","ED-H3-seasonal-contrast","Overall Score","MeanState","shaf","score","1","0.627574","80.0"
"EcosystemandCarbonCycle","BurnedArea","GFED4.1S","ED-H3-seasonal-contrast","Overall Score","MeanState","boas","score","1","0.733191","80.0"
"EcosystemandCarbonCycle","BurnedArea","GFED4.1S","ED-H3-seasonal-contrast","Overall Score","MeanState","ceas","score","1","0.682983","80.0"
"EcosystemandCarbonCycle","BurnedArea","GFED4.1S","ED-H3-seasonal-contrast","Overall Score","MeanState","seas","score","1","0.514939","80.0"
"EcosystemandCarbonCycle","BurnedArea","GFED4.1S","ED-H3-seasonal-contrast","Overall Score","MeanState","eqas","score","1","0.552495","80.0"
"EcosystemandCarbonCycle","BurnedArea","GFED4.1S","ED-H3-seasonal-contrast","Overall Score","MeanState","aust","score","1","0.661875","80.0"
"EcosystemandCarbonCycle","BurnedArea","GFED4.1S","ED-ModelC-final","Benchmark Period Mean (intersection)","MeanState","global","scalar","%","0.329776","80.0"
"EcosystemandCarbonCycle","BurnedArea","GFED4.1S","ED-ModelC-final","Benchmark Period Mean (complement)","MeanState","global","scalar","%","0","80.0"
"EcosystemandCarbonCycle","BurnedArea","GFED4.1S","ED-ModelC-final","Period Mean (original grids)","MeanState","global","scalar","%","0.611164","80.0"
"EcosystemandCarbonCycle","BurnedArea","GFED4.1S","ED-ModelC-final","Model Period Mean (intersection)","MeanState","global","scalar","%","0.663221","80.0"
"EcosystemandCarbonCycle","BurnedArea","GFED4.1S","ED-ModelC-final","Model Period Mean (complement)","MeanState","global","scalar","%","0.0871574","80.0"
"EcosystemandCarbonCycle","BurnedArea","GFED4.1S","ED-ModelC-final","Benchmark Period Mean (intersection)","MeanState","bona","scalar","%","0.0334473","80.0"
"EcosystemandCarbonCycle","BurnedArea","GFED4.1S","ED-ModelC-final","Benchmark Period Mean (complement)","MeanState","bona","scalar","%","0","80.0"
"EcosystemandCarbonCycle","BurnedArea","GFED4.1S","ED-ModelC-final","Period Mean (original grids)","MeanState","bona","scalar","%","0.0439413","80.0"
"EcosystemandCarbonCycle","BurnedArea","GFED4.1S","ED-ModelC-final","Model Period Mean (intersection)","MeanState","bona","scalar","%","0.0452667","80.0"
"EcosystemandCarbonCycle","BurnedArea","GFED4.1S","ED-ModelC-final","Model Period Mean (complement)","MeanState","bona","scalar","%","0.00436614","80.0"
"EcosystemandCarbonCycle","BurnedArea","GFED4.1S","ED-ModelC-final","Benchmark Period Mean (intersection)","MeanState","tena","scalar","%","0.0259374","80.0"
"EcosystemandCarbonCycle","BurnedArea","GFED4.1S","ED-ModelC-final","Benchmark Period Mean (complement)","MeanState","tena","scalar","%","0","80.0"
"EcosystemandCarbonCycle","BurnedArea","GFED4.1S","ED-ModelC-final","Period Mean (original grids)","MeanState","tena","scalar","%","0.374298","80.0"
"EcosystemandCarbonCycle","BurnedArea","GFED4.1S","ED-ModelC-final","Model Period Mean (intersection)","MeanState","tena","scalar","%","0.383267","80.0"
"EcosystemandCarbonCycle","BurnedArea","GFED4.1S","ED-ModelC-final","Model Period Mean (complement)","MeanState","tena","scalar","%","0.101162","80.0"
"EcosystemandCarbonCycle","BurnedArea","GFED4.1S","ED-ModelC-final","Benchmark Period Mean (intersection)","MeanState","ceam","scalar","%","0.0824275","80.0"
"EcosystemandCarbonCycle","BurnedArea","GFED4.1S","ED-ModelC-final","Benchmark Period Mean (complement)","MeanState","ceam","scalar","%","0","80.0"
"EcosystemandCarbonCycle","BurnedArea","GFED4.1S","ED-ModelC-final","Period Mean (original grids)","MeanState","ceam","scalar","%","0.75181","80.0"
"EcosystemandCarbonCycle","BurnedArea","GFED4.1S","ED-ModelC-final","Model Period Mean (intersection)","MeanState","ceam","scalar","%","0.855597","80.0"
"EcosystemandCarbonCycle","BurnedArea","GFED4.1S","ED-ModelC-final","Model Period Mean (complement)","MeanState","ceam","scalar","%","0.0902959","80.0"
"EcosystemandCarbonCycle","BurnedArea","GFED4.1S","ED-ModelC-final","Benchmark Period Mean (intersection)","MeanState","nhsa","scalar","%","0.142765","80.0"
"EcosystemandCarbonCycle","BurnedArea","GFED4.1S","ED-ModelC-final","Benchmark Period Mean (complement)","MeanState","nhsa","scalar","%","0","80.0"
"EcosystemandCarbonCycle","BurnedArea","GFED4.1S","ED-ModelC-final","Period Mean (original grids)","MeanState","nhsa","scalar","%","0.841181","80.0"
"EcosystemandCarbonCycle","BurnedArea","GFED4.1S","ED-ModelC-final","Model Period Mean (intersection)","MeanState","nhsa","scalar","%","0.892726","80.0"
"EcosystemandCarbonCycle","BurnedArea","GFED4.1S","ED-ModelC-final","Model Period Mean (complement)","MeanState","nhsa","scalar","%","0.10267","80.0"
"EcosystemandCarbonCycle","BurnedArea","GFED4.1S","ED-ModelC-final","Benchmark Period Mean (intersection)","MeanState","shsa","scalar","%","0.145694","80.0"
"EcosystemandCarbonCycle","BurnedArea","GFED4.1S","ED-ModelC-final","Benchmark Period Mean (complement)","MeanState","shsa","scalar","%","0","80.0"
"EcosystemandCarbonCycle","BurnedArea","GFED4.1S","ED-ModelC-final","Period Mean (original grids)","MeanState","shsa","scalar","%","0.94454","80.0"
"EcosystemandCarbonCycle","BurnedArea","GFED4.1S","ED-ModelC-final","Model Period Mean (intersection)","MeanState","shsa","scalar","%","0.979287","80.0"
"EcosystemandCarbonCycle","BurnedArea","GFED4.1S","ED-ModelC-final","Model Period Mean (complement)","MeanState","shsa","scalar","%","0.0333284","80.0"
"EcosystemandCarbonCycle","BurnedArea","GFED4.1S","ED-ModelC-final","Benchmark Period Mean (intersection)","MeanState","euro","scalar","%","0.0250618","80.0"
"EcosystemandCarbonCycle","BurnedArea","GFED4.1S","ED-ModelC-final","Benchmark Period Mean (complement)","MeanState","euro","scalar","%","0","80.0"
"EcosystemandCarbonCycle","BurnedArea","GFED4.1S","ED-ModelC-final","Period Mean (original grids)","MeanState","euro","scalar","%","0.288168","80.0"
"EcosystemandCarbonCycle","BurnedArea","GFED4.1S","ED-ModelC-final","Model Period Mean (intersection)","MeanState","euro","scalar","%","0.320702","80.0"
"EcosystemandCarbonCycle","BurnedArea","GFED4.1S","ED-ModelC-final","Model Period Mean (complement)","MeanState","euro","scalar","%","0.0408385","80.0"
"EcosystemandCarbonCycle","BurnedArea","GFED4.1S","ED-ModelC-final","Benchmark Period Mean (intersection)","MeanState","mide","scalar","%","0.025217","80.0"
"EcosystemandCarbonCycle","BurnedArea","GFED4.1S","ED-ModelC-final","Benchmark Period Mean (complement)","MeanState","mide","scalar","%","0","80.0"
"EcosystemandCarbonCycle","BurnedArea","GFED4.1S","ED-ModelC-final","Period Mean (original grids)","MeanState","mide","scalar","%","0.341438","80.0"
"EcosystemandCarbonCycle","BurnedArea","GFED4.1S","ED-ModelC-final","Model Period Mean (intersection)","MeanState","mide","scalar","%","0.424798","80.0"
"EcosystemandCarbonCycle","BurnedArea","GFED4.1S","ED-ModelC-final","Model Period Mean (complement)","MeanState","mide","scalar","%","0.128125","80.0"
"EcosystemandCarbonCycle","BurnedArea","GFED4.1S","ED-ModelC-final","Benchmark Period Mean (intersection)","MeanState","nhaf","scalar","%","1.23284","80.0"
"EcosystemandCarbonCycle","BurnedArea","GFED4.1S","ED-ModelC-final","Benchmark Period Mean (complement)","MeanState","nhaf","scalar","%","0","80.0"
"EcosystemandCarbonCycle","BurnedArea","GFED4.1S","ED-ModelC-final","Period Mean (original grids)","MeanState","nhaf","scalar","%","1.42894","80.0"
"EcosystemandCarbonCycle","BurnedArea","GFED4.1S","ED-ModelC-final","Model Period Mean (intersection)","MeanState","nhaf","scalar","%","1.51471","80.0"
"EcosystemandCarbonCycle","BurnedArea","GFED4.1S","ED-ModelC-final","Model Period Mean (complement)","MeanState","nhaf","scalar","%","0.177195","80.0"
"EcosystemandCarbonCycle","BurnedArea","GFED4.1S","ED-ModelC-final","Benchmark Period Mean (intersection)","MeanState","shaf","scalar","%","1.45692","80.0"
"EcosystemandCarbonCycle","BurnedArea","GFED4.1S","ED-ModelC-final","Benchmark Period Mean (complement)","MeanState","shaf","scalar","%","0","80.0"
"EcosystemandCarbonCycle","BurnedArea","GFED4.1S","ED-ModelC-final","Period Mean (original grids)","MeanState","shaf","scalar","%","1.42948","80.0"
"EcosystemandCarbonCycle","BurnedArea","GFED4.1S","ED-ModelC-final","Model Period Mean (intersection)","MeanState","shaf","scalar","%","1.47297","80.0"
"EcosystemandCarbonCycle","BurnedArea","GFED4.1S","ED-ModelC-final","Model Period Mean (complement)","MeanState","shaf","scalar","%","0.169837","80.0"
"EcosystemandCarbonCycle","BurnedArea","GFED4.1S","ED-ModelC-final","Benchmark Period Mean (intersection)","MeanState","boas","scalar","%","0.0336143","80.0"
"EcosystemandCarbonCycle","BurnedArea","GFED4.1S","ED-ModelC-final","Benchmark Period Mean (complement)","MeanState","boas","scalar","%","0","80.0"
"EcosystemandCarbonCycle","BurnedArea","GFED4.1S","ED-ModelC-final","Period Mean (original grids)","MeanState","boas","scalar","%","0.0731527","80.0"
"EcosystemandCarbonCycle","BurnedArea","GFED4.1S","ED-ModelC-final","Model Period Mean (intersection)","MeanState","boas","scalar","%","0.0741911","80.0"
"EcosystemandCarbonCycle","BurnedArea","GFED4.1S","ED-ModelC-final","Model Period Mean (complement)","MeanState","boas","scalar","%","0.00404477","80.0"
"EcosystemandCarbonCycle","BurnedArea","GFED4.1S","ED-ModelC-final","Benchmark Period Mean (intersection)","MeanState","ceas","scalar","%","0.125736","80.0"
"EcosystemandCarbonCycle","BurnedArea","GFED4.1S","ED-ModelC-final","Benchmark Period Mean (complement)","MeanState","ceas","scalar","%","0","80.0"
"EcosystemandCarbonCycle","BurnedArea","GFED4.1S","ED-ModelC-final","Period Mean (original grids)","MeanState","ceas","scalar","%","0.258832","80.0"
"EcosystemandCarbonCycle","BurnedArea","GFED4.1S","ED-ModelC-final","Model Period Mean (intersection)","MeanState","ceas","scalar","%","0.272982","80.0"
"EcosystemandCarbonCycle","BurnedArea","GFED4.1S","ED-ModelC-final","Model Period Mean (complement)","MeanState","ceas","scalar","%","0.100272","80.0"
"EcosystemandCarbonCycle","BurnedArea","GFED4.1S","ED-ModelC-final","Benchmark Period Mean (intersection)","MeanState","seas","scalar","%","0.148029","80.0"
"EcosystemandCarbonCycle","BurnedArea","GFED4.1S","ED-ModelC-final","Benchmark Period Mean (complement)","MeanState","seas","scalar","%","0","80.0"
"EcosystemandCarbonCycle","BurnedArea","GFED4.1S","ED-ModelC-final","Period Mean (original grids)","MeanState","seas","scalar","%","1.03614","80.0"
"EcosystemandCarbonCycle","BurnedArea","GFED4.1S","ED-ModelC-final","Model Period Mean (intersection)","MeanState","seas","scalar","%","1.12108","80.0"
"EcosystemandCarbonCycle","BurnedArea","GFED4.1S","ED-ModelC-final","Model Period Mean (complement)","MeanState","seas","scalar","%","0.105606","80.0"
"EcosystemandCarbonCycle","BurnedArea","GFED4.1S","ED-ModelC-final","Benchmark Period Mean (intersection)","MeanState","eqas","scalar","%","0.0480126","80.0"
"EcosystemandCarbonCycle","BurnedArea","GFED4.1S","ED-ModelC-final","Benchmark Period Mean (complement)","MeanState","eqas","scalar","%","0","80.0"
"EcosystemandCarbonCycle","BurnedArea","GFED4.1S","ED-ModelC-final","Period Mean (original grids)","MeanState","eqas","scalar","%","0.307191","80.0"
"EcosystemandCarbonCycle","BurnedArea","GFED4.1S","ED-ModelC-final","Model Period Mean (intersection)","MeanState","eqas","scalar","%","0.415556","80.0"
"EcosystemandCarbonCycle","BurnedArea","GFED4.1S","ED-ModelC-final","Model Period Mean (complement)","MeanState","eqas","scalar","%","0.0230431","80.0"
"EcosystemandCarbonCycle","BurnedArea","GFED4.1S","ED-ModelC-final","Benchmark Period Mean (intersection)","MeanState","aust","scalar","%","0.529194","80.0"
"EcosystemandCarbonCycle","BurnedArea","GFED4.1S","ED-ModelC-final","Benchmark Period Mean (complement)","MeanState","aust","scalar","%","0","80.0"
"EcosystemandCarbonCycle","BurnedArea","GFED4.1S","ED-ModelC-final","Period Mean (original grids)","MeanState","aust","scalar","%","0.511498","80.0"
"EcosystemandCarbonCycle","BurnedArea","GFED4.1S","ED-ModelC-final","Model Period Mean (intersection)","MeanState","aust","scalar","%","0.541069","80.0"
"EcosystemandCarbonCycle","BurnedArea","GFED4.1S","ED-ModelC-final","Model Period Mean (complement)","MeanState","aust","scalar","%","0.129021","80.0"
"EcosystemandCarbonCycle","BurnedArea","GFED4.1S","ED-ModelC-final","Spatial Distribution Score","MeanState","global","score","1","0.772351","80.0"
"EcosystemandCarbonCycle","BurnedArea","GFED4.1S","ED-ModelC-final","Spatial Distribution Score","MeanState","bona","score","1","0.654858","80.0"
"EcosystemandCarbonCycle","BurnedArea","GFED4.1S","ED-ModelC-final","Spatial Distribution Score","MeanState","tena","score","1","0.160304","80.0"
"EcosystemandCarbonCycle","BurnedArea","GFED4.1S","ED-ModelC-final","Spatial Distribution Score","MeanState","ceam","score","1","0.125564","80.0"
"EcosystemandCarbonCycle","BurnedArea","GFED4.1S","ED-ModelC-final","Spatial Distribution Score","MeanState","nhsa","score","1","0.626989","80.0"
"EcosystemandCarbonCycle","BurnedArea","GFED4.1S","ED-ModelC-final","Spatial Distribution Score","MeanState","shsa","score","1","0.383616","80.0"
"EcosystemandCarbonCycle","BurnedArea","GFED4.1S","ED-ModelC-final","Spatial Distribution Score","MeanState","euro","score","1","0.080499","80.0"
"EcosystemandCarbonCycle","BurnedArea","GFED4.1S","ED-ModelC-final","Spatial Distribution Score","MeanState","mide","score","1","0.0911787","80.0"
"EcosystemandCarbonCycle","BurnedArea","GFED4.1S","ED-ModelC-final","Spatial Distribution Score","MeanState","nhaf","score","1","0.59981","80.0"
"EcosystemandCarbonCycle","BurnedArea","GFED4.1S","ED-ModelC-final","Spatial Distribution Score","MeanState","shaf","score","1","0.567063","80.0"
"EcosystemandCarbonCycle","BurnedArea","GFED4.1S","ED-ModelC-final","Spatial Distribution Score","MeanState","boas","score","1","0.767865","80.0"
"EcosystemandCarbonCycle","BurnedArea","GFED4.1S","ED-ModelC-final","Spatial Distribution Score","MeanState","ceas","score","1","0.726466","80.0"
"EcosystemandCarbonCycle","BurnedArea","GFED4.1S","ED-ModelC-final","Spatial Distribution Score","MeanState","seas","score","1","0.358569","80.0"
"EcosystemandCarbonCycle","BurnedArea","GFED4.1S","ED-ModelC-final","Spatial Distribution Score","MeanState","eqas","score","1","0.177092","80.0"
"EcosystemandCarbonCycle","BurnedArea","GFED4.1S","ED-ModelC-final","Spatial Distribution Score","MeanState","aust","score","1","0.721918","80.0"
"EcosystemandCarbonCycle","BurnedArea","GFED4.1S","ED-ModelC-final","Phase Shift","MeanState","global","scalar","months","2.05853","80.0"
"EcosystemandCarbonCycle","BurnedArea","GFED4.1S","ED-ModelC-final","Seasonal Cycle Score","MeanState","global","score","1","0.84569","80.0"
"EcosystemandCarbonCycle","BurnedArea","GFED4.1S","ED-ModelC-final","Phase Shift","MeanState","bona","scalar","months","1.89796","80.0"
"EcosystemandCarbonCycle","BurnedArea","GFED4.1S","ED-ModelC-final","Seasonal Cycle Score","MeanState","bona","score","1","0.925121","80.0"
"EcosystemandCarbonCycle","BurnedArea","GFED4.1S","ED-ModelC-final","Phase Shift","MeanState","tena","scalar","months","2.40692","80.0"
"EcosystemandCarbonCycle","BurnedArea","GFED4.1S","ED-ModelC-final","Seasonal Cycle Score","MeanState","tena","score","1","0.694036","80.0"
"EcosystemandCarbonCycle","BurnedArea","GFED4.1S","ED-ModelC-final","Phase Shift","MeanState","ceam","scalar","months","1.71508","80.0"
"EcosystemandCarbonCycle","BurnedArea","GFED4.1S","ED-ModelC-final","Seasonal Cycle Score","MeanState","ceam","score","1","0.84747","80.0"
"EcosystemandCarbonCycle","BurnedArea","GFED4.1S","ED-ModelC-final","Phase Shift","MeanState","nhsa","scalar","months","1.42272","80.0"
"EcosystemandCarbonCycle","BurnedArea","GFED4.1S","ED-ModelC-final","Seasonal Cycle Score","MeanState","nhsa","score","1","0.914425","80.0"
"EcosystemandCarbonCycle","BurnedArea","GFED4.1S","ED-ModelC-final","Phase Shift","MeanState","shsa","scalar","months","1.86776","80.0"
"EcosystemandCarbonCycle","BurnedArea","GFED4.1S","ED-ModelC-final","Seasonal Cycle Score","MeanState","shsa","score","1","0.820024","80.0"
"EcosystemandCarbonCycle","BurnedArea","GFED4.1S","ED-ModelC-final","Phase Shift","MeanState","euro","scalar","months","2.1894","80.0"
"EcosystemandCarbonCycle","BurnedArea","GFED4.1S","ED-ModelC-final","Seasonal Cycle Score","MeanState","euro","score","1","0.808165","80.0"
"EcosystemandCarbonCycle","BurnedArea","GFED4.1S","ED-ModelC-final","Phase Shift","MeanState","mide","scalar","months","2.54107","80.0"
"EcosystemandCarbonCycle","BurnedArea","GFED4.1S","ED-ModelC-final","Seasonal Cycle Score","MeanState","mide","score","1","0.76584","80.0"
"EcosystemandCarbonCycle","BurnedArea","GFED4.1S","ED-ModelC-final","Phase Shift","MeanState","nhaf","scalar","months","1.73904","80.0"
"EcosystemandCarbonCycle","BurnedArea","GFED4.1S","ED-ModelC-final","Seasonal Cycle Score","MeanState","nhaf","score","1","0.901029","80.0"
"EcosystemandCarbonCycle","BurnedArea","GFED4.1S","ED-ModelC-final","Phase Shift","MeanState","shaf","scalar","months","1.42193","80.0"
"EcosystemandCarbonCycle","BurnedArea","GFED4.1S","ED-ModelC-final","Seasonal Cycle Score","MeanState","shaf","score","1","0.902122","80.0"
"EcosystemandCarbonCycle","BurnedArea","GFED4.1S","ED-ModelC-final","Phase Shift","MeanState","boas","scalar","months","1.81847","80.0"
"EcosystemandCarbonCycle","BurnedArea","GFED4.1S","ED-ModelC-final","Seasonal Cycle Score","MeanState","boas","score","1","0.796639","80.0"
"EcosystemandCarbonCycle","BurnedArea","GFED4.1S","ED-ModelC-final","Phase Shift","MeanState","ceas","scalar","months","2.3707","80.0"
"EcosystemandCarbonCycle","BurnedArea","GFED4.1S","ED-ModelC-final","Seasonal Cycle Score","MeanState","ceas","score","1","0.722163","80.0"
"EcosystemandCarbonCycle","BurnedArea","GFED4.1S","ED-ModelC-final","Phase Shift","MeanState","seas","scalar","months","2.26639","80.0"
"EcosystemandCarbonCycle","BurnedArea","GFED4.1S","ED-ModelC-final","Seasonal Cycle Score","MeanState","seas","score","1","0.826697","80.0"
"EcosystemandCarbonCycle","BurnedArea","GFED4.1S","ED-ModelC-final","Phase Shift","MeanState","eqas","scalar","months","1.99882","80.0"
"EcosystemandCarbonCycle","BurnedArea","GFED4.1S","ED-ModelC-final","Seasonal Cycle Score","MeanState","eqas","score","1","0.836452","80.0"
"EcosystemandCarbonCycle","BurnedArea","GFED4.1S","ED-ModelC-final","Phase Shift","MeanState","aust","scalar","months","2.58364","80.0"
"EcosystemandCarbonCycle","BurnedArea","GFED4.1S","ED-ModelC-final","Seasonal Cycle Score","MeanState","aust","score","1","0.579524","80.0"
"EcosystemandCarbonCycle","BurnedArea","GFED4.1S","ED-ModelC-final","Bias","MeanState","global","scalar","%","0.333445","80.0"
"EcosystemandCarbonCycle","BurnedArea","GFED4.1S","ED-ModelC-final","Bias Score","MeanState","global","score","1","0.728089","80.0"
"EcosystemandCarbonCycle","BurnedArea","GFED4.1S","ED-ModelC-final","Bias","MeanState","bona","scalar","%","0.0118194","80.0"
"EcosystemandCarbonCycle","BurnedArea","GFED4.1S","ED-ModelC-final","Bias Score","MeanState","bona","score","1","0.883981","80.0"
"EcosystemandCarbonCycle","BurnedArea","GFED4.1S","ED-ModelC-final","Bias","MeanState","tena","scalar","%","0.35733","80.0"
"EcosystemandCarbonCycle","BurnedArea","GFED4.1S","ED-ModelC-final","Bias Score","MeanState","tena","score","1","0.437076","80.0"
"EcosystemandCarbonCycle","BurnedArea","GFED4.1S","ED-ModelC-final","Bias","MeanState","ceam","scalar","%","0.77317","80.0"
"EcosystemandCarbonCycle","BurnedArea","GFED4.1S","ED-ModelC-final","Bias Score","MeanState","ceam","score","1","0.286887","80.0"
"EcosystemandCarbonCycle","BurnedArea","GFED4.1S","ED-ModelC-final","Bias","MeanState","nhsa","scalar","%","0.749962","80.0"
"EcosystemandCarbonCycle","BurnedArea","GFED4.1S","ED-ModelC-final","Bias Score","MeanState","nhsa","score","1","0.501408","80.0"
"EcosystemandCarbonCycle","BurnedArea","GFED4.1S","ED-ModelC-final","Bias","MeanState","shsa","scalar","%","0.833593","80.0"
"EcosystemandCarbonCycle","BurnedArea","GFED4.1S","ED-ModelC-final","Bias Score","MeanState","shsa","score","1","0.473091","80.0"
"EcosystemandCarbonCycle","BurnedArea","GFED4.1S","ED-ModelC-final","Bias","MeanState","euro","scalar","%","0.29564","80.0"
"EcosystemandCarbonCycle","BurnedArea","GFED4.1S","ED-ModelC-final","Bias Score","MeanState","euro","score","1","0.39345","80.0"
"EcosystemandCarbonCycle","BurnedArea","GFED4.1S","ED-ModelC-final","Bias","MeanState","mide","scalar","%","0.399581","80.0"
"EcosystemandCarbonCycle","BurnedArea","GFED4.1S","ED-ModelC-final","Bias Score","MeanState","mide","score","1","0.436689","80.0"
"EcosystemandCarbonCycle","BurnedArea","GFED4.1S","ED-ModelC-final","Bias","MeanState","nhaf","scalar","%","0.281868","80.0"
"EcosystemandCarbonCycle","BurnedArea","GFED4.1S","ED-ModelC-final","Bias Score","MeanState","nhaf","score","1","0.769337","80.0"
"EcosystemandCarbonCycle","BurnedArea","GFED4.1S","ED-ModelC-final","Bias","MeanState","shaf","scalar","%","0.016048","80.0"
"EcosystemandCarbonCycle","BurnedArea","GFED4.1S","ED-ModelC-final","Bias Score","MeanState","shaf","score","1","0.759732","80.0"
"EcosystemandCarbonCycle","BurnedArea","GFED4.1S","ED-ModelC-final","Bias","MeanState","boas","scalar","%","0.0405767","80.0"
"EcosystemandCarbonCycle","BurnedArea","GFED4.1S","ED-ModelC-final","Bias Score","MeanState","boas","score","1","0.840753","80.0"
"EcosystemandCarbonCycle","BurnedArea","GFED4.1S","ED-ModelC-final","Bias","MeanState","ceas","scalar","%","0.147246","80.0"
"EcosystemandCarbonCycle","BurnedArea","GFED4.1S","ED-ModelC-final","Bias Score","MeanState","ceas","score","1","0.783351","80.0"
"EcosystemandCarbonCycle","BurnedArea","GFED4.1S","ED-ModelC-final","Bias","MeanState","seas","scalar","%","0.973053","80.0"
"EcosystemandCarbonCycle","BurnedArea","GFED4.1S","ED-ModelC-final","Bias Score","MeanState","seas","score","1","0.496169","80.0"
"EcosystemandCarbonCycle","BurnedArea","GFED4.1S","ED-ModelC-final","Bias","MeanState","eqas","scalar","%","0.367544","80.0"
"EcosystemandCarbonCycle","BurnedArea","GFED4.1S","ED-ModelC-final","Bias Score","MeanState","eqas","score","1","0.477132","80.0"
"EcosystemandCarbonCycle","BurnedArea","GFED4.1S","ED-ModelC-final","Bias","MeanState","aust","scalar","%","0.011875","80.0"
"EcosystemandCarbonCycle","BurnedArea","GFED4.1S","ED-ModelC-final","Bias Score","MeanState","aust","score","1","0.745626","80.0"
"EcosystemandCarbonCycle","BurnedArea","GFED4.1S","ED-ModelC-final","RMSE","MeanState","global","scalar","%","0.983043","80.0"
"EcosystemandCarbonCycle","BurnedArea","GFED4.1S","ED-ModelC-final","RMSE Score","MeanState","global","score","1","0.505759","80.0"
"EcosystemandCarbonCycle","BurnedArea","GFED4.1S","ED-ModelC-final","RMSE","MeanState","bona","scalar","%","0.129741","80.0"
"EcosystemandCarbonCycle","BurnedArea","GFED4.1S","ED-ModelC-final","RMSE Score","MeanState","bona","score","1","0.742535","80.0"
"EcosystemandCarbonCycle","BurnedArea","GFED4.1S","ED-ModelC-final","RMSE","MeanState","tena","scalar","%","0.609779","80.0"
"EcosystemandCarbonCycle","BurnedArea","GFED4.1S","ED-ModelC-final","RMSE Score","MeanState","tena","score","1","0.307975","80.0"
"EcosystemandCarbonCycle","BurnedArea","GFED4.1S","ED-ModelC-final","RMSE","MeanState","ceam","scalar","%","0.957688","80.0"
"EcosystemandCarbonCycle","BurnedArea","GFED4.1S","ED-ModelC-final","RMSE Score","MeanState","ceam","score","1","0.310422","80.0"
"EcosystemandCarbonCycle","BurnedArea","GFED4.1S","ED-ModelC-final","RMSE","MeanState","nhsa","scalar","%","0.914459","80.0"
"EcosystemandCarbonCycle","BurnedArea","GFED4.1S","ED-ModelC-final","RMSE Score","MeanState","nhsa","score","1","0.49315","80.0"
"EcosystemandCarbonCycle","BurnedArea","GFED4.1S","ED-ModelC-final","RMSE","MeanState","shsa","scalar","%","1.05571","80.0"
"EcosystemandCarbonCycle","BurnedArea","GFED4.1S","ED-ModelC-final","RMSE Score","MeanState","shsa","score","1","0.429758","80.0"
"EcosystemandCarbonCycle","BurnedArea","GFED4.1S","ED-ModelC-final","RMSE","MeanState","euro","scalar","%","0.516627","80.0"
"EcosystemandCarbonCycle","BurnedArea","GFED4.1S","ED-ModelC-final","RMSE Score","MeanState","euro","score","1","0.261763","80.0"
"EcosystemandCarbonCycle","BurnedArea","GFED4.1S","ED-ModelC-final","RMSE","MeanState","mide","scalar","%","0.650178","80.0"
"EcosystemandCarbonCycle","BurnedArea","GFED4.1S","ED-ModelC-final","RMSE Score","MeanState","mide","score","1","0.310067","80.0"
"EcosystemandCarbonCycle","BurnedArea","GFED4.1S","ED-ModelC-final","RMSE","MeanState","nhaf","scalar","%","2.60824","80.0"
"EcosystemandCarbonCycle","BurnedArea","GFED4.1S","ED-ModelC-final","RMSE Score","MeanState","nhaf","score","1","0.479548","80.0"
"EcosystemandCarbonCycle","BurnedArea","GFED4.1S","ED-ModelC-final","RMSE","MeanState","shaf","scalar","%","2.40356","80.0"
"EcosystemandCarbonCycle","BurnedArea","GFED4.1S","ED-ModelC-final","RMSE Score","MeanState","shaf","score","1","0.502274","80.0"
"EcosystemandCarbonCycle","BurnedArea","GFED4.1S","ED-ModelC-final","RMSE","MeanState","boas","scalar","%","0.175138","80.0"
"EcosystemandCarbonCycle","BurnedArea","GFED4.1S","ED-ModelC-final","RMSE Score","MeanState","boas","score","1","0.619204","80.0"
"EcosystemandCarbonCycle","BurnedArea","GFED4.1S","ED-ModelC-final","RMSE","MeanState","ceas","scalar","%","0.508035","80.0"
"EcosystemandCarbonCycle","BurnedArea","GFED4.1S","ED-ModelC-final","RMSE Score","MeanState","ceas","score","1","0.560258","80.0"
"EcosystemandCarbonCycle","BurnedArea","GFED4.1S","ED-ModelC-final","RMSE","MeanState","seas","scalar","%","1.31547","80.0"
"EcosystemandCarbonCycle","BurnedArea","GFED4.1S","ED-ModelC-final","RMSE Score","MeanState","seas","score","1","0.377266","80.0"
"EcosystemandCarbonCycle","BurnedArea","GFED4.1S","ED-ModelC-final","RMSE","MeanState","eqas","scalar","%","0.442797","80.0"
"EcosystemandCarbonCycle","BurnedArea","GFED4.1S","ED-ModelC-final","RMSE Score","MeanState","eqas","score","1","0.523149","80.0"
"EcosystemandCarbonCycle","BurnedArea","GFED4.1S","ED-ModelC-final","RMSE","MeanState","aust","scalar","%","1.13037","80.0"
"EcosystemandCarbonCycle","BurnedArea","GFED4.1S","ED-ModelC-final","RMSE Score","MeanState","aust","score","1","0.652014","80.0"
"EcosystemandCarbonCycle","BurnedArea","GFED4.1S","ED-ModelC-final","Overall Score","MeanState","global","score","1","0.671529","80.0"
"EcosystemandCarbonCycle","BurnedArea","GFED4.1S","ED-ModelC-final","Overall Score","MeanState","bona","score","1","0.789806","80.0"
"EcosystemandCarbonCycle","BurnedArea","GFED4.1S","ED-ModelC-final","Overall Score","MeanState","tena","score","1","0.381473","80.0"
"EcosystemandCarbonCycle","BurnedArea","GFED4.1S","ED-ModelC-final","Overall Score","MeanState","ceam","score","1","0.376153","80.0"
"EcosystemandCarbonCycle","BurnedArea","GFED4.1S","ED-ModelC-final","Overall Score","MeanState","nhsa","score","1","0.605824","80.0"
"EcosystemandCarbonCycle","BurnedArea","GFED4.1S","ED-ModelC-final","Overall Score","MeanState","shsa","score","1","0.507249","80.0"
"EcosystemandCarbonCycle","BurnedArea","GFED4.1S","ED-ModelC-final","Overall Score","MeanState","euro","score","1","0.361128","80.0"
"EcosystemandCarbonCycle","BurnedArea","GFED4.1S","ED-ModelC-final","Overall Score","MeanState","mide","score","1","0.382769","80.0"
"EcosystemandCarbonCycle","BurnedArea","GFED4.1S","ED-ModelC-final","Overall Score","MeanState","nhaf","score","1","0.645855","80.0"
"EcosystemandCarbonCycle","BurnedArea","GFED4.1S","ED-ModelC-final","Overall Score","MeanState","shaf","score","1","0.646693","80.0"
"EcosystemandCarbonCycle","BurnedArea","GFED4.1S","ED-ModelC-final","Overall Score","MeanState","boas","score","1","0.728733","80.0"
"EcosystemandCarbonCycle","BurnedArea","GFED4.1S","ED-ModelC-final","Overall Score","MeanState","ceas","score","1","0.670499","80.0"
"EcosystemandCarbonCycle","BurnedArea","GFED4.1S","ED-ModelC-final","Overall Score","MeanState","seas","score","1","0.487193","80.0"
"EcosystemandCarbonCycle","BurnedArea","GFED4.1S","ED-ModelC-final","Overall Score","MeanState","eqas","score","1","0.507395","80.0"
"EcosystemandCarbonCycle","BurnedArea","GFED4.1S","ED-ModelC-final","Overall Score","MeanState","aust","score","1","0.670219","80.0"
"EcosystemandCarbonCycle","BurnedArea","GFED4.1S","ED-H2-wetmonth","Benchmark Period Mean (intersection)","MeanState","global","scalar","%","0.329776","80.0"
"EcosystemandCarbonCycle","BurnedArea","GFED4.1S","ED-H2-wetmonth","Benchmark Period Mean (complement)","MeanState","global","scalar","%","0","80.0"
"EcosystemandCarbonCycle","BurnedArea","GFED4.1S","ED-H2-wetmonth","Period Mean (original grids)","MeanState","global","scalar","%","0.331106","80.0"
"EcosystemandCarbonCycle","BurnedArea","GFED4.1S","ED-H2-wetmonth","Model Period Mean (intersection)","MeanState","global","scalar","%","0.357759","80.0"
"EcosystemandCarbonCycle","BurnedArea","GFED4.1S","ED-H2-wetmonth","Model Period Mean (complement)","MeanState","global","scalar","%","0.0628259","80.0"
"EcosystemandCarbonCycle","BurnedArea","GFED4.1S","ED-H2-wetmonth","Benchmark Period Mean (intersection)","MeanState","bona","scalar","%","0.0334473","80.0"
"EcosystemandCarbonCycle","BurnedArea","GFED4.1S","ED-H2-wetmonth","Benchmark Period Mean (complement)","MeanState","bona","scalar","%","0","80.0"
"EcosystemandCarbonCycle","BurnedArea","GFED4.1S","ED-H2-wetmonth","Period Mean (original grids)","MeanState","bona","scalar","%","0.00856975","80.0"
"EcosystemandCarbonCycle","BurnedArea","GFED4.1S","ED-H2-wetmonth","Model Period Mean (intersection)","MeanState","bona","scalar","%","0.0088233","80.0"
"EcosystemandCarbonCycle","BurnedArea","GFED4.1S","ED-H2-wetmonth","Model Period Mean (complement)","MeanState","bona","scalar","%","0.000999275","80.0"
"EcosystemandCarbonCycle","BurnedArea","GFED4.1S","ED-H2-wetmonth","Benchmark Period Mean (intersection)","MeanState","tena","scalar","%","0.0259374","80.0"
"EcosystemandCarbonCycle","BurnedArea","GFED4.1S","ED-H2-wetmonth","Benchmark Period Mean (complement)","MeanState","tena","scalar","%","0","80.0"
"EcosystemandCarbonCycle","BurnedArea","GFED4.1S","ED-H2-wetmonth","Period Mean (original grids)","MeanState","tena","scalar","%","0.141332","80.0"
"EcosystemandCarbonCycle","BurnedArea","GFED4.1S","ED-H2-wetmonth","Model Period Mean (intersection)","MeanState","tena","scalar","%","0.145381","80.0"
"EcosystemandCarbonCycle","BurnedArea","GFED4.1S","ED-H2-wetmonth","Model Period Mean (complement)","MeanState","tena","scalar","%","0.0180339","80.0"
"EcosystemandCarbonCycle","BurnedArea","GFED4.1S","ED-H2-wetmonth","Benchmark Period Mean (intersection)","MeanState","ceam","scalar","%","0.0824275","80.0"
"EcosystemandCarbonCycle","BurnedArea","GFED4.1S","ED-H2-wetmonth","Benchmark Period Mean (complement)","MeanState","ceam","scalar","%","0","80.0"
"EcosystemandCarbonCycle","BurnedArea","GFED4.1S","ED-H2-wetmonth","Period Mean (original grids)","MeanState","ceam","scalar","%","0.384345","80.0"
"EcosystemandCarbonCycle","BurnedArea","GFED4.1S","ED-H2-wetmonth","Model Period Mean (intersection)","MeanState","ceam","scalar","%","0.434907","80.0"
"EcosystemandCarbonCycle","BurnedArea","GFED4.1S","ED-H2-wetmonth","Model Period Mean (complement)","MeanState","ceam","scalar","%","0.0620773","80.0"
"EcosystemandCarbonCycle","BurnedArea","GFED4.1S","ED-H2-wetmonth","Benchmark Period Mean (intersection)","MeanState","nhsa","scalar","%","0.142765","80.0"
"EcosystemandCarbonCycle","BurnedArea","GFED4.1S","ED-H2-wetmonth","Benchmark Period Mean (complement)","MeanState","nhsa","scalar","%","0","80.0"
"EcosystemandCarbonCycle","BurnedArea","GFED4.1S","ED-H2-wetmonth","Period Mean (original grids)","MeanState","nhsa","scalar","%","0.237055","80.0"
"EcosystemandCarbonCycle","BurnedArea","GFED4.1S","ED-H2-wetmonth","Model Period Mean (intersection)","MeanState","nhsa","scalar","%","0.250755","80.0"
"EcosystemandCarbonCycle","BurnedArea","GFED4.1S","ED-H2-wetmonth","Model Period Mean (complement)","MeanState","nhsa","scalar","%","0.0407608","80.0"
"EcosystemandCarbonCycle","BurnedArea","GFED4.1S","ED-H2-wetmonth","Benchmark Period Mean (intersection)","MeanState","shsa","scalar","%","0.145694","80.0"
"EcosystemandCarbonCycle","BurnedArea","GFED4.1S","ED-H2-wetmonth","Benchmark Period Mean (complement)","MeanState","shsa","scalar","%","0","80.0"
"EcosystemandCarbonCycle","BurnedArea","GFED4.1S","ED-H2-wetmonth","Period Mean (original grids)","MeanState","shsa","scalar","%","0.406166","80.0"
"EcosystemandCarbonCycle","BurnedArea","GFED4.1S","ED-H2-wetmonth","Model Period Mean (intersection)","MeanState","shsa","scalar","%","0.420633","80.0"
"EcosystemandCarbonCycle","BurnedArea","GFED4.1S","ED-H2-wetmonth","Model Period Mean (complement)","MeanState","shsa","scalar","%","0.0267629","80.0"
"EcosystemandCarbonCycle","BurnedArea","GFED4.1S","ED-H2-wetmonth","Benchmark Period Mean (intersection)","MeanState","euro","scalar","%","0.0250618","80.0"
"EcosystemandCarbonCycle","BurnedArea","GFED4.1S","ED-H2-wetmonth","Benchmark Period Mean (complement)","MeanState","euro","scalar","%","0","80.0"
"EcosystemandCarbonCycle","BurnedArea","GFED4.1S","ED-H2-wetmonth","Period Mean (original grids)","MeanState","euro","scalar","%","0.136411","80.0"
"EcosystemandCarbonCycle","BurnedArea","GFED4.1S","ED-H2-wetmonth","Model Period Mean (intersection)","MeanState","euro","scalar","%","0.151976","80.0"
"EcosystemandCarbonCycle","BurnedArea","GFED4.1S","ED-H2-wetmonth","Model Period Mean (complement)","MeanState","euro","scalar","%","0.0180822","80.0"
"EcosystemandCarbonCycle","BurnedArea","GFED4.1S","ED-H2-wetmonth","Benchmark Period Mean (intersection)","MeanState","mide","scalar","%","0.025217","80.0"
"EcosystemandCarbonCycle","BurnedArea","GFED4.1S","ED-H2-wetmonth","Benchmark Period Mean (complement)","MeanState","mide","scalar","%","0","80.0"
"EcosystemandCarbonCycle","BurnedArea","GFED4.1S","ED-H2-wetmonth","Period Mean (original grids)","MeanState","mide","scalar","%","0.280895","80.0"
"EcosystemandCarbonCycle","BurnedArea","GFED4.1S","ED-H2-wetmonth","Model Period Mean (intersection)","MeanState","mide","scalar","%","0.345549","80.0"
"EcosystemandCarbonCycle","BurnedArea","GFED4.1S","ED-H2-wetmonth","Model Period Mean (complement)","MeanState","mide","scalar","%","0.115448","80.0"
"EcosystemandCarbonCycle","BurnedArea","GFED4.1S","ED-H2-wetmonth","Benchmark Period Mean (intersection)","MeanState","nhaf","scalar","%","1.23284","80.0"
"EcosystemandCarbonCycle","BurnedArea","GFED4.1S","ED-H2-wetmonth","Benchmark Period Mean (complement)","MeanState","nhaf","scalar","%","0","80.0"
"EcosystemandCarbonCycle","BurnedArea","GFED4.1S","ED-H2-wetmonth","Period Mean (original grids)","MeanState","nhaf","scalar","%","0.92458","80.0"
"EcosystemandCarbonCycle","BurnedArea","GFED4.1S","ED-H2-wetmonth","Model Period Mean (intersection)","MeanState","nhaf","scalar","%","0.977598","80.0"
"EcosystemandCarbonCycle","BurnedArea","GFED4.1S","ED-H2-wetmonth","Model Period Mean (complement)","MeanState","nhaf","scalar","%","0.150841","80.0"
"EcosystemandCarbonCycle","BurnedArea","GFED4.1S","ED-H2-wetmonth","Benchmark Period Mean (intersection)","MeanState","shaf","scalar","%","1.45692","80.0"
"EcosystemandCarbonCycle","BurnedArea","GFED4.1S","ED-H2-wetmonth","Benchmark Period Mean (complement)","MeanState","shaf","scalar","%","0","80.0"
"EcosystemandCarbonCycle","BurnedArea","GFED4.1S","ED-H2-wetmonth","Period Mean (original grids)","MeanState","shaf","scalar","%","0.900537","80.0"
"EcosystemandCarbonCycle","BurnedArea","GFED4.1S","ED-H2-wetmonth","Model Period Mean (intersection)","MeanState","shaf","scalar","%","0.927477","80.0"
"EcosystemandCarbonCycle","BurnedArea","GFED4.1S","ED-H2-wetmonth","Model Period Mean (complement)","MeanState","shaf","scalar","%","0.12022","80.0"
"EcosystemandCarbonCycle","BurnedArea","GFED4.1S","ED-H2-wetmonth","Benchmark Period Mean (intersection)","MeanState","boas","scalar","%","0.0336143","80.0"
"EcosystemandCarbonCycle","BurnedArea","GFED4.1S","ED-H2-wetmonth","Benchmark Period Mean (complement)","MeanState","boas","scalar","%","0","80.0"
"EcosystemandCarbonCycle","BurnedArea","GFED4.1S","ED-H2-wetmonth","Period Mean (original grids)","MeanState","boas","scalar","%","0.0168841","80.0"
"EcosystemandCarbonCycle","BurnedArea","GFED4.1S","ED-H2-wetmonth","Model Period Mean (intersection)","MeanState","boas","scalar","%","0.0171265","80.0"
"EcosystemandCarbonCycle","BurnedArea","GFED4.1S","ED-H2-wetmonth","Model Period Mean (complement)","MeanState","boas","scalar","%","0.000753017","80.0"
"EcosystemandCarbonCycle","BurnedArea","GFED4.1S","ED-H2-wetmonth","Benchmark Period Mean (intersection)","MeanState","ceas","scalar","%","0.125736","80.0"
"EcosystemandCarbonCycle","BurnedArea","GFED4.1S","ED-H2-wetmonth","Benchmark Period Mean (complement)","MeanState","ceas","scalar","%","0","80.0"
"EcosystemandCarbonCycle","BurnedArea","GFED4.1S","ED-H2-wetmonth","Period Mean (original grids)","MeanState","ceas","scalar","%","0.131554","80.0"
"EcosystemandCarbonCycle","BurnedArea","GFED4.1S","ED-H2-wetmonth","Model Period Mean (intersection)","MeanState","ceas","scalar","%","0.136263","80.0"
"EcosystemandCarbonCycle","BurnedArea","GFED4.1S","ED-H2-wetmonth","Model Period Mean (complement)","MeanState","ceas","scalar","%","0.0787892","80.0"
"EcosystemandCarbonCycle","BurnedArea","GFED4.1S","ED-H2-wetmonth","Benchmark Period Mean (intersection)","MeanState","seas","scalar","%","0.148029","80.0"
"EcosystemandCarbonCycle","BurnedArea","GFED4.1S","ED-H2-wetmonth","Benchmark Period Mean (complement)","MeanState","seas","scalar","%","0","80.0"
"EcosystemandCarbonCycle","BurnedArea","GFED4.1S","ED-H2-wetmonth","Period Mean (original grids)","MeanState","seas","scalar","%","0.632798","80.0"
"EcosystemandCarbonCycle","BurnedArea","GFED4.1S","ED-H2-wetmonth","Model Period Mean (intersection)","MeanState","seas","scalar","%","0.683961","80.0"
"EcosystemandCarbonCycle","BurnedArea","GFED4.1S","ED-H2-wetmonth","Model Period Mean (complement)","MeanState","seas","scalar","%","0.0723322","80.0"
"EcosystemandCarbonCycle","BurnedArea","GFED4.1S","ED-H2-wetmonth","Benchmark Period Mean (intersection)","MeanState","eqas","scalar","%","0.0480126","80.0"
"EcosystemandCarbonCycle","BurnedArea","GFED4.1S","ED-H2-wetmonth","Benchmark Period Mean (complement)","MeanState","eqas","scalar","%","0","80.0"
"EcosystemandCarbonCycle","BurnedArea","GFED4.1S","ED-H2-wetmonth","Period Mean (original grids)","MeanState","eqas","scalar","%","0.040204","80.0"
"EcosystemandCarbonCycle","BurnedArea","GFED4.1S","ED-H2-wetmonth","Model Period Mean (intersection)","MeanState","eqas","scalar","%","0.0540278","80.0"
"EcosystemandCarbonCycle","BurnedArea","GFED4.1S","ED-H2-wetmonth","Model Period Mean (complement)","MeanState","eqas","scalar","%","0.00395597","80.0"
"EcosystemandCarbonCycle","BurnedArea","GFED4.1S","ED-H2-wetmonth","Benchmark Period Mean (intersection)","MeanState","aust","scalar","%","0.529194","80.0"
"EcosystemandCarbonCycle","BurnedArea","GFED4.1S","ED-H2-wetmonth","Benchmark Period Mean (complement)","MeanState","aust","scalar","%","0","80.0"
"EcosystemandCarbonCycle","BurnedArea","GFED4.1S","ED-H2-wetmonth","Period Mean (original grids)","MeanState","aust","scalar","%","0.346516","80.0"
"EcosystemandCarbonCycle","BurnedArea","GFED4.1S","ED-H2-wetmonth","Model Period Mean (intersection)","MeanState","aust","scalar","%","0.367064","80.0"
"EcosystemandCarbonCycle","BurnedArea","GFED4.1S","ED-H2-wetmonth","Model Period Mean (complement)","MeanState","aust","scalar","%","0.080744","80.0"
"EcosystemandCarbonCycle","BurnedArea","GFED4.1S","ED-H2-wetmonth","Spatial Distribution Score","MeanState","global","score","1","0.652368","80.0"
"EcosystemandCarbonCycle","BurnedArea","GFED4.1S","ED-H2-wetmonth","Spatial Distribution Score","MeanState","bona","score","1","0.125461","80.0"
"EcosystemandCarbonCycle","BurnedArea","GFED4.1S","ED-H2-wetmonth","Spatial Distribution Score","MeanState","tena","score","1","0.223624","80.0"
"EcosystemandCarbonCycle","BurnedArea","GFED4.1S","ED-H2-wetmonth","Spatial Distribution Score","MeanState","ceam","score","1","0.211828","80.0"
"EcosystemandCarbonCycle","BurnedArea","GFED4.1S","ED-H2-wetmonth","Spatial Distribution Score","MeanState","nhsa","score","1","0.82292","80.0"
"EcosystemandCarbonCycle","BurnedArea","GFED4.1S","ED-H2-wetmonth","Spatial Distribution Score","MeanState","shsa","score","1","0.579803","80.0"
"EcosystemandCarbonCycle","BurnedArea","GFED4.1S","ED-H2-wetmonth","Spatial Distribution Score","MeanState","euro","score","1","0.132923","80.0"
"EcosystemandCarbonCycle","BurnedArea","GFED4.1S","ED-H2-wetmonth","Spatial Distribution Score","MeanState","mide","score","1","0.13198","80.0"
"EcosystemandCarbonCycle","BurnedArea","GFED4.1S","ED-H2-wetmonth","Spatial Distribution Score","MeanState","nhaf","score","1","0.491692","80.0"
"EcosystemandCarbonCycle","BurnedArea","GFED4.1S","ED-H2-wetmonth","Spatial Distribution Score","MeanState","shaf","score","1","0.4357","80.0"
"EcosystemandCarbonCycle","BurnedArea","GFED4.1S","ED-H2-wetmonth","Spatial Distribution Score","MeanState","boas","score","1","0.206784","80.0"
"EcosystemandCarbonCycle","BurnedArea","GFED4.1S","ED-H2-wetmonth","Spatial Distribution Score","MeanState","ceas","score","1","0.640443","80.0"
"EcosystemandCarbonCycle","BurnedArea","GFED4.1S","ED-H2-wetmonth","Spatial Distribution Score","MeanState","seas","score","1","0.448847","80.0"
"EcosystemandCarbonCycle","BurnedArea","GFED4.1S","ED-H2-wetmonth","Spatial Distribution Score","MeanState","eqas","score","1","0.46517","80.0"
"EcosystemandCarbonCycle","BurnedArea","GFED4.1S","ED-H2-wetmonth","Spatial Distribution Score","MeanState","aust","score","1","0.620766","80.0"
"EcosystemandCarbonCycle","BurnedArea","GFED4.1S","ED-H2-wetmonth","Phase Shift","MeanState","global","scalar","months","2.0558","80.0"
"EcosystemandCarbonCycle","BurnedArea","GFED4.1S","ED-H2-wetmonth","Seasonal Cycle Score","MeanState","global","score","1","0.852113","80.0"
"EcosystemandCarbonCycle","BurnedArea","GFED4.1S","ED-H2-wetmonth","Phase Shift","MeanState","bona","scalar","months","1.95412","80.0"
"EcosystemandCarbonCycle","BurnedArea","GFED4.1S","ED-H2-wetmonth","Seasonal Cycle Score","MeanState","bona","score","1","0.893328","80.0"
"EcosystemandCarbonCycle","BurnedArea","GFED4.1S","ED-H2-wetmonth","Phase Shift","MeanState","tena","scalar","months","2.46199","80.0"
"EcosystemandCarbonCycle","BurnedArea","GFED4.1S","ED-H2-wetmonth","Seasonal Cycle Score","MeanState","tena","score","1","0.68813","80.0"
"EcosystemandCarbonCycle","BurnedArea","GFED4.1S","ED-H2-wetmonth","Phase Shift","MeanState","ceam","scalar","months","1.8465","80.0"
"EcosystemandCarbonCycle","BurnedArea","GFED4.1S","ED-H2-wetmonth","Seasonal Cycle Score","MeanState","ceam","score","1","0.827529","80.0"
"EcosystemandCarbonCycle","BurnedArea","GFED4.1S","ED-H2-wetmonth","Phase Shift","MeanState","nhsa","scalar","months","1.43639","80.0"
"EcosystemandCarbonCycle","BurnedArea","GFED4.1S","ED-H2-wetmonth","Seasonal Cycle Score","MeanState","nhsa","score","1","0.914842","80.0"
"EcosystemandCarbonCycle","BurnedArea","GFED4.1S","ED-H2-wetmonth","Phase Shift","MeanState","shsa","scalar","months","1.75683","80.0"
"EcosystemandCarbonCycle","BurnedArea","GFED4.1S","ED-H2-wetmonth","Seasonal Cycle Score","MeanState","shsa","score","1","0.835656","80.0"
"EcosystemandCarbonCycle","BurnedArea","GFED4.1S","ED-H2-wetmonth","Phase Shift","MeanState","euro","scalar","months","2.25895","80.0"
"EcosystemandCarbonCycle","BurnedArea","GFED4.1S","ED-H2-wetmonth","Seasonal Cycle Score","MeanState","euro","score","1","0.79949","80.0"
"EcosystemandCarbonCycle","BurnedArea","GFED4.1S","ED-H2-wetmonth","Phase Shift","MeanState","mide","scalar","months","2.51081","80.0"
"EcosystemandCarbonCycle","BurnedArea","GFED4.1S","ED-H2-wetmonth","Seasonal Cycle Score","MeanState","mide","score","1","0.773145","80.0"
"EcosystemandCarbonCycle","BurnedArea","GFED4.1S","ED-H2-wetmonth","Phase Shift","MeanState","nhaf","scalar","months","1.75348","80.0"
"EcosystemandCarbonCycle","BurnedArea","GFED4.1S","ED-H2-wetmonth","Seasonal Cycle Score","MeanState","nhaf","score","1","0.900706","80.0"
"EcosystemandCarbonCycle","BurnedArea","GFED4.1S","ED-H2-wetmonth","Phase Shift","MeanState","shaf","scalar","months","1.26191","80.0"
"EcosystemandCarbonCycle","BurnedArea","GFED4.1S","ED-H2-wetmonth","Seasonal Cycle Score","MeanState","shaf","score","1","0.917155","80.0"
"EcosystemandCarbonCycle","BurnedArea","GFED4.1S","ED-H2-wetmonth","Phase Shift","MeanState","boas","scalar","months","1.81991","80.0"
"EcosystemandCarbonCycle","BurnedArea","GFED4.1S","ED-H2-wetmonth","Seasonal Cycle Score","MeanState","boas","score","1","0.802335","80.0"
"EcosystemandCarbonCycle","BurnedArea","GFED4.1S","ED-H2-wetmonth","Phase Shift","MeanState","ceas","scalar","months","2.3839","80.0"
"EcosystemandCarbonCycle","BurnedArea","GFED4.1S","ED-H2-wetmonth","Seasonal Cycle Score","MeanState","ceas","score","1","0.733554","80.0"
"EcosystemandCarbonCycle","BurnedArea","GFED4.1S","ED-H2-wetmonth","Phase Shift","MeanState","seas","scalar","months","2.3359","80.0"
"EcosystemandCarbonCycle","BurnedArea","GFED4.1S","ED-H2-wetmonth","Seasonal Cycle Score","MeanState","seas","score","1","0.804006","80.0"
"EcosystemandCarbonCycle","BurnedArea","GFED4.1S","ED-H2-wetmonth","Phase Shift","MeanState","eqas","scalar","months","2.02429","80.0"
"EcosystemandCarbonCycle","BurnedArea","GFED4.1S","ED-H2-wetmonth","Seasonal Cycle Score","MeanState","eqas","score","1","0.841213","80.0"
"EcosystemandCarbonCycle","BurnedArea","GFED4.1S","ED-H2-wetmonth","Phase Shift","MeanState","aust","scalar","months","2.55183","80.0"
"EcosystemandCarbonCycle","BurnedArea","GFED4.1S","ED-H2-wetmonth","Seasonal Cycle Score","MeanState","aust","score","1","0.58469","80.0"
"EcosystemandCarbonCycle","BurnedArea","GFED4.1S","ED-H2-wetmonth","Bias","MeanState","global","scalar","%","0.0279827","80.0"
"EcosystemandCarbonCycle","BurnedArea","GFED4.1S","ED-H2-wetmonth","Bias Score","MeanState","global","score","1","0.728952","80.0"
"EcosystemandCarbonCycle","BurnedArea","GFED4.1S","ED-H2-wetmonth","Bias","MeanState","bona","scalar","%","-0.0246241","80.0"
"EcosystemandCarbonCycle","BurnedArea","GFED4.1S","ED-H2-wetmonth","Bias Score","MeanState","bona","score","1","0.89379","80.0"
"EcosystemandCarbonCycle","BurnedArea","GFED4.1S","ED-H2-wetmonth","Bias","MeanState","tena","scalar","%","0.119444","80.0"
"EcosystemandCarbonCycle","BurnedArea","GFED4.1S","ED-H2-wetmonth","Bias Score","MeanState","tena","score","1","0.636618","80.0"
"EcosystemandCarbonCycle","BurnedArea","GFED4.1S","ED-H2-wetmonth","Bias","MeanState","ceam","scalar","%","0.352479","80.0"
"EcosystemandCarbonCycle","BurnedArea","GFED4.1S","ED-H2-wetmonth","Bias Score","MeanState","ceam","score","1","0.468342","80.0"
"EcosystemandCarbonCycle","BurnedArea","GFED4.1S","ED-H2-wetmonth","Bias","MeanState","nhsa","scalar","%","0.10799","80.0"
"EcosystemandCarbonCycle","BurnedArea","GFED4.1S","ED-H2-wetmonth","Bias Score","MeanState","nhsa","score","1","0.656731","80.0"
"EcosystemandCarbonCycle","BurnedArea","GFED4.1S","ED-H2-wetmonth","Bias","MeanState","shsa","scalar","%","0.274939","80.0"
"EcosystemandCarbonCycle","BurnedArea","GFED4.1S","ED-H2-wetmonth","Bias Score","MeanState","shsa","score","1","0.653109","80.0"
"EcosystemandCarbonCycle","BurnedArea","GFED4.1S","ED-H2-wetmonth","Bias","MeanState","euro","scalar","%","0.126914","80.0"
"EcosystemandCarbonCycle","BurnedArea","GFED4.1S","ED-H2-wetmonth","Bias Score","MeanState","euro","score","1","0.640243","80.0"
"EcosystemandCarbonCycle","BurnedArea","GFED4.1S","ED-H2-wetmonth","Bias","MeanState","mide","scalar","%","0.320332","80.0"
"EcosystemandCarbonCycle","BurnedArea","GFED4.1S","ED-H2-wetmonth","Bias Score","MeanState","mide","score","1","0.481118","80.0"
"EcosystemandCarbonCycle","BurnedArea","GFED4.1S","ED-H2-wetmonth","Bias","MeanState","nhaf","scalar","%","-0.255241","80.0"
"EcosystemandCarbonCycle","BurnedArea","GFED4.1S","ED-H2-wetmonth","Bias Score","MeanState","nhaf","score","1","0.740651","80.0"
"EcosystemandCarbonCycle","BurnedArea","GFED4.1S","ED-H2-wetmonth","Bias","MeanState","shaf","scalar","%","-0.529444","80.0"
"EcosystemandCarbonCycle","BurnedArea","GFED4.1S","ED-H2-wetmonth","Bias Score","MeanState","shaf","score","1","0.722347","80.0"
"EcosystemandCarbonCycle","BurnedArea","GFED4.1S","ED-H2-wetmonth","Bias","MeanState","boas","scalar","%","-0.0164879","80.0"
"EcosystemandCarbonCycle","BurnedArea","GFED4.1S","ED-H2-wetmonth","Bias Score","MeanState","boas","score","1","0.876104","80.0"
"EcosystemandCarbonCycle","BurnedArea","GFED4.1S","ED-H2-wetmonth","Bias","MeanState","ceas","scalar","%","0.0105268","80.0"
"EcosystemandCarbonCycle","BurnedArea","GFED4.1S","ED-H2-wetmonth","Bias Score","MeanState","ceas","score","1","0.811402","80.0"
"EcosystemandCarbonCycle","BurnedArea","GFED4.1S","ED-H2-wetmonth","Bias","MeanState","seas","scalar","%","0.535932","80.0"
"EcosystemandCarbonCycle","BurnedArea","GFED4.1S","ED-H2-wetmonth","Bias Score","MeanState","seas","score","1","0.62779","80.0"
"EcosystemandCarbonCycle","BurnedArea","GFED4.1S","ED-H2-wetmonth","Bias","MeanState","eqas","scalar","%","0.00601528","80.0"
"EcosystemandCarbonCycle","BurnedArea","GFED4.1S","ED-H2-wetmonth","Bias Score","MeanState","eqas","score","1","0.702001","80.0"
"EcosystemandCarbonCycle","BurnedArea","GFED4.1S","ED-H2-wetmonth","Bias","MeanState","aust","scalar","%","-0.16213","80.0"
"EcosystemandCarbonCycle","BurnedArea","GFED4.1S","ED-H2-wetmonth","Bias Score","MeanState","aust","score","1","0.760393","80.0"
"EcosystemandCarbonCycle","BurnedArea","GFED4.1S","ED-H2-wetmonth","RMSE","MeanState","global","scalar","%","0.766742","80.0"
"EcosystemandCarbonCycle","BurnedArea","GFED4.1S","ED-H2-wetmonth","RMSE Score","MeanState","global","score","1","0.516777","80.0"
"EcosystemandCarbonCycle","BurnedArea","GFED4.1S","ED-H2-wetmonth","RMSE","MeanState","bona","scalar","%","0.0897649","80.0"
"EcosystemandCarbonCycle","BurnedArea","GFED4.1S","ED-H2-wetmonth","RMSE Score","MeanState","bona","score","1","0.75447","80.0"
"EcosystemandCarbonCycle","BurnedArea","GFED4.1S","ED-H2-wetmonth","RMSE","MeanState","tena","scalar","%","0.258097","80.0"
"EcosystemandCarbonCycle","BurnedArea","GFED4.1S","ED-H2-wetmonth","RMSE Score","MeanState","tena","score","1","0.442044","80.0"
"EcosystemandCarbonCycle","BurnedArea","GFED4.1S","ED-H2-wetmonth","RMSE","MeanState","ceam","scalar","%","0.615827","80.0"
"EcosystemandCarbonCycle","BurnedArea","GFED4.1S","ED-H2-wetmonth","RMSE Score","MeanState","ceam","score","1","0.327922","80.0"
"EcosystemandCarbonCycle","BurnedArea","GFED4.1S","ED-H2-wetmonth","RMSE","MeanState","nhsa","scalar","%","0.398128","80.0"
"EcosystemandCarbonCycle","BurnedArea","GFED4.1S","ED-H2-wetmonth","RMSE Score","MeanState","nhsa","score","1","0.4881","80.0"
"EcosystemandCarbonCycle","BurnedArea","GFED4.1S","ED-H2-wetmonth","RMSE","MeanState","shsa","scalar","%","0.637566","80.0"
"EcosystemandCarbonCycle","BurnedArea","GFED4.1S","ED-H2-wetmonth","RMSE Score","MeanState","shsa","score","1","0.426615","80.0"
"EcosystemandCarbonCycle","BurnedArea","GFED4.1S","ED-H2-wetmonth","RMSE","MeanState","euro","scalar","%","0.260664","80.0"
"EcosystemandCarbonCycle","BurnedArea","GFED4.1S","ED-H2-wetmonth","RMSE Score","MeanState","euro","score","1","0.446794","80.0"
"EcosystemandCarbonCycle","BurnedArea","GFED4.1S","ED-H2-wetmonth","RMSE","MeanState","mide","scalar","%","0.554706","80.0"
"EcosystemandCarbonCycle","BurnedArea","GFED4.1S","ED-H2-wetmonth","RMSE Score","MeanState","mide","score","1","0.329232","80.0"
"EcosystemandCarbonCycle","BurnedArea","GFED4.1S","ED-H2-wetmonth","RMSE","MeanState","nhaf","scalar","%","2.44584","80.0"
"EcosystemandCarbonCycle","BurnedArea","GFED4.1S","ED-H2-wetmonth","RMSE Score","MeanState","nhaf","score","1","0.482951","80.0"
"EcosystemandCarbonCycle","BurnedArea","GFED4.1S","ED-H2-wetmonth","RMSE","MeanState","shaf","scalar","%","2.25333","80.0"
"EcosystemandCarbonCycle","BurnedArea","GFED4.1S","ED-H2-wetmonth","RMSE Score","MeanState","shaf","score","1","0.511405","80.0"
"EcosystemandCarbonCycle","BurnedArea","GFED4.1S","ED-H2-wetmonth","RMSE","MeanState","boas","scalar","%","0.0883371","80.0"
"EcosystemandCarbonCycle","BurnedArea","GFED4.1S","ED-H2-wetmonth","RMSE Score","MeanState","boas","score","1","0.703368","80.0"
"EcosystemandCarbonCycle","BurnedArea","GFED4.1S","ED-H2-wetmonth","RMSE","MeanState","ceas","scalar","%","0.359187","80.0"
"EcosystemandCarbonCycle","BurnedArea","GFED4.1S","ED-H2-wetmonth","RMSE Score","MeanState","ceas","score","1","0.62941","80.0"
"EcosystemandCarbonCycle","BurnedArea","GFED4.1S","ED-H2-wetmonth","RMSE","MeanState","seas","scalar","%","1.01596","80.0"
"EcosystemandCarbonCycle","BurnedArea","GFED4.1S","ED-H2-wetmonth","RMSE Score","MeanState","seas","score","1","0.377795","80.0"
"EcosystemandCarbonCycle","BurnedArea","GFED4.1S","ED-H2-wetmonth","RMSE","MeanState","eqas","scalar","%","0.149103","80.0"
"EcosystemandCarbonCycle","BurnedArea","GFED4.1S","ED-H2-wetmonth","RMSE Score","MeanState","eqas","score","1","0.562855","80.0"
"EcosystemandCarbonCycle","BurnedArea","GFED4.1S","ED-H2-wetmonth","RMSE","MeanState","aust","scalar","%","1.02826","80.0"
"EcosystemandCarbonCycle","BurnedArea","GFED4.1S","ED-H2-wetmonth","RMSE Score","MeanState","aust","score","1","0.652964","80.0"
"EcosystemandCarbonCycle","BurnedArea","GFED4.1S","ED-H2-wetmonth","Overall Score","MeanState","global","score","1","0.653397","80.0"
"EcosystemandCarbonCycle","BurnedArea","GFED4.1S","ED-H2-wetmonth","Overall Score","MeanState","bona","score","1","0.684304","80.0"
"EcosystemandCarbonCycle","BurnedArea","GFED4.1S","ED-H2-wetmonth","Overall Score","MeanState","tena","score","1","0.486492","80.0"
"EcosystemandCarbonCycle","BurnedArea","GFED4.1S","ED-H2-wetmonth","Overall Score","MeanState","ceam","score","1","0.432709","80.0"
"EcosystemandCarbonCycle","BurnedArea","GFED4.1S","ED-H2-wetmonth","Overall Score","MeanState","nhsa","score","1","0.674139","80.0"
"EcosystemandCarbonCycle","BurnedArea","GFED4.1S","ED-H2-wetmonth","Overall Score","MeanState","shsa","score","1","0.584359","80.0"
"EcosystemandCarbonCycle","BurnedArea","GFED4.1S","ED-H2-wetmonth","Overall Score","MeanState","euro","score","1","0.493249","80.0"
"EcosystemandCarbonCycle","BurnedArea","GFED4.1S","ED-H2-wetmonth","Overall Score","MeanState","mide","score","1","0.408941","80.0"
"EcosystemandCarbonCycle","BurnedArea","GFED4.1S","ED-H2-wetmonth","Overall Score","MeanState","nhaf","score","1","0.61979","80.0"
"EcosystemandCarbonCycle","BurnedArea","GFED4.1S","ED-H2-wetmonth","Overall Score","MeanState","shaf","score","1","0.619603","80.0"
"EcosystemandCarbonCycle","BurnedArea","GFED4.1S","ED-H2-wetmonth","Overall Score","MeanState","boas","score","1","0.658392","80.0"
"EcosystemandCarbonCycle","BurnedArea","GFED4.1S","ED-H2-wetmonth","Overall Score","MeanState","ceas","score","1","0.688844","80.0"
"EcosystemandCarbonCycle","BurnedArea","GFED4.1S","ED-H2-wetmonth","Overall Score","MeanState","seas","score","1","0.527247","80.0"
"EcosystemandCarbonCycle","BurnedArea","GFED4.1S","ED-H2-wetmonth","Overall Score","MeanState","eqas","score","1","0.626819","80.0"
"EcosystemandCarbonCycle","BurnedArea","GFED4.1S","ED-H2-wetmonth","Overall Score","MeanState","aust","score","1","0.654356","80.0"
"EcosystemandCarbonCycle","BurnedArea","GFED4.1S","ED-H4-dry-gated-wetmonth","Benchmark Period Mean (intersection)","MeanState","global","scalar","%","0.329776","80.0"
"EcosystemandCarbonCycle","BurnedArea","GFED4.1S","ED-H4-dry-gated-wetmonth","Benchmark Period Mean (complement)","MeanState","global","scalar","%","0","80.0"
"EcosystemandCarbonCycle","BurnedArea","GFED4.1S","ED-H4-dry-gated-wetmonth","Period Mean (original grids)","MeanState","global","scalar","%","0.298946","80.0"
"EcosystemandCarbonCycle","BurnedArea","GFED4.1S","ED-H4-dry-gated-wetmonth","Model Period Mean (intersection)","MeanState","global","scalar","%","0.322878","80.0"
"EcosystemandCarbonCycle","BurnedArea","GFED4.1S","ED-H4-dry-gated-wetmonth","Model Period Mean (complement)","MeanState","global","scalar","%","0.0580415","80.0"
"EcosystemandCarbonCycle","BurnedArea","GFED4.1S","ED-H4-dry-gated-wetmonth","Benchmark Period Mean (intersection)","MeanState","bona","scalar","%","0.0334473","80.0"
"EcosystemandCarbonCycle","BurnedArea","GFED4.1S","ED-H4-dry-gated-wetmonth","Benchmark Period Mean (complement)","MeanState","bona","scalar","%","0","80.0"
"EcosystemandCarbonCycle","BurnedArea","GFED4.1S","ED-H4-dry-gated-wetmonth","Period Mean (original grids)","MeanState","bona","scalar","%","0.00935351","80.0"
"EcosystemandCarbonCycle","BurnedArea","GFED4.1S","ED-H4-dry-gated-wetmonth","Model Period Mean (intersection)","MeanState","bona","scalar","%","0.00963126","80.0"
"EcosystemandCarbonCycle","BurnedArea","GFED4.1S","ED-H4-dry-gated-wetmonth","Model Period Mean (complement)","MeanState","bona","scalar","%","0.00106053","80.0"
"EcosystemandCarbonCycle","BurnedArea","GFED4.1S","ED-H4-dry-gated-wetmonth","Benchmark Period Mean (intersection)","MeanState","tena","scalar","%","0.0259374","80.0"
"EcosystemandCarbonCycle","BurnedArea","GFED4.1S","ED-H4-dry-gated-wetmonth","Benchmark Period Mean (complement)","MeanState","tena","scalar","%","0","80.0"
"EcosystemandCarbonCycle","BurnedArea","GFED4.1S","ED-H4-dry-gated-wetmonth","Period Mean (original grids)","MeanState","tena","scalar","%","0.142356","80.0"
"EcosystemandCarbonCycle","BurnedArea","GFED4.1S","ED-H4-dry-gated-wetmonth","Model Period Mean (intersection)","MeanState","tena","scalar","%","0.146394","80.0"
"EcosystemandCarbonCycle","BurnedArea","GFED4.1S","ED-H4-dry-gated-wetmonth","Model Period Mean (complement)","MeanState","tena","scalar","%","0.0193981","80.0"
"EcosystemandCarbonCycle","BurnedArea","GFED4.1S","ED-H4-dry-gated-wetmonth","Benchmark Period Mean (intersection)","MeanState","ceam","scalar","%","0.0824275","80.0"
"EcosystemandCarbonCycle","BurnedArea","GFED4.1S","ED-H4-dry-gated-wetmonth","Benchmark Period Mean (complement)","MeanState","ceam","scalar","%","0","80.0"
"EcosystemandCarbonCycle","BurnedArea","GFED4.1S","ED-H4-dry-gated-wetmonth","Period Mean (original grids)","MeanState","ceam","scalar","%","0.337218","80.0"
"EcosystemandCarbonCycle","BurnedArea","GFED4.1S","ED-H4-dry-gated-wetmonth","Model Period Mean (intersection)","MeanState","ceam","scalar","%","0.381549","80.0"
"EcosystemandCarbonCycle","BurnedArea","GFED4.1S","ED-H4-dry-gated-wetmonth","Model Period Mean (complement)","MeanState","ceam","scalar","%","0.0546637","80.0"
"EcosystemandCarbonCycle","BurnedArea","GFED4.1S","ED-H4-dry-gated-wetmonth","Benchmark Period Mean (intersection)","MeanState","nhsa","scalar","%","0.142765","80.0"
"EcosystemandCarbonCycle","BurnedArea","GFED4.1S","ED-H4-dry-gated-wetmonth","Benchmark Period Mean (complement)","MeanState","nhsa","scalar","%","0","80.0"
"EcosystemandCarbonCycle","BurnedArea","GFED4.1S","ED-H4-dry-gated-wetmonth","Period Mean (original grids)","MeanState","nhsa","scalar","%","0.223982","80.0"
"EcosystemandCarbonCycle","BurnedArea","GFED4.1S","ED-H4-dry-gated-wetmonth","Model Period Mean (intersection)","MeanState","nhsa","scalar","%","0.236864","80.0"
"EcosystemandCarbonCycle","BurnedArea","GFED4.1S","ED-H4-dry-gated-wetmonth","Model Period Mean (complement)","MeanState","nhsa","scalar","%","0.0394047","80.0"
"EcosystemandCarbonCycle","BurnedArea","GFED4.1S","ED-H4-dry-gated-wetmonth","Benchmark Period Mean (intersection)","MeanState","shsa","scalar","%","0.145694","80.0"
"EcosystemandCarbonCycle","BurnedArea","GFED4.1S","ED-H4-dry-gated-wetmonth","Benchmark Period Mean (complement)","MeanState","shsa","scalar","%","0","80.0"
"EcosystemandCarbonCycle","BurnedArea","GFED4.1S","ED-H4-dry-gated-wetmonth","Period Mean (original grids)","MeanState","shsa","scalar","%","0.36421","80.0"
"EcosystemandCarbonCycle","BurnedArea","GFED4.1S","ED-H4-dry-gated-wetmonth","Model Period Mean (intersection)","MeanState","shsa","scalar","%","0.377169","80.0"
"EcosystemandCarbonCycle","BurnedArea","GFED4.1S","ED-H4-dry-gated-wetmonth","Model Period Mean (complement)","MeanState","shsa","scalar","%","0.024355","80.0"
"EcosystemandCarbonCycle","BurnedArea","GFED4.1S","ED-H4-dry-gated-wetmonth","Benchmark Period Mean (intersection)","MeanState","euro","scalar","%","0.0250618","80.0"
"EcosystemandCarbonCycle","BurnedArea","GFED4.1S","ED-H4-dry-gated-wetmonth","Benchmark Period Mean (complement)","MeanState","euro","scalar","%","0","80.0"
"EcosystemandCarbonCycle","BurnedArea","GFED4.1S","ED-H4-dry-gated-wetmonth","Period Mean (original grids)","MeanState","euro","scalar","%","0.114936","80.0"
"EcosystemandCarbonCycle","BurnedArea","GFED4.1S","ED-H4-dry-gated-wetmonth","Model Period Mean (intersection)","MeanState","euro","scalar","%","0.128091","80.0"
"EcosystemandCarbonCycle","BurnedArea","GFED4.1S","ED-H4-dry-gated-wetmonth","Model Period Mean (complement)","MeanState","euro","scalar","%","0.0149328","80.0"
"EcosystemandCarbonCycle","BurnedArea","GFED4.1S","ED-H4-dry-gated-wetmonth","Benchmark Period Mean (intersection)","MeanState","mide","scalar","%","0.025217","80.0"
"EcosystemandCarbonCycle","BurnedArea","GFED4.1S","ED-H4-dry-gated-wetmonth","Benchmark Period Mean (complement)","MeanState","mide","scalar","%","0","80.0"
"EcosystemandCarbonCycle","BurnedArea","GFED4.1S","ED-H4-dry-gated-wetmonth","Period Mean (original grids)","MeanState","mide","scalar","%","0.251549","80.0"
"EcosystemandCarbonCycle","BurnedArea","GFED4.1S","ED-H4-dry-gated-wetmonth","Model Period Mean (intersection)","MeanState","mide","scalar","%","0.307988","80.0"
"EcosystemandCarbonCycle","BurnedArea","GFED4.1S","ED-H4-dry-gated-wetmonth","Model Period Mean (complement)","MeanState","mide","scalar","%","0.107127","80.0"
"EcosystemandCarbonCycle","BurnedArea","GFED4.1S","ED-H4-dry-gated-wetmonth","Benchmark Period Mean (intersection)","MeanState","nhaf","scalar","%","1.23284","80.0"
"EcosystemandCarbonCycle","BurnedArea","GFED4.1S","ED-H4-dry-gated-wetmonth","Benchmark Period Mean (complement)","MeanState","nhaf","scalar","%","0","80.0"
"EcosystemandCarbonCycle","BurnedArea","GFED4.1S","ED-H4-dry-gated-wetmonth","Period Mean (original grids)","MeanState","nhaf","scalar","%","0.843195","80.0"
"EcosystemandCarbonCycle","BurnedArea","GFED4.1S","ED-H4-dry-gated-wetmonth","Model Period Mean (intersection)","MeanState","nhaf","scalar","%","0.891044","80.0"
"EcosystemandCarbonCycle","BurnedArea","GFED4.1S","ED-H4-dry-gated-wetmonth","Model Period Mean (complement)","MeanState","nhaf","scalar","%","0.144893","80.0"
"EcosystemandCarbonCycle","BurnedArea","GFED4.1S","ED-H4-dry-gated-wetmonth","Benchmark Period Mean (intersection)","MeanState","shaf","scalar","%","1.45692","80.0"
"EcosystemandCarbonCycle","BurnedArea","GFED4.1S","ED-H4-dry-gated-wetmonth","Benchmark Period Mean (complement)","MeanState","shaf","scalar","%","0","80.0"
"EcosystemandCarbonCycle","BurnedArea","GFED4.1S","ED-H4-dry-gated-wetmonth","Period Mean (original grids)","MeanState","shaf","scalar","%","0.799259","80.0"
"EcosystemandCarbonCycle","BurnedArea","GFED4.1S","ED-H4-dry-gated-wetmonth","Model Period Mean (intersection)","MeanState","shaf","scalar","%","0.82296","80.0"
"EcosystemandCarbonCycle","BurnedArea","GFED4.1S","ED-H4-dry-gated-wetmonth","Model Period Mean (complement)","MeanState","shaf","scalar","%","0.112767","80.0"
"EcosystemandCarbonCycle","BurnedArea","GFED4.1S","ED-H4-dry-gated-wetmonth","Benchmark Period Mean (intersection)","MeanState","boas","scalar","%","0.0336143","80.0"
"EcosystemandCarbonCycle","BurnedArea","GFED4.1S","ED-H4-dry-gated-wetmonth","Benchmark Period Mean (complement)","MeanState","boas","scalar","%","0","80.0"
"EcosystemandCarbonCycle","BurnedArea","GFED4.1S","ED-H4-dry-gated-wetmonth","Period Mean (original grids)","MeanState","boas","scalar","%","0.0150164","80.0"
"EcosystemandCarbonCycle","BurnedArea","GFED4.1S","ED-H4-dry-gated-wetmonth","Model Period Mean (intersection)","MeanState","boas","scalar","%","0.0152328","80.0"
"EcosystemandCarbonCycle","BurnedArea","GFED4.1S","ED-H4-dry-gated-wetmonth","Model Period Mean (complement)","MeanState","boas","scalar","%","0.000609192","80.0"
"EcosystemandCarbonCycle","BurnedArea","GFED4.1S","ED-H4-dry-gated-wetmonth","Benchmark Period Mean (intersection)","MeanState","ceas","scalar","%","0.125736","80.0"
"EcosystemandCarbonCycle","BurnedArea","GFED4.1S","ED-H4-dry-gated-wetmonth","Benchmark Period Mean (complement)","MeanState","ceas","scalar","%","0","80.0"
"EcosystemandCarbonCycle","BurnedArea","GFED4.1S","ED-H4-dry-gated-wetmonth","Period Mean (original grids)","MeanState","ceas","scalar","%","0.126701","80.0"
"EcosystemandCarbonCycle","BurnedArea","GFED4.1S","ED-H4-dry-gated-wetmonth","Model Period Mean (intersection)","MeanState","ceas","scalar","%","0.13155","80.0"
"EcosystemandCarbonCycle","BurnedArea","GFED4.1S","ED-H4-dry-gated-wetmonth","Model Period Mean (complement)","MeanState","ceas","scalar","%","0.0723698","80.0"
"EcosystemandCarbonCycle","BurnedArea","GFED4.1S","ED-H4-dry-gated-wetmonth","Benchmark Period Mean (intersection)","MeanState","seas","scalar","%","0.148029","80.0"
"EcosystemandCarbonCycle","BurnedArea","GFED4.1S","ED-H4-dry-gated-wetmonth","Benchmark Period Mean (complement)","MeanState","seas","scalar","%","0","80.0"
"EcosystemandCarbonCycle","BurnedArea","GFED4.1S","ED-H4-dry-gated-wetmonth","Period Mean (original grids)","MeanState","seas","scalar","%","0.541582","80.0"
"EcosystemandCarbonCycle","BurnedArea","GFED4.1S","ED-H4-dry-gated-wetmonth","Model Period Mean (intersection)","MeanState","seas","scalar","%","0.585165","80.0"
"EcosystemandCarbonCycle","BurnedArea","GFED4.1S","ED-H4-dry-gated-wetmonth","Model Period Mean (complement)","MeanState","seas","scalar","%","0.0641594","80.0"
"EcosystemandCarbonCycle","BurnedArea","GFED4.1S","ED-H4-dry-gated-wetmonth","Benchmark Period Mean (intersection)","MeanState","eqas","scalar","%","0.0480126","80.0"
"EcosystemandCarbonCycle","BurnedArea","GFED4.1S","ED-H4-dry-gated-wetmonth","Benchmark Period Mean (complement)","MeanState","eqas","scalar","%","0","80.0"
"EcosystemandCarbonCycle","BurnedArea","GFED4.1S","ED-H4-dry-gated-wetmonth","Period Mean (original grids)","MeanState","eqas","scalar","%","0.0535553","80.0"
"EcosystemandCarbonCycle","BurnedArea","GFED4.1S","ED-H4-dry-gated-wetmonth","Model Period Mean (intersection)","MeanState","eqas","scalar","%","0.0723421","80.0"
"EcosystemandCarbonCycle","BurnedArea","GFED4.1S","ED-H4-dry-gated-wetmonth","Model Period Mean (complement)","MeanState","eqas","scalar","%","0.00429384","80.0"
"EcosystemandCarbonCycle","BurnedArea","GFED4.1S","ED-H4-dry-gated-wetmonth","Benchmark Period Mean (intersection)","MeanState","aust","scalar","%","0.529194","80.0"
"EcosystemandCarbonCycle","BurnedArea","GFED4.1S","ED-H4-dry-gated-wetmonth","Benchmark Period Mean (complement)","MeanState","aust","scalar","%","0","80.0"
"EcosystemandCarbonCycle","BurnedArea","GFED4.1S","ED-H4-dry-gated-wetmonth","Period Mean (original grids)","MeanState","aust","scalar","%","0.314038","80.0"
"EcosystemandCarbonCycle","BurnedArea","GFED4.1S","ED-H4-dry-gated-wetmonth","Model Period Mean (intersection)","MeanState","aust","scalar","%","0.333034","80.0"
"EcosystemandCarbonCycle","BurnedArea","GFED4.1S","ED-H4-dry-gated-wetmonth","Model Period Mean (complement)","MeanState","aust","scalar","%","0.068327","80.0"
"EcosystemandCarbonCycle","BurnedArea","GFED4.1S","ED-H4-dry-gated-wetmonth","Spatial Distribution Score","MeanState","global","score","1","0.578603","80.0"
"EcosystemandCarbonCycle","BurnedArea","GFED4.1S","ED-H4-dry-gated-wetmonth","Spatial Distribution Score","MeanState","bona","score","1","0.155992","80.0"
"EcosystemandCarbonCycle","BurnedArea","GFED4.1S","ED-H4-dry-gated-wetmonth","Spatial Distribution Score","MeanState","tena","score","1","0.269366","80.0"
"EcosystemandCarbonCycle","BurnedArea","GFED4.1S","ED-H4-dry-gated-wetmonth","Spatial Distribution Score","MeanState","ceam","score","1","0.281081","80.0"
"EcosystemandCarbonCycle","BurnedArea","GFED4.1S","ED-H4-dry-gated-wetmonth","Spatial Distribution Score","MeanState","nhsa","score","1","0.795974","80.0"
"EcosystemandCarbonCycle","BurnedArea","GFED4.1S","ED-H4-dry-gated-wetmonth","Spatial Distribution Score","MeanState","shsa","score","1","0.674302","80.0"
"EcosystemandCarbonCycle","BurnedArea","GFED4.1S","ED-H4-dry-gated-wetmonth","Spatial Distribution Score","MeanState","euro","score","1","0.179941","80.0"
"EcosystemandCarbonCycle","BurnedArea","GFED4.1S","ED-H4-dry-gated-wetmonth","Spatial Distribution Score","MeanState","mide","score","1","0.165716","80.0"
"EcosystemandCarbonCycle","BurnedArea","GFED4.1S","ED-H4-dry-gated-wetmonth","Spatial Distribution Score","MeanState","nhaf","score","1","0.429537","80.0"
"EcosystemandCarbonCycle","BurnedArea","GFED4.1S","ED-H4-dry-gated-wetmonth","Spatial Distribution Score","MeanState","shaf","score","1","0.343142","80.0"
"EcosystemandCarbonCycle","BurnedArea","GFED4.1S","ED-H4-dry-gated-wetmonth","Spatial Distribution Score","MeanState","boas","score","1","0.202589","80.0"
"EcosystemandCarbonCycle","BurnedArea","GFED4.1S","ED-H4-dry-gated-wetmonth","Spatial Distribution Score","MeanState","ceas","score","1","0.616392","80.0"
"EcosystemandCarbonCycle","BurnedArea","GFED4.1S","ED-H4-dry-gated-wetmonth","Spatial Distribution Score","MeanState","seas","score","1","0.519641","80.0"
"EcosystemandCarbonCycle","BurnedArea","GFED4.1S","ED-H4-dry-gated-wetmonth","Spatial Distribution Score","MeanState","eqas","score","1","0.582814","80.0"
"EcosystemandCarbonCycle","BurnedArea","GFED4.1S","ED-H4-dry-gated-wetmonth","Spatial Distribution Score","MeanState","aust","score","1","0.54585","80.0"
"EcosystemandCarbonCycle","BurnedArea","GFED4.1S","ED-H4-dry-gated-wetmonth","Phase Shift","MeanState","global","scalar","months","2.05904","80.0"
"EcosystemandCarbonCycle","BurnedArea","GFED4.1S","ED-H4-dry-gated-wetmonth","Seasonal Cycle Score","MeanState","global","score","1","0.849041","80.0"
"EcosystemandCarbonCycle","BurnedArea","GFED4.1S","ED-H4-dry-gated-wetmonth","Phase Shift","MeanState","bona","scalar","months","1.90625","80.0"
"EcosystemandCarbonCycle","BurnedArea","GFED4.1S","ED-H4-dry-gated-wetmonth","Seasonal Cycle Score","MeanState","bona","score","1","0.915683","80.0"
"EcosystemandCarbonCycle","BurnedArea","GFED4.1S","ED-H4-dry-gated-wetmonth","Phase Shift","MeanState","tena","scalar","months","2.43128","80.0"
"EcosystemandCarbonCycle","BurnedArea","GFED4.1S","ED-H4-dry-gated-wetmonth","Seasonal Cycle Score","MeanState","tena","score","1","0.690495","80.0"
"EcosystemandCarbonCycle","BurnedArea","GFED4.1S","ED-H4-dry-gated-wetmonth","Phase Shift","MeanState","ceam","scalar","months","1.82422","80.0"
"EcosystemandCarbonCycle","BurnedArea","GFED4.1S","ED-H4-dry-gated-wetmonth","Seasonal Cycle Score","MeanState","ceam","score","1","0.829724","80.0"
"EcosystemandCarbonCycle","BurnedArea","GFED4.1S","ED-H4-dry-gated-wetmonth","Phase Shift","MeanState","nhsa","scalar","months","1.44856","80.0"
"EcosystemandCarbonCycle","BurnedArea","GFED4.1S","ED-H4-dry-gated-wetmonth","Seasonal Cycle Score","MeanState","nhsa","score","1","0.913534","80.0"
"EcosystemandCarbonCycle","BurnedArea","GFED4.1S","ED-H4-dry-gated-wetmonth","Phase Shift","MeanState","shsa","scalar","months","1.78696","80.0"
"EcosystemandCarbonCycle","BurnedArea","GFED4.1S","ED-H4-dry-gated-wetmonth","Seasonal Cycle Score","MeanState","shsa","score","1","0.832895","80.0"
"EcosystemandCarbonCycle","BurnedArea","GFED4.1S","ED-H4-dry-gated-wetmonth","Phase Shift","MeanState","euro","scalar","months","2.23164","80.0"
"EcosystemandCarbonCycle","BurnedArea","GFED4.1S","ED-H4-dry-gated-wetmonth","Seasonal Cycle Score","MeanState","euro","score","1","0.799081","80.0"
"EcosystemandCarbonCycle","BurnedArea","GFED4.1S","ED-H4-dry-gated-wetmonth","Phase Shift","MeanState","mide","scalar","months","2.50501","80.0"
"EcosystemandCarbonCycle","BurnedArea","GFED4.1S","ED-H4-dry-gated-wetmonth","Seasonal Cycle Score","MeanState","mide","score","1","0.771231","80.0"
"EcosystemandCarbonCycle","BurnedArea","GFED4.1S","ED-H4-dry-gated-wetmonth","Phase Shift","MeanState","nhaf","scalar","months","1.74497","80.0"
"EcosystemandCarbonCycle","BurnedArea","GFED4.1S","ED-H4-dry-gated-wetmonth","Seasonal Cycle Score","MeanState","nhaf","score","1","0.900306","80.0"
"EcosystemandCarbonCycle","BurnedArea","GFED4.1S","ED-H4-dry-gated-wetmonth","Phase Shift","MeanState","shaf","scalar","months","1.28666","80.0"
"EcosystemandCarbonCycle","BurnedArea","GFED4.1S","ED-H4-dry-gated-wetmonth","Seasonal Cycle Score","MeanState","shaf","score","1","0.914233","80.0"
"EcosystemandCarbonCycle","BurnedArea","GFED4.1S","ED-H4-dry-gated-wetmonth","Phase Shift","MeanState","boas","scalar","months","1.80404","80.0"
"EcosystemandCarbonCycle","BurnedArea","GFED4.1S","ED-H4-dry-gated-wetmonth","Seasonal Cycle Score","MeanState","boas","score","1","0.807101","80.0"
"EcosystemandCarbonCycle","BurnedArea","GFED4.1S","ED-H4-dry-gated-wetmonth","Phase Shift","MeanState","ceas","scalar","months","2.39837","80.0"
"EcosystemandCarbonCycle","BurnedArea","GFED4.1S","ED-H4-dry-gated-wetmonth","Seasonal Cycle Score","MeanState","ceas","score","1","0.72081","80.0"
"EcosystemandCarbonCycle","BurnedArea","GFED4.1S","ED-H4-dry-gated-wetmonth","Phase Shift","MeanState","seas","scalar","months","2.41958","80.0"
"EcosystemandCarbonCycle","BurnedArea","GFED4.1S","ED-H4-dry-gated-wetmonth","Seasonal Cycle Score","MeanState","seas","score","1","0.797327","80.0"
"EcosystemandCarbonCycle","BurnedArea","GFED4.1S","ED-H4-dry-gated-wetmonth","Phase Shift","MeanState","eqas","scalar","months","1.99187","80.0"
"EcosystemandCarbonCycle","BurnedArea","GFED4.1S","ED-H4-dry-gated-wetmonth","Seasonal Cycle Score","MeanState","eqas","score","1","0.855482","80.0"
"EcosystemandCarbonCycle","BurnedArea","GFED4.1S","ED-H4-dry-gated-wetmonth","Phase Shift","MeanState","aust","scalar","months","2.54472","80.0"
"EcosystemandCarbonCycle","BurnedArea","GFED4.1S","ED-H4-dry-gated-wetmonth","Seasonal Cycle Score","MeanState","aust","score","1","0.575827","80.0"
"EcosystemandCarbonCycle","BurnedArea","GFED4.1S","ED-H4-dry-gated-wetmonth","Bias","MeanState","global","scalar","%","-0.00689752","80.0"
"EcosystemandCarbonCycle","BurnedArea","GFED4.1S","ED-H4-dry-gated-wetmonth","Bias Score","MeanState","global","score","1","0.724558","80.0"
"EcosystemandCarbonCycle","BurnedArea","GFED4.1S","ED-H4-dry-gated-wetmonth","Bias","MeanState","bona","scalar","%","-0.0238161","80.0"
"EcosystemandCarbonCycle","BurnedArea","GFED4.1S","ED-H4-dry-gated-wetmonth","Bias Score","MeanState","bona","score","1","0.894703","80.0"
"EcosystemandCarbonCycle","BurnedArea","GFED4.1S","ED-H4-dry-gated-wetmonth","Bias","MeanState","tena","scalar","%","0.120457","80.0"
"EcosystemandCarbonCycle","BurnedArea","GFED4.1S","ED-H4-dry-gated-wetmonth","Bias Score","MeanState","tena","score","1","0.633595","80.0"
"EcosystemandCarbonCycle","BurnedArea","GFED4.1S","ED-H4-dry-gated-wetmonth","Bias","MeanState","ceam","scalar","%","0.299122","80.0"
"EcosystemandCarbonCycle","BurnedArea","GFED4.1S","ED-H4-dry-gated-wetmonth","Bias Score","MeanState","ceam","score","1","0.506018","80.0"
"EcosystemandCarbonCycle","BurnedArea","GFED4.1S","ED-H4-dry-gated-wetmonth","Bias","MeanState","nhsa","scalar","%","0.0940997","80.0"
"EcosystemandCarbonCycle","BurnedArea","GFED4.1S","ED-H4-dry-gated-wetmonth","Bias Score","MeanState","nhsa","score","1","0.673349","80.0"
"EcosystemandCarbonCycle","BurnedArea","GFED4.1S","ED-H4-dry-gated-wetmonth","Bias","MeanState","shsa","scalar","%","0.231475","80.0"
"EcosystemandCarbonCycle","BurnedArea","GFED4.1S","ED-H4-dry-gated-wetmonth","Bias Score","MeanState","shsa","score","1","0.681176","80.0"
"EcosystemandCarbonCycle","BurnedArea","GFED4.1S","ED-H4-dry-gated-wetmonth","Bias","MeanState","euro","scalar","%","0.103029","80.0"
"EcosystemandCarbonCycle","BurnedArea","GFED4.1S","ED-H4-dry-gated-wetmonth","Bias Score","MeanState","euro","score","1","0.659926","80.0"
"EcosystemandCarbonCycle","BurnedArea","GFED4.1S","ED-H4-dry-gated-wetmonth","Bias","MeanState","mide","scalar","%","0.282771","80.0"
"EcosystemandCarbonCycle","BurnedArea","GFED4.1S","ED-H4-dry-gated-wetmonth","Bias Score","MeanState","mide","score","1","0.50269","80.0"
"EcosystemandCarbonCycle","BurnedArea","GFED4.1S","ED-H4-dry-gated-wetmonth","Bias","MeanState","nhaf","scalar","%","-0.341796","80.0"
"EcosystemandCarbonCycle","BurnedArea","GFED4.1S","ED-H4-dry-gated-wetmonth","Bias Score","MeanState","nhaf","score","1","0.733019","80.0"
"EcosystemandCarbonCycle","BurnedArea","GFED4.1S","ED-H4-dry-gated-wetmonth","Bias","MeanState","shaf","scalar","%","-0.633962","80.0"
"EcosystemandCarbonCycle","BurnedArea","GFED4.1S","ED-H4-dry-gated-wetmonth","Bias Score","MeanState","shaf","score","1","0.709495","80.0"
"EcosystemandCarbonCycle","BurnedArea","GFED4.1S","ED-H4-dry-gated-wetmonth","Bias","MeanState","boas","scalar","%","-0.0183815","80.0"
"EcosystemandCarbonCycle","BurnedArea","GFED4.1S","ED-H4-dry-gated-wetmonth","Bias Score","MeanState","boas","score","1","0.878436","80.0"
"EcosystemandCarbonCycle","BurnedArea","GFED4.1S","ED-H4-dry-gated-wetmonth","Bias","MeanState","ceas","scalar","%","0.00581395","80.0"
"EcosystemandCarbonCycle","BurnedArea","GFED4.1S","ED-H4-dry-gated-wetmonth","Bias Score","MeanState","ceas","score","1","0.812082","80.0"
"EcosystemandCarbonCycle","BurnedArea","GFED4.1S","ED-H4-dry-gated-wetmonth","Bias","MeanState","seas","scalar","%","0.437136","80.0"
"EcosystemandCarbonCycle","BurnedArea","GFED4.1S","ED-H4-dry-gated-wetmonth","Bias Score","MeanState","seas","score","1","0.649506","80.0"
"EcosystemandCarbonCycle","BurnedArea","GFED4.1S","ED-H4-dry-gated-wetmonth","Bias","MeanState","eqas","scalar","%","0.0243295","80.0"
"EcosystemandCarbonCycle","BurnedArea","GFED4.1S","ED-H4-dry-gated-wetmonth","Bias Score","MeanState","eqas","score","1","0.71748","80.0"
"EcosystemandCarbonCycle","BurnedArea","GFED4.1S","ED-H4-dry-gated-wetmonth","Bias","MeanState","aust","scalar","%","-0.19616","80.0"
"EcosystemandCarbonCycle","BurnedArea","GFED4.1S","ED-H4-dry-gated-wetmonth","Bias Score","MeanState","aust","score","1","0.759312","80.0"
"EcosystemandCarbonCycle","BurnedArea","GFED4.1S","ED-H4-dry-gated-wetmonth","RMSE","MeanState","global","scalar","%","0.731198","80.0"
"EcosystemandCarbonCycle","BurnedArea","GFED4.1S","ED-H4-dry-gated-wetmonth","RMSE Score","MeanState","global","score","1","0.516174","80.0"
"EcosystemandCarbonCycle","BurnedArea","GFED4.1S","ED-H4-dry-gated-wetmonth","RMSE","MeanState","bona","scalar","%","0.0893698","80.0"
"EcosystemandCarbonCycle","BurnedArea","GFED4.1S","ED-H4-dry-gated-wetmonth","RMSE Score","MeanState","bona","score","1","0.75738","80.0"
"EcosystemandCarbonCycle","BurnedArea","GFED4.1S","ED-H4-dry-gated-wetmonth","RMSE","MeanState","tena","scalar","%","0.249237","80.0"
"EcosystemandCarbonCycle","BurnedArea","GFED4.1S","ED-H4-dry-gated-wetmonth","RMSE Score","MeanState","tena","score","1","0.452783","80.0"
"EcosystemandCarbonCycle","BurnedArea","GFED4.1S","ED-H4-dry-gated-wetmonth","RMSE","MeanState","ceam","scalar","%","0.514742","80.0"
"EcosystemandCarbonCycle","BurnedArea","GFED4.1S","ED-H4-dry-gated-wetmonth","RMSE Score","MeanState","ceam","score","1","0.368395","80.0"
"EcosystemandCarbonCycle","BurnedArea","GFED4.1S","ED-H4-dry-gated-wetmonth","RMSE","MeanState","nhsa","scalar","%","0.334237","80.0"
"EcosystemandCarbonCycle","BurnedArea","GFED4.1S","ED-H4-dry-gated-wetmonth","RMSE Score","MeanState","nhsa","score","1","0.518848","80.0"
"EcosystemandCarbonCycle","BurnedArea","GFED4.1S","ED-H4-dry-gated-wetmonth","RMSE","MeanState","shsa","scalar","%","0.543313","80.0"
"EcosystemandCarbonCycle","BurnedArea","GFED4.1S","ED-H4-dry-gated-wetmonth","RMSE Score","MeanState","shsa","score","1","0.457934","80.0"
"EcosystemandCarbonCycle","BurnedArea","GFED4.1S","ED-H4-dry-gated-wetmonth","RMSE","MeanState","euro","scalar","%","0.216436","80.0"
"EcosystemandCarbonCycle","BurnedArea","GFED4.1S","ED-H4-dry-gated-wetmonth","RMSE Score","MeanState","euro","score","1","0.467413","80.0"
"EcosystemandCarbonCycle","BurnedArea","GFED4.1S","ED-H4-dry-gated-wetmonth","RMSE","MeanState","mide","scalar","%","0.490143","80.0"
"EcosystemandCarbonCycle","BurnedArea","GFED4.1S","ED-H4-dry-gated-wetmonth","RMSE Score","MeanState","mide","score","1","0.346656","80.0"
"EcosystemandCarbonCycle","BurnedArea","GFED4.1S","ED-H4-dry-gated-wetmonth","RMSE","MeanState","nhaf","scalar","%","2.42134","80.0"
"EcosystemandCarbonCycle","BurnedArea","GFED4.1S","ED-H4-dry-gated-wetmonth","RMSE Score","MeanState","nhaf","score","1","0.47806","80.0"
"EcosystemandCarbonCycle","BurnedArea","GFED4.1S","ED-H4-dry-gated-wetmonth","RMSE","MeanState","shaf","scalar","%","2.27159","80.0"
"EcosystemandCarbonCycle","BurnedArea","GFED4.1S","ED-H4-dry-gated-wetmonth","RMSE Score","MeanState","shaf","score","1","0.503942","80.0"
"EcosystemandCarbonCycle","BurnedArea","GFED4.1S","ED-H4-dry-gated-wetmonth","RMSE","MeanState","boas","scalar","%","0.0850514","80.0"
"EcosystemandCarbonCycle","BurnedArea","GFED4.1S","ED-H4-dry-gated-wetmonth","RMSE Score","MeanState","boas","score","1","0.707911","80.0"
"EcosystemandCarbonCycle","BurnedArea","GFED4.1S","ED-H4-dry-gated-wetmonth","RMSE","MeanState","ceas","scalar","%","0.347532","80.0"
"EcosystemandCarbonCycle","BurnedArea","GFED4.1S","ED-H4-dry-gated-wetmonth","RMSE Score","MeanState","ceas","score","1","0.6297","80.0"
"EcosystemandCarbonCycle","BurnedArea","GFED4.1S","ED-H4-dry-gated-wetmonth","RMSE","MeanState","seas","scalar","%","0.868711","80.0"
"EcosystemandCarbonCycle","BurnedArea","GFED4.1S","ED-H4-dry-gated-wetmonth","RMSE Score","MeanState","seas","score","1","0.398634","80.0"
"EcosystemandCarbonCycle","BurnedArea","GFED4.1S","ED-H4-dry-gated-wetmonth","RMSE","MeanState","eqas","scalar","%","0.138579","80.0"
"EcosystemandCarbonCycle","BurnedArea","GFED4.1S","ED-H4-dry-gated-wetmonth","RMSE Score","MeanState","eqas","score","1","0.577583","80.0"
"EcosystemandCarbonCycle","BurnedArea","GFED4.1S","ED-H4-dry-gated-wetmonth","RMSE","MeanState","aust","scalar","%","1.00248","80.0"
"EcosystemandCarbonCycle","BurnedArea","GFED4.1S","ED-H4-dry-gated-wetmonth","RMSE Score","MeanState","aust","score","1","0.65594","80.0"
"EcosystemandCarbonCycle","BurnedArea","GFED4.1S","ED-H4-dry-gated-wetmonth","Overall Score","MeanState","global","score","1","0.63691","80.0"
"EcosystemandCarbonCycle","BurnedArea","GFED4.1S","ED-H4-dry-gated-wetmonth","Overall Score","MeanState","bona","score","1","0.696227","80.0"
"EcosystemandCarbonCycle","BurnedArea","GFED4.1S","ED-H4-dry-gated-wetmonth","Overall Score","MeanState","tena","score","1","0.499805","80.0"
"EcosystemandCarbonCycle","BurnedArea","GFED4.1S","ED-H4-dry-gated-wetmonth","Overall Score","MeanState","ceam","score","1","0.470723","80.0"
"EcosystemandCarbonCycle","BurnedArea","GFED4.1S","ED-H4-dry-gated-wetmonth","Overall Score","MeanState","nhsa","score","1","0.68411","80.0"
"EcosystemandCarbonCycle","BurnedArea","GFED4.1S","ED-H4-dry-gated-wetmonth","Overall Score","MeanState","shsa","score","1","0.620848","80.0"
"EcosystemandCarbonCycle","BurnedArea","GFED4.1S","ED-H4-dry-gated-wetmonth","Overall Score","MeanState","euro","score","1","0.514755","80.0"
"EcosystemandCarbonCycle","BurnedArea","GFED4.1S","ED-H4-dry-gated-wetmonth","Overall Score","MeanState","mide","score","1","0.42659","80.0"
"EcosystemandCarbonCycle","BurnedArea","GFED4.1S","ED-H4-dry-gated-wetmonth","Overall Score","MeanState","nhaf","score","1","0.603797","80.0"
"EcosystemandCarbonCycle","BurnedArea","GFED4.1S","ED-H4-dry-gated-wetmonth","Overall Score","MeanState","shaf","score","1","0.594951","80.0"
"EcosystemandCarbonCycle","BurnedArea","GFED4.1S","ED-H4-dry-gated-wetmonth","Overall Score","MeanState","boas","score","1","0.66079","80.0"
"EcosystemandCarbonCycle","BurnedArea","GFED4.1S","ED-H4-dry-gated-wetmonth","Overall Score","MeanState","ceas","score","1","0.681737","80.0"
"EcosystemandCarbonCycle","BurnedArea","GFED4.1S","ED-H4-dry-gated-wetmonth","Overall Score","MeanState","seas","score","1","0.552748","80.0"
"EcosystemandCarbonCycle","BurnedArea","GFED4.1S","ED-H4-dry-gated-wetmonth","Overall Score","MeanState","eqas","score","1","0.662188","80.0"
"EcosystemandCarbonCycle","BurnedArea","GFED4.1S","ED-H4-dry-gated-wetmonth","Overall Score","MeanState","aust","score","1","0.638574","80.0"