"Section","Variable","Source","Model","ScalarName","AnalysisType","Region","ScalarType","Units","Data","Weight"
"EcosystemandCarbonCycle","BurnedArea","GFED4.1S","ED-ModelC-wet_firebreak-r500","Benchmark Period Mean (intersection)","MeanState","global","scalar","%","0.329776","80.0"
"EcosystemandCarbonCycle","BurnedArea","GFED4.1S","ED-ModelC-wet_firebreak-r500","Benchmark Period Mean (complement)","MeanState","global","scalar","%","0","80.0"
"EcosystemandCarbonCycle","BurnedArea","GFED4.1S","ED-ModelC-wet_firebreak-r500","Period Mean (original grids)","MeanState","global","scalar","%","0.211468","80.0"
"EcosystemandCarbonCycle","BurnedArea","GFED4.1S","ED-ModelC-wet_firebreak-r500","Model Period Mean (intersection)","MeanState","global","scalar","%","0.230245","80.0"
"EcosystemandCarbonCycle","BurnedArea","GFED4.1S","ED-ModelC-wet_firebreak-r500","Model Period Mean (complement)","MeanState","global","scalar","%","0.0224584","80.0"
"EcosystemandCarbonCycle","BurnedArea","GFED4.1S","ED-ModelC-wet_firebreak-r500","Benchmark Period Mean (intersection)","MeanState","bona","scalar","%","0.0334473","80.0"
"EcosystemandCarbonCycle","BurnedArea","GFED4.1S","ED-ModelC-wet_firebreak-r500","Benchmark Period Mean (complement)","MeanState","bona","scalar","%","0","80.0"
"EcosystemandCarbonCycle","BurnedArea","GFED4.1S","ED-ModelC-wet_firebreak-r500","Period Mean (original grids)","MeanState","bona","scalar","%","0.00067097","80.0"
"EcosystemandCarbonCycle","BurnedArea","GFED4.1S","ED-ModelC-wet_firebreak-r500","Model Period Mean (intersection)","MeanState","bona","scalar","%","0.000693109","80.0"
"EcosystemandCarbonCycle","BurnedArea","GFED4.1S","ED-ModelC-wet_firebreak-r500","Model Period Mean (complement)","MeanState","bona","scalar","%","9.93072e-06","80.0"
"EcosystemandCarbonCycle","BurnedArea","GFED4.1S","ED-ModelC-wet_firebreak-r500","Benchmark Period Mean (intersection)","MeanState","tena","scalar","%","0.0259374","80.0"
"EcosystemandCarbonCycle","BurnedArea","GFED4.1S","ED-ModelC-wet_firebreak-r500","Benchmark Period Mean (complement)","MeanState","tena","scalar","%","0","80.0"
"EcosystemandCarbonCycle","BurnedArea","GFED4.1S","ED-ModelC-wet_firebreak-r500","Period Mean (original grids)","MeanState","tena","scalar","%","0.0622182","80.0"
"EcosystemandCarbonCycle","BurnedArea","GFED4.1S","ED-ModelC-wet_firebreak-r500","Model Period Mean (intersection)","MeanState","tena","scalar","%","0.0640796","80.0"
"EcosystemandCarbonCycle","BurnedArea","GFED4.1S","ED-ModelC-wet_firebreak-r500","Model Period Mean (complement)","MeanState","tena","scalar","%","0.00553194","80.0"
"EcosystemandCarbonCycle","BurnedArea","GFED4.1S","ED-ModelC-wet_firebreak-r500","Benchmark Period Mean (intersection)","MeanState","ceam","scalar","%","0.0824275","80.0"
"EcosystemandCarbonCycle","BurnedArea","GFED4.1S","ED-ModelC-wet_firebreak-r500","Benchmark Period Mean (complement)","MeanState","ceam","scalar","%","0","80.0"
"EcosystemandCarbonCycle","BurnedArea","GFED4.1S","ED-ModelC-wet_firebreak-r500","Period Mean (original grids)","MeanState","ceam","scalar","%","0.18135","80.0"
"EcosystemandCarbonCycle","BurnedArea","GFED4.1S","ED-ModelC-wet_firebreak-r500","Model Period Mean (intersection)","MeanState","ceam","scalar","%","0.204283","80.0"
"EcosystemandCarbonCycle","BurnedArea","GFED4.1S","ED-ModelC-wet_firebreak-r500","Model Period Mean (complement)","MeanState","ceam","scalar","%","0.035184","80.0"
"EcosystemandCarbonCycle","BurnedArea","GFED4.1S","ED-ModelC-wet_firebreak-r500","Benchmark Period Mean (intersection)","MeanState","nhsa","scalar","%","0.142765","80.0"
"EcosystemandCarbonCycle","BurnedArea","GFED4.1S","ED-ModelC-wet_firebreak-r500","Benchmark Period Mean (complement)","MeanState","nhsa","scalar","%","0","80.0"
"EcosystemandCarbonCycle","BurnedArea","GFED4.1S","ED-ModelC-wet_firebreak-r500","Period Mean (original grids)","MeanState","nhsa","scalar","%","0.160498","80.0"
"EcosystemandCarbonCycle","BurnedArea","GFED4.1S","ED-ModelC-wet_firebreak-r500","Model Period Mean (intersection)","MeanState","nhsa","scalar","%","0.169124","80.0"
"EcosystemandCarbonCycle","BurnedArea","GFED4.1S","ED-ModelC-wet_firebreak-r500","Model Period Mean (complement)","MeanState","nhsa","scalar","%","0.0369075","80.0"
"EcosystemandCarbonCycle","BurnedArea","GFED4.1S","ED-ModelC-wet_firebreak-r500","Benchmark Period Mean (intersection)","MeanState","shsa","scalar","%","0.145694","80.0"
"EcosystemandCarbonCycle","BurnedArea","GFED4.1S","ED-ModelC-wet_firebreak-r500","Benchmark Period Mean (complement)","MeanState","shsa","scalar","%","0","80.0"
"EcosystemandCarbonCycle","BurnedArea","GFED4.1S","ED-ModelC-wet_firebreak-r500","Period Mean (original grids)","MeanState","shsa","scalar","%","0.271326","80.0"
"EcosystemandCarbonCycle","BurnedArea","GFED4.1S","ED-ModelC-wet_firebreak-r500","Model Period Mean (intersection)","MeanState","shsa","scalar","%","0.281624","80.0"
"EcosystemandCarbonCycle","BurnedArea","GFED4.1S","ED-ModelC-wet_firebreak-r500","Model Period Mean (complement)","MeanState","shsa","scalar","%","0.00127261","80.0"
"EcosystemandCarbonCycle","BurnedArea","GFED4.1S","ED-ModelC-wet_firebreak-r500","Benchmark Period Mean (intersection)","MeanState","euro","scalar","%","0.0250618","80.0"
"EcosystemandCarbonCycle","BurnedArea","GFED4.1S","ED-ModelC-wet_firebreak-r500","Benchmark Period Mean (complement)","MeanState","euro","scalar","%","0","80.0"
"EcosystemandCarbonCycle","BurnedArea","GFED4.1S","ED-ModelC-wet_firebreak-r500","Period Mean (original grids)","MeanState","euro","scalar","%","0.077827","80.0"
"EcosystemandCarbonCycle","BurnedArea","GFED4.1S","ED-ModelC-wet_firebreak-r500","Model Period Mean (intersection)","MeanState","euro","scalar","%","0.0866818","80.0"
"EcosystemandCarbonCycle","BurnedArea","GFED4.1S","ED-ModelC-wet_firebreak-r500","Model Period Mean (complement)","MeanState","euro","scalar","%","0.0105109","80.0"
"EcosystemandCarbonCycle","BurnedArea","GFED4.1S","ED-ModelC-wet_firebreak-r500","Benchmark Period Mean (intersection)","MeanState","mide","scalar","%","0.025217","80.0"
"EcosystemandCarbonCycle","BurnedArea","GFED4.1S","ED-ModelC-wet_firebreak-r500","Benchmark Period Mean (complement)","MeanState","mide","scalar","%","0","80.0"
"EcosystemandCarbonCycle","BurnedArea","GFED4.1S","ED-ModelC-wet_firebreak-r500","Period Mean (original grids)","MeanState","mide","scalar","%","0.153923","80.0"
"EcosystemandCarbonCycle","BurnedArea","GFED4.1S","ED-ModelC-wet_firebreak-r500","Model Period Mean (intersection)","MeanState","mide","scalar","%","0.200575","80.0"
"EcosystemandCarbonCycle","BurnedArea","GFED4.1S","ED-ModelC-wet_firebreak-r500","Model Period Mean (complement)","MeanState","mide","scalar","%","0.0345421","80.0"
"EcosystemandCarbonCycle","BurnedArea","GFED4.1S","ED-ModelC-wet_firebreak-r500","Benchmark Period Mean (intersection)","MeanState","nhaf","scalar","%","1.23284","80.0"
"EcosystemandCarbonCycle","BurnedArea","GFED4.1S","ED-ModelC-wet_firebreak-r500","Benchmark Period Mean (complement)","MeanState","nhaf","scalar","%","0","80.0"
"EcosystemandCarbonCycle","BurnedArea","GFED4.1S","ED-ModelC-wet_firebreak-r500","Period Mean (original grids)","MeanState","nhaf","scalar","%","0.784708","80.0"
"EcosystemandCarbonCycle","BurnedArea","GFED4.1S","ED-ModelC-wet_firebreak-r500","Model Period Mean (intersection)","MeanState","nhaf","scalar","%","0.83485","80.0"
"EcosystemandCarbonCycle","BurnedArea","GFED4.1S","ED-ModelC-wet_firebreak-r500","Model Period Mean (complement)","MeanState","nhaf","scalar","%","0.0529516","80.0"
"EcosystemandCarbonCycle","BurnedArea","GFED4.1S","ED-ModelC-wet_firebreak-r500","Benchmark Period Mean (intersection)","MeanState","shaf","scalar","%","1.45692","80.0"
"EcosystemandCarbonCycle","BurnedArea","GFED4.1S","ED-ModelC-wet_firebreak-r500","Benchmark Period Mean (complement)","MeanState","shaf","scalar","%","0","80.0"
"EcosystemandCarbonCycle","BurnedArea","GFED4.1S","ED-ModelC-wet_firebreak-r500","Period Mean (original grids)","MeanState","shaf","scalar","%","0.522489","80.0"
"EcosystemandCarbonCycle","BurnedArea","GFED4.1S","ED-ModelC-wet_firebreak-r500","Model Period Mean (intersection)","MeanState","shaf","scalar","%","0.539482","80.0"
"EcosystemandCarbonCycle","BurnedArea","GFED4.1S","ED-ModelC-wet_firebreak-r500","Model Period Mean (complement)","MeanState","shaf","scalar","%","0.0302737","80.0"
"EcosystemandCarbonCycle","BurnedArea","GFED4.1S","ED-ModelC-wet_firebreak-r500","Benchmark Period Mean (intersection)","MeanState","boas","scalar","%","0.0336143","80.0"
"EcosystemandCarbonCycle","BurnedArea","GFED4.1S","ED-ModelC-wet_firebreak-r500","Benchmark Period Mean (complement)","MeanState","boas","scalar","%","0","80.0"
"EcosystemandCarbonCycle","BurnedArea","GFED4.1S","ED-ModelC-wet_firebreak-r500","Period Mean (original grids)","MeanState","boas","scalar","%","0.00230295","80.0"
"EcosystemandCarbonCycle","BurnedArea","GFED4.1S","ED-ModelC-wet_firebreak-r500","Model Period Mean (intersection)","MeanState","boas","scalar","%","0.00233735","80.0"
"EcosystemandCarbonCycle","BurnedArea","GFED4.1S","ED-ModelC-wet_firebreak-r500","Model Period Mean (complement)","MeanState","boas","scalar","%","1.34318e-05","80.0"
"EcosystemandCarbonCycle","BurnedArea","GFED4.1S","ED-ModelC-wet_firebreak-r500","Benchmark Period Mean (intersection)","MeanState","ceas","scalar","%","0.125736","80.0"
"EcosystemandCarbonCycle","BurnedArea","GFED4.1S","ED-ModelC-wet_firebreak-r500","Benchmark Period Mean (complement)","MeanState","ceas","scalar","%","0","80.0"
"EcosystemandCarbonCycle","BurnedArea","GFED4.1S","ED-ModelC-wet_firebreak-r500","Period Mean (original grids)","MeanState","ceas","scalar","%","0.0530055","80.0"
"EcosystemandCarbonCycle","BurnedArea","GFED4.1S","ED-ModelC-wet_firebreak-r500","Model Period Mean (intersection)","MeanState","ceas","scalar","%","0.0568477","80.0"
"EcosystemandCarbonCycle","BurnedArea","GFED4.1S","ED-ModelC-wet_firebreak-r500","Model Period Mean (complement)","MeanState","ceas","scalar","%","0.00995057","80.0"
"EcosystemandCarbonCycle","BurnedArea","GFED4.1S","ED-ModelC-wet_firebreak-r500","Benchmark Period Mean (intersection)","MeanState","seas","scalar","%","0.148029","80.0"
"EcosystemandCarbonCycle","BurnedArea","GFED4.1S","ED-ModelC-wet_firebreak-r500","Benchmark Period Mean (complement)","MeanState","seas","scalar","%","0","80.0"
"EcosystemandCarbonCycle","BurnedArea","GFED4.1S","ED-ModelC-wet_firebreak-r500","Period Mean (original grids)","MeanState","seas","scalar","%","0.38321","80.0"
"EcosystemandCarbonCycle","BurnedArea","GFED4.1S","ED-ModelC-wet_firebreak-r500","Model Period Mean (intersection)","MeanState","seas","scalar","%","0.414253","80.0"
"EcosystemandCarbonCycle","BurnedArea","GFED4.1S","ED-ModelC-wet_firebreak-r500","Model Period Mean (complement)","MeanState","seas","scalar","%","0.0431517","80.0"
"EcosystemandCarbonCycle","BurnedArea","GFED4.1S","ED-ModelC-wet_firebreak-r500","Benchmark Period Mean (intersection)","MeanState","eqas","scalar","%","0.0480126","80.0"
"EcosystemandCarbonCycle","BurnedArea","GFED4.1S","ED-ModelC-wet_firebreak-r500","Benchmark Period Mean (complement)","MeanState","eqas","scalar","%","0","80.0"
"EcosystemandCarbonCycle","BurnedArea","GFED4.1S","ED-ModelC-wet_firebreak-r500","Period Mean (original grids)","MeanState","eqas","scalar","%","0.0261105","80.0"
"EcosystemandCarbonCycle","BurnedArea","GFED4.1S","ED-ModelC-wet_firebreak-r500","Model Period Mean (intersection)","MeanState","eqas","scalar","%","0.0351158","80.0"
"EcosystemandCarbonCycle","BurnedArea","GFED4.1S","ED-ModelC-wet_firebreak-r500","Model Period Mean (complement)","MeanState","eqas","scalar","%","0.00249711","80.0"
"EcosystemandCarbonCycle","BurnedArea","GFED4.1S","ED-ModelC-wet_firebreak-r500","Benchmark Period Mean (intersection)","MeanState","aust","scalar","%","0.529194","80.0"
"EcosystemandCarbonCycle","BurnedArea","GFED4.1S","ED-ModelC-wet_firebreak-r500","Benchmark Period Mean (complement)","MeanState","aust","scalar","%","0","80.0"
"EcosystemandCarbonCycle","BurnedArea","GFED4.1S","ED-ModelC-wet_firebreak-r500","Period Mean (original grids)","MeanState","aust","scalar","%","0.204607","80.0"
"EcosystemandCarbonCycle","BurnedArea","GFED4.1S","ED-ModelC-wet_firebreak-r500","Model Period Mean (intersection)","MeanState","aust","scalar","%","0.217093","80.0"
"EcosystemandCarbonCycle","BurnedArea","GFED4.1S","ED-ModelC-wet_firebreak-r500","Model Period Mean (complement)","MeanState","aust","scalar","%","0.0431129","80.0"
"EcosystemandCarbonCycle","BurnedArea","GFED4.1S","ED-ModelC-wet_firebreak-r500","Spatial Distribution Score","MeanState","global","score","1","0.516938","80.0"
"EcosystemandCarbonCycle","BurnedArea","GFED4.1S","ED-ModelC-wet_firebreak-r500","Spatial Distribution Score","MeanState","bona","score","1","0.0040013","80.0"
"EcosystemandCarbonCycle","BurnedArea","GFED4.1S","ED-ModelC-wet_firebreak-r500","Spatial Distribution Score","MeanState","tena","score","1","0.493908","80.0"
"EcosystemandCarbonCycle","BurnedArea","GFED4.1S","ED-ModelC-wet_firebreak-r500","Spatial Distribution Score","MeanState","ceam","score","1","0.412609","80.0"
"EcosystemandCarbonCycle","BurnedArea","GFED4.1S","ED-ModelC-wet_firebreak-r500","Spatial Distribution Score","MeanState","nhsa","score","1","0.765183","80.0"
"EcosystemandCarbonCycle","BurnedArea","GFED4.1S","ED-ModelC-wet_firebreak-r500","Spatial Distribution Score","MeanState","shsa","score","1","0.680525","80.0"
"EcosystemandCarbonCycle","BurnedArea","GFED4.1S","ED-ModelC-wet_firebreak-r500","Spatial Distribution Score","MeanState","euro","score","1","0.233986","80.0"
"EcosystemandCarbonCycle","BurnedArea","GFED4.1S","ED-ModelC-wet_firebreak-r500","Spatial Distribution Score","MeanState","mide","score","1","0.192802","80.0"
"EcosystemandCarbonCycle","BurnedArea","GFED4.1S","ED-ModelC-wet_firebreak-r500","Spatial Distribution Score","MeanState","nhaf","score","1","0.490096","80.0"
"EcosystemandCarbonCycle","BurnedArea","GFED4.1S","ED-ModelC-wet_firebreak-r500","Spatial Distribution Score","MeanState","shaf","score","1","0.264418","80.0"
"EcosystemandCarbonCycle","BurnedArea","GFED4.1S","ED-ModelC-wet_firebreak-r500","Spatial Distribution Score","MeanState","boas","score","1","0.0147041","80.0"
"EcosystemandCarbonCycle","BurnedArea","GFED4.1S","ED-ModelC-wet_firebreak-r500","Spatial Distribution Score","MeanState","ceas","score","1","0.445065","80.0"
"EcosystemandCarbonCycle","BurnedArea","GFED4.1S","ED-ModelC-wet_firebreak-r500","Spatial Distribution Score","MeanState","seas","score","1","0.55643","80.0"
"EcosystemandCarbonCycle","BurnedArea","GFED4.1S","ED-ModelC-wet_firebreak-r500","Spatial Distribution Score","MeanState","eqas","score","1","0.60009","80.0"
"EcosystemandCarbonCycle","BurnedArea","GFED4.1S","ED-ModelC-wet_firebreak-r500","Spatial Distribution Score","MeanState","aust","score","1","0.453352","80.0"
"EcosystemandCarbonCycle","BurnedArea","GFED4.1S","ED-ModelC-wet_firebreak-r500","Phase Shift","MeanState","global","scalar","months","2.09325","80.0"
"EcosystemandCarbonCycle","BurnedArea","GFED4.1S","ED-ModelC-wet_firebreak-r500","Seasonal Cycle Score","MeanState","global","score","1","0.830597","80.0"
"EcosystemandCarbonCycle","BurnedArea","GFED4.1S","ED-ModelC-wet_firebreak-r500","Phase Shift","MeanState","bona","scalar","months","1.92033","80.0"
"EcosystemandCarbonCycle","BurnedArea","GFED4.1S","ED-ModelC-wet_firebreak-r500","Seasonal Cycle Score","MeanState","bona","score","1","0.90184","80.0"
"EcosystemandCarbonCycle","BurnedArea","GFED4.1S","ED-ModelC-wet_firebreak-r500","Phase Shift","MeanState","tena","scalar","months","2.38947","80.0"
"EcosystemandCarbonCycle","BurnedArea","GFED4.1S","ED-ModelC-wet_firebreak-r500","Seasonal Cycle Score","MeanState","tena","score","1","0.717198","80.0"
"EcosystemandCarbonCycle","BurnedArea","GFED4.1S","ED-ModelC-wet_firebreak-r500","Phase Shift","MeanState","ceam","scalar","months","1.84324","80.0"
"EcosystemandCarbonCycle","BurnedArea","GFED4.1S","ED-ModelC-wet_firebreak-r500","Seasonal Cycle Score","MeanState","ceam","score","1","0.817585","80.0"
"EcosystemandCarbonCycle","BurnedArea","GFED4.1S","ED-ModelC-wet_firebreak-r500","Phase Shift","MeanState","nhsa","scalar","months","1.50034","80.0"
"EcosystemandCarbonCycle","BurnedArea","GFED4.1S","ED-ModelC-wet_firebreak-r500","Seasonal Cycle Score","MeanState","nhsa","score","1","0.908879","80.0"
"EcosystemandCarbonCycle","BurnedArea","GFED4.1S","ED-ModelC-wet_firebreak-r500","Phase Shift","MeanState","shsa","scalar","months","1.94987","80.0"
"EcosystemandCarbonCycle","BurnedArea","GFED4.1S","ED-ModelC-wet_firebreak-r500","Seasonal Cycle Score","MeanState","shsa","score","1","0.810849","80.0"
"EcosystemandCarbonCycle","BurnedArea","GFED4.1S","ED-ModelC-wet_firebreak-r500","Phase Shift","MeanState","euro","scalar","months","2.31885","80.0"
"EcosystemandCarbonCycle","BurnedArea","GFED4.1S","ED-ModelC-wet_firebreak-r500","Seasonal Cycle Score","MeanState","euro","score","1","0.790509","80.0"
"EcosystemandCarbonCycle","BurnedArea","GFED4.1S","ED-ModelC-wet_firebreak-r500","Phase Shift","MeanState","mide","scalar","months","2.64924","80.0"
"EcosystemandCarbonCycle","BurnedArea","GFED4.1S","ED-ModelC-wet_firebreak-r500","Seasonal Cycle Score","MeanState","mide","score","1","0.733775","80.0"
"EcosystemandCarbonCycle","BurnedArea","GFED4.1S","ED-ModelC-wet_firebreak-r500","Phase Shift","MeanState","nhaf","scalar","months","1.77473","80.0"
"EcosystemandCarbonCycle","BurnedArea","GFED4.1S","ED-ModelC-wet_firebreak-r500","Seasonal Cycle Score","MeanState","nhaf","score","1","0.874456","80.0"
"EcosystemandCarbonCycle","BurnedArea","GFED4.1S","ED-ModelC-wet_firebreak-r500","Phase Shift","MeanState","shaf","scalar","months","1.61144","80.0"
"EcosystemandCarbonCycle","BurnedArea","GFED4.1S","ED-ModelC-wet_firebreak-r500","Seasonal Cycle Score","MeanState","shaf","score","1","0.888866","80.0"
"EcosystemandCarbonCycle","BurnedArea","GFED4.1S","ED-ModelC-wet_firebreak-r500","Phase Shift","MeanState","boas","scalar","months","1.88944","80.0"
"EcosystemandCarbonCycle","BurnedArea","GFED4.1S","ED-ModelC-wet_firebreak-r500","Seasonal Cycle Score","MeanState","boas","score","1","0.782703","80.0"
"EcosystemandCarbonCycle","BurnedArea","GFED4.1S","ED-ModelC-wet_firebreak-r500","Phase Shift","MeanState","ceas","scalar","months","2.31141","80.0"
"EcosystemandCarbonCycle","BurnedArea","GFED4.1S","ED-ModelC-wet_firebreak-r500","Seasonal Cycle Score","MeanState","ceas","score","1","0.713708","80.0"
"EcosystemandCarbonCycle","BurnedArea","GFED4.1S","ED-ModelC-wet_firebreak-r500","Phase Shift","MeanState","seas","scalar","months","1.99984","80.0"
"EcosystemandCarbonCycle","BurnedArea","GFED4.1S","ED-ModelC-wet_firebreak-r500","Seasonal Cycle Score","MeanState","seas","score","1","0.857532","80.0"
"EcosystemandCarbonCycle","BurnedArea","GFED4.1S","ED-ModelC-wet_firebreak-r500","Phase Shift","MeanState","eqas","scalar","months","2.38079","80.0"
"EcosystemandCarbonCycle","BurnedArea","GFED4.1S","ED-ModelC-wet_firebreak-r500","Seasonal Cycle Score","MeanState","eqas","score","1","0.75325","80.0"
"EcosystemandCarbonCycle","BurnedArea","GFED4.1S","ED-ModelC-wet_firebreak-r500","Phase Shift","MeanState","aust","scalar","months","2.54219","80.0"
"EcosystemandCarbonCycle","BurnedArea","GFED4.1S","ED-ModelC-wet_firebreak-r500","Seasonal Cycle Score","MeanState","aust","score","1","0.581391","80.0"
"EcosystemandCarbonCycle","BurnedArea","GFED4.1S","ED-ModelC-wet_firebreak-r500","Bias","MeanState","global","scalar","%","-0.0995309","80.0"
"EcosystemandCarbonCycle","BurnedArea","GFED4.1S","ED-ModelC-wet_firebreak-r500","Bias Score","MeanState","global","score","1","0.713542","80.0"
"EcosystemandCarbonCycle","BurnedArea","GFED4.1S","ED-ModelC-wet_firebreak-r500","Bias","MeanState","bona","scalar","%","-0.0327542","80.0"
"EcosystemandCarbonCycle","BurnedArea","GFED4.1S","ED-ModelC-wet_firebreak-r500","Bias Score","MeanState","bona","score","1","0.883461","80.0"
"EcosystemandCarbonCycle","BurnedArea","GFED4.1S","ED-ModelC-wet_firebreak-r500","Bias","MeanState","tena","scalar","%","0.0381422","80.0"
"EcosystemandCarbonCycle","BurnedArea","GFED4.1S","ED-ModelC-wet_firebreak-r500","Bias Score","MeanState","tena","score","1","0.736757","80.0"
"EcosystemandCarbonCycle","BurnedArea","GFED4.1S","ED-ModelC-wet_firebreak-r500","Bias","MeanState","ceam","scalar","%","0.121856","80.0"
"EcosystemandCarbonCycle","BurnedArea","GFED4.1S","ED-ModelC-wet_firebreak-r500","Bias Score","MeanState","ceam","score","1","0.606563","80.0"
"EcosystemandCarbonCycle","BurnedArea","GFED4.1S","ED-ModelC-wet_firebreak-r500","Bias","MeanState","nhsa","scalar","%","0.0263591","80.0"
"EcosystemandCarbonCycle","BurnedArea","GFED4.1S","ED-ModelC-wet_firebreak-r500","Bias Score","MeanState","nhsa","score","1","0.678547","80.0"
"EcosystemandCarbonCycle","BurnedArea","GFED4.1S","ED-ModelC-wet_firebreak-r500","Bias","MeanState","shsa","scalar","%","0.13593","80.0"
"EcosystemandCarbonCycle","BurnedArea","GFED4.1S","ED-ModelC-wet_firebreak-r500","Bias Score","MeanState","shsa","score","1","0.711597","80.0"
"EcosystemandCarbonCycle","BurnedArea","GFED4.1S","ED-ModelC-wet_firebreak-r500","Bias","MeanState","euro","scalar","%","0.06162","80.0"
"EcosystemandCarbonCycle","BurnedArea","GFED4.1S","ED-ModelC-wet_firebreak-r500","Bias Score","MeanState","euro","score","1","0.68762","80.0"
"EcosystemandCarbonCycle","BurnedArea","GFED4.1S","ED-ModelC-wet_firebreak-r500","Bias","MeanState","mide","scalar","%","0.175358","80.0"
"EcosystemandCarbonCycle","BurnedArea","GFED4.1S","ED-ModelC-wet_firebreak-r500","Bias Score","MeanState","mide","score","1","0.556888","80.0"
"EcosystemandCarbonCycle","BurnedArea","GFED4.1S","ED-ModelC-wet_firebreak-r500","Bias","MeanState","nhaf","scalar","%","-0.39799","80.0"
"EcosystemandCarbonCycle","BurnedArea","GFED4.1S","ED-ModelC-wet_firebreak-r500","Bias Score","MeanState","nhaf","score","1","0.733166","80.0"
"EcosystemandCarbonCycle","BurnedArea","GFED4.1S","ED-ModelC-wet_firebreak-r500","Bias","MeanState","shaf","scalar","%","-0.917439","80.0"
"EcosystemandCarbonCycle","BurnedArea","GFED4.1S","ED-ModelC-wet_firebreak-r500","Bias Score","MeanState","shaf","score","1","0.674884","80.0"
"EcosystemandCarbonCycle","BurnedArea","GFED4.1S","ED-ModelC-wet_firebreak-r500","Bias","MeanState","boas","scalar","%","-0.031277","80.0"
"EcosystemandCarbonCycle","BurnedArea","GFED4.1S","ED-ModelC-wet_firebreak-r500","Bias Score","MeanState","boas","score","1","0.856398","80.0"
"EcosystemandCarbonCycle","BurnedArea","GFED4.1S","ED-ModelC-wet_firebreak-r500","Bias","MeanState","ceas","scalar","%","-0.068888","80.0"
"EcosystemandCarbonCycle","BurnedArea","GFED4.1S","ED-ModelC-wet_firebreak-r500","Bias Score","MeanState","ceas","score","1","0.784816","80.0"
"EcosystemandCarbonCycle","BurnedArea","GFED4.1S","ED-ModelC-wet_firebreak-r500","Bias","MeanState","seas","scalar","%","0.266224","80.0"
"EcosystemandCarbonCycle","BurnedArea","GFED4.1S","ED-ModelC-wet_firebreak-r500","Bias Score","MeanState","seas","score","1","0.673052","80.0"
"EcosystemandCarbonCycle","BurnedArea","GFED4.1S","ED-ModelC-wet_firebreak-r500","Bias","MeanState","eqas","scalar","%","-0.0128967","80.0"
"EcosystemandCarbonCycle","BurnedArea","GFED4.1S","ED-ModelC-wet_firebreak-r500","Bias Score","MeanState","eqas","score","1","0.710981","80.0"
"EcosystemandCarbonCycle","BurnedArea","GFED4.1S","ED-ModelC-wet_firebreak-r500","Bias","MeanState","aust","scalar","%","-0.312101","80.0"
"EcosystemandCarbonCycle","BurnedArea","GFED4.1S","ED-ModelC-wet_firebreak-r500","Bias Score","MeanState","aust","score","1","0.757427","80.0"
"EcosystemandCarbonCycle","BurnedArea","GFED4.1S","ED-ModelC-wet_firebreak-r500","RMSE","MeanState","global","scalar","%","0.676322","80.0"
"EcosystemandCarbonCycle","BurnedArea","GFED4.1S","ED-ModelC-wet_firebreak-r500","RMSE Score","MeanState","global","score","1","0.515713","80.0"
"EcosystemandCarbonCycle","BurnedArea","GFED4.1S","ED-ModelC-wet_firebreak-r500","RMSE","MeanState","bona","scalar","%","0.0861737","80.0"
"EcosystemandCarbonCycle","BurnedArea","GFED4.1S","ED-ModelC-wet_firebreak-r500","RMSE Score","MeanState","bona","score","1","0.75493","80.0"
"EcosystemandCarbonCycle","BurnedArea","GFED4.1S","ED-ModelC-wet_firebreak-r500","RMSE","MeanState","tena","scalar","%","0.139508","80.0"
"EcosystemandCarbonCycle","BurnedArea","GFED4.1S","ED-ModelC-wet_firebreak-r500","RMSE Score","MeanState","tena","score","1","0.518724","80.0"
"EcosystemandCarbonCycle","BurnedArea","GFED4.1S","ED-ModelC-wet_firebreak-r500","RMSE","MeanState","ceam","scalar","%","0.341411","80.0"
"EcosystemandCarbonCycle","BurnedArea","GFED4.1S","ED-ModelC-wet_firebreak-r500","RMSE Score","MeanState","ceam","score","1","0.430255","80.0"
"EcosystemandCarbonCycle","BurnedArea","GFED4.1S","ED-ModelC-wet_firebreak-r500","RMSE","MeanState","nhsa","scalar","%","0.290081","80.0"
"EcosystemandCarbonCycle","BurnedArea","GFED4.1S","ED-ModelC-wet_firebreak-r500","RMSE Score","MeanState","nhsa","score","1","0.518301","80.0"
"EcosystemandCarbonCycle","BurnedArea","GFED4.1S","ED-ModelC-wet_firebreak-r500","RMSE","MeanState","shsa","scalar","%","0.449901","80.0"
"EcosystemandCarbonCycle","BurnedArea","GFED4.1S","ED-ModelC-wet_firebreak-r500","RMSE Score","MeanState","shsa","score","1","0.482087","80.0"
"EcosystemandCarbonCycle","BurnedArea","GFED4.1S","ED-ModelC-wet_firebreak-r500","RMSE","MeanState","euro","scalar","%","0.177694","80.0"
"EcosystemandCarbonCycle","BurnedArea","GFED4.1S","ED-ModelC-wet_firebreak-r500","RMSE Score","MeanState","euro","score","1","0.511843","80.0"
"EcosystemandCarbonCycle","BurnedArea","GFED4.1S","ED-ModelC-wet_firebreak-r500","RMSE","MeanState","mide","scalar","%","0.377588","80.0"
"EcosystemandCarbonCycle","BurnedArea","GFED4.1S","ED-ModelC-wet_firebreak-r500","RMSE Score","MeanState","mide","score","1","0.385744","80.0"
"EcosystemandCarbonCycle","BurnedArea","GFED4.1S","ED-ModelC-wet_firebreak-r500","RMSE","MeanState","nhaf","scalar","%","2.37939","80.0"
"EcosystemandCarbonCycle","BurnedArea","GFED4.1S","ED-ModelC-wet_firebreak-r500","RMSE Score","MeanState","nhaf","score","1","0.47897","80.0"
"EcosystemandCarbonCycle","BurnedArea","GFED4.1S","ED-ModelC-wet_firebreak-r500","RMSE","MeanState","shaf","scalar","%","2.31747","80.0"
"EcosystemandCarbonCycle","BurnedArea","GFED4.1S","ED-ModelC-wet_firebreak-r500","RMSE Score","MeanState","shaf","score","1","0.489238","80.0"
"EcosystemandCarbonCycle","BurnedArea","GFED4.1S","ED-ModelC-wet_firebreak-r500","RMSE","MeanState","boas","scalar","%","0.081022","80.0"
"EcosystemandCarbonCycle","BurnedArea","GFED4.1S","ED-ModelC-wet_firebreak-r500","RMSE Score","MeanState","boas","score","1","0.709149","80.0"
"EcosystemandCarbonCycle","BurnedArea","GFED4.1S","ED-ModelC-wet_firebreak-r500","RMSE","MeanState","ceas","scalar","%","0.291086","80.0"
"EcosystemandCarbonCycle","BurnedArea","GFED4.1S","ED-ModelC-wet_firebreak-r500","RMSE Score","MeanState","ceas","score","1","0.643692","80.0"
"EcosystemandCarbonCycle","BurnedArea","GFED4.1S","ED-ModelC-wet_firebreak-r500","RMSE","MeanState","seas","scalar","%","0.710052","80.0"
"EcosystemandCarbonCycle","BurnedArea","GFED4.1S","ED-ModelC-wet_firebreak-r500","RMSE Score","MeanState","seas","score","1","0.437917","80.0"
"EcosystemandCarbonCycle","BurnedArea","GFED4.1S","ED-ModelC-wet_firebreak-r500","RMSE","MeanState","eqas","scalar","%","0.116052","80.0"
"EcosystemandCarbonCycle","BurnedArea","GFED4.1S","ED-ModelC-wet_firebreak-r500","RMSE Score","MeanState","eqas","score","1","0.582015","80.0"
"EcosystemandCarbonCycle","BurnedArea","GFED4.1S","ED-ModelC-wet_firebreak-r500","RMSE","MeanState","aust","scalar","%","0.953373","80.0"
"EcosystemandCarbonCycle","BurnedArea","GFED4.1S","ED-ModelC-wet_firebreak-r500","RMSE Score","MeanState","aust","score","1","0.658605","80.0"
"EcosystemandCarbonCycle","BurnedArea","GFED4.1S","ED-ModelC-final","Benchmark Period Mean (intersection)","MeanState","global","scalar","%","0.329776","80.0"
"EcosystemandCarbonCycle","BurnedArea","GFED4.1S","ED-ModelC-final","Benchmark Period Mean (complement)","MeanState","global","scalar","%","0","80.0"
"EcosystemandCarbonCycle","BurnedArea","GFED4.1S","ED-ModelC-final","Period Mean (original grids)","MeanState","global","scalar","%","0.611164","80.0"
"EcosystemandCarbonCycle","BurnedArea","GFED4.1S","ED-ModelC-final","Model Period Mean (intersection)","MeanState","global","scalar","%","0.663221","80.0"
"EcosystemandCarbonCycle","BurnedArea","GFED4.1S","ED-ModelC-final","Model Period Mean (complement)","MeanState","global","scalar","%","0.0871574","80.0"
"EcosystemandCarbonCycle","BurnedArea","GFED4.1S","ED-ModelC-final","Benchmark Period Mean (intersection)","MeanState","bona","scalar","%","0.0334473","80.0"
"EcosystemandCarbonCycle","BurnedArea","GFED4.1S","ED-ModelC-final","Benchmark Period Mean (complement)","MeanState","bona","scalar","%","0","80.0"
"EcosystemandCarbonCycle","BurnedArea","GFED4.1S","ED-ModelC-final","Period Mean (original grids)","MeanState","bona","scalar","%","0.0439413","80.0"
"EcosystemandCarbonCycle","BurnedArea","GFED4.1S","ED-ModelC-final","Model Period Mean (intersection)","MeanState","bona","scalar","%","0.0452667","80.0"
"EcosystemandCarbonCycle","BurnedArea","GFED4.1S","ED-ModelC-final","Model Period Mean (complement)","MeanState","bona","scalar","%","0.00436614","80.0"
"EcosystemandCarbonCycle","BurnedArea","GFED4.1S","ED-ModelC-final","Benchmark Period Mean (intersection)","MeanState","tena","scalar","%","0.0259374","80.0"
"EcosystemandCarbonCycle","BurnedArea","GFED4.1S","ED-ModelC-final","Benchmark Period Mean (complement)","MeanState","tena","scalar","%","0","80.0"
"EcosystemandCarbonCycle","BurnedArea","GFED4.1S","ED-ModelC-final","Period Mean (original grids)","MeanState","tena","scalar","%","0.374298","80.0"
"EcosystemandCarbonCycle","BurnedArea","GFED4.1S","ED-ModelC-final","Model Period Mean (intersection)","MeanState","tena","scalar","%","0.383267","80.0"
"EcosystemandCarbonCycle","BurnedArea","GFED4.1S","ED-ModelC-final","Model Period Mean (complement)","MeanState","tena","scalar","%","0.101162","80.0"
"EcosystemandCarbonCycle","BurnedArea","GFED4.1S","ED-ModelC-final","Benchmark Period Mean (intersection)","MeanState","ceam","scalar","%","0.0824275","80.0"
"EcosystemandCarbonCycle","BurnedArea","GFED4.1S","ED-ModelC-final","Benchmark Period Mean (complement)","MeanState","ceam","scalar","%","0","80.0"
"EcosystemandCarbonCycle","BurnedArea","GFED4.1S","ED-ModelC-final","Period Mean (original grids)","MeanState","ceam","scalar","%","0.75181","80.0"
"EcosystemandCarbonCycle","BurnedArea","GFED4.1S","ED-ModelC-final","Model Period Mean (intersection)","MeanState","ceam","scalar","%","0.855597","80.0"
"EcosystemandCarbonCycle","BurnedArea","GFED4.1S","ED-ModelC-final","Model Period Mean (complement)","MeanState","ceam","scalar","%","0.0902959","80.0"
"EcosystemandCarbonCycle","BurnedArea","GFED4.1S","ED-ModelC-final","Benchmark Period Mean (intersection)","MeanState","nhsa","scalar","%","0.142765","80.0"
"EcosystemandCarbonCycle","BurnedArea","GFED4.1S","ED-ModelC-final","Benchmark Period Mean (complement)","MeanState","nhsa","scalar","%","0","80.0"
"EcosystemandCarbonCycle","BurnedArea","GFED4.1S","ED-ModelC-final","Period Mean (original grids)","MeanState","nhsa","scalar","%","0.841181","80.0"
"EcosystemandCarbonCycle","BurnedArea","GFED4.1S","ED-ModelC-final","Model Period Mean (intersection)","MeanState","nhsa","scalar","%","0.892726","80.0"
"EcosystemandCarbonCycle","BurnedArea","GFED4.1S","ED-ModelC-final","Model Period Mean (complement)","MeanState","nhsa","scalar","%","0.10267","80.0"
"EcosystemandCarbonCycle","BurnedArea","GFED4.1S","ED-ModelC-final","Benchmark Period Mean (intersection)","MeanState","shsa","scalar","%","0.145694","80.0"
"EcosystemandCarbonCycle","BurnedArea","GFED4.1S","ED-ModelC-final","Benchmark Period Mean (complement)","MeanState","shsa","scalar","%","0","80.0"
"EcosystemandCarbonCycle","BurnedArea","GFED4.1S","ED-ModelC-final","Period Mean (original grids)","MeanState","shsa","scalar","%","0.94454","80.0"
"EcosystemandCarbonCycle","BurnedArea","GFED4.1S","ED-ModelC-final","Model Period Mean (intersection)","MeanState","shsa","scalar","%","0.979287","80.0"
"EcosystemandCarbonCycle","BurnedArea","GFED4.1S","ED-ModelC-final","Model Period Mean (complement)","MeanState","shsa","scalar","%","0.0333284","80.0"
"EcosystemandCarbonCycle","BurnedArea","GFED4.1S","ED-ModelC-final","Benchmark Period Mean (intersection)","MeanState","euro","scalar","%","0.0250618","80.0"
"EcosystemandCarbonCycle","BurnedArea","GFED4.1S","ED-ModelC-final","Benchmark Period Mean (complement)","MeanState","euro","scalar","%","0","80.0"
"EcosystemandCarbonCycle","BurnedArea","GFED4.1S","ED-ModelC-final","Period Mean (original grids)","MeanState","euro","scalar","%","0.288168","80.0"
"EcosystemandCarbonCycle","BurnedArea","GFED4.1S","ED-ModelC-final","Model Period Mean (intersection)","MeanState","euro","scalar","%","0.320702","80.0"
"EcosystemandCarbonCycle","BurnedArea","GFED4.1S","ED-ModelC-final","Model Period Mean (complement)","MeanState","euro","scalar","%","0.0408385","80.0"
"EcosystemandCarbonCycle","BurnedArea","GFED4.1S","ED-ModelC-final","Benchmark Period Mean (intersection)","MeanState","mide","scalar","%","0.025217","80.0"
"EcosystemandCarbonCycle","BurnedArea","GFED4.1S","ED-ModelC-final","Benchmark Period Mean (complement)","MeanState","mide","scalar","%","0","80.0"
"EcosystemandCarbonCycle","BurnedArea","GFED4.1S","ED-ModelC-final","Period Mean (original grids)","MeanState","mide","scalar","%","0.341438","80.0"
"EcosystemandCarbonCycle","BurnedArea","GFED4.1S","ED-ModelC-final","Model Period Mean (intersection)","MeanState","mide","scalar","%","0.424798","80.0"
"EcosystemandCarbonCycle","BurnedArea","GFED4.1S","ED-ModelC-final","Model Period Mean (complement)","MeanState","mide","scalar","%","0.128125","80.0"
"EcosystemandCarbonCycle","BurnedArea","GFED4.1S","ED-ModelC-final","Benchmark Period Mean (intersection)","MeanState","nhaf","scalar","%","1.23284","80.0"
"EcosystemandCarbonCycle","BurnedArea","GFED4.1S","ED-ModelC-final","Benchmark Period Mean (complement)","MeanState","nhaf","scalar","%","0","80.0"
"EcosystemandCarbonCycle","BurnedArea","GFED4.1S","ED-ModelC-final","Period Mean (original grids)","MeanState","nhaf","scalar","%","1.42894","80.0"
"EcosystemandCarbonCycle","BurnedArea","GFED4.1S","ED-ModelC-final","Model Period Mean (intersection)","MeanState","nhaf","scalar","%","1.51471","80.0"
"EcosystemandCarbonCycle","BurnedArea","GFED4.1S","ED-ModelC-final","Model Period Mean (complement)","MeanState","nhaf","scalar","%","0.177195","80.0"
"EcosystemandCarbonCycle","BurnedArea","GFED4.1S","ED-ModelC-final","Benchmark Period Mean (intersection)","MeanState","shaf","scalar","%","1.45692","80.0"
"EcosystemandCarbonCycle","BurnedArea","GFED4.1S","ED-ModelC-final","Benchmark Period Mean (complement)","MeanState","shaf","scalar","%","0","80.0"
"EcosystemandCarbonCycle","BurnedArea","GFED4.1S","ED-ModelC-final","Period Mean (original grids)","MeanState","shaf","scalar","%","1.42948","80.0"
"EcosystemandCarbonCycle","BurnedArea","GFED4.1S","ED-ModelC-final","Model Period Mean (intersection)","MeanState","shaf","scalar","%","1.47297","80.0"
"EcosystemandCarbonCycle","BurnedArea","GFED4.1S","ED-ModelC-final","Model Period Mean (complement)","MeanState","shaf","scalar","%","0.169837","80.0"
"EcosystemandCarbonCycle","BurnedArea","GFED4.1S","ED-ModelC-final","Benchmark Period Mean (intersection)","MeanState","boas","scalar","%","0.0336143","80.0"
"EcosystemandCarbonCycle","BurnedArea","GFED4.1S","ED-ModelC-final","Benchmark Period Mean (complement)","MeanState","boas","scalar","%","0","80.0"
"EcosystemandCarbonCycle","BurnedArea","GFED4.1S","ED-ModelC-final","Period Mean (original grids)","MeanState","boas","scalar","%","0.0731527","80.0"
"EcosystemandCarbonCycle","BurnedArea","GFED4.1S","ED-ModelC-final","Model Period Mean (intersection)","MeanState","boas","scalar","%","0.0741911","80.0"
"EcosystemandCarbonCycle","BurnedArea","GFED4.1S","ED-ModelC-final","Model Period Mean (complement)","MeanState","boas","scalar","%","0.00404477","80.0"
"EcosystemandCarbonCycle","BurnedArea","GFED4.1S","ED-ModelC-final","Benchmark Period Mean (intersection)","MeanState","ceas","scalar","%","0.125736","80.0"
"EcosystemandCarbonCycle","BurnedArea","GFED4.1S","ED-ModelC-final","Benchmark Period Mean (complement)","MeanState","ceas","scalar","%","0","80.0"
"EcosystemandCarbonCycle","BurnedArea","GFED4.1S","ED-ModelC-final","Period Mean (original grids)","MeanState","ceas","scalar","%","0.258832","80.0"
"EcosystemandCarbonCycle","BurnedArea","GFED4.1S","ED-ModelC-final","Model Period Mean (intersection)","MeanState","ceas","scalar","%","0.272982","80.0"
"EcosystemandCarbonCycle","BurnedArea","GFED4.1S","ED-ModelC-final","Model Period Mean (complement)","MeanState","ceas","scalar","%","0.100272","80.0"
"EcosystemandCarbonCycle","BurnedArea","GFED4.1S","ED-ModelC-final","Benchmark Period Mean (intersection)","MeanState","seas","scalar","%","0.148029","80.0"
"EcosystemandCarbonCycle","BurnedArea","GFED4.1S","ED-ModelC-final","Benchmark Period Mean (complement)","MeanState","seas","scalar","%","0","80.0"
"EcosystemandCarbonCycle","BurnedArea","GFED4.1S","ED-ModelC-final","Period Mean (original grids)","MeanState","seas","scalar","%","1.03614","80.0"
"EcosystemandCarbonCycle","BurnedArea","GFED4.1S","ED-ModelC-final","Model Period Mean (intersection)","MeanState","seas","scalar","%","1.12108","80.0"
"EcosystemandCarbonCycle","BurnedArea","GFED4.1S","ED-ModelC-final","Model Period Mean (complement)","MeanState","seas","scalar","%","0.105606","80.0"
"EcosystemandCarbonCycle","BurnedArea","GFED4.1S","ED-ModelC-final","Benchmark Period Mean (intersection)","MeanState","eqas","scalar","%","0.0480126","80.0"
"EcosystemandCarbonCycle","BurnedArea","GFED4.1S","ED-ModelC-final","Benchmark Period Mean (complement)","MeanState","eqas","scalar","%","0","80.0"
"EcosystemandCarbonCycle","BurnedArea","GFED4.1S","ED-ModelC-final","Period Mean (original grids)","MeanState","eqas","scalar","%","0.307191","80.0"
"EcosystemandCarbonCycle","BurnedArea","GFED4.1S","ED-ModelC-final","Model Period Mean (intersection)","MeanState","eqas","scalar","%","0.415556","80.0"
"EcosystemandCarbonCycle","BurnedArea","GFED4.1S","ED-ModelC-final","Model Period Mean (complement)","MeanState","eqas","scalar","%","0.0230431","80.0"
"EcosystemandCarbonCycle","BurnedArea","GFED4.1S","ED-ModelC-final","Benchmark Period Mean (intersection)","MeanState","aust","scalar","%","0.529194","80.0"
"EcosystemandCarbonCycle","BurnedArea","GFED4.1S","ED-ModelC-final","Benchmark Period Mean (complement)","MeanState","aust","scalar","%","0","80.0"
"EcosystemandCarbonCycle","BurnedArea","GFED4.1S","ED-ModelC-final","Period Mean (original grids)","MeanState","aust","scalar","%","0.511498","80.0"
"EcosystemandCarbonCycle","BurnedArea","GFED4.1S","ED-ModelC-final","Model Period Mean (intersection)","MeanState","aust","scalar","%","0.541069","80.0"
"EcosystemandCarbonCycle","BurnedArea","GFED4.1S","ED-ModelC-final","Model Period Mean (complement)","MeanState","aust","scalar","%","0.129021","80.0"
"EcosystemandCarbonCycle","BurnedArea","GFED4.1S","ED-ModelC-final","Spatial Distribution Score","MeanState","global","score","1","0.772351","80.0"
"EcosystemandCarbonCycle","BurnedArea","GFED4.1S","ED-ModelC-final","Spatial Distribution Score","MeanState","bona","score","1","0.654858","80.0"
"EcosystemandCarbonCycle","BurnedArea","GFED4.1S","ED-ModelC-final","Spatial Distribution Score","MeanState","tena","score","1","0.160304","80.0"
"EcosystemandCarbonCycle","BurnedArea","GFED4.1S","ED-ModelC-final","Spatial Distribution Score","MeanState","ceam","score","1","0.125564","80.0"
"EcosystemandCarbonCycle","BurnedArea","GFED4.1S","ED-ModelC-final","Spatial Distribution Score","MeanState","nhsa","score","1","0.626989","80.0"
"EcosystemandCarbonCycle","BurnedArea","GFED4.1S","ED-ModelC-final","Spatial Distribution Score","MeanState","shsa","score","1","0.383616","80.0"
"EcosystemandCarbonCycle","BurnedArea","GFED4.1S","ED-ModelC-final","Spatial Distribution Score","MeanState","euro","score","1","0.080499","80.0"
"EcosystemandCarbonCycle","BurnedArea","GFED4.1S","ED-ModelC-final","Spatial Distribution Score","MeanState","mide","score","1","0.0911787","80.0"
"EcosystemandCarbonCycle","BurnedArea","GFED4.1S","ED-ModelC-final","Spatial Distribution Score","MeanState","nhaf","score","1","0.59981","80.0"
"EcosystemandCarbonCycle","BurnedArea","GFED4.1S","ED-ModelC-final","Spatial Distribution Score","MeanState","shaf","score","1","0.567063","80.0"
"EcosystemandCarbonCycle","BurnedArea","GFED4.1S","ED-ModelC-final","Spatial Distribution Score","MeanState","boas","score","1","0.767865","80.0"
"EcosystemandCarbonCycle","BurnedArea","GFED4.1S","ED-ModelC-final","Spatial Distribution Score","MeanState","ceas","score","1","0.726466","80.0"
"EcosystemandCarbonCycle","BurnedArea","GFED4.1S","ED-ModelC-final","Spatial Distribution Score","MeanState","seas","score","1","0.358569","80.0"
"EcosystemandCarbonCycle","BurnedArea","GFED4.1S","ED-ModelC-final","Spatial Distribution Score","MeanState","eqas","score","1","0.177092","80.0"
"EcosystemandCarbonCycle","BurnedArea","GFED4.1S","ED-ModelC-final","Spatial Distribution Score","MeanState","aust","score","1","0.721918","80.0"
"EcosystemandCarbonCycle","BurnedArea","GFED4.1S","ED-ModelC-final","Phase Shift","MeanState","global","scalar","months","2.05853","80.0"
"EcosystemandCarbonCycle","BurnedArea","GFED4.1S","ED-ModelC-final","Seasonal Cycle Score","MeanState","global","score","1","0.84569","80.0"
"EcosystemandCarbonCycle","BurnedArea","GFED4.1S","ED-ModelC-final","Phase Shift","MeanState","bona","scalar","months","1.89796","80.0"
"EcosystemandCarbonCycle","BurnedArea","GFED4.1S","ED-ModelC-final","Seasonal Cycle Score","MeanState","bona","score","1","0.925121","80.0"
"EcosystemandCarbonCycle","BurnedArea","GFED4.1S","ED-ModelC-final","Phase Shift","MeanState","tena","scalar","months","2.40692","80.0"
"EcosystemandCarbonCycle","BurnedArea","GFED4.1S","ED-ModelC-final","Seasonal Cycle Score","MeanState","tena","score","1","0.694036","80.0"
"EcosystemandCarbonCycle","BurnedArea","GFED4.1S","ED-ModelC-final","Phase Shift","MeanState","ceam","scalar","months","1.71508","80.0"
"EcosystemandCarbonCycle","BurnedArea","GFED4.1S","ED-ModelC-final","Seasonal Cycle Score","MeanState","ceam","score","1","0.84747","80.0"
"EcosystemandCarbonCycle","BurnedArea","GFED4.1S","ED-ModelC-final","Phase Shift","MeanState","nhsa","scalar","months","1.42272","80.0"
"EcosystemandCarbonCycle","BurnedArea","GFED4.1S","ED-ModelC-final","Seasonal Cycle Score","MeanState","nhsa","score","1","0.914425","80.0"
"EcosystemandCarbonCycle","BurnedArea","GFED4.1S","ED-ModelC-final","Phase Shift","MeanState","shsa","scalar","months","1.86776","80.0"
"EcosystemandCarbonCycle","BurnedArea","GFED4.1S","ED-ModelC-final","Seasonal Cycle Score","MeanState","shsa","score","1","0.820024","80.0"
"EcosystemandCarbonCycle","BurnedArea","GFED4.1S","ED-ModelC-final","Phase Shift","MeanState","euro","scalar","months","2.1894","80.0"
"EcosystemandCarbonCycle","BurnedArea","GFED4.1S","ED-ModelC-final","Seasonal Cycle Score","MeanState","euro","score","1","0.808165","80.0"
"EcosystemandCarbonCycle","BurnedArea","GFED4.1S","ED-ModelC-final","Phase Shift","MeanState","mide","scalar","months","2.54107","80.0"
"EcosystemandCarbonCycle","BurnedArea","GFED4.1S","ED-ModelC-final","Seasonal Cycle Score","MeanState","mide","score","1","0.76584","80.0"
"EcosystemandCarbonCycle","BurnedArea","GFED4.1S","ED-ModelC-final","Phase Shift","MeanState","nhaf","scalar","months","1.73904","80.0"
"EcosystemandCarbonCycle","BurnedArea","GFED4.1S","ED-ModelC-final","Seasonal Cycle Score","MeanState","nhaf","score","1","0.901029","80.0"
"EcosystemandCarbonCycle","BurnedArea","GFED4.1S","ED-ModelC-final","Phase Shift","MeanState","shaf","scalar","months","1.42193","80.0"
"EcosystemandCarbonCycle","BurnedArea","GFED4.1S","ED-ModelC-final","Seasonal Cycle Score","MeanState","shaf","score","1","0.902122","80.0"
"EcosystemandCarbonCycle","BurnedArea","GFED4.1S","ED-ModelC-final","Phase Shift","MeanState","boas","scalar","months","1.81847","80.0"
"EcosystemandCarbonCycle","BurnedArea","GFED4.1S","ED-ModelC-final","Seasonal Cycle Score","MeanState","boas","score","1","0.796639","80.0"
"EcosystemandCarbonCycle","BurnedArea","GFED4.1S","ED-ModelC-final","Phase Shift","MeanState","ceas","scalar","months","2.3707","80.0"
"EcosystemandCarbonCycle","BurnedArea","GFED4.1S","ED-ModelC-final","Seasonal Cycle Score","MeanState","ceas","score","1","0.722163","80.0"
"EcosystemandCarbonCycle","BurnedArea","GFED4.1S","ED-ModelC-final","Phase Shift","MeanState","seas","scalar","months","2.26639","80.0"
"EcosystemandCarbonCycle","BurnedArea","GFED4.1S","ED-ModelC-final","Seasonal Cycle Score","MeanState","seas","score","1","0.826697","80.0"
"EcosystemandCarbonCycle","BurnedArea","GFED4.1S","ED-ModelC-final","Phase Shift","MeanState","eqas","scalar","months","1.99882","80.0"
"EcosystemandCarbonCycle","BurnedArea","GFED4.1S","ED-ModelC-final","Seasonal Cycle Score","MeanState","eqas","score","1","0.836452","80.0"
"EcosystemandCarbonCycle","BurnedArea","GFED4.1S","ED-ModelC-final","Phase Shift","MeanState","aust","scalar","months","2.58364","80.0"
"EcosystemandCarbonCycle","BurnedArea","GFED4.1S","ED-ModelC-final","Seasonal Cycle Score","MeanState","aust","score","1","0.579524","80.0"
"EcosystemandCarbonCycle","BurnedArea","GFED4.1S","ED-ModelC-final","Bias","MeanState","global","scalar","%","0.333445","80.0"
"EcosystemandCarbonCycle","BurnedArea","GFED4.1S","ED-ModelC-final","Bias Score","MeanState","global","score","1","0.728089","80.0"
"EcosystemandCarbonCycle","BurnedArea","GFED4.1S","ED-ModelC-final","Bias","MeanState","bona","scalar","%","0.0118194","80.0"
"EcosystemandCarbonCycle","BurnedArea","GFED4.1S","ED-ModelC-final","Bias Score","MeanState","bona","score","1","0.883981","80.0"
"EcosystemandCarbonCycle","BurnedArea","GFED4.1S","ED-ModelC-final","Bias","MeanState","tena","scalar","%","0.35733","80.0"
"EcosystemandCarbonCycle","BurnedArea","GFED4.1S","ED-ModelC-final","Bias Score","MeanState","tena","score","1","0.437076","80.0"
"EcosystemandCarbonCycle","BurnedArea","GFED4.1S","ED-ModelC-final","Bias","MeanState","ceam","scalar","%","0.77317","80.0"
"EcosystemandCarbonCycle","BurnedArea","GFED4.1S","ED-ModelC-final","Bias Score","MeanState","ceam","score","1","0.286887","80.0"
"EcosystemandCarbonCycle","BurnedArea","GFED4.1S","ED-ModelC-final","Bias","MeanState","nhsa","scalar","%","0.749962","80.0"
"EcosystemandCarbonCycle","BurnedArea","GFED4.1S","ED-ModelC-final","Bias Score","MeanState","nhsa","score","1","0.501408","80.0"
"EcosystemandCarbonCycle","BurnedArea","GFED4.1S","ED-ModelC-final","Bias","MeanState","shsa","scalar","%","0.833593","80.0"
"EcosystemandCarbonCycle","BurnedArea","GFED4.1S","ED-ModelC-final","Bias Score","MeanState","shsa","score","1","0.473091","80.0"
"EcosystemandCarbonCycle","BurnedArea","GFED4.1S","ED-ModelC-final","Bias","MeanState","euro","scalar","%","0.29564","80.0"
"EcosystemandCarbonCycle","BurnedArea","GFED4.1S","ED-ModelC-final","Bias Score","MeanState","euro","score","1","0.39345","80.0"
"EcosystemandCarbonCycle","BurnedArea","GFED4.1S","ED-ModelC-final","Bias","MeanState","mide","scalar","%","0.399581","80.0"
"EcosystemandCarbonCycle","BurnedArea","GFED4.1S","ED-ModelC-final","Bias Score","MeanState","mide","score","1","0.436689","80.0"
"EcosystemandCarbonCycle","BurnedArea","GFED4.1S","ED-ModelC-final","Bias","MeanState","nhaf","scalar","%","0.281868","80.0"
"EcosystemandCarbonCycle","BurnedArea","GFED4.1S","ED-ModelC-final","Bias Score","MeanState","nhaf","score","1","0.769337","80.0"
"EcosystemandCarbonCycle","BurnedArea","GFED4.1S","ED-ModelC-final","Bias","MeanState","shaf","scalar","%","0.016048","80.0"
"EcosystemandCarbonCycle","BurnedArea","GFED4.1S","ED-ModelC-final","Bias Score","MeanState","shaf","score","1","0.759732","80.0"
"EcosystemandCarbonCycle","BurnedArea","GFED4.1S","ED-ModelC-final","Bias","MeanState","boas","scalar","%","0.0405767","80.0"
"EcosystemandCarbonCycle","BurnedArea","GFED4.1S","ED-ModelC-final","Bias Score","MeanState","boas","score","1","0.840753","80.0"
"EcosystemandCarbonCycle","BurnedArea","GFED4.1S","ED-ModelC-final","Bias","MeanState","ceas","scalar","%","0.147246","80.0"
"EcosystemandCarbonCycle","BurnedArea","GFED4.1S","ED-ModelC-final","Bias Score","MeanState","ceas","score","1","0.783351","80.0"
"EcosystemandCarbonCycle","BurnedArea","GFED4.1S","ED-ModelC-final","Bias","MeanState","seas","scalar","%","0.973053","80.0"
"EcosystemandCarbonCycle","BurnedArea","GFED4.1S","ED-ModelC-final","Bias Score","MeanState","seas","score","1","0.496169","80.0"
"EcosystemandCarbonCycle","BurnedArea","GFED4.1S","ED-ModelC-final","Bias","MeanState","eqas","scalar","%","0.367544","80.0"
"EcosystemandCarbonCycle","BurnedArea","GFED4.1S","ED-ModelC-final","Bias Score","MeanState","eqas","score","1","0.477132","80.0"
"EcosystemandCarbonCycle","BurnedArea","GFED4.1S","ED-ModelC-final","Bias","MeanState","aust","scalar","%","0.011875","80.0"
"EcosystemandCarbonCycle","BurnedArea","GFED4.1S","ED-ModelC-final","Bias Score","MeanState","aust","score","1","0.745626","80.0"
"EcosystemandCarbonCycle","BurnedArea","GFED4.1S","ED-ModelC-final","RMSE","MeanState","global","scalar","%","0.983043","80.0"
"EcosystemandCarbonCycle","BurnedArea","GFED4.1S","ED-ModelC-final","RMSE Score","MeanState","global","score","1","0.505759","80.0"
"EcosystemandCarbonCycle","BurnedArea","GFED4.1S","ED-ModelC-final","RMSE","MeanState","bona","scalar","%","0.129741","80.0"
"EcosystemandCarbonCycle","BurnedArea","GFED4.1S","ED-ModelC-final","RMSE Score","MeanState","bona","score","1","0.742535","80.0"
"EcosystemandCarbonCycle","BurnedArea","GFED4.1S","ED-ModelC-final","RMSE","MeanState","tena","scalar","%","0.609779","80.0"
"EcosystemandCarbonCycle","BurnedArea","GFED4.1S","ED-ModelC-final","RMSE Score","MeanState","tena","score","1","0.307975","80.0"
"EcosystemandCarbonCycle","BurnedArea","GFED4.1S","ED-ModelC-final","RMSE","MeanState","ceam","scalar","%","0.957688","80.0"
"EcosystemandCarbonCycle","BurnedArea","GFED4.1S","ED-ModelC-final","RMSE Score","MeanState","ceam","score","1","0.310422","80.0"
"EcosystemandCarbonCycle","BurnedArea","GFED4.1S","ED-ModelC-final","RMSE","MeanState","nhsa","scalar","%","0.914459","80.0"
"EcosystemandCarbonCycle","BurnedArea","GFED4.1S","ED-ModelC-final","RMSE Score","MeanState","nhsa","score","1","0.49315","80.0"
"EcosystemandCarbonCycle","BurnedArea","GFED4.1S","ED-ModelC-final","RMSE","MeanState","shsa","scalar","%","1.05571","80.0"
"EcosystemandCarbonCycle","BurnedArea","GFED4.1S","ED-ModelC-final","RMSE Score","MeanState","shsa","score","1","0.429758","80.0"
"EcosystemandCarbonCycle","BurnedArea","GFED4.1S","ED-ModelC-final","RMSE","MeanState","euro","scalar","%","0.516627","80.0"
"EcosystemandCarbonCycle","BurnedArea","GFED4.1S","ED-ModelC-final","RMSE Score","MeanState","euro","score","1","0.261763","80.0"
"EcosystemandCarbonCycle","BurnedArea","GFED4.1S","ED-ModelC-final","RMSE","MeanState","mide","scalar","%","0.650178","80.0"
"EcosystemandCarbonCycle","BurnedArea","GFED4.1S","ED-ModelC-final","RMSE Score","MeanState","mide","score","1","0.310067","80.0"
"EcosystemandCarbonCycle","BurnedArea","GFED4.1S","ED-ModelC-final","RMSE","MeanState","nhaf","scalar","%","2.60824","80.0"
"EcosystemandCarbonCycle","BurnedArea","GFED4.1S","ED-ModelC-final","RMSE Score","MeanState","nhaf","score","1","0.479548","80.0"
"EcosystemandCarbonCycle","BurnedArea","GFED4.1S","ED-ModelC-final","RMSE","MeanState","shaf","scalar","%","2.40356","80.0"
"EcosystemandCarbonCycle","BurnedArea","GFED4.1S","ED-ModelC-final","RMSE Score","MeanState","shaf","score","1","0.502274","80.0"
"EcosystemandCarbonCycle","BurnedArea","GFED4.1S","ED-ModelC-final","RMSE","MeanState","boas","scalar","%","0.175138","80.0"
"EcosystemandCarbonCycle","BurnedArea","GFED4.1S","ED-ModelC-final","RMSE Score","MeanState","boas","score","1","0.619204","80.0"
"EcosystemandCarbonCycle","BurnedArea","GFED4.1S","ED-ModelC-final","RMSE","MeanState","ceas","scalar","%","0.508035","80.0"
"EcosystemandCarbonCycle","BurnedArea","GFED4.1S","ED-ModelC-final","RMSE Score","MeanState","ceas","score","1","0.560258","80.0"
"EcosystemandCarbonCycle","BurnedArea","GFED4.1S","ED-ModelC-final","RMSE","MeanState","seas","scalar","%","1.31547","80.0"
"EcosystemandCarbonCycle","BurnedArea","GFED4.1S","ED-ModelC-final","RMSE Score","MeanState","seas","score","1","0.377266","80.0"
"EcosystemandCarbonCycle","BurnedArea","GFED4.1S","ED-ModelC-final","RMSE","MeanState","eqas","scalar","%","0.442797","80.0"
"EcosystemandCarbonCycle","BurnedArea","GFED4.1S","ED-ModelC-final","RMSE Score","MeanState","eqas","score","1","0.523149","80.0"
"EcosystemandCarbonCycle","BurnedArea","GFED4.1S","ED-ModelC-final","RMSE","MeanState","aust","scalar","%","1.13037","80.0"
"EcosystemandCarbonCycle","BurnedArea","GFED4.1S","ED-ModelC-final","RMSE Score","MeanState","aust","score","1","0.652014","80.0"
"EcosystemandCarbonCycle","BurnedArea","GFED4.1S","ED-ModelC-curing_ratio-r500","Benchmark Period Mean (intersection)","MeanState","global","scalar","%","0.329776","80.0"
"EcosystemandCarbonCycle","BurnedArea","GFED4.1S","ED-ModelC-curing_ratio-r500","Benchmark Period Mean (complement)","MeanState","global","scalar","%","0","80.0"
"EcosystemandCarbonCycle","BurnedArea","GFED4.1S","ED-ModelC-curing_ratio-r500","Period Mean (original grids)","MeanState","global","scalar","%","0.155023","80.0"
"EcosystemandCarbonCycle","BurnedArea","GFED4.1S","ED-ModelC-curing_ratio-r500","Model Period Mean (intersection)","MeanState","global","scalar","%","0.167846","80.0"
"EcosystemandCarbonCycle","BurnedArea","GFED4.1S","ED-ModelC-curing_ratio-r500","Model Period Mean (complement)","MeanState","global","scalar","%","0.0259514","80.0"
"EcosystemandCarbonCycle","BurnedArea","GFED4.1S","ED-ModelC-curing_ratio-r500","Benchmark Period Mean (intersection)","MeanState","bona","scalar","%","0.0334473","80.0"
"EcosystemandCarbonCycle","BurnedArea","GFED4.1S","ED-ModelC-curing_ratio-r500","Benchmark Period Mean (complement)","MeanState","bona","scalar","%","0","80.0"
"EcosystemandCarbonCycle","BurnedArea","GFED4.1S","ED-ModelC-curing_ratio-r500","Period Mean (original grids)","MeanState","bona","scalar","%","0.00343464","80.0"
"EcosystemandCarbonCycle","BurnedArea","GFED4.1S","ED-ModelC-curing_ratio-r500","Model Period Mean (intersection)","MeanState","bona","scalar","%","0.00353184","80.0"
"EcosystemandCarbonCycle","BurnedArea","GFED4.1S","ED-ModelC-curing_ratio-r500","Model Period Mean (complement)","MeanState","bona","scalar","%","0.000532246","80.0"
"EcosystemandCarbonCycle","BurnedArea","GFED4.1S","ED-ModelC-curing_ratio-r500","Benchmark Period Mean (intersection)","MeanState","tena","scalar","%","0.0259374","80.0"
"EcosystemandCarbonCycle","BurnedArea","GFED4.1S","ED-ModelC-curing_ratio-r500","Benchmark Period Mean (complement)","MeanState","tena","scalar","%","0","80.0"
"EcosystemandCarbonCycle","BurnedArea","GFED4.1S","ED-ModelC-curing_ratio-r500","Period Mean (original grids)","MeanState","tena","scalar","%","0.0590712","80.0"
"EcosystemandCarbonCycle","BurnedArea","GFED4.1S","ED-ModelC-curing_ratio-r500","Model Period Mean (intersection)","MeanState","tena","scalar","%","0.0603974","80.0"
"EcosystemandCarbonCycle","BurnedArea","GFED4.1S","ED-ModelC-curing_ratio-r500","Model Period Mean (complement)","MeanState","tena","scalar","%","0.0186839","80.0"
"EcosystemandCarbonCycle","BurnedArea","GFED4.1S","ED-ModelC-curing_ratio-r500","Benchmark Period Mean (intersection)","MeanState","ceam","scalar","%","0.0824275","80.0"
"EcosystemandCarbonCycle","BurnedArea","GFED4.1S","ED-ModelC-curing_ratio-r500","Benchmark Period Mean (complement)","MeanState","ceam","scalar","%","0","80.0"
"EcosystemandCarbonCycle","BurnedArea","GFED4.1S","ED-ModelC-curing_ratio-r500","Period Mean (original grids)","MeanState","ceam","scalar","%","0.141571","80.0"
"EcosystemandCarbonCycle","BurnedArea","GFED4.1S","ED-ModelC-curing_ratio-r500","Model Period Mean (intersection)","MeanState","ceam","scalar","%","0.160431","80.0"
"EcosystemandCarbonCycle","BurnedArea","GFED4.1S","ED-ModelC-curing_ratio-r500","Model Period Mean (complement)","MeanState","ceam","scalar","%","0.0213585","80.0"
"EcosystemandCarbonCycle","BurnedArea","GFED4.1S","ED-ModelC-curing_ratio-r500","Benchmark Period Mean (intersection)","MeanState","nhsa","scalar","%","0.142765","80.0"
"EcosystemandCarbonCycle","BurnedArea","GFED4.1S","ED-ModelC-curing_ratio-r500","Benchmark Period Mean (complement)","MeanState","nhsa","scalar","%","0","80.0"
"EcosystemandCarbonCycle","BurnedArea","GFED4.1S","ED-ModelC-curing_ratio-r500","Period Mean (original grids)","MeanState","nhsa","scalar","%","0.149779","80.0"
"EcosystemandCarbonCycle","BurnedArea","GFED4.1S","ED-ModelC-curing_ratio-r500","Model Period Mean (intersection)","MeanState","nhsa","scalar","%","0.157184","80.0"
"EcosystemandCarbonCycle","BurnedArea","GFED4.1S","ED-ModelC-curing_ratio-r500","Model Period Mean (complement)","MeanState","nhsa","scalar","%","0.0436794","80.0"
"EcosystemandCarbonCycle","BurnedArea","GFED4.1S","ED-ModelC-curing_ratio-r500","Benchmark Period Mean (intersection)","MeanState","shsa","scalar","%","0.145694","80.0"
"EcosystemandCarbonCycle","BurnedArea","GFED4.1S","ED-ModelC-curing_ratio-r500","Benchmark Period Mean (complement)","MeanState","shsa","scalar","%","0","80.0"
"EcosystemandCarbonCycle","BurnedArea","GFED4.1S","ED-ModelC-curing_ratio-r500","Period Mean (original grids)","MeanState","shsa","scalar","%","0.2141","80.0"
"EcosystemandCarbonCycle","BurnedArea","GFED4.1S","ED-ModelC-curing_ratio-r500","Model Period Mean (intersection)","MeanState","shsa","scalar","%","0.222143","80.0"
"EcosystemandCarbonCycle","BurnedArea","GFED4.1S","ED-ModelC-curing_ratio-r500","Model Period Mean (complement)","MeanState","shsa","scalar","%","0.00317402","80.0"
"EcosystemandCarbonCycle","BurnedArea","GFED4.1S","ED-ModelC-curing_ratio-r500","Benchmark Period Mean (intersection)","MeanState","euro","scalar","%","0.0250618","80.0"
"EcosystemandCarbonCycle","BurnedArea","GFED4.1S","ED-ModelC-curing_ratio-r500","Benchmark Period Mean (complement)","MeanState","euro","scalar","%","0","80.0"
"EcosystemandCarbonCycle","BurnedArea","GFED4.1S","ED-ModelC-curing_ratio-r500","Period Mean (original grids)","MeanState","euro","scalar","%","0.036536","80.0"
"EcosystemandCarbonCycle","BurnedArea","GFED4.1S","ED-ModelC-curing_ratio-r500","Model Period Mean (intersection)","MeanState","euro","scalar","%","0.0403197","80.0"
"EcosystemandCarbonCycle","BurnedArea","GFED4.1S","ED-ModelC-curing_ratio-r500","Model Period Mean (complement)","MeanState","euro","scalar","%","0.00777173","80.0"
"EcosystemandCarbonCycle","BurnedArea","GFED4.1S","ED-ModelC-curing_ratio-r500","Benchmark Period Mean (intersection)","MeanState","mide","scalar","%","0.025217","80.0"
"EcosystemandCarbonCycle","BurnedArea","GFED4.1S","ED-ModelC-curing_ratio-r500","Benchmark Period Mean (complement)","MeanState","mide","scalar","%","0","80.0"
"EcosystemandCarbonCycle","BurnedArea","GFED4.1S","ED-ModelC-curing_ratio-r500","Period Mean (original grids)","MeanState","mide","scalar","%","0.0825061","80.0"
"EcosystemandCarbonCycle","BurnedArea","GFED4.1S","ED-ModelC-curing_ratio-r500","Model Period Mean (intersection)","MeanState","mide","scalar","%","0.0984881","80.0"
"EcosystemandCarbonCycle","BurnedArea","GFED4.1S","ED-ModelC-curing_ratio-r500","Model Period Mean (complement)","MeanState","mide","scalar","%","0.0416093","80.0"
"EcosystemandCarbonCycle","BurnedArea","GFED4.1S","ED-ModelC-curing_ratio-r500","Benchmark Period Mean (intersection)","MeanState","nhaf","scalar","%","1.23284","80.0"
"EcosystemandCarbonCycle","BurnedArea","GFED4.1S","ED-ModelC-curing_ratio-r500","Benchmark Period Mean (complement)","MeanState","nhaf","scalar","%","0","80.0"
"EcosystemandCarbonCycle","BurnedArea","GFED4.1S","ED-ModelC-curing_ratio-r500","Period Mean (original grids)","MeanState","nhaf","scalar","%","0.540986","80.0"
"EcosystemandCarbonCycle","BurnedArea","GFED4.1S","ED-ModelC-curing_ratio-r500","Model Period Mean (intersection)","MeanState","nhaf","scalar","%","0.573375","80.0"
"EcosystemandCarbonCycle","BurnedArea","GFED4.1S","ED-ModelC-curing_ratio-r500","Model Period Mean (complement)","MeanState","nhaf","scalar","%","0.0682997","80.0"
"EcosystemandCarbonCycle","BurnedArea","GFED4.1S","ED-ModelC-curing_ratio-r500","Benchmark Period Mean (intersection)","MeanState","shaf","scalar","%","1.45692","80.0"
"EcosystemandCarbonCycle","BurnedArea","GFED4.1S","ED-ModelC-curing_ratio-r500","Benchmark Period Mean (complement)","MeanState","shaf","scalar","%","0","80.0"
"EcosystemandCarbonCycle","BurnedArea","GFED4.1S","ED-ModelC-curing_ratio-r500","Period Mean (original grids)","MeanState","shaf","scalar","%","0.34004","80.0"
"EcosystemandCarbonCycle","BurnedArea","GFED4.1S","ED-ModelC-curing_ratio-r500","Model Period Mean (intersection)","MeanState","shaf","scalar","%","0.351002","80.0"
"EcosystemandCarbonCycle","BurnedArea","GFED4.1S","ED-ModelC-curing_ratio-r500","Model Period Mean (complement)","MeanState","shaf","scalar","%","0.0225298","80.0"
"EcosystemandCarbonCycle","BurnedArea","GFED4.1S","ED-ModelC-curing_ratio-r500","Benchmark Period Mean (intersection)","MeanState","boas","scalar","%","0.0336143","80.0"
"EcosystemandCarbonCycle","BurnedArea","GFED4.1S","ED-ModelC-curing_ratio-r500","Benchmark Period Mean (complement)","MeanState","boas","scalar","%","0","80.0"
"EcosystemandCarbonCycle","BurnedArea","GFED4.1S","ED-ModelC-curing_ratio-r500","Period Mean (original grids)","MeanState","boas","scalar","%","0.00533374","80.0"
"EcosystemandCarbonCycle","BurnedArea","GFED4.1S","ED-ModelC-curing_ratio-r500","Model Period Mean (intersection)","MeanState","boas","scalar","%","0.00540578","80.0"
"EcosystemandCarbonCycle","BurnedArea","GFED4.1S","ED-ModelC-curing_ratio-r500","Model Period Mean (complement)","MeanState","boas","scalar","%","0.000539069","80.0"
"EcosystemandCarbonCycle","BurnedArea","GFED4.1S","ED-ModelC-curing_ratio-r500","Benchmark Period Mean (intersection)","MeanState","ceas","scalar","%","0.125736","80.0"
"EcosystemandCarbonCycle","BurnedArea","GFED4.1S","ED-ModelC-curing_ratio-r500","Benchmark Period Mean (complement)","MeanState","ceas","scalar","%","0","80.0"
"EcosystemandCarbonCycle","BurnedArea","GFED4.1S","ED-ModelC-curing_ratio-r500","Period Mean (original grids)","MeanState","ceas","scalar","%","0.0497998","80.0"
"EcosystemandCarbonCycle","BurnedArea","GFED4.1S","ED-ModelC-curing_ratio-r500","Model Period Mean (intersection)","MeanState","ceas","scalar","%","0.0512155","80.0"
"EcosystemandCarbonCycle","BurnedArea","GFED4.1S","ED-ModelC-curing_ratio-r500","Model Period Mean (complement)","MeanState","ceas","scalar","%","0.0339358","80.0"
"EcosystemandCarbonCycle","BurnedArea","GFED4.1S","ED-ModelC-curing_ratio-r500","Benchmark Period Mean (intersection)","MeanState","seas","scalar","%","0.148029","80.0"
"EcosystemandCarbonCycle","BurnedArea","GFED4.1S","ED-ModelC-curing_ratio-r500","Benchmark Period Mean (complement)","MeanState","seas","scalar","%","0","80.0"
"EcosystemandCarbonCycle","BurnedArea","GFED4.1S","ED-ModelC-curing_ratio-r500","Period Mean (original grids)","MeanState","seas","scalar","%","0.260035","80.0"
"EcosystemandCarbonCycle","BurnedArea","GFED4.1S","ED-ModelC-curing_ratio-r500","Model Period Mean (intersection)","MeanState","seas","scalar","%","0.280583","80.0"
"EcosystemandCarbonCycle","BurnedArea","GFED4.1S","ED-ModelC-curing_ratio-r500","Model Period Mean (complement)","MeanState","seas","scalar","%","0.0349416","80.0"
"EcosystemandCarbonCycle","BurnedArea","GFED4.1S","ED-ModelC-curing_ratio-r500","Benchmark Period Mean (intersection)","MeanState","eqas","scalar","%","0.0480126","80.0"
"EcosystemandCarbonCycle","BurnedArea","GFED4.1S","ED-ModelC-curing_ratio-r500","Benchmark Period Mean (complement)","MeanState","eqas","scalar","%","0","80.0"
"EcosystemandCarbonCycle","BurnedArea","GFED4.1S","ED-ModelC-curing_ratio-r500","Period Mean (original grids)","MeanState","eqas","scalar","%","0.0406934","80.0"
"EcosystemandCarbonCycle","BurnedArea","GFED4.1S","ED-ModelC-curing_ratio-r500","Model Period Mean (intersection)","MeanState","eqas","scalar","%","0.0538694","80.0"
"EcosystemandCarbonCycle","BurnedArea","GFED4.1S","ED-ModelC-curing_ratio-r500","Model Period Mean (complement)","MeanState","eqas","scalar","%","0.00614423","80.0"
"EcosystemandCarbonCycle","BurnedArea","GFED4.1S","ED-ModelC-curing_ratio-r500","Benchmark Period Mean (intersection)","MeanState","aust","scalar","%","0.529194","80.0"
"EcosystemandCarbonCycle","BurnedArea","GFED4.1S","ED-ModelC-curing_ratio-r500","Benchmark Period Mean (complement)","MeanState","aust","scalar","%","0","80.0"
"EcosystemandCarbonCycle","BurnedArea","GFED4.1S","ED-ModelC-curing_ratio-r500","Period Mean (original grids)","MeanState","aust","scalar","%","0.17857","80.0"
"EcosystemandCarbonCycle","BurnedArea","GFED4.1S","ED-ModelC-curing_ratio-r500","Model Period Mean (intersection)","MeanState","aust","scalar","%","0.188773","80.0"
"EcosystemandCarbonCycle","BurnedArea","GFED4.1S","ED-ModelC-curing_ratio-r500","Model Period Mean (complement)","MeanState","aust","scalar","%","0.0466025","80.0"
"EcosystemandCarbonCycle","BurnedArea","GFED4.1S","ED-ModelC-curing_ratio-r500","Spatial Distribution Score","MeanState","global","score","1","0.301372","80.0"
"EcosystemandCarbonCycle","BurnedArea","GFED4.1S","ED-ModelC-curing_ratio-r500","Spatial Distribution Score","MeanState","bona","score","1","0.0111739","80.0"
"EcosystemandCarbonCycle","BurnedArea","GFED4.1S","ED-ModelC-curing_ratio-r500","Spatial Distribution Score","MeanState","tena","score","1","0.72978","80.0"
"EcosystemandCarbonCycle","BurnedArea","GFED4.1S","ED-ModelC-curing_ratio-r500","Spatial Distribution Score","MeanState","ceam","score","1","0.70761","80.0"
"EcosystemandCarbonCycle","BurnedArea","GFED4.1S","ED-ModelC-curing_ratio-r500","Spatial Distribution Score","MeanState","nhsa","score","1","0.663056","80.0"
"EcosystemandCarbonCycle","BurnedArea","GFED4.1S","ED-ModelC-curing_ratio-r500","Spatial Distribution Score","MeanState","shsa","score","1","0.811969","80.0"
"EcosystemandCarbonCycle","BurnedArea","GFED4.1S","ED-ModelC-curing_ratio-r500","Spatial Distribution Score","MeanState","euro","score","1","0.639133","80.0"
"EcosystemandCarbonCycle","BurnedArea","GFED4.1S","ED-ModelC-curing_ratio-r500","Spatial Distribution Score","MeanState","mide","score","1","0.630867","80.0"
"EcosystemandCarbonCycle","BurnedArea","GFED4.1S","ED-ModelC-curing_ratio-r500","Spatial Distribution Score","MeanState","nhaf","score","1","0.287321","80.0"
"EcosystemandCarbonCycle","BurnedArea","GFED4.1S","ED-ModelC-curing_ratio-r500","Spatial Distribution Score","MeanState","shaf","score","1","0.114777","80.0"
"EcosystemandCarbonCycle","BurnedArea","GFED4.1S","ED-ModelC-curing_ratio-r500","Spatial Distribution Score","MeanState","boas","score","1","0.0176966","80.0"
"EcosystemandCarbonCycle","BurnedArea","GFED4.1S","ED-ModelC-curing_ratio-r500","Spatial Distribution Score","MeanState","ceas","score","1","0.193615","80.0"
"EcosystemandCarbonCycle","BurnedArea","GFED4.1S","ED-ModelC-curing_ratio-r500","Spatial Distribution Score","MeanState","seas","score","1","0.618125","80.0"
"EcosystemandCarbonCycle","BurnedArea","GFED4.1S","ED-ModelC-curing_ratio-r500","Spatial Distribution Score","MeanState","eqas","score","1","0.611496","80.0"
"EcosystemandCarbonCycle","BurnedArea","GFED4.1S","ED-ModelC-curing_ratio-r500","Spatial Distribution Score","MeanState","aust","score","1","0.386473","80.0"
"EcosystemandCarbonCycle","BurnedArea","GFED4.1S","ED-ModelC-curing_ratio-r500","Phase Shift","MeanState","global","scalar","months","2.022","80.0"
"EcosystemandCarbonCycle","BurnedArea","GFED4.1S","ED-ModelC-curing_ratio-r500","Seasonal Cycle Score","MeanState","global","score","1","0.827503","80.0"
"EcosystemandCarbonCycle","BurnedArea","GFED4.1S","ED-ModelC-curing_ratio-r500","Phase Shift","MeanState","bona","scalar","months","1.87828","80.0"
"EcosystemandCarbonCycle","BurnedArea","GFED4.1S","ED-ModelC-curing_ratio-r500","Seasonal Cycle Score","MeanState","bona","score","1","0.924337","80.0"
"EcosystemandCarbonCycle","BurnedArea","GFED4.1S","ED-ModelC-curing_ratio-r500","Phase Shift","MeanState","tena","scalar","months","2.33284","80.0"
"EcosystemandCarbonCycle","BurnedArea","GFED4.1S","ED-ModelC-curing_ratio-r500","Seasonal Cycle Score","MeanState","tena","score","1","0.704946","80.0"
"EcosystemandCarbonCycle","BurnedArea","GFED4.1S","ED-ModelC-curing_ratio-r500","Phase Shift","MeanState","ceam","scalar","months","1.5987","80.0"
"EcosystemandCarbonCycle","BurnedArea","GFED4.1S","ED-ModelC-curing_ratio-r500","Seasonal Cycle Score","MeanState","ceam","score","1","0.867143","80.0"
"EcosystemandCarbonCycle","BurnedArea","GFED4.1S","ED-ModelC-curing_ratio-r500","Phase Shift","MeanState","nhsa","scalar","months","1.25601","80.0"
"EcosystemandCarbonCycle","BurnedArea","GFED4.1S","ED-ModelC-curing_ratio-r500","Seasonal Cycle Score","MeanState","nhsa","score","1","0.920611","80.0"
"EcosystemandCarbonCycle","BurnedArea","GFED4.1S","ED-ModelC-curing_ratio-r500","Phase Shift","MeanState","shsa","scalar","months","1.70822","80.0"
"EcosystemandCarbonCycle","BurnedArea","GFED4.1S","ED-ModelC-curing_ratio-r500","Seasonal Cycle Score","MeanState","shsa","score","1","0.856987","80.0"
"EcosystemandCarbonCycle","BurnedArea","GFED4.1S","ED-ModelC-curing_ratio-r500","Phase Shift","MeanState","euro","scalar","months","2.18242","80.0"
"EcosystemandCarbonCycle","BurnedArea","GFED4.1S","ED-ModelC-curing_ratio-r500","Seasonal Cycle Score","MeanState","euro","score","1","0.8154","80.0"
"EcosystemandCarbonCycle","BurnedArea","GFED4.1S","ED-ModelC-curing_ratio-r500","Phase Shift","MeanState","mide","scalar","months","2.4179","80.0"
"EcosystemandCarbonCycle","BurnedArea","GFED4.1S","ED-ModelC-curing_ratio-r500","Seasonal Cycle Score","MeanState","mide","score","1","0.79077","80.0"
"EcosystemandCarbonCycle","BurnedArea","GFED4.1S","ED-ModelC-curing_ratio-r500","Phase Shift","MeanState","nhaf","scalar","months","1.77903","80.0"
"EcosystemandCarbonCycle","BurnedArea","GFED4.1S","ED-ModelC-curing_ratio-r500","Seasonal Cycle Score","MeanState","nhaf","score","1","0.883615","80.0"
"EcosystemandCarbonCycle","BurnedArea","GFED4.1S","ED-ModelC-curing_ratio-r500","Phase Shift","MeanState","shaf","scalar","months","1.77487","80.0"
"EcosystemandCarbonCycle","BurnedArea","GFED4.1S","ED-ModelC-curing_ratio-r500","Seasonal Cycle Score","MeanState","shaf","score","1","0.857884","80.0"
"EcosystemandCarbonCycle","BurnedArea","GFED4.1S","ED-ModelC-curing_ratio-r500","Phase Shift","MeanState","boas","scalar","months","1.82364","80.0"
"EcosystemandCarbonCycle","BurnedArea","GFED4.1S","ED-ModelC-curing_ratio-r500","Seasonal Cycle Score","MeanState","boas","score","1","0.796379","80.0"
"EcosystemandCarbonCycle","BurnedArea","GFED4.1S","ED-ModelC-curing_ratio-r500","Phase Shift","MeanState","ceas","scalar","months","2.32824","80.0"
"EcosystemandCarbonCycle","BurnedArea","GFED4.1S","ED-ModelC-curing_ratio-r500","Seasonal Cycle Score","MeanState","ceas","score","1","0.729269","80.0"
"EcosystemandCarbonCycle","BurnedArea","GFED4.1S","ED-ModelC-curing_ratio-r500","Phase Shift","MeanState","seas","scalar","months","1.86779","80.0"
"EcosystemandCarbonCycle","BurnedArea","GFED4.1S","ED-ModelC-curing_ratio-r500","Seasonal Cycle Score","MeanState","seas","score","1","0.863382","80.0"
"EcosystemandCarbonCycle","BurnedArea","GFED4.1S","ED-ModelC-curing_ratio-r500","Phase Shift","MeanState","eqas","scalar","months","1.95607","80.0"
"EcosystemandCarbonCycle","BurnedArea","GFED4.1S","ED-ModelC-curing_ratio-r500","Seasonal Cycle Score","MeanState","eqas","score","1","0.840242","80.0"
"EcosystemandCarbonCycle","BurnedArea","GFED4.1S","ED-ModelC-curing_ratio-r500","Phase Shift","MeanState","aust","scalar","months","2.63432","80.0"
"EcosystemandCarbonCycle","BurnedArea","GFED4.1S","ED-ModelC-curing_ratio-r500","Seasonal Cycle Score","MeanState","aust","score","1","0.580317","80.0"
"EcosystemandCarbonCycle","BurnedArea","GFED4.1S","ED-ModelC-curing_ratio-r500","Bias","MeanState","global","scalar","%","-0.16193","80.0"
"EcosystemandCarbonCycle","BurnedArea","GFED4.1S","ED-ModelC-curing_ratio-r500","Bias Score","MeanState","global","score","1","0.699994","80.0"
"EcosystemandCarbonCycle","BurnedArea","GFED4.1S","ED-ModelC-curing_ratio-r500","Bias","MeanState","bona","scalar","%","-0.0299155","80.0"
"EcosystemandCarbonCycle","BurnedArea","GFED4.1S","ED-ModelC-curing_ratio-r500","Bias Score","MeanState","bona","score","1","0.88962","80.0"
"EcosystemandCarbonCycle","BurnedArea","GFED4.1S","ED-ModelC-curing_ratio-r500","Bias","MeanState","tena","scalar","%","0.03446","80.0"
"EcosystemandCarbonCycle","BurnedArea","GFED4.1S","ED-ModelC-curing_ratio-r500","Bias Score","MeanState","tena","score","1","0.742784","80.0"
"EcosystemandCarbonCycle","BurnedArea","GFED4.1S","ED-ModelC-curing_ratio-r500","Bias","MeanState","ceam","scalar","%","0.0780038","80.0"
"EcosystemandCarbonCycle","BurnedArea","GFED4.1S","ED-ModelC-curing_ratio-r500","Bias Score","MeanState","ceam","score","1","0.663459","80.0"
"EcosystemandCarbonCycle","BurnedArea","GFED4.1S","ED-ModelC-curing_ratio-r500","Bias","MeanState","nhsa","scalar","%","0.0144193","80.0"
"EcosystemandCarbonCycle","BurnedArea","GFED4.1S","ED-ModelC-curing_ratio-r500","Bias Score","MeanState","nhsa","score","1","0.736483","80.0"
"EcosystemandCarbonCycle","BurnedArea","GFED4.1S","ED-ModelC-curing_ratio-r500","Bias","MeanState","shsa","scalar","%","0.0764488","80.0"
"EcosystemandCarbonCycle","BurnedArea","GFED4.1S","ED-ModelC-curing_ratio-r500","Bias Score","MeanState","shsa","score","1","0.738121","80.0"
"EcosystemandCarbonCycle","BurnedArea","GFED4.1S","ED-ModelC-curing_ratio-r500","Bias","MeanState","euro","scalar","%","0.0152579","80.0"
"EcosystemandCarbonCycle","BurnedArea","GFED4.1S","ED-ModelC-curing_ratio-r500","Bias Score","MeanState","euro","score","1","0.737552","80.0"
"EcosystemandCarbonCycle","BurnedArea","GFED4.1S","ED-ModelC-curing_ratio-r500","Bias","MeanState","mide","scalar","%","0.0732711","80.0"
"EcosystemandCarbonCycle","BurnedArea","GFED4.1S","ED-ModelC-curing_ratio-r500","Bias Score","MeanState","mide","score","1","0.687147","80.0"
"EcosystemandCarbonCycle","BurnedArea","GFED4.1S","ED-ModelC-curing_ratio-r500","Bias","MeanState","nhaf","scalar","%","-0.659464","80.0"
"EcosystemandCarbonCycle","BurnedArea","GFED4.1S","ED-ModelC-curing_ratio-r500","Bias Score","MeanState","nhaf","score","1","0.706685","80.0"
"EcosystemandCarbonCycle","BurnedArea","GFED4.1S","ED-ModelC-curing_ratio-r500","Bias","MeanState","shaf","scalar","%","-1.10592","80.0"
"EcosystemandCarbonCycle","BurnedArea","GFED4.1S","ED-ModelC-curing_ratio-r500","Bias Score","MeanState","shaf","score","1","0.644659","80.0"
"EcosystemandCarbonCycle","BurnedArea","GFED4.1S","ED-ModelC-curing_ratio-r500","Bias","MeanState","boas","scalar","%","-0.0282086","80.0"
"EcosystemandCarbonCycle","BurnedArea","GFED4.1S","ED-ModelC-curing_ratio-r500","Bias Score","MeanState","boas","score","1","0.861758","80.0"
"EcosystemandCarbonCycle","BurnedArea","GFED4.1S","ED-ModelC-curing_ratio-r500","Bias","MeanState","ceas","scalar","%","-0.0745202","80.0"
"EcosystemandCarbonCycle","BurnedArea","GFED4.1S","ED-ModelC-curing_ratio-r500","Bias Score","MeanState","ceas","score","1","0.782769","80.0"
"EcosystemandCarbonCycle","BurnedArea","GFED4.1S","ED-ModelC-curing_ratio-r500","Bias","MeanState","seas","scalar","%","0.132554","80.0"
"EcosystemandCarbonCycle","BurnedArea","GFED4.1S","ED-ModelC-curing_ratio-r500","Bias Score","MeanState","seas","score","1","0.709076","80.0"
"EcosystemandCarbonCycle","BurnedArea","GFED4.1S","ED-ModelC-curing_ratio-r500","Bias","MeanState","eqas","scalar","%","0.00585681","80.0"
"EcosystemandCarbonCycle","BurnedArea","GFED4.1S","ED-ModelC-curing_ratio-r500","Bias Score","MeanState","eqas","score","1","0.712465","80.0"
"EcosystemandCarbonCycle","BurnedArea","GFED4.1S","ED-ModelC-curing_ratio-r500","Bias","MeanState","aust","scalar","%","-0.340421","80.0"
"EcosystemandCarbonCycle","BurnedArea","GFED4.1S","ED-ModelC-curing_ratio-r500","Bias Score","MeanState","aust","score","1","0.776874","80.0"
"EcosystemandCarbonCycle","BurnedArea","GFED4.1S","ED-ModelC-curing_ratio-r500","RMSE","MeanState","global","scalar","%","0.63088","80.0"
"EcosystemandCarbonCycle","BurnedArea","GFED4.1S","ED-ModelC-curing_ratio-r500","RMSE Score","MeanState","global","score","1","0.510097","80.0"
"EcosystemandCarbonCycle","BurnedArea","GFED4.1S","ED-ModelC-curing_ratio-r500","RMSE","MeanState","bona","scalar","%","0.0858874","80.0"
"EcosystemandCarbonCycle","BurnedArea","GFED4.1S","ED-ModelC-curing_ratio-r500","RMSE Score","MeanState","bona","score","1","0.756455","80.0"
"EcosystemandCarbonCycle","BurnedArea","GFED4.1S","ED-ModelC-curing_ratio-r500","RMSE","MeanState","tena","scalar","%","0.120509","80.0"
"EcosystemandCarbonCycle","BurnedArea","GFED4.1S","ED-ModelC-curing_ratio-r500","RMSE Score","MeanState","tena","score","1","0.528293","80.0"
"EcosystemandCarbonCycle","BurnedArea","GFED4.1S","ED-ModelC-curing_ratio-r500","RMSE","MeanState","ceam","scalar","%","0.232877","80.0"
"EcosystemandCarbonCycle","BurnedArea","GFED4.1S","ED-ModelC-curing_ratio-r500","RMSE Score","MeanState","ceam","score","1","0.515313","80.0"
"EcosystemandCarbonCycle","BurnedArea","GFED4.1S","ED-ModelC-curing_ratio-r500","RMSE","MeanState","nhsa","scalar","%","0.223032","80.0"
"EcosystemandCarbonCycle","BurnedArea","GFED4.1S","ED-ModelC-curing_ratio-r500","RMSE Score","MeanState","nhsa","score","1","0.585198","80.0"
"EcosystemandCarbonCycle","BurnedArea","GFED4.1S","ED-ModelC-curing_ratio-r500","RMSE","MeanState","shsa","scalar","%","0.317039","80.0"
"EcosystemandCarbonCycle","BurnedArea","GFED4.1S","ED-ModelC-curing_ratio-r500","RMSE Score","MeanState","shsa","score","1","0.563829","80.0"
"EcosystemandCarbonCycle","BurnedArea","GFED4.1S","ED-ModelC-curing_ratio-r500","RMSE","MeanState","euro","scalar","%","0.0907283","80.0"
"EcosystemandCarbonCycle","BurnedArea","GFED4.1S","ED-ModelC-curing_ratio-r500","RMSE Score","MeanState","euro","score","1","0.569085","80.0"
"EcosystemandCarbonCycle","BurnedArea","GFED4.1S","ED-ModelC-curing_ratio-r500","RMSE","MeanState","mide","scalar","%","0.178801","80.0"
"EcosystemandCarbonCycle","BurnedArea","GFED4.1S","ED-ModelC-curing_ratio-r500","RMSE Score","MeanState","mide","score","1","0.487873","80.0"
"EcosystemandCarbonCycle","BurnedArea","GFED4.1S","ED-ModelC-curing_ratio-r500","RMSE","MeanState","nhaf","scalar","%","2.35768","80.0"
"EcosystemandCarbonCycle","BurnedArea","GFED4.1S","ED-ModelC-curing_ratio-r500","RMSE Score","MeanState","nhaf","score","1","0.464118","80.0"
"EcosystemandCarbonCycle","BurnedArea","GFED4.1S","ED-ModelC-curing_ratio-r500","RMSE","MeanState","shaf","scalar","%","2.44859","80.0"
"EcosystemandCarbonCycle","BurnedArea","GFED4.1S","ED-ModelC-curing_ratio-r500","RMSE Score","MeanState","shaf","score","1","0.461764","80.0"
"EcosystemandCarbonCycle","BurnedArea","GFED4.1S","ED-ModelC-curing_ratio-r500","RMSE","MeanState","boas","scalar","%","0.0788229","80.0"
"EcosystemandCarbonCycle","BurnedArea","GFED4.1S","ED-ModelC-curing_ratio-r500","RMSE Score","MeanState","boas","score","1","0.717907","80.0"
"EcosystemandCarbonCycle","BurnedArea","GFED4.1S","ED-ModelC-curing_ratio-r500","RMSE","MeanState","ceas","scalar","%","0.27213","80.0"
"EcosystemandCarbonCycle","BurnedArea","GFED4.1S","ED-ModelC-curing_ratio-r500","RMSE Score","MeanState","ceas","score","1","0.642529","80.0"
"EcosystemandCarbonCycle","BurnedArea","GFED4.1S","ED-ModelC-curing_ratio-r500","RMSE","MeanState","seas","scalar","%","0.500383","80.0"
"EcosystemandCarbonCycle","BurnedArea","GFED4.1S","ED-ModelC-curing_ratio-r500","RMSE Score","MeanState","seas","score","1","0.489785","80.0"
"EcosystemandCarbonCycle","BurnedArea","GFED4.1S","ED-ModelC-curing_ratio-r500","RMSE","MeanState","eqas","scalar","%","0.119086","80.0"
"EcosystemandCarbonCycle","BurnedArea","GFED4.1S","ED-ModelC-curing_ratio-r500","RMSE Score","MeanState","eqas","score","1","0.58904","80.0"
"EcosystemandCarbonCycle","BurnedArea","GFED4.1S","ED-ModelC-curing_ratio-r500","RMSE","MeanState","aust","scalar","%","0.85835","80.0"
"EcosystemandCarbonCycle","BurnedArea","GFED4.1S","ED-ModelC-curing_ratio-r500","RMSE Score","MeanState","aust","score","1","0.670493","80.0"
"EcosystemandCarbonCycle","BurnedArea","GFED4.1S","ED-ModelC-curing_ratio-g700","Benchmark Period Mean (intersection)","MeanState","global","scalar","%","0.329776","80.0"
"EcosystemandCarbonCycle","BurnedArea","GFED4.1S","ED-ModelC-curing_ratio-g700","Benchmark Period Mean (complement)","MeanState","global","scalar","%","0","80.0"
"EcosystemandCarbonCycle","BurnedArea","GFED4.1S","ED-ModelC-curing_ratio-g700","Period Mean (original grids)","MeanState","global","scalar","%","0.638709","80.0"
"EcosystemandCarbonCycle","BurnedArea","GFED4.1S","ED-ModelC-curing_ratio-g700","Model Period Mean (intersection)","MeanState","global","scalar","%","0.694218","80.0"
"EcosystemandCarbonCycle","BurnedArea","GFED4.1S","ED-ModelC-curing_ratio-g700","Model Period Mean (complement)","MeanState","global","scalar","%","0.0799679","80.0"
"EcosystemandCarbonCycle","BurnedArea","GFED4.1S","ED-ModelC-curing_ratio-g700","Benchmark Period Mean (intersection)","MeanState","bona","scalar","%","0.0334473","80.0"
"EcosystemandCarbonCycle","BurnedArea","GFED4.1S","ED-ModelC-curing_ratio-g700","Benchmark Period Mean (complement)","MeanState","bona","scalar","%","0","80.0"
"EcosystemandCarbonCycle","BurnedArea","GFED4.1S","ED-ModelC-curing_ratio-g700","Period Mean (original grids)","MeanState","bona","scalar","%","0.0159627","80.0"
"EcosystemandCarbonCycle","BurnedArea","GFED4.1S","ED-ModelC-curing_ratio-g700","Model Period Mean (intersection)","MeanState","bona","scalar","%","0.0164756","80.0"
"EcosystemandCarbonCycle","BurnedArea","GFED4.1S","ED-ModelC-curing_ratio-g700","Model Period Mean (complement)","MeanState","bona","scalar","%","0.000648841","80.0"
"EcosystemandCarbonCycle","BurnedArea","GFED4.1S","ED-ModelC-curing_ratio-g700","Benchmark Period Mean (intersection)","MeanState","tena","scalar","%","0.0259374","80.0"
"EcosystemandCarbonCycle","BurnedArea","GFED4.1S","ED-ModelC-curing_ratio-g700","Benchmark Period Mean (complement)","MeanState","tena","scalar","%","0","80.0"
"EcosystemandCarbonCycle","BurnedArea","GFED4.1S","ED-ModelC-curing_ratio-g700","Period Mean (original grids)","MeanState","tena","scalar","%","0.352463","80.0"
"EcosystemandCarbonCycle","BurnedArea","GFED4.1S","ED-ModelC-curing_ratio-g700","Model Period Mean (intersection)","MeanState","tena","scalar","%","0.359957","80.0"
"EcosystemandCarbonCycle","BurnedArea","GFED4.1S","ED-ModelC-curing_ratio-g700","Model Period Mean (complement)","MeanState","tena","scalar","%","0.124228","80.0"
"EcosystemandCarbonCycle","BurnedArea","GFED4.1S","ED-ModelC-curing_ratio-g700","Benchmark Period Mean (intersection)","MeanState","ceam","scalar","%","0.0824275","80.0"
"EcosystemandCarbonCycle","BurnedArea","GFED4.1S","ED-ModelC-curing_ratio-g700","Benchmark Period Mean (complement)","MeanState","ceam","scalar","%","0","80.0"
"EcosystemandCarbonCycle","BurnedArea","GFED4.1S","ED-ModelC-curing_ratio-g700","Period Mean (original grids)","MeanState","ceam","scalar","%","0.79801","80.0"
"EcosystemandCarbonCycle","BurnedArea","GFED4.1S","ED-ModelC-curing_ratio-g700","Model Period Mean (intersection)","MeanState","ceam","scalar","%","0.909444","80.0"
"EcosystemandCarbonCycle","BurnedArea","GFED4.1S","ED-ModelC-curing_ratio-g700","Model Period Mean (complement)","MeanState","ceam","scalar","%","0.0877558","80.0"
"EcosystemandCarbonCycle","BurnedArea","GFED4.1S","ED-ModelC-curing_ratio-g700","Benchmark Period Mean (intersection)","MeanState","nhsa","scalar","%","0.142765","80.0"
"EcosystemandCarbonCycle","BurnedArea","GFED4.1S","ED-ModelC-curing_ratio-g700","Benchmark Period Mean (complement)","MeanState","nhsa","scalar","%","0","80.0"
"EcosystemandCarbonCycle","BurnedArea","GFED4.1S","ED-ModelC-curing_ratio-g700","Period Mean (original grids)","MeanState","nhsa","scalar","%","1.07143","80.0"
"EcosystemandCarbonCycle","BurnedArea","GFED4.1S","ED-ModelC-curing_ratio-g700","Model Period Mean (intersection)","MeanState","nhsa","scalar","%","1.1365","80.0"
"EcosystemandCarbonCycle","BurnedArea","GFED4.1S","ED-ModelC-curing_ratio-g700","Model Period Mean (complement)","MeanState","nhsa","scalar","%","0.139133","80.0"
"EcosystemandCarbonCycle","BurnedArea","GFED4.1S","ED-ModelC-curing_ratio-g700","Benchmark Period Mean (intersection)","MeanState","shsa","scalar","%","0.145694","80.0"
"EcosystemandCarbonCycle","BurnedArea","GFED4.1S","ED-ModelC-curing_ratio-g700","Benchmark Period Mean (complement)","MeanState","shsa","scalar","%","0","80.0"
"EcosystemandCarbonCycle","BurnedArea","GFED4.1S","ED-ModelC-curing_ratio-g700","Period Mean (original grids)","MeanState","shsa","scalar","%","1.07741","80.0"
"EcosystemandCarbonCycle","BurnedArea","GFED4.1S","ED-ModelC-curing_ratio-g700","Model Period Mean (intersection)","MeanState","shsa","scalar","%","1.11811","80.0"
"EcosystemandCarbonCycle","BurnedArea","GFED4.1S","ED-ModelC-curing_ratio-g700","Model Period Mean (complement)","MeanState","shsa","scalar","%","0.0100424","80.0"
"EcosystemandCarbonCycle","BurnedArea","GFED4.1S","ED-ModelC-curing_ratio-g700","Benchmark Period Mean (intersection)","MeanState","euro","scalar","%","0.0250618","80.0"
"EcosystemandCarbonCycle","BurnedArea","GFED4.1S","ED-ModelC-curing_ratio-g700","Benchmark Period Mean (complement)","MeanState","euro","scalar","%","0","80.0"
"EcosystemandCarbonCycle","BurnedArea","GFED4.1S","ED-ModelC-curing_ratio-g700","Period Mean (original grids)","MeanState","euro","scalar","%","0.238945","80.0"
"EcosystemandCarbonCycle","BurnedArea","GFED4.1S","ED-ModelC-curing_ratio-g700","Model Period Mean (intersection)","MeanState","euro","scalar","%","0.265908","80.0"
"EcosystemandCarbonCycle","BurnedArea","GFED4.1S","ED-ModelC-curing_ratio-g700","Model Period Mean (complement)","MeanState","euro","scalar","%","0.0339667","80.0"
"EcosystemandCarbonCycle","BurnedArea","GFED4.1S","ED-ModelC-curing_ratio-g700","Benchmark Period Mean (intersection)","MeanState","mide","scalar","%","0.025217","80.0"
"EcosystemandCarbonCycle","BurnedArea","GFED4.1S","ED-ModelC-curing_ratio-g700","Benchmark Period Mean (complement)","MeanState","mide","scalar","%","0","80.0"
"EcosystemandCarbonCycle","BurnedArea","GFED4.1S","ED-ModelC-curing_ratio-g700","Period Mean (original grids)","MeanState","mide","scalar","%","0.256351","80.0"
"EcosystemandCarbonCycle","BurnedArea","GFED4.1S","ED-ModelC-curing_ratio-g700","Model Period Mean (intersection)","MeanState","mide","scalar","%","0.317286","80.0"
"EcosystemandCarbonCycle","BurnedArea","GFED4.1S","ED-ModelC-curing_ratio-g700","Model Period Mean (complement)","MeanState","mide","scalar","%","0.100426","80.0"
"EcosystemandCarbonCycle","BurnedArea","GFED4.1S","ED-ModelC-curing_ratio-g700","Benchmark Period Mean (intersection)","MeanState","nhaf","scalar","%","1.23284","80.0"
"EcosystemandCarbonCycle","BurnedArea","GFED4.1S","ED-ModelC-curing_ratio-g700","Benchmark Period Mean (complement)","MeanState","nhaf","scalar","%","0","80.0"
"EcosystemandCarbonCycle","BurnedArea","GFED4.1S","ED-ModelC-curing_ratio-g700","Period Mean (original grids)","MeanState","nhaf","scalar","%","1.42245","80.0"
"EcosystemandCarbonCycle","BurnedArea","GFED4.1S","ED-ModelC-curing_ratio-g700","Model Period Mean (intersection)","MeanState","nhaf","scalar","%","1.51092","80.0"
"EcosystemandCarbonCycle","BurnedArea","GFED4.1S","ED-ModelC-curing_ratio-g700","Model Period Mean (complement)","MeanState","nhaf","scalar","%","0.131447","80.0"
"EcosystemandCarbonCycle","BurnedArea","GFED4.1S","ED-ModelC-curing_ratio-g700","Benchmark Period Mean (intersection)","MeanState","shaf","scalar","%","1.45692","80.0"
"EcosystemandCarbonCycle","BurnedArea","GFED4.1S","ED-ModelC-curing_ratio-g700","Benchmark Period Mean (complement)","MeanState","shaf","scalar","%","0","80.0"
"EcosystemandCarbonCycle","BurnedArea","GFED4.1S","ED-ModelC-curing_ratio-g700","Period Mean (original grids)","MeanState","shaf","scalar","%","1.51016","80.0"
"EcosystemandCarbonCycle","BurnedArea","GFED4.1S","ED-ModelC-curing_ratio-g700","Model Period Mean (intersection)","MeanState","shaf","scalar","%","1.55836","80.0"
"EcosystemandCarbonCycle","BurnedArea","GFED4.1S","ED-ModelC-curing_ratio-g700","Model Period Mean (complement)","MeanState","shaf","scalar","%","0.113886","80.0"
"EcosystemandCarbonCycle","BurnedArea","GFED4.1S","ED-ModelC-curing_ratio-g700","Benchmark Period Mean (intersection)","MeanState","boas","scalar","%","0.0336143","80.0"
"EcosystemandCarbonCycle","BurnedArea","GFED4.1S","ED-ModelC-curing_ratio-g700","Benchmark Period Mean (complement)","MeanState","boas","scalar","%","0","80.0"
"EcosystemandCarbonCycle","BurnedArea","GFED4.1S","ED-ModelC-curing_ratio-g700","Period Mean (original grids)","MeanState","boas","scalar","%","0.0431678","80.0"
"EcosystemandCarbonCycle","BurnedArea","GFED4.1S","ED-ModelC-curing_ratio-g700","Model Period Mean (intersection)","MeanState","boas","scalar","%","0.0438046","80.0"
"EcosystemandCarbonCycle","BurnedArea","GFED4.1S","ED-ModelC-curing_ratio-g700","Model Period Mean (complement)","MeanState","boas","scalar","%","0.000785329","80.0"
"EcosystemandCarbonCycle","BurnedArea","GFED4.1S","ED-ModelC-curing_ratio-g700","Benchmark Period Mean (intersection)","MeanState","ceas","scalar","%","0.125736","80.0"
"EcosystemandCarbonCycle","BurnedArea","GFED4.1S","ED-ModelC-curing_ratio-g700","Benchmark Period Mean (complement)","MeanState","ceas","scalar","%","0","80.0"
"EcosystemandCarbonCycle","BurnedArea","GFED4.1S","ED-ModelC-curing_ratio-g700","Period Mean (original grids)","MeanState","ceas","scalar","%","0.230316","80.0"
"EcosystemandCarbonCycle","BurnedArea","GFED4.1S","ED-ModelC-curing_ratio-g700","Model Period Mean (intersection)","MeanState","ceas","scalar","%","0.242164","80.0"
"EcosystemandCarbonCycle","BurnedArea","GFED4.1S","ED-ModelC-curing_ratio-g700","Model Period Mean (complement)","MeanState","ceas","scalar","%","0.0975457","80.0"
"EcosystemandCarbonCycle","BurnedArea","GFED4.1S","ED-ModelC-curing_ratio-g700","Benchmark Period Mean (intersection)","MeanState","seas","scalar","%","0.148029","80.0"
"EcosystemandCarbonCycle","BurnedArea","GFED4.1S","ED-ModelC-curing_ratio-g700","Benchmark Period Mean (complement)","MeanState","seas","scalar","%","0","80.0"
"EcosystemandCarbonCycle","BurnedArea","GFED4.1S","ED-ModelC-curing_ratio-g700","Period Mean (original grids)","MeanState","seas","scalar","%","1.09875","80.0"
"EcosystemandCarbonCycle","BurnedArea","GFED4.1S","ED-ModelC-curing_ratio-g700","Model Period Mean (intersection)","MeanState","seas","scalar","%","1.18919","80.0"
"EcosystemandCarbonCycle","BurnedArea","GFED4.1S","ED-ModelC-curing_ratio-g700","Model Period Mean (complement)","MeanState","seas","scalar","%","0.108042","80.0"
"EcosystemandCarbonCycle","BurnedArea","GFED4.1S","ED-ModelC-curing_ratio-g700","Benchmark Period Mean (intersection)","MeanState","eqas","scalar","%","0.0480126","80.0"
"EcosystemandCarbonCycle","BurnedArea","GFED4.1S","ED-ModelC-curing_ratio-g700","Benchmark Period Mean (complement)","MeanState","eqas","scalar","%","0","80.0"
"EcosystemandCarbonCycle","BurnedArea","GFED4.1S","ED-ModelC-curing_ratio-g700","Period Mean (original grids)","MeanState","eqas","scalar","%","0.480018","80.0"
"EcosystemandCarbonCycle","BurnedArea","GFED4.1S","ED-ModelC-curing_ratio-g700","Model Period Mean (intersection)","MeanState","eqas","scalar","%","0.648902","80.0"
"EcosystemandCarbonCycle","BurnedArea","GFED4.1S","ED-ModelC-curing_ratio-g700","Model Period Mean (complement)","MeanState","eqas","scalar","%","0.0371804","80.0"
"EcosystemandCarbonCycle","BurnedArea","GFED4.1S","ED-ModelC-curing_ratio-g700","Benchmark Period Mean (intersection)","MeanState","aust","scalar","%","0.529194","80.0"
"EcosystemandCarbonCycle","BurnedArea","GFED4.1S","ED-ModelC-curing_ratio-g700","Benchmark Period Mean (complement)","MeanState","aust","scalar","%","0","80.0"
"EcosystemandCarbonCycle","BurnedArea","GFED4.1S","ED-ModelC-curing_ratio-g700","Period Mean (original grids)","MeanState","aust","scalar","%","0.505942","80.0"
"EcosystemandCarbonCycle","BurnedArea","GFED4.1S","ED-ModelC-curing_ratio-g700","Model Period Mean (intersection)","MeanState","aust","scalar","%","0.533528","80.0"
"EcosystemandCarbonCycle","BurnedArea","GFED4.1S","ED-ModelC-curing_ratio-g700","Model Period Mean (complement)","MeanState","aust","scalar","%","0.149143","80.0"
"EcosystemandCarbonCycle","BurnedArea","GFED4.1S","ED-ModelC-curing_ratio-g700","Spatial Distribution Score","MeanState","global","score","1","0.782165","80.0"
"EcosystemandCarbonCycle","BurnedArea","GFED4.1S","ED-ModelC-curing_ratio-g700","Spatial Distribution Score","MeanState","bona","score","1","0.430665","80.0"
"EcosystemandCarbonCycle","BurnedArea","GFED4.1S","ED-ModelC-curing_ratio-g700","Spatial Distribution Score","MeanState","tena","score","1","0.116927","80.0"
"EcosystemandCarbonCycle","BurnedArea","GFED4.1S","ED-ModelC-curing_ratio-g700","Spatial Distribution Score","MeanState","ceam","score","1","0.0972137","80.0"
"EcosystemandCarbonCycle","BurnedArea","GFED4.1S","ED-ModelC-curing_ratio-g700","Spatial Distribution Score","MeanState","nhsa","score","1","0.584083","80.0"
"EcosystemandCarbonCycle","BurnedArea","GFED4.1S","ED-ModelC-curing_ratio-g700","Spatial Distribution Score","MeanState","shsa","score","1","0.313972","80.0"
"EcosystemandCarbonCycle","BurnedArea","GFED4.1S","ED-ModelC-curing_ratio-g700","Spatial Distribution Score","MeanState","euro","score","1","0.0958097","80.0"
"EcosystemandCarbonCycle","BurnedArea","GFED4.1S","ED-ModelC-curing_ratio-g700","Spatial Distribution Score","MeanState","mide","score","1","0.137678","80.0"
"EcosystemandCarbonCycle","BurnedArea","GFED4.1S","ED-ModelC-curing_ratio-g700","Spatial Distribution Score","MeanState","nhaf","score","1","0.636032","80.0"
"EcosystemandCarbonCycle","BurnedArea","GFED4.1S","ED-ModelC-curing_ratio-g700","Spatial Distribution Score","MeanState","shaf","score","1","0.67012","80.0"
"EcosystemandCarbonCycle","BurnedArea","GFED4.1S","ED-ModelC-curing_ratio-g700","Spatial Distribution Score","MeanState","boas","score","1","0.735687","80.0"
"EcosystemandCarbonCycle","BurnedArea","GFED4.1S","ED-ModelC-curing_ratio-g700","Spatial Distribution Score","MeanState","ceas","score","1","0.718222","80.0"
"EcosystemandCarbonCycle","BurnedArea","GFED4.1S","ED-ModelC-curing_ratio-g700","Spatial Distribution Score","MeanState","seas","score","1","0.361934","80.0"
"EcosystemandCarbonCycle","BurnedArea","GFED4.1S","ED-ModelC-curing_ratio-g700","Spatial Distribution Score","MeanState","eqas","score","1","0.0937016","80.0"
"EcosystemandCarbonCycle","BurnedArea","GFED4.1S","ED-ModelC-curing_ratio-g700","Spatial Distribution Score","MeanState","aust","score","1","0.786082","80.0"
"EcosystemandCarbonCycle","BurnedArea","GFED4.1S","ED-ModelC-curing_ratio-g700","Phase Shift","MeanState","global","scalar","months","2.05461","80.0"
"EcosystemandCarbonCycle","BurnedArea","GFED4.1S","ED-ModelC-curing_ratio-g700","Seasonal Cycle Score","MeanState","global","score","1","0.838594","80.0"
"EcosystemandCarbonCycle","BurnedArea","GFED4.1S","ED-ModelC-curing_ratio-g700","Phase Shift","MeanState","bona","scalar","months","1.88392","80.0"
"EcosystemandCarbonCycle","BurnedArea","GFED4.1S","ED-ModelC-curing_ratio-g700","Seasonal Cycle Score","MeanState","bona","score","1","0.925884","80.0"
"EcosystemandCarbonCycle","BurnedArea","GFED4.1S","ED-ModelC-curing_ratio-g700","Phase Shift","MeanState","tena","scalar","months","2.40016","80.0"
"EcosystemandCarbonCycle","BurnedArea","GFED4.1S","ED-ModelC-curing_ratio-g700","Seasonal Cycle Score","MeanState","tena","score","1","0.686266","80.0"
"EcosystemandCarbonCycle","BurnedArea","GFED4.1S","ED-ModelC-curing_ratio-g700","Phase Shift","MeanState","ceam","scalar","months","1.72585","80.0"
"EcosystemandCarbonCycle","BurnedArea","GFED4.1S","ED-ModelC-curing_ratio-g700","Seasonal Cycle Score","MeanState","ceam","score","1","0.852588","80.0"
"EcosystemandCarbonCycle","BurnedArea","GFED4.1S","ED-ModelC-curing_ratio-g700","Phase Shift","MeanState","nhsa","scalar","months","1.46094","80.0"
"EcosystemandCarbonCycle","BurnedArea","GFED4.1S","ED-ModelC-curing_ratio-g700","Seasonal Cycle Score","MeanState","nhsa","score","1","0.914079","80.0"
"EcosystemandCarbonCycle","BurnedArea","GFED4.1S","ED-ModelC-curing_ratio-g700","Phase Shift","MeanState","shsa","scalar","months","1.84808","80.0"
"EcosystemandCarbonCycle","BurnedArea","GFED4.1S","ED-ModelC-curing_ratio-g700","Seasonal Cycle Score","MeanState","shsa","score","1","0.852809","80.0"
"EcosystemandCarbonCycle","BurnedArea","GFED4.1S","ED-ModelC-curing_ratio-g700","Phase Shift","MeanState","euro","scalar","months","2.17512","80.0"
"EcosystemandCarbonCycle","BurnedArea","GFED4.1S","ED-ModelC-curing_ratio-g700","Seasonal Cycle Score","MeanState","euro","score","1","0.807183","80.0"
"EcosystemandCarbonCycle","BurnedArea","GFED4.1S","ED-ModelC-curing_ratio-g700","Phase Shift","MeanState","mide","scalar","months","2.55049","80.0"
"EcosystemandCarbonCycle","BurnedArea","GFED4.1S","ED-ModelC-curing_ratio-g700","Seasonal Cycle Score","MeanState","mide","score","1","0.759064","80.0"
"EcosystemandCarbonCycle","BurnedArea","GFED4.1S","ED-ModelC-curing_ratio-g700","Phase Shift","MeanState","nhaf","scalar","months","1.86018","80.0"
"EcosystemandCarbonCycle","BurnedArea","GFED4.1S","ED-ModelC-curing_ratio-g700","Seasonal Cycle Score","MeanState","nhaf","score","1","0.876167","80.0"
"EcosystemandCarbonCycle","BurnedArea","GFED4.1S","ED-ModelC-curing_ratio-g700","Phase Shift","MeanState","shaf","scalar","months","1.4636","80.0"
"EcosystemandCarbonCycle","BurnedArea","GFED4.1S","ED-ModelC-curing_ratio-g700","Seasonal Cycle Score","MeanState","shaf","score","1","0.904309","80.0"
"EcosystemandCarbonCycle","BurnedArea","GFED4.1S","ED-ModelC-curing_ratio-g700","Phase Shift","MeanState","boas","scalar","months","1.82158","80.0"
"EcosystemandCarbonCycle","BurnedArea","GFED4.1S","ED-ModelC-curing_ratio-g700","Seasonal Cycle Score","MeanState","boas","score","1","0.795978","80.0"
"EcosystemandCarbonCycle","BurnedArea","GFED4.1S","ED-ModelC-curing_ratio-g700","Phase Shift","MeanState","ceas","scalar","months","2.29871","80.0"
"EcosystemandCarbonCycle","BurnedArea","GFED4.1S","ED-ModelC-curing_ratio-g700","Seasonal Cycle Score","MeanState","ceas","score","1","0.711317","80.0"
"EcosystemandCarbonCycle","BurnedArea","GFED4.1S","ED-ModelC-curing_ratio-g700","Phase Shift","MeanState","seas","scalar","months","1.95921","80.0"
"EcosystemandCarbonCycle","BurnedArea","GFED4.1S","ED-ModelC-curing_ratio-g700","Seasonal Cycle Score","MeanState","seas","score","1","0.842606","80.0"
"EcosystemandCarbonCycle","BurnedArea","GFED4.1S","ED-ModelC-curing_ratio-g700","Phase Shift","MeanState","eqas","scalar","months","2.16947","80.0"
"EcosystemandCarbonCycle","BurnedArea","GFED4.1S","ED-ModelC-curing_ratio-g700","Seasonal Cycle Score","MeanState","eqas","score","1","0.814169","80.0"
"EcosystemandCarbonCycle","BurnedArea","GFED4.1S","ED-ModelC-curing_ratio-g700","Phase Shift","MeanState","aust","scalar","months","2.75545","80.0"
"EcosystemandCarbonCycle","BurnedArea","GFED4.1S","ED-ModelC-curing_ratio-g700","Seasonal Cycle Score","MeanState","aust","score","1","0.566995","80.0"
"EcosystemandCarbonCycle","BurnedArea","GFED4.1S","ED-ModelC-curing_ratio-g700","Bias","MeanState","global","scalar","%","0.364442","80.0"
"EcosystemandCarbonCycle","BurnedArea","GFED4.1S","ED-ModelC-curing_ratio-g700","Bias Score","MeanState","global","score","1","0.729482","80.0"
"EcosystemandCarbonCycle","BurnedArea","GFED4.1S","ED-ModelC-curing_ratio-g700","Bias","MeanState","bona","scalar","%","-0.0169717","80.0"
"EcosystemandCarbonCycle","BurnedArea","GFED4.1S","ED-ModelC-curing_ratio-g700","Bias Score","MeanState","bona","score","1","0.876708","80.0"
"EcosystemandCarbonCycle","BurnedArea","GFED4.1S","ED-ModelC-curing_ratio-g700","Bias","MeanState","tena","scalar","%","0.33402","80.0"
"EcosystemandCarbonCycle","BurnedArea","GFED4.1S","ED-ModelC-curing_ratio-g700","Bias Score","MeanState","tena","score","1","0.477014","80.0"
"EcosystemandCarbonCycle","BurnedArea","GFED4.1S","ED-ModelC-curing_ratio-g700","Bias","MeanState","ceam","scalar","%","0.827017","80.0"
"EcosystemandCarbonCycle","BurnedArea","GFED4.1S","ED-ModelC-curing_ratio-g700","Bias Score","MeanState","ceam","score","1","0.259714","80.0"
"EcosystemandCarbonCycle","BurnedArea","GFED4.1S","ED-ModelC-curing_ratio-g700","Bias","MeanState","nhsa","scalar","%","0.993737","80.0"
"EcosystemandCarbonCycle","BurnedArea","GFED4.1S","ED-ModelC-curing_ratio-g700","Bias Score","MeanState","nhsa","score","1","0.445535","80.0"
"EcosystemandCarbonCycle","BurnedArea","GFED4.1S","ED-ModelC-curing_ratio-g700","Bias","MeanState","shsa","scalar","%","0.972419","80.0"
"EcosystemandCarbonCycle","BurnedArea","GFED4.1S","ED-ModelC-curing_ratio-g700","Bias Score","MeanState","shsa","score","1","0.43325","80.0"
"EcosystemandCarbonCycle","BurnedArea","GFED4.1S","ED-ModelC-curing_ratio-g700","Bias","MeanState","euro","scalar","%","0.240847","80.0"
"EcosystemandCarbonCycle","BurnedArea","GFED4.1S","ED-ModelC-curing_ratio-g700","Bias Score","MeanState","euro","score","1","0.467775","80.0"
"EcosystemandCarbonCycle","BurnedArea","GFED4.1S","ED-ModelC-curing_ratio-g700","Bias","MeanState","mide","scalar","%","0.292069","80.0"
"EcosystemandCarbonCycle","BurnedArea","GFED4.1S","ED-ModelC-curing_ratio-g700","Bias Score","MeanState","mide","score","1","0.501596","80.0"
"EcosystemandCarbonCycle","BurnedArea","GFED4.1S","ED-ModelC-curing_ratio-g700","Bias","MeanState","nhaf","scalar","%","0.278078","80.0"
"EcosystemandCarbonCycle","BurnedArea","GFED4.1S","ED-ModelC-curing_ratio-g700","Bias Score","MeanState","nhaf","score","1","0.769206","80.0"
"EcosystemandCarbonCycle","BurnedArea","GFED4.1S","ED-ModelC-curing_ratio-g700","Bias","MeanState","shaf","scalar","%","0.101442","80.0"
"EcosystemandCarbonCycle","BurnedArea","GFED4.1S","ED-ModelC-curing_ratio-g700","Bias Score","MeanState","shaf","score","1","0.765506","80.0"
"EcosystemandCarbonCycle","BurnedArea","GFED4.1S","ED-ModelC-curing_ratio-g700","Bias","MeanState","boas","scalar","%","0.0101902","80.0"
"EcosystemandCarbonCycle","BurnedArea","GFED4.1S","ED-ModelC-curing_ratio-g700","Bias Score","MeanState","boas","score","1","0.858667","80.0"
"EcosystemandCarbonCycle","BurnedArea","GFED4.1S","ED-ModelC-curing_ratio-g700","Bias","MeanState","ceas","scalar","%","0.116429","80.0"
"EcosystemandCarbonCycle","BurnedArea","GFED4.1S","ED-ModelC-curing_ratio-g700","Bias Score","MeanState","ceas","score","1","0.78913","80.0"
"EcosystemandCarbonCycle","BurnedArea","GFED4.1S","ED-ModelC-curing_ratio-g700","Bias","MeanState","seas","scalar","%","1.04117","80.0"
"EcosystemandCarbonCycle","BurnedArea","GFED4.1S","ED-ModelC-curing_ratio-g700","Bias Score","MeanState","seas","score","1","0.469972","80.0"
"EcosystemandCarbonCycle","BurnedArea","GFED4.1S","ED-ModelC-curing_ratio-g700","Bias","MeanState","eqas","scalar","%","0.60089","80.0"
"EcosystemandCarbonCycle","BurnedArea","GFED4.1S","ED-ModelC-curing_ratio-g700","Bias Score","MeanState","eqas","score","1","0.406228","80.0"
"EcosystemandCarbonCycle","BurnedArea","GFED4.1S","ED-ModelC-curing_ratio-g700","Bias","MeanState","aust","scalar","%","0.00433385","80.0"
"EcosystemandCarbonCycle","BurnedArea","GFED4.1S","ED-ModelC-curing_ratio-g700","Bias Score","MeanState","aust","score","1","0.772509","80.0"
"EcosystemandCarbonCycle","BurnedArea","GFED4.1S","ED-ModelC-curing_ratio-g700","RMSE","MeanState","global","scalar","%","1.00737","80.0"
"EcosystemandCarbonCycle","BurnedArea","GFED4.1S","ED-ModelC-curing_ratio-g700","RMSE Score","MeanState","global","score","1","0.499233","80.0"
"EcosystemandCarbonCycle","BurnedArea","GFED4.1S","ED-ModelC-curing_ratio-g700","RMSE","MeanState","bona","scalar","%","0.115804","80.0"
"EcosystemandCarbonCycle","BurnedArea","GFED4.1S","ED-ModelC-curing_ratio-g700","RMSE Score","MeanState","bona","score","1","0.734342","80.0"
"EcosystemandCarbonCycle","BurnedArea","GFED4.1S","ED-ModelC-curing_ratio-g700","RMSE","MeanState","tena","scalar","%","0.609392","80.0"
"EcosystemandCarbonCycle","BurnedArea","GFED4.1S","ED-ModelC-curing_ratio-g700","RMSE Score","MeanState","tena","score","1","0.327389","80.0"
"EcosystemandCarbonCycle","BurnedArea","GFED4.1S","ED-ModelC-curing_ratio-g700","RMSE","MeanState","ceam","scalar","%","1.0155","80.0"
"EcosystemandCarbonCycle","BurnedArea","GFED4.1S","ED-ModelC-curing_ratio-g700","RMSE Score","MeanState","ceam","score","1","0.317364","80.0"
"EcosystemandCarbonCycle","BurnedArea","GFED4.1S","ED-ModelC-curing_ratio-g700","RMSE","MeanState","nhsa","scalar","%","1.08535","80.0"
"EcosystemandCarbonCycle","BurnedArea","GFED4.1S","ED-ModelC-curing_ratio-g700","RMSE Score","MeanState","nhsa","score","1","0.538211","80.0"
"EcosystemandCarbonCycle","BurnedArea","GFED4.1S","ED-ModelC-curing_ratio-g700","RMSE","MeanState","shsa","scalar","%","1.13135","80.0"
"EcosystemandCarbonCycle","BurnedArea","GFED4.1S","ED-ModelC-curing_ratio-g700","RMSE Score","MeanState","shsa","score","1","0.469733","80.0"
"EcosystemandCarbonCycle","BurnedArea","GFED4.1S","ED-ModelC-curing_ratio-g700","RMSE","MeanState","euro","scalar","%","0.47693","80.0"
"EcosystemandCarbonCycle","BurnedArea","GFED4.1S","ED-ModelC-curing_ratio-g700","RMSE Score","MeanState","euro","score","1","0.283356","80.0"
"EcosystemandCarbonCycle","BurnedArea","GFED4.1S","ED-ModelC-curing_ratio-g700","RMSE","MeanState","mide","scalar","%","0.513603","80.0"
"EcosystemandCarbonCycle","BurnedArea","GFED4.1S","ED-ModelC-curing_ratio-g700","RMSE Score","MeanState","mide","score","1","0.338686","80.0"
"EcosystemandCarbonCycle","BurnedArea","GFED4.1S","ED-ModelC-curing_ratio-g700","RMSE","MeanState","nhaf","scalar","%","2.63062","80.0"
"EcosystemandCarbonCycle","BurnedArea","GFED4.1S","ED-ModelC-curing_ratio-g700","RMSE Score","MeanState","nhaf","score","1","0.469505","80.0"
"EcosystemandCarbonCycle","BurnedArea","GFED4.1S","ED-ModelC-curing_ratio-g700","RMSE","MeanState","shaf","scalar","%","2.50854","80.0"
"EcosystemandCarbonCycle","BurnedArea","GFED4.1S","ED-ModelC-curing_ratio-g700","RMSE Score","MeanState","shaf","score","1","0.483014","80.0"
"EcosystemandCarbonCycle","BurnedArea","GFED4.1S","ED-ModelC-curing_ratio-g700","RMSE","MeanState","boas","scalar","%","0.148588","80.0"
"EcosystemandCarbonCycle","BurnedArea","GFED4.1S","ED-ModelC-curing_ratio-g700","RMSE Score","MeanState","boas","score","1","0.627","80.0"
"EcosystemandCarbonCycle","BurnedArea","GFED4.1S","ED-ModelC-curing_ratio-g700","RMSE","MeanState","ceas","scalar","%","0.502947","80.0"
"EcosystemandCarbonCycle","BurnedArea","GFED4.1S","ED-ModelC-curing_ratio-g700","RMSE Score","MeanState","ceas","score","1","0.56095","80.0"
"EcosystemandCarbonCycle","BurnedArea","GFED4.1S","ED-ModelC-curing_ratio-g700","RMSE","MeanState","seas","scalar","%","1.34504","80.0"
"EcosystemandCarbonCycle","BurnedArea","GFED4.1S","ED-ModelC-curing_ratio-g700","RMSE Score","MeanState","seas","score","1","0.39288","80.0"
"EcosystemandCarbonCycle","BurnedArea","GFED4.1S","ED-ModelC-curing_ratio-g700","RMSE","MeanState","eqas","scalar","%","0.657115","80.0"
"EcosystemandCarbonCycle","BurnedArea","GFED4.1S","ED-ModelC-curing_ratio-g700","RMSE Score","MeanState","eqas","score","1","0.547954","80.0"
"EcosystemandCarbonCycle","BurnedArea","GFED4.1S","ED-ModelC-curing_ratio-g700","RMSE","MeanState","aust","scalar","%","1.06069","80.0"
"EcosystemandCarbonCycle","BurnedArea","GFED4.1S","ED-ModelC-curing_ratio-g700","RMSE Score","MeanState","aust","score","1","0.654618","80.0"
"EcosystemandCarbonCycle","BurnedArea","GFED4.1S","ED-ModelC-gpp_asym-r500","Benchmark Period Mean (intersection)","MeanState","global","scalar","%","0.329776","80.0"
"EcosystemandCarbonCycle","BurnedArea","GFED4.1S","ED-ModelC-gpp_asym-r500","Benchmark Period Mean (complement)","MeanState","global","scalar","%","0","80.0"
"EcosystemandCarbonCycle","BurnedArea","GFED4.1S","ED-ModelC-gpp_asym-r500","Period Mean (original grids)","MeanState","global","scalar","%","0.302517","80.0"
"EcosystemandCarbonCycle","BurnedArea","GFED4.1S","ED-ModelC-gpp_asym-r500","Model Period Mean (intersection)","MeanState","global","scalar","%","0.321795","80.0"
"EcosystemandCarbonCycle","BurnedArea","GFED4.1S","ED-ModelC-gpp_asym-r500","Model Period Mean (complement)","MeanState","global","scalar","%","0.108469","80.0"
"EcosystemandCarbonCycle","BurnedArea","GFED4.1S","ED-ModelC-gpp_asym-r500","Benchmark Period Mean (intersection)","MeanState","bona","scalar","%","0.0334473","80.0"
"EcosystemandCarbonCycle","BurnedArea","GFED4.1S","ED-ModelC-gpp_asym-r500","Benchmark Period Mean (complement)","MeanState","bona","scalar","%","0","80.0"
"EcosystemandCarbonCycle","BurnedArea","GFED4.1S","ED-ModelC-gpp_asym-r500","Period Mean (original grids)","MeanState","bona","scalar","%","0.0105583","80.0"
"EcosystemandCarbonCycle","BurnedArea","GFED4.1S","ED-ModelC-gpp_asym-r500","Model Period Mean (intersection)","MeanState","bona","scalar","%","0.0108598","80.0"
"EcosystemandCarbonCycle","BurnedArea","GFED4.1S","ED-ModelC-gpp_asym-r500","Model Period Mean (complement)","MeanState","bona","scalar","%","0.00155509","80.0"
"EcosystemandCarbonCycle","BurnedArea","GFED4.1S","ED-ModelC-gpp_asym-r500","Benchmark Period Mean (intersection)","MeanState","tena","scalar","%","0.0259374","80.0"
"EcosystemandCarbonCycle","BurnedArea","GFED4.1S","ED-ModelC-gpp_asym-r500","Benchmark Period Mean (complement)","MeanState","tena","scalar","%","0","80.0"
"EcosystemandCarbonCycle","BurnedArea","GFED4.1S","ED-ModelC-gpp_asym-r500","Period Mean (original grids)","MeanState","tena","scalar","%","0.171557","80.0"
"EcosystemandCarbonCycle","BurnedArea","GFED4.1S","ED-ModelC-gpp_asym-r500","Model Period Mean (intersection)","MeanState","tena","scalar","%","0.175976","80.0"
"EcosystemandCarbonCycle","BurnedArea","GFED4.1S","ED-ModelC-gpp_asym-r500","Model Period Mean (complement)","MeanState","tena","scalar","%","0.0369826","80.0"
"EcosystemandCarbonCycle","BurnedArea","GFED4.1S","ED-ModelC-gpp_asym-r500","Benchmark Period Mean (intersection)","MeanState","ceam","scalar","%","0.0824275","80.0"
"EcosystemandCarbonCycle","BurnedArea","GFED4.1S","ED-ModelC-gpp_asym-r500","Benchmark Period Mean (complement)","MeanState","ceam","scalar","%","0","80.0"
"EcosystemandCarbonCycle","BurnedArea","GFED4.1S","ED-ModelC-gpp_asym-r500","Period Mean (original grids)","MeanState","ceam","scalar","%","0.345937","80.0"
"EcosystemandCarbonCycle","BurnedArea","GFED4.1S","ED-ModelC-gpp_asym-r500","Model Period Mean (intersection)","MeanState","ceam","scalar","%","0.389614","80.0"
"EcosystemandCarbonCycle","BurnedArea","GFED4.1S","ED-ModelC-gpp_asym-r500","Model Period Mean (complement)","MeanState","ceam","scalar","%","0.0675477","80.0"
"EcosystemandCarbonCycle","BurnedArea","GFED4.1S","ED-ModelC-gpp_asym-r500","Benchmark Period Mean (intersection)","MeanState","nhsa","scalar","%","0.142765","80.0"
"EcosystemandCarbonCycle","BurnedArea","GFED4.1S","ED-ModelC-gpp_asym-r500","Benchmark Period Mean (complement)","MeanState","nhsa","scalar","%","0","80.0"
"EcosystemandCarbonCycle","BurnedArea","GFED4.1S","ED-ModelC-gpp_asym-r500","Period Mean (original grids)","MeanState","nhsa","scalar","%","0.101211","80.0"
"EcosystemandCarbonCycle","BurnedArea","GFED4.1S","ED-ModelC-gpp_asym-r500","Model Period Mean (intersection)","MeanState","nhsa","scalar","%","0.106211","80.0"
"EcosystemandCarbonCycle","BurnedArea","GFED4.1S","ED-ModelC-gpp_asym-r500","Model Period Mean (complement)","MeanState","nhsa","scalar","%","0.0295804","80.0"
"EcosystemandCarbonCycle","BurnedArea","GFED4.1S","ED-ModelC-gpp_asym-r500","Benchmark Period Mean (intersection)","MeanState","shsa","scalar","%","0.145694","80.0"
"EcosystemandCarbonCycle","BurnedArea","GFED4.1S","ED-ModelC-gpp_asym-r500","Benchmark Period Mean (complement)","MeanState","shsa","scalar","%","0","80.0"
"EcosystemandCarbonCycle","BurnedArea","GFED4.1S","ED-ModelC-gpp_asym-r500","Period Mean (original grids)","MeanState","shsa","scalar","%","0.283628","80.0"
"EcosystemandCarbonCycle","BurnedArea","GFED4.1S","ED-ModelC-gpp_asym-r500","Model Period Mean (intersection)","MeanState","shsa","scalar","%","0.291034","80.0"
"EcosystemandCarbonCycle","BurnedArea","GFED4.1S","ED-ModelC-gpp_asym-r500","Model Period Mean (complement)","MeanState","shsa","scalar","%","0.0894088","80.0"
"EcosystemandCarbonCycle","BurnedArea","GFED4.1S","ED-ModelC-gpp_asym-r500","Benchmark Period Mean (intersection)","MeanState","euro","scalar","%","0.0250618","80.0"
"EcosystemandCarbonCycle","BurnedArea","GFED4.1S","ED-ModelC-gpp_asym-r500","Benchmark Period Mean (complement)","MeanState","euro","scalar","%","0","80.0"
"EcosystemandCarbonCycle","BurnedArea","GFED4.1S","ED-ModelC-gpp_asym-r500","Period Mean (original grids)","MeanState","euro","scalar","%","0.0855325","80.0"
"EcosystemandCarbonCycle","BurnedArea","GFED4.1S","ED-ModelC-gpp_asym-r500","Model Period Mean (intersection)","MeanState","euro","scalar","%","0.0951559","80.0"
"EcosystemandCarbonCycle","BurnedArea","GFED4.1S","ED-ModelC-gpp_asym-r500","Model Period Mean (complement)","MeanState","euro","scalar","%","0.0123741","80.0"
"EcosystemandCarbonCycle","BurnedArea","GFED4.1S","ED-ModelC-gpp_asym-r500","Benchmark Period Mean (intersection)","MeanState","mide","scalar","%","0.025217","80.0"
"EcosystemandCarbonCycle","BurnedArea","GFED4.1S","ED-ModelC-gpp_asym-r500","Benchmark Period Mean (complement)","MeanState","mide","scalar","%","0","80.0"
"EcosystemandCarbonCycle","BurnedArea","GFED4.1S","ED-ModelC-gpp_asym-r500","Period Mean (original grids)","MeanState","mide","scalar","%","0.375442","80.0"
"EcosystemandCarbonCycle","BurnedArea","GFED4.1S","ED-ModelC-gpp_asym-r500","Model Period Mean (intersection)","MeanState","mide","scalar","%","0.43716","80.0"
"EcosystemandCarbonCycle","BurnedArea","GFED4.1S","ED-ModelC-gpp_asym-r500","Model Period Mean (complement)","MeanState","mide","scalar","%","0.217508","80.0"
"EcosystemandCarbonCycle","BurnedArea","GFED4.1S","ED-ModelC-gpp_asym-r500","Benchmark Period Mean (intersection)","MeanState","nhaf","scalar","%","1.23284","80.0"
"EcosystemandCarbonCycle","BurnedArea","GFED4.1S","ED-ModelC-gpp_asym-r500","Benchmark Period Mean (complement)","MeanState","nhaf","scalar","%","0","80.0"
"EcosystemandCarbonCycle","BurnedArea","GFED4.1S","ED-ModelC-gpp_asym-r500","Period Mean (original grids)","MeanState","nhaf","scalar","%","0.837647","80.0"
"EcosystemandCarbonCycle","BurnedArea","GFED4.1S","ED-ModelC-gpp_asym-r500","Model Period Mean (intersection)","MeanState","nhaf","scalar","%","0.878388","80.0"
"EcosystemandCarbonCycle","BurnedArea","GFED4.1S","ED-ModelC-gpp_asym-r500","Model Period Mean (complement)","MeanState","nhaf","scalar","%","0.24308","80.0"
"EcosystemandCarbonCycle","BurnedArea","GFED4.1S","ED-ModelC-gpp_asym-r500","Benchmark Period Mean (intersection)","MeanState","shaf","scalar","%","1.45692","80.0"
"EcosystemandCarbonCycle","BurnedArea","GFED4.1S","ED-ModelC-gpp_asym-r500","Benchmark Period Mean (complement)","MeanState","shaf","scalar","%","0","80.0"
"EcosystemandCarbonCycle","BurnedArea","GFED4.1S","ED-ModelC-gpp_asym-r500","Period Mean (original grids)","MeanState","shaf","scalar","%","0.873749","80.0"
"EcosystemandCarbonCycle","BurnedArea","GFED4.1S","ED-ModelC-gpp_asym-r500","Model Period Mean (intersection)","MeanState","shaf","scalar","%","0.894443","80.0"
"EcosystemandCarbonCycle","BurnedArea","GFED4.1S","ED-ModelC-gpp_asym-r500","Model Period Mean (complement)","MeanState","shaf","scalar","%","0.274357","80.0"
"EcosystemandCarbonCycle","BurnedArea","GFED4.1S","ED-ModelC-gpp_asym-r500","Benchmark Period Mean (intersection)","MeanState","boas","scalar","%","0.0336143","80.0"
"EcosystemandCarbonCycle","BurnedArea","GFED4.1S","ED-ModelC-gpp_asym-r500","Benchmark Period Mean (complement)","MeanState","boas","scalar","%","0","80.0"
"EcosystemandCarbonCycle","BurnedArea","GFED4.1S","ED-ModelC-gpp_asym-r500","Period Mean (original grids)","MeanState","boas","scalar","%","0.0142236","80.0"
"EcosystemandCarbonCycle","BurnedArea","GFED4.1S","ED-ModelC-gpp_asym-r500","Model Period Mean (intersection)","MeanState","boas","scalar","%","0.0144246","80.0"
"EcosystemandCarbonCycle","BurnedArea","GFED4.1S","ED-ModelC-gpp_asym-r500","Model Period Mean (complement)","MeanState","boas","scalar","%","0.0008407","80.0"
"EcosystemandCarbonCycle","BurnedArea","GFED4.1S","ED-ModelC-gpp_asym-r500","Benchmark Period Mean (intersection)","MeanState","ceas","scalar","%","0.125736","80.0"
"EcosystemandCarbonCycle","BurnedArea","GFED4.1S","ED-ModelC-gpp_asym-r500","Benchmark Period Mean (complement)","MeanState","ceas","scalar","%","0","80.0"
"EcosystemandCarbonCycle","BurnedArea","GFED4.1S","ED-ModelC-gpp_asym-r500","Period Mean (original grids)","MeanState","ceas","scalar","%","0.183955","80.0"
"EcosystemandCarbonCycle","BurnedArea","GFED4.1S","ED-ModelC-gpp_asym-r500","Model Period Mean (intersection)","MeanState","ceas","scalar","%","0.182883","80.0"
"EcosystemandCarbonCycle","BurnedArea","GFED4.1S","ED-ModelC-gpp_asym-r500","Model Period Mean (complement)","MeanState","ceas","scalar","%","0.195964","80.0"
"EcosystemandCarbonCycle","BurnedArea","GFED4.1S","ED-ModelC-gpp_asym-r500","Benchmark Period Mean (intersection)","MeanState","seas","scalar","%","0.148029","80.0"
"EcosystemandCarbonCycle","BurnedArea","GFED4.1S","ED-ModelC-gpp_asym-r500","Benchmark Period Mean (complement)","MeanState","seas","scalar","%","0","80.0"
"EcosystemandCarbonCycle","BurnedArea","GFED4.1S","ED-ModelC-gpp_asym-r500","Period Mean (original grids)","MeanState","seas","scalar","%","0.435997","80.0"
"EcosystemandCarbonCycle","BurnedArea","GFED4.1S","ED-ModelC-gpp_asym-r500","Model Period Mean (intersection)","MeanState","seas","scalar","%","0.46904","80.0"
"EcosystemandCarbonCycle","BurnedArea","GFED4.1S","ED-ModelC-gpp_asym-r500","Model Period Mean (complement)","MeanState","seas","scalar","%","0.0740359","80.0"
"EcosystemandCarbonCycle","BurnedArea","GFED4.1S","ED-ModelC-gpp_asym-r500","Benchmark Period Mean (intersection)","MeanState","eqas","scalar","%","0.0480126","80.0"
"EcosystemandCarbonCycle","BurnedArea","GFED4.1S","ED-ModelC-gpp_asym-r500","Benchmark Period Mean (complement)","MeanState","eqas","scalar","%","0","80.0"
"EcosystemandCarbonCycle","BurnedArea","GFED4.1S","ED-ModelC-gpp_asym-r500","Period Mean (original grids)","MeanState","eqas","scalar","%","0.0176386","80.0"
"EcosystemandCarbonCycle","BurnedArea","GFED4.1S","ED-ModelC-gpp_asym-r500","Model Period Mean (intersection)","MeanState","eqas","scalar","%","0.0237363","80.0"
"EcosystemandCarbonCycle","BurnedArea","GFED4.1S","ED-ModelC-gpp_asym-r500","Model Period Mean (complement)","MeanState","eqas","scalar","%","0.00164988","80.0"
"EcosystemandCarbonCycle","BurnedArea","GFED4.1S","ED-ModelC-gpp_asym-r500","Benchmark Period Mean (intersection)","MeanState","aust","scalar","%","0.529194","80.0"
"EcosystemandCarbonCycle","BurnedArea","GFED4.1S","ED-ModelC-gpp_asym-r500","Benchmark Period Mean (complement)","MeanState","aust","scalar","%","0","80.0"
"EcosystemandCarbonCycle","BurnedArea","GFED4.1S","ED-ModelC-gpp_asym-r500","Period Mean (original grids)","MeanState","aust","scalar","%","0.409434","80.0"
"EcosystemandCarbonCycle","BurnedArea","GFED4.1S","ED-ModelC-gpp_asym-r500","Model Period Mean (intersection)","MeanState","aust","scalar","%","0.434487","80.0"
"EcosystemandCarbonCycle","BurnedArea","GFED4.1S","ED-ModelC-gpp_asym-r500","Model Period Mean (complement)","MeanState","aust","scalar","%","0.0853875","80.0"
"EcosystemandCarbonCycle","BurnedArea","GFED4.1S","ED-ModelC-gpp_asym-r500","Spatial Distribution Score","MeanState","global","score","1","0.610321","80.0"
"EcosystemandCarbonCycle","BurnedArea","GFED4.1S","ED-ModelC-gpp_asym-r500","Spatial Distribution Score","MeanState","bona","score","1","0.171692","80.0"
"EcosystemandCarbonCycle","BurnedArea","GFED4.1S","ED-ModelC-gpp_asym-r500","Spatial Distribution Score","MeanState","tena","score","1","0.107443","80.0"
"EcosystemandCarbonCycle","BurnedArea","GFED4.1S","ED-ModelC-gpp_asym-r500","Spatial Distribution Score","MeanState","ceam","score","1","0.228803","80.0"
"EcosystemandCarbonCycle","BurnedArea","GFED4.1S","ED-ModelC-gpp_asym-r500","Spatial Distribution Score","MeanState","nhsa","score","1","0.670646","80.0"
"EcosystemandCarbonCycle","BurnedArea","GFED4.1S","ED-ModelC-gpp_asym-r500","Spatial Distribution Score","MeanState","shsa","score","1","0.652038","80.0"
"EcosystemandCarbonCycle","BurnedArea","GFED4.1S","ED-ModelC-gpp_asym-r500","Spatial Distribution Score","MeanState","euro","score","1","0.213577","80.0"
"EcosystemandCarbonCycle","BurnedArea","GFED4.1S","ED-ModelC-gpp_asym-r500","Spatial Distribution Score","MeanState","mide","score","1","0.110356","80.0"
"EcosystemandCarbonCycle","BurnedArea","GFED4.1S","ED-ModelC-gpp_asym-r500","Spatial Distribution Score","MeanState","nhaf","score","1","0.493788","80.0"
"EcosystemandCarbonCycle","BurnedArea","GFED4.1S","ED-ModelC-gpp_asym-r500","Spatial Distribution Score","MeanState","shaf","score","1","0.455182","80.0"
"EcosystemandCarbonCycle","BurnedArea","GFED4.1S","ED-ModelC-gpp_asym-r500","Spatial Distribution Score","MeanState","boas","score","1","0.174589","80.0"
"EcosystemandCarbonCycle","BurnedArea","GFED4.1S","ED-ModelC-gpp_asym-r500","Spatial Distribution Score","MeanState","ceas","score","1","0.626392","80.0"
"EcosystemandCarbonCycle","BurnedArea","GFED4.1S","ED-ModelC-gpp_asym-r500","Spatial Distribution Score","MeanState","seas","score","1","0.462857","80.0"
"EcosystemandCarbonCycle","BurnedArea","GFED4.1S","ED-ModelC-gpp_asym-r500","Spatial Distribution Score","MeanState","eqas","score","1","0.559517","80.0"
"EcosystemandCarbonCycle","BurnedArea","GFED4.1S","ED-ModelC-gpp_asym-r500","Spatial Distribution Score","MeanState","aust","score","1","0.61651","80.0"
"EcosystemandCarbonCycle","BurnedArea","GFED4.1S","ED-ModelC-gpp_asym-r500","Phase Shift","MeanState","global","scalar","months","2.08241","80.0"
"EcosystemandCarbonCycle","BurnedArea","GFED4.1S","ED-ModelC-gpp_asym-r500","Seasonal Cycle Score","MeanState","global","score","1","0.843135","80.0"
"EcosystemandCarbonCycle","BurnedArea","GFED4.1S","ED-ModelC-gpp_asym-r500","Phase Shift","MeanState","bona","scalar","months","1.99454","80.0"
"EcosystemandCarbonCycle","BurnedArea","GFED4.1S","ED-ModelC-gpp_asym-r500","Seasonal Cycle Score","MeanState","bona","score","1","0.892972","80.0"
"EcosystemandCarbonCycle","BurnedArea","GFED4.1S","ED-ModelC-gpp_asym-r500","Phase Shift","MeanState","tena","scalar","months","2.50464","80.0"
"EcosystemandCarbonCycle","BurnedArea","GFED4.1S","ED-ModelC-gpp_asym-r500","Seasonal Cycle Score","MeanState","tena","score","1","0.67973","80.0"
"EcosystemandCarbonCycle","BurnedArea","GFED4.1S","ED-ModelC-gpp_asym-r500","Phase Shift","MeanState","ceam","scalar","months","1.87959","80.0"
"EcosystemandCarbonCycle","BurnedArea","GFED4.1S","ED-ModelC-gpp_asym-r500","Seasonal Cycle Score","MeanState","ceam","score","1","0.80454","80.0"
"EcosystemandCarbonCycle","BurnedArea","GFED4.1S","ED-ModelC-gpp_asym-r500","Phase Shift","MeanState","nhsa","scalar","months","1.41236","80.0"
"EcosystemandCarbonCycle","BurnedArea","GFED4.1S","ED-ModelC-gpp_asym-r500","Seasonal Cycle Score","MeanState","nhsa","score","1","0.916094","80.0"
"EcosystemandCarbonCycle","BurnedArea","GFED4.1S","ED-ModelC-gpp_asym-r500","Phase Shift","MeanState","shsa","scalar","months","1.70461","80.0"
"EcosystemandCarbonCycle","BurnedArea","GFED4.1S","ED-ModelC-gpp_asym-r500","Seasonal Cycle Score","MeanState","shsa","score","1","0.846228","80.0"
"EcosystemandCarbonCycle","BurnedArea","GFED4.1S","ED-ModelC-gpp_asym-r500","Phase Shift","MeanState","euro","scalar","months","2.47859","80.0"
"EcosystemandCarbonCycle","BurnedArea","GFED4.1S","ED-ModelC-gpp_asym-r500","Seasonal Cycle Score","MeanState","euro","score","1","0.779271","80.0"
"EcosystemandCarbonCycle","BurnedArea","GFED4.1S","ED-ModelC-gpp_asym-r500","Phase Shift","MeanState","mide","scalar","months","2.55615","80.0"
"EcosystemandCarbonCycle","BurnedArea","GFED4.1S","ED-ModelC-gpp_asym-r500","Seasonal Cycle Score","MeanState","mide","score","1","0.757331","80.0"
"EcosystemandCarbonCycle","BurnedArea","GFED4.1S","ED-ModelC-gpp_asym-r500","Phase Shift","MeanState","nhaf","scalar","months","1.78188","80.0"
"EcosystemandCarbonCycle","BurnedArea","GFED4.1S","ED-ModelC-gpp_asym-r500","Seasonal Cycle Score","MeanState","nhaf","score","1","0.890802","80.0"
"EcosystemandCarbonCycle","BurnedArea","GFED4.1S","ED-ModelC-gpp_asym-r500","Phase Shift","MeanState","shaf","scalar","months","1.39027","80.0"
"EcosystemandCarbonCycle","BurnedArea","GFED4.1S","ED-ModelC-gpp_asym-r500","Seasonal Cycle Score","MeanState","shaf","score","1","0.904536","80.0"
"EcosystemandCarbonCycle","BurnedArea","GFED4.1S","ED-ModelC-gpp_asym-r500","Phase Shift","MeanState","boas","scalar","months","1.91178","80.0"
"EcosystemandCarbonCycle","BurnedArea","GFED4.1S","ED-ModelC-gpp_asym-r500","Seasonal Cycle Score","MeanState","boas","score","1","0.778719","80.0"
"EcosystemandCarbonCycle","BurnedArea","GFED4.1S","ED-ModelC-gpp_asym-r500","Phase Shift","MeanState","ceas","scalar","months","2.42488","80.0"
"EcosystemandCarbonCycle","BurnedArea","GFED4.1S","ED-ModelC-gpp_asym-r500","Seasonal Cycle Score","MeanState","ceas","score","1","0.710276","80.0"
"EcosystemandCarbonCycle","BurnedArea","GFED4.1S","ED-ModelC-gpp_asym-r500","Phase Shift","MeanState","seas","scalar","months","2.00165","80.0"
"EcosystemandCarbonCycle","BurnedArea","GFED4.1S","ED-ModelC-gpp_asym-r500","Seasonal Cycle Score","MeanState","seas","score","1","0.856909","80.0"
"EcosystemandCarbonCycle","BurnedArea","GFED4.1S","ED-ModelC-gpp_asym-r500","Phase Shift","MeanState","eqas","scalar","months","2.25954","80.0"
"EcosystemandCarbonCycle","BurnedArea","GFED4.1S","ED-ModelC-gpp_asym-r500","Seasonal Cycle Score","MeanState","eqas","score","1","0.776709","80.0"
"EcosystemandCarbonCycle","BurnedArea","GFED4.1S","ED-ModelC-gpp_asym-r500","Phase Shift","MeanState","aust","scalar","months","2.58147","80.0"
"EcosystemandCarbonCycle","BurnedArea","GFED4.1S","ED-ModelC-gpp_asym-r500","Seasonal Cycle Score","MeanState","aust","score","1","0.577611","80.0"
"EcosystemandCarbonCycle","BurnedArea","GFED4.1S","ED-ModelC-gpp_asym-r500","Bias","MeanState","global","scalar","%","-0.00798119","80.0"
"EcosystemandCarbonCycle","BurnedArea","GFED4.1S","ED-ModelC-gpp_asym-r500","Bias Score","MeanState","global","score","1","0.722221","80.0"
"EcosystemandCarbonCycle","BurnedArea","GFED4.1S","ED-ModelC-gpp_asym-r500","Bias","MeanState","bona","scalar","%","-0.0225875","80.0"
"EcosystemandCarbonCycle","BurnedArea","GFED4.1S","ED-ModelC-gpp_asym-r500","Bias Score","MeanState","bona","score","1","0.89647","80.0"
"EcosystemandCarbonCycle","BurnedArea","GFED4.1S","ED-ModelC-gpp_asym-r500","Bias","MeanState","tena","scalar","%","0.150038","80.0"
"EcosystemandCarbonCycle","BurnedArea","GFED4.1S","ED-ModelC-gpp_asym-r500","Bias Score","MeanState","tena","score","1","0.635961","80.0"
"EcosystemandCarbonCycle","BurnedArea","GFED4.1S","ED-ModelC-gpp_asym-r500","Bias","MeanState","ceam","scalar","%","0.307187","80.0"
"EcosystemandCarbonCycle","BurnedArea","GFED4.1S","ED-ModelC-gpp_asym-r500","Bias Score","MeanState","ceam","score","1","0.520114","80.0"
"EcosystemandCarbonCycle","BurnedArea","GFED4.1S","ED-ModelC-gpp_asym-r500","Bias","MeanState","nhsa","scalar","%","-0.0365539","80.0"
"EcosystemandCarbonCycle","BurnedArea","GFED4.1S","ED-ModelC-gpp_asym-r500","Bias Score","MeanState","nhsa","score","1","0.704146","80.0"
"EcosystemandCarbonCycle","BurnedArea","GFED4.1S","ED-ModelC-gpp_asym-r500","Bias","MeanState","shsa","scalar","%","0.14534","80.0"
"EcosystemandCarbonCycle","BurnedArea","GFED4.1S","ED-ModelC-gpp_asym-r500","Bias Score","MeanState","shsa","score","1","0.711263","80.0"
"EcosystemandCarbonCycle","BurnedArea","GFED4.1S","ED-ModelC-gpp_asym-r500","Bias","MeanState","euro","scalar","%","0.0700941","80.0"
"EcosystemandCarbonCycle","BurnedArea","GFED4.1S","ED-ModelC-gpp_asym-r500","Bias Score","MeanState","euro","score","1","0.680609","80.0"
"EcosystemandCarbonCycle","BurnedArea","GFED4.1S","ED-ModelC-gpp_asym-r500","Bias","MeanState","mide","scalar","%","0.411943","80.0"
"EcosystemandCarbonCycle","BurnedArea","GFED4.1S","ED-ModelC-gpp_asym-r500","Bias Score","MeanState","mide","score","1","0.468942","80.0"
"EcosystemandCarbonCycle","BurnedArea","GFED4.1S","ED-ModelC-gpp_asym-r500","Bias","MeanState","nhaf","scalar","%","-0.354451","80.0"
"EcosystemandCarbonCycle","BurnedArea","GFED4.1S","ED-ModelC-gpp_asym-r500","Bias Score","MeanState","nhaf","score","1","0.718808","80.0"
"EcosystemandCarbonCycle","BurnedArea","GFED4.1S","ED-ModelC-gpp_asym-r500","Bias","MeanState","shaf","scalar","%","-0.562479","80.0"
"EcosystemandCarbonCycle","BurnedArea","GFED4.1S","ED-ModelC-gpp_asym-r500","Bias Score","MeanState","shaf","score","1","0.70687","80.0"
"EcosystemandCarbonCycle","BurnedArea","GFED4.1S","ED-ModelC-gpp_asym-r500","Bias","MeanState","boas","scalar","%","-0.0191897","80.0"
"EcosystemandCarbonCycle","BurnedArea","GFED4.1S","ED-ModelC-gpp_asym-r500","Bias Score","MeanState","boas","score","1","0.872675","80.0"
"EcosystemandCarbonCycle","BurnedArea","GFED4.1S","ED-ModelC-gpp_asym-r500","Bias","MeanState","ceas","scalar","%","0.0571474","80.0"
"EcosystemandCarbonCycle","BurnedArea","GFED4.1S","ED-ModelC-gpp_asym-r500","Bias Score","MeanState","ceas","score","1","0.798738","80.0"
"EcosystemandCarbonCycle","BurnedArea","GFED4.1S","ED-ModelC-gpp_asym-r500","Bias","MeanState","seas","scalar","%","0.321011","80.0"
"EcosystemandCarbonCycle","BurnedArea","GFED4.1S","ED-ModelC-gpp_asym-r500","Bias Score","MeanState","seas","score","1","0.688396","80.0"
"EcosystemandCarbonCycle","BurnedArea","GFED4.1S","ED-ModelC-gpp_asym-r500","Bias","MeanState","eqas","scalar","%","-0.0242763","80.0"
"EcosystemandCarbonCycle","BurnedArea","GFED4.1S","ED-ModelC-gpp_asym-r500","Bias Score","MeanState","eqas","score","1","0.688414","80.0"
"EcosystemandCarbonCycle","BurnedArea","GFED4.1S","ED-ModelC-gpp_asym-r500","Bias","MeanState","aust","scalar","%","-0.0947071","80.0"
"EcosystemandCarbonCycle","BurnedArea","GFED4.1S","ED-ModelC-gpp_asym-r500","Bias Score","MeanState","aust","score","1","0.766619","80.0"
"EcosystemandCarbonCycle","BurnedArea","GFED4.1S","ED-ModelC-gpp_asym-r500","RMSE","MeanState","global","scalar","%","0.760202","80.0"
"EcosystemandCarbonCycle","BurnedArea","GFED4.1S","ED-ModelC-gpp_asym-r500","RMSE Score","MeanState","global","score","1","0.516424","80.0"
"EcosystemandCarbonCycle","BurnedArea","GFED4.1S","ED-ModelC-gpp_asym-r500","RMSE","MeanState","bona","scalar","%","0.0892835","80.0"
"EcosystemandCarbonCycle","BurnedArea","GFED4.1S","ED-ModelC-gpp_asym-r500","RMSE Score","MeanState","bona","score","1","0.757939","80.0"
"EcosystemandCarbonCycle","BurnedArea","GFED4.1S","ED-ModelC-gpp_asym-r500","RMSE","MeanState","tena","scalar","%","0.297081","80.0"
"EcosystemandCarbonCycle","BurnedArea","GFED4.1S","ED-ModelC-gpp_asym-r500","RMSE Score","MeanState","tena","score","1","0.461672","80.0"
"EcosystemandCarbonCycle","BurnedArea","GFED4.1S","ED-ModelC-gpp_asym-r500","RMSE","MeanState","ceam","scalar","%","0.60307","80.0"
"EcosystemandCarbonCycle","BurnedArea","GFED4.1S","ED-ModelC-gpp_asym-r500","RMSE Score","MeanState","ceam","score","1","0.361694","80.0"
"EcosystemandCarbonCycle","BurnedArea","GFED4.1S","ED-ModelC-gpp_asym-r500","RMSE","MeanState","nhsa","scalar","%","0.235931","80.0"
"EcosystemandCarbonCycle","BurnedArea","GFED4.1S","ED-ModelC-gpp_asym-r500","RMSE Score","MeanState","nhsa","score","1","0.538274","80.0"
"EcosystemandCarbonCycle","BurnedArea","GFED4.1S","ED-ModelC-gpp_asym-r500","RMSE","MeanState","shsa","scalar","%","0.503089","80.0"
"EcosystemandCarbonCycle","BurnedArea","GFED4.1S","ED-ModelC-gpp_asym-r500","RMSE Score","MeanState","shsa","score","1","0.479935","80.0"
"EcosystemandCarbonCycle","BurnedArea","GFED4.1S","ED-ModelC-gpp_asym-r500","RMSE","MeanState","euro","scalar","%","0.173479","80.0"
"EcosystemandCarbonCycle","BurnedArea","GFED4.1S","ED-ModelC-gpp_asym-r500","RMSE Score","MeanState","euro","score","1","0.52288","80.0"
"EcosystemandCarbonCycle","BurnedArea","GFED4.1S","ED-ModelC-gpp_asym-r500","RMSE","MeanState","mide","scalar","%","0.656508","80.0"
"EcosystemandCarbonCycle","BurnedArea","GFED4.1S","ED-ModelC-gpp_asym-r500","RMSE Score","MeanState","mide","score","1","0.319272","80.0"
"EcosystemandCarbonCycle","BurnedArea","GFED4.1S","ED-ModelC-gpp_asym-r500","RMSE","MeanState","nhaf","scalar","%","2.5481","80.0"
"EcosystemandCarbonCycle","BurnedArea","GFED4.1S","ED-ModelC-gpp_asym-r500","RMSE Score","MeanState","nhaf","score","1","0.469982","80.0"
"EcosystemandCarbonCycle","BurnedArea","GFED4.1S","ED-ModelC-gpp_asym-r500","RMSE","MeanState","shaf","scalar","%","2.36272","80.0"
"EcosystemandCarbonCycle","BurnedArea","GFED4.1S","ED-ModelC-gpp_asym-r500","RMSE Score","MeanState","shaf","score","1","0.505299","80.0"
"EcosystemandCarbonCycle","BurnedArea","GFED4.1S","ED-ModelC-gpp_asym-r500","RMSE","MeanState","boas","scalar","%","0.0844073","80.0"
"EcosystemandCarbonCycle","BurnedArea","GFED4.1S","ED-ModelC-gpp_asym-r500","RMSE Score","MeanState","boas","score","1","0.71591","80.0"
"EcosystemandCarbonCycle","BurnedArea","GFED4.1S","ED-ModelC-gpp_asym-r500","RMSE","MeanState","ceas","scalar","%","0.427726","80.0"
"EcosystemandCarbonCycle","BurnedArea","GFED4.1S","ED-ModelC-gpp_asym-r500","RMSE Score","MeanState","ceas","score","1","0.625475","80.0"
"EcosystemandCarbonCycle","BurnedArea","GFED4.1S","ED-ModelC-gpp_asym-r500","RMSE","MeanState","seas","scalar","%","0.779619","80.0"
"EcosystemandCarbonCycle","BurnedArea","GFED4.1S","ED-ModelC-gpp_asym-r500","RMSE Score","MeanState","seas","score","1","0.448751","80.0"
"EcosystemandCarbonCycle","BurnedArea","GFED4.1S","ED-ModelC-gpp_asym-r500","RMSE","MeanState","eqas","scalar","%","0.116884","80.0"
"EcosystemandCarbonCycle","BurnedArea","GFED4.1S","ED-ModelC-gpp_asym-r500","RMSE Score","MeanState","eqas","score","1","0.578012","80.0"
"EcosystemandCarbonCycle","BurnedArea","GFED4.1S","ED-ModelC-gpp_asym-r500","RMSE","MeanState","aust","scalar","%","1.0832","80.0"
"EcosystemandCarbonCycle","BurnedArea","GFED4.1S","ED-ModelC-gpp_asym-r500","RMSE Score","MeanState","aust","score","1","0.648261","80.0"