"Section","Variable","Source","Model","ScalarName","AnalysisType","Region","ScalarType","Units","Data","Weight"
"EcosystemandCarbonCycle","BurnedArea","GFED4.1S","ED-ModelC-final","Benchmark Period Mean (intersection)","MeanState","global","scalar","%","0.329776","80.0"
"EcosystemandCarbonCycle","BurnedArea","GFED4.1S","ED-ModelC-final","Benchmark Period Mean (complement)","MeanState","global","scalar","%","0","80.0"
"EcosystemandCarbonCycle","BurnedArea","GFED4.1S","ED-ModelC-final","Period Mean (original grids)","MeanState","global","scalar","%","0.611164","80.0"
"EcosystemandCarbonCycle","BurnedArea","GFED4.1S","ED-ModelC-final","Model Period Mean (intersection)","MeanState","global","scalar","%","0.663221","80.0"
"EcosystemandCarbonCycle","BurnedArea","GFED4.1S","ED-ModelC-final","Model Period Mean (complement)","MeanState","global","scalar","%","0.0871574","80.0"
"EcosystemandCarbonCycle","BurnedArea","GFED4.1S","ED-ModelC-final","Benchmark Period Mean (intersection)","MeanState","bona","scalar","%","0.0334473","80.0"
"EcosystemandCarbonCycle","BurnedArea","GFED4.1S","ED-ModelC-final","Benchmark Period Mean (complement)","MeanState","bona","scalar","%","0","80.0"
"EcosystemandCarbonCycle","BurnedArea","GFED4.1S","ED-ModelC-final","Period Mean (original grids)","MeanState","bona","scalar","%","0.0439413","80.0"
"EcosystemandCarbonCycle","BurnedArea","GFED4.1S","ED-ModelC-final","Model Period Mean (intersection)","MeanState","bona","scalar","%","0.0452667","80.0"
"EcosystemandCarbonCycle","BurnedArea","GFED4.1S","ED-ModelC-final","Model Period Mean (complement)","MeanState","bona","scalar","%","0.00436614","80.0"
"EcosystemandCarbonCycle","BurnedArea","GFED4.1S","ED-ModelC-final","Benchmark Period Mean (intersection)","MeanState","tena","scalar","%","0.0259374","80.0"
"EcosystemandCarbonCycle","BurnedArea","GFED4.1S","ED-ModelC-final","Benchmark Period Mean (complement)","MeanState","tena","scalar","%","0","80.0"
"EcosystemandCarbonCycle","BurnedArea","GFED4.1S","ED-ModelC-final","Period Mean (original grids)","MeanState","tena","scalar","%","0.374298","80.0"
"EcosystemandCarbonCycle","BurnedArea","GFED4.1S","ED-ModelC-final","Model Period Mean (intersection)","MeanState","tena","scalar","%","0.383267","80.0"
"EcosystemandCarbonCycle","BurnedArea","GFED4.1S","ED-ModelC-final","Model Period Mean (complement)","MeanState","tena","scalar","%","0.101162","80.0"
"EcosystemandCarbonCycle","BurnedArea","GFED4.1S","ED-ModelC-final","Benchmark Period Mean (intersection)","MeanState","ceam","scalar","%","0.0824275","80.0"
"EcosystemandCarbonCycle","BurnedArea","GFED4.1S","ED-ModelC-final","Benchmark Period Mean (complement)","MeanState","ceam","scalar","%","0","80.0"
"EcosystemandCarbonCycle","BurnedArea","GFED4.1S","ED-ModelC-final","Period Mean (original grids)","MeanState","ceam","scalar","%","0.75181","80.0"
"EcosystemandCarbonCycle","BurnedArea","GFED4.1S","ED-ModelC-final","Model Period Mean (intersection)","MeanState","ceam","scalar","%","0.855597","80.0"
"EcosystemandCarbonCycle","BurnedArea","GFED4.1S","ED-ModelC-final","Model Period Mean (complement)","MeanState","ceam","scalar","%","0.0902959","80.0"
"EcosystemandCarbonCycle","BurnedArea","GFED4.1S","ED-ModelC-final","Benchmark Period Mean (intersection)","MeanState","nhsa","scalar","%","0.142765","80.0"
"EcosystemandCarbonCycle","BurnedArea","GFED4.1S","ED-ModelC-final","Benchmark Period Mean (complement)","MeanState","nhsa","scalar","%","0","80.0"
"EcosystemandCarbonCycle","BurnedArea","GFED4.1S","ED-ModelC-final","Period Mean (original grids)","MeanState","nhsa","scalar","%","0.841181","80.0"
"EcosystemandCarbonCycle","BurnedArea","GFED4.1S","ED-ModelC-final","Model Period Mean (intersection)","MeanState","nhsa","scalar","%","0.892726","80.0"
"EcosystemandCarbonCycle","BurnedArea","GFED4.1S","ED-ModelC-final","Model Period Mean (complement)","MeanState","nhsa","scalar","%","0.10267","80.0"
"EcosystemandCarbonCycle","BurnedArea","GFED4.1S","ED-ModelC-final","Benchmark Period Mean (intersection)","MeanState","shsa","scalar","%","0.145694","80.0"
"EcosystemandCarbonCycle","BurnedArea","GFED4.1S","ED-ModelC-final","Benchmark Period Mean (complement)","MeanState","shsa","scalar","%","0","80.0"
"EcosystemandCarbonCycle","BurnedArea","GFED4.1S","ED-ModelC-final","Period Mean (original grids)","MeanState","shsa","scalar","%","0.94454","80.0"
"EcosystemandCarbonCycle","BurnedArea","GFED4.1S","ED-ModelC-final","Model Period Mean (intersection)","MeanState","shsa","scalar","%","0.979287","80.0"
"EcosystemandCarbonCycle","BurnedArea","GFED4.1S","ED-ModelC-final","Model Period Mean (complement)","MeanState","shsa","scalar","%","0.0333284","80.0"
"EcosystemandCarbonCycle","BurnedArea","GFED4.1S","ED-ModelC-final","Benchmark Period Mean (intersection)","MeanState","euro","scalar","%","0.0250618","80.0"
"EcosystemandCarbonCycle","BurnedArea","GFED4.1S","ED-ModelC-final","Benchmark Period Mean (complement)","MeanState","euro","scalar","%","0","80.0"
"EcosystemandCarbonCycle","BurnedArea","GFED4.1S","ED-ModelC-final","Period Mean (original grids)","MeanState","euro","scalar","%","0.288168","80.0"
"EcosystemandCarbonCycle","BurnedArea","GFED4.1S","ED-ModelC-final","Model Period Mean (intersection)","MeanState","euro","scalar","%","0.320702","80.0"
"EcosystemandCarbonCycle","BurnedArea","GFED4.1S","ED-ModelC-final","Model Period Mean (complement)","MeanState","euro","scalar","%","0.0408385","80.0"
"EcosystemandCarbonCycle","BurnedArea","GFED4.1S","ED-ModelC-final","Benchmark Period Mean (intersection)","MeanState","mide","scalar","%","0.025217","80.0"
"EcosystemandCarbonCycle","BurnedArea","GFED4.1S","ED-ModelC-final","Benchmark Period Mean (complement)","MeanState","mide","scalar","%","0","80.0"
"EcosystemandCarbonCycle","BurnedArea","GFED4.1S","ED-ModelC-final","Period Mean (original grids)","MeanState","mide","scalar","%","0.341438","80.0"
"EcosystemandCarbonCycle","BurnedArea","GFED4.1S","ED-ModelC-final","Model Period Mean (intersection)","MeanState","mide","scalar","%","0.424798","80.0"
"EcosystemandCarbonCycle","BurnedArea","GFED4.1S","ED-ModelC-final","Model Period Mean (complement)","MeanState","mide","scalar","%","0.128125","80.0"
"EcosystemandCarbonCycle","BurnedArea","GFED4.1S","ED-ModelC-final","Benchmark Period Mean (intersection)","MeanState","nhaf","scalar","%","1.23284","80.0"
"EcosystemandCarbonCycle","BurnedArea","GFED4.1S","ED-ModelC-final","Benchmark Period Mean (complement)","MeanState","nhaf","scalar","%","0","80.0"
"EcosystemandCarbonCycle","BurnedArea","GFED4.1S","ED-ModelC-final","Period Mean (original grids)","MeanState","nhaf","scalar","%","1.42894","80.0"
"EcosystemandCarbonCycle","BurnedArea","GFED4.1S","ED-ModelC-final","Model Period Mean (intersection)","MeanState","nhaf","scalar","%","1.51471","80.0"
"EcosystemandCarbonCycle","BurnedArea","GFED4.1S","ED-ModelC-final","Model Period Mean (complement)","MeanState","nhaf","scalar","%","0.177195","80.0"
"EcosystemandCarbonCycle","BurnedArea","GFED4.1S","ED-ModelC-final","Benchmark Period Mean (intersection)","MeanState","shaf","scalar","%","1.45692","80.0"
"EcosystemandCarbonCycle","BurnedArea","GFED4.1S","ED-ModelC-final","Benchmark Period Mean (complement)","MeanState","shaf","scalar","%","0","80.0"
"EcosystemandCarbonCycle","BurnedArea","GFED4.1S","ED-ModelC-final","Period Mean (original grids)","MeanState","shaf","scalar","%","1.42948","80.0"
"EcosystemandCarbonCycle","BurnedArea","GFED4.1S","ED-ModelC-final","Model Period Mean (intersection)","MeanState","shaf","scalar","%","1.47297","80.0"
"EcosystemandCarbonCycle","BurnedArea","GFED4.1S","ED-ModelC-final","Model Period Mean (complement)","MeanState","shaf","scalar","%","0.169837","80.0"
"EcosystemandCarbonCycle","BurnedArea","GFED4.1S","ED-ModelC-final","Benchmark Period Mean (intersection)","MeanState","boas","scalar","%","0.0336143","80.0"
"EcosystemandCarbonCycle","BurnedArea","GFED4.1S","ED-ModelC-final","Benchmark Period Mean (complement)","MeanState","boas","scalar","%","0","80.0"
"EcosystemandCarbonCycle","BurnedArea","GFED4.1S","ED-ModelC-final","Period Mean (original grids)","MeanState","boas","scalar","%","0.0731527","80.0"
"EcosystemandCarbonCycle","BurnedArea","GFED4.1S","ED-ModelC-final","Model Period Mean (intersection)","MeanState","boas","scalar","%","0.0741911","80.0"
"EcosystemandCarbonCycle","BurnedArea","GFED4.1S","ED-ModelC-final","Model Period Mean (complement)","MeanState","boas","scalar","%","0.00404477","80.0"
"EcosystemandCarbonCycle","BurnedArea","GFED4.1S","ED-ModelC-final","Benchmark Period Mean (intersection)","MeanState","ceas","scalar","%","0.125736","80.0"
"EcosystemandCarbonCycle","BurnedArea","GFED4.1S","ED-ModelC-final","Benchmark Period Mean (complement)","MeanState","ceas","scalar","%","0","80.0"
"EcosystemandCarbonCycle","BurnedArea","GFED4.1S","ED-ModelC-final","Period Mean (original grids)","MeanState","ceas","scalar","%","0.258832","80.0"
"EcosystemandCarbonCycle","BurnedArea","GFED4.1S","ED-ModelC-final","Model Period Mean (intersection)","MeanState","ceas","scalar","%","0.272982","80.0"
"EcosystemandCarbonCycle","BurnedArea","GFED4.1S","ED-ModelC-final","Model Period Mean (complement)","MeanState","ceas","scalar","%","0.100272","80.0"
"EcosystemandCarbonCycle","BurnedArea","GFED4.1S","ED-ModelC-final","Benchmark Period Mean (intersection)","MeanState","seas","scalar","%","0.148029","80.0"
"EcosystemandCarbonCycle","BurnedArea","GFED4.1S","ED-ModelC-final","Benchmark Period Mean (complement)","MeanState","seas","scalar","%","0","80.0"
"EcosystemandCarbonCycle","BurnedArea","GFED4.1S","ED-ModelC-final","Period Mean (original grids)","MeanState","seas","scalar","%","1.03614","80.0"
"EcosystemandCarbonCycle","BurnedArea","GFED4.1S","ED-ModelC-final","Model Period Mean (intersection)","MeanState","seas","scalar","%","1.12108","80.0"
"EcosystemandCarbonCycle","BurnedArea","GFED4.1S","ED-ModelC-final","Model Period Mean (complement)","MeanState","seas","scalar","%","0.105606","80.0"
"EcosystemandCarbonCycle","BurnedArea","GFED4.1S","ED-ModelC-final","Benchmark Period Mean (intersection)","MeanState","eqas","scalar","%","0.0480126","80.0"
"EcosystemandCarbonCycle","BurnedArea","GFED4.1S","ED-ModelC-final","Benchmark Period Mean (complement)","MeanState","eqas","scalar","%","0","80.0"
"EcosystemandCarbonCycle","BurnedArea","GFED4.1S","ED-ModelC-final","Period Mean (original grids)","MeanState","eqas","scalar","%","0.307191","80.0"
"EcosystemandCarbonCycle","BurnedArea","GFED4.1S","ED-ModelC-final","Model Period Mean (intersection)","MeanState","eqas","scalar","%","0.415556","80.0"
"EcosystemandCarbonCycle","BurnedArea","GFED4.1S","ED-ModelC-final","Model Period Mean (complement)","MeanState","eqas","scalar","%","0.0230431","80.0"
"EcosystemandCarbonCycle","BurnedArea","GFED4.1S","ED-ModelC-final","Benchmark Period Mean (intersection)","MeanState","aust","scalar","%","0.529194","80.0"
"EcosystemandCarbonCycle","BurnedArea","GFED4.1S","ED-ModelC-final","Benchmark Period Mean (complement)","MeanState","aust","scalar","%","0","80.0"
"EcosystemandCarbonCycle","BurnedArea","GFED4.1S","ED-ModelC-final","Period Mean (original grids)","MeanState","aust","scalar","%","0.511498","80.0"
"EcosystemandCarbonCycle","BurnedArea","GFED4.1S","ED-ModelC-final","Model Period Mean (intersection)","MeanState","aust","scalar","%","0.541069","80.0"
"EcosystemandCarbonCycle","BurnedArea","GFED4.1S","ED-ModelC-final","Model Period Mean (complement)","MeanState","aust","scalar","%","0.129021","80.0"
"EcosystemandCarbonCycle","BurnedArea","GFED4.1S","ED-ModelC-final","Spatial Distribution Score","MeanState","global","score","1","0.772351","80.0"
"EcosystemandCarbonCycle","BurnedArea","GFED4.1S","ED-ModelC-final","Spatial Distribution Score","MeanState","bona","score","1","0.654858","80.0"
"EcosystemandCarbonCycle","BurnedArea","GFED4.1S","ED-ModelC-final","Spatial Distribution Score","MeanState","tena","score","1","0.160304","80.0"
"EcosystemandCarbonCycle","BurnedArea","GFED4.1S","ED-ModelC-final","Spatial Distribution Score","MeanState","ceam","score","1","0.125564","80.0"
"EcosystemandCarbonCycle","BurnedArea","GFED4.1S","ED-ModelC-final","Spatial Distribution Score","MeanState","nhsa","score","1","0.626989","80.0"
"EcosystemandCarbonCycle","BurnedArea","GFED4.1S","ED-ModelC-final","Spatial Distribution Score","MeanState","shsa","score","1","0.383616","80.0"
"EcosystemandCarbonCycle","BurnedArea","GFED4.1S","ED-ModelC-final","Spatial Distribution Score","MeanState","euro","score","1","0.080499","80.0"
"EcosystemandCarbonCycle","BurnedArea","GFED4.1S","ED-ModelC-final","Spatial Distribution Score","MeanState","mide","score","1","0.0911787","80.0"
"EcosystemandCarbonCycle","BurnedArea","GFED4.1S","ED-ModelC-final","Spatial Distribution Score","MeanState","nhaf","score","1","0.59981","80.0"
"EcosystemandCarbonCycle","BurnedArea","GFED4.1S","ED-ModelC-final","Spatial Distribution Score","MeanState","shaf","score","1","0.567063","80.0"
"EcosystemandCarbonCycle","BurnedArea","GFED4.1S","ED-ModelC-final","Spatial Distribution Score","MeanState","boas","score","1","0.767865","80.0"
"EcosystemandCarbonCycle","BurnedArea","GFED4.1S","ED-ModelC-final","Spatial Distribution Score","MeanState","ceas","score","1","0.726466","80.0"
"EcosystemandCarbonCycle","BurnedArea","GFED4.1S","ED-ModelC-final","Spatial Distribution Score","MeanState","seas","score","1","0.358569","80.0"
"EcosystemandCarbonCycle","BurnedArea","GFED4.1S","ED-ModelC-final","Spatial Distribution Score","MeanState","eqas","score","1","0.177092","80.0"
"EcosystemandCarbonCycle","BurnedArea","GFED4.1S","ED-ModelC-final","Spatial Distribution Score","MeanState","aust","score","1","0.721918","80.0"
"EcosystemandCarbonCycle","BurnedArea","GFED4.1S","ED-ModelC-final","Phase Shift","MeanState","global","scalar","months","2.05853","80.0"
"EcosystemandCarbonCycle","BurnedArea","GFED4.1S","ED-ModelC-final","Seasonal Cycle Score","MeanState","global","score","1","0.84569","80.0"
"EcosystemandCarbonCycle","BurnedArea","GFED4.1S","ED-ModelC-final","Phase Shift","MeanState","bona","scalar","months","1.89796","80.0"
"EcosystemandCarbonCycle","BurnedArea","GFED4.1S","ED-ModelC-final","Seasonal Cycle Score","MeanState","bona","score","1","0.925121","80.0"
"EcosystemandCarbonCycle","BurnedArea","GFED4.1S","ED-ModelC-final","Phase Shift","MeanState","tena","scalar","months","2.40692","80.0"
"EcosystemandCarbonCycle","BurnedArea","GFED4.1S","ED-ModelC-final","Seasonal Cycle Score","MeanState","tena","score","1","0.694036","80.0"
"EcosystemandCarbonCycle","BurnedArea","GFED4.1S","ED-ModelC-final","Phase Shift","MeanState","ceam","scalar","months","1.71508","80.0"
"EcosystemandCarbonCycle","BurnedArea","GFED4.1S","ED-ModelC-final","Seasonal Cycle Score","MeanState","ceam","score","1","0.84747","80.0"
"EcosystemandCarbonCycle","BurnedArea","GFED4.1S","ED-ModelC-final","Phase Shift","MeanState","nhsa","scalar","months","1.42272","80.0"
"EcosystemandCarbonCycle","BurnedArea","GFED4.1S","ED-ModelC-final","Seasonal Cycle Score","MeanState","nhsa","score","1","0.914425","80.0"
"EcosystemandCarbonCycle","BurnedArea","GFED4.1S","ED-ModelC-final","Phase Shift","MeanState","shsa","scalar","months","1.86776","80.0"
"EcosystemandCarbonCycle","BurnedArea","GFED4.1S","ED-ModelC-final","Seasonal Cycle Score","MeanState","shsa","score","1","0.820024","80.0"
"EcosystemandCarbonCycle","BurnedArea","GFED4.1S","ED-ModelC-final","Phase Shift","MeanState","euro","scalar","months","2.1894","80.0"
"EcosystemandCarbonCycle","BurnedArea","GFED4.1S","ED-ModelC-final","Seasonal Cycle Score","MeanState","euro","score","1","0.808165","80.0"
"EcosystemandCarbonCycle","BurnedArea","GFED4.1S","ED-ModelC-final","Phase Shift","MeanState","mide","scalar","months","2.54107","80.0"
"EcosystemandCarbonCycle","BurnedArea","GFED4.1S","ED-ModelC-final","Seasonal Cycle Score","MeanState","mide","score","1","0.76584","80.0"
"EcosystemandCarbonCycle","BurnedArea","GFED4.1S","ED-ModelC-final","Phase Shift","MeanState","nhaf","scalar","months","1.73904","80.0"
"EcosystemandCarbonCycle","BurnedArea","GFED4.1S","ED-ModelC-final","Seasonal Cycle Score","MeanState","nhaf","score","1","0.901029","80.0"
"EcosystemandCarbonCycle","BurnedArea","GFED4.1S","ED-ModelC-final","Phase Shift","MeanState","shaf","scalar","months","1.42193","80.0"
"EcosystemandCarbonCycle","BurnedArea","GFED4.1S","ED-ModelC-final","Seasonal Cycle Score","MeanState","shaf","score","1","0.902122","80.0"
"EcosystemandCarbonCycle","BurnedArea","GFED4.1S","ED-ModelC-final","Phase Shift","MeanState","boas","scalar","months","1.81847","80.0"
"EcosystemandCarbonCycle","BurnedArea","GFED4.1S","ED-ModelC-final","Seasonal Cycle Score","MeanState","boas","score","1","0.796639","80.0"
"EcosystemandCarbonCycle","BurnedArea","GFED4.1S","ED-ModelC-final","Phase Shift","MeanState","ceas","scalar","months","2.3707","80.0"
"EcosystemandCarbonCycle","BurnedArea","GFED4.1S","ED-ModelC-final","Seasonal Cycle Score","MeanState","ceas","score","1","0.722163","80.0"
"EcosystemandCarbonCycle","BurnedArea","GFED4.1S","ED-ModelC-final","Phase Shift","MeanState","seas","scalar","months","2.26639","80.0"
"EcosystemandCarbonCycle","BurnedArea","GFED4.1S","ED-ModelC-final","Seasonal Cycle Score","MeanState","seas","score","1","0.826697","80.0"
"EcosystemandCarbonCycle","BurnedArea","GFED4.1S","ED-ModelC-final","Phase Shift","MeanState","eqas","scalar","months","1.99882","80.0"
"EcosystemandCarbonCycle","BurnedArea","GFED4.1S","ED-ModelC-final","Seasonal Cycle Score","MeanState","eqas","score","1","0.836452","80.0"
"EcosystemandCarbonCycle","BurnedArea","GFED4.1S","ED-ModelC-final","Phase Shift","MeanState","aust","scalar","months","2.58364","80.0"
"EcosystemandCarbonCycle","BurnedArea","GFED4.1S","ED-ModelC-final","Seasonal Cycle Score","MeanState","aust","score","1","0.579524","80.0"
"EcosystemandCarbonCycle","BurnedArea","GFED4.1S","ED-ModelC-final","Bias","MeanState","global","scalar","%","0.333445","80.0"
"EcosystemandCarbonCycle","BurnedArea","GFED4.1S","ED-ModelC-final","Bias Score","MeanState","global","score","1","0.728089","80.0"
"EcosystemandCarbonCycle","BurnedArea","GFED4.1S","ED-ModelC-final","Bias","MeanState","bona","scalar","%","0.0118194","80.0"
"EcosystemandCarbonCycle","BurnedArea","GFED4.1S","ED-ModelC-final","Bias Score","MeanState","bona","score","1","0.883981","80.0"
"EcosystemandCarbonCycle","BurnedArea","GFED4.1S","ED-ModelC-final","Bias","MeanState","tena","scalar","%","0.35733","80.0"
"EcosystemandCarbonCycle","BurnedArea","GFED4.1S","ED-ModelC-final","Bias Score","MeanState","tena","score","1","0.437076","80.0"
"EcosystemandCarbonCycle","BurnedArea","GFED4.1S","ED-ModelC-final","Bias","MeanState","ceam","scalar","%","0.77317","80.0"
"EcosystemandCarbonCycle","BurnedArea","GFED4.1S","ED-ModelC-final","Bias Score","MeanState","ceam","score","1","0.286887","80.0"
"EcosystemandCarbonCycle","BurnedArea","GFED4.1S","ED-ModelC-final","Bias","MeanState","nhsa","scalar","%","0.749962","80.0"
"EcosystemandCarbonCycle","BurnedArea","GFED4.1S","ED-ModelC-final","Bias Score","MeanState","nhsa","score","1","0.501408","80.0"
"EcosystemandCarbonCycle","BurnedArea","GFED4.1S","ED-ModelC-final","Bias","MeanState","shsa","scalar","%","0.833593","80.0"
"EcosystemandCarbonCycle","BurnedArea","GFED4.1S","ED-ModelC-final","Bias Score","MeanState","shsa","score","1","0.473091","80.0"
"EcosystemandCarbonCycle","BurnedArea","GFED4.1S","ED-ModelC-final","Bias","MeanState","euro","scalar","%","0.29564","80.0"
"EcosystemandCarbonCycle","BurnedArea","GFED4.1S","ED-ModelC-final","Bias Score","MeanState","euro","score","1","0.39345","80.0"
"EcosystemandCarbonCycle","BurnedArea","GFED4.1S","ED-ModelC-final","Bias","MeanState","mide","scalar","%","0.399581","80.0"
"EcosystemandCarbonCycle","BurnedArea","GFED4.1S","ED-ModelC-final","Bias Score","MeanState","mide","score","1","0.436689","80.0"
"EcosystemandCarbonCycle","BurnedArea","GFED4.1S","ED-ModelC-final","Bias","MeanState","nhaf","scalar","%","0.281868","80.0"
"EcosystemandCarbonCycle","BurnedArea","GFED4.1S","ED-ModelC-final","Bias Score","MeanState","nhaf","score","1","0.769337","80.0"
"EcosystemandCarbonCycle","BurnedArea","GFED4.1S","ED-ModelC-final","Bias","MeanState","shaf","scalar","%","0.016048","80.0"
"EcosystemandCarbonCycle","BurnedArea","GFED4.1S","ED-ModelC-final","Bias Score","MeanState","shaf","score","1","0.759732","80.0"
"EcosystemandCarbonCycle","BurnedArea","GFED4.1S","ED-ModelC-final","Bias","MeanState","boas","scalar","%","0.0405767","80.0"
"EcosystemandCarbonCycle","BurnedArea","GFED4.1S","ED-ModelC-final","Bias Score","MeanState","boas","score","1","0.840753","80.0"
"EcosystemandCarbonCycle","BurnedArea","GFED4.1S","ED-ModelC-final","Bias","MeanState","ceas","scalar","%","0.147246","80.0"
"EcosystemandCarbonCycle","BurnedArea","GFED4.1S","ED-ModelC-final","Bias Score","MeanState","ceas","score","1","0.783351","80.0"
"EcosystemandCarbonCycle","BurnedArea","GFED4.1S","ED-ModelC-final","Bias","MeanState","seas","scalar","%","0.973053","80.0"
"EcosystemandCarbonCycle","BurnedArea","GFED4.1S","ED-ModelC-final","Bias Score","MeanState","seas","score","1","0.496169","80.0"
"EcosystemandCarbonCycle","BurnedArea","GFED4.1S","ED-ModelC-final","Bias","MeanState","eqas","scalar","%","0.367544","80.0"
"EcosystemandCarbonCycle","BurnedArea","GFED4.1S","ED-ModelC-final","Bias Score","MeanState","eqas","score","1","0.477132","80.0"
"EcosystemandCarbonCycle","BurnedArea","GFED4.1S","ED-ModelC-final","Bias","MeanState","aust","scalar","%","0.011875","80.0"
"EcosystemandCarbonCycle","BurnedArea","GFED4.1S","ED-ModelC-final","Bias Score","MeanState","aust","score","1","0.745626","80.0"
"EcosystemandCarbonCycle","BurnedArea","GFED4.1S","ED-ModelC-final","RMSE","MeanState","global","scalar","%","0.983043","80.0"
"EcosystemandCarbonCycle","BurnedArea","GFED4.1S","ED-ModelC-final","RMSE Score","MeanState","global","score","1","0.505759","80.0"
"EcosystemandCarbonCycle","BurnedArea","GFED4.1S","ED-ModelC-final","RMSE","MeanState","bona","scalar","%","0.129741","80.0"
"EcosystemandCarbonCycle","BurnedArea","GFED4.1S","ED-ModelC-final","RMSE Score","MeanState","bona","score","1","0.742535","80.0"
"EcosystemandCarbonCycle","BurnedArea","GFED4.1S","ED-ModelC-final","RMSE","MeanState","tena","scalar","%","0.609779","80.0"
"EcosystemandCarbonCycle","BurnedArea","GFED4.1S","ED-ModelC-final","RMSE Score","MeanState","tena","score","1","0.307975","80.0"
"EcosystemandCarbonCycle","BurnedArea","GFED4.1S","ED-ModelC-final","RMSE","MeanState","ceam","scalar","%","0.957688","80.0"
"EcosystemandCarbonCycle","BurnedArea","GFED4.1S","ED-ModelC-final","RMSE Score","MeanState","ceam","score","1","0.310422","80.0"
"EcosystemandCarbonCycle","BurnedArea","GFED4.1S","ED-ModelC-final","RMSE","MeanState","nhsa","scalar","%","0.914459","80.0"
"EcosystemandCarbonCycle","BurnedArea","GFED4.1S","ED-ModelC-final","RMSE Score","MeanState","nhsa","score","1","0.49315","80.0"
"EcosystemandCarbonCycle","BurnedArea","GFED4.1S","ED-ModelC-final","RMSE","MeanState","shsa","scalar","%","1.05571","80.0"
"EcosystemandCarbonCycle","BurnedArea","GFED4.1S","ED-ModelC-final","RMSE Score","MeanState","shsa","score","1","0.429758","80.0"
"EcosystemandCarbonCycle","BurnedArea","GFED4.1S","ED-ModelC-final","RMSE","MeanState","euro","scalar","%","0.516627","80.0"
"EcosystemandCarbonCycle","BurnedArea","GFED4.1S","ED-ModelC-final","RMSE Score","MeanState","euro","score","1","0.261763","80.0"
"EcosystemandCarbonCycle","BurnedArea","GFED4.1S","ED-ModelC-final","RMSE","MeanState","mide","scalar","%","0.650178","80.0"
"EcosystemandCarbonCycle","BurnedArea","GFED4.1S","ED-ModelC-final","RMSE Score","MeanState","mide","score","1","0.310067","80.0"
"EcosystemandCarbonCycle","BurnedArea","GFED4.1S","ED-ModelC-final","RMSE","MeanState","nhaf","scalar","%","2.60824","80.0"
"EcosystemandCarbonCycle","BurnedArea","GFED4.1S","ED-ModelC-final","RMSE Score","MeanState","nhaf","score","1","0.479548","80.0"
"EcosystemandCarbonCycle","BurnedArea","GFED4.1S","ED-ModelC-final","RMSE","MeanState","shaf","scalar","%","2.40356","80.0"
"EcosystemandCarbonCycle","BurnedArea","GFED4.1S","ED-ModelC-final","RMSE Score","MeanState","shaf","score","1","0.502274","80.0"
"EcosystemandCarbonCycle","BurnedArea","GFED4.1S","ED-ModelC-final","RMSE","MeanState","boas","scalar","%","0.175138","80.0"
"EcosystemandCarbonCycle","BurnedArea","GFED4.1S","ED-ModelC-final","RMSE Score","MeanState","boas","score","1","0.619204","80.0"
"EcosystemandCarbonCycle","BurnedArea","GFED4.1S","ED-ModelC-final","RMSE","MeanState","ceas","scalar","%","0.508035","80.0"
"EcosystemandCarbonCycle","BurnedArea","GFED4.1S","ED-ModelC-final","RMSE Score","MeanState","ceas","score","1","0.560258","80.0"
"EcosystemandCarbonCycle","BurnedArea","GFED4.1S","ED-ModelC-final","RMSE","MeanState","seas","scalar","%","1.31547","80.0"
"EcosystemandCarbonCycle","BurnedArea","GFED4.1S","ED-ModelC-final","RMSE Score","MeanState","seas","score","1","0.377266","80.0"
"EcosystemandCarbonCycle","BurnedArea","GFED4.1S","ED-ModelC-final","RMSE","MeanState","eqas","scalar","%","0.442797","80.0"
"EcosystemandCarbonCycle","BurnedArea","GFED4.1S","ED-ModelC-final","RMSE Score","MeanState","eqas","score","1","0.523149","80.0"
"EcosystemandCarbonCycle","BurnedArea","GFED4.1S","ED-ModelC-final","RMSE","MeanState","aust","scalar","%","1.13037","80.0"
"EcosystemandCarbonCycle","BurnedArea","GFED4.1S","ED-ModelC-final","RMSE Score","MeanState","aust","score","1","0.652014","80.0"
"EcosystemandCarbonCycle","BurnedArea","GFED4.1S","ED-C1-rain_temp_shift","Benchmark Period Mean (intersection)","MeanState","global","scalar","%","0.329776","80.0"
"EcosystemandCarbonCycle","BurnedArea","GFED4.1S","ED-C1-rain_temp_shift","Benchmark Period Mean (complement)","MeanState","global","scalar","%","0","80.0"
"EcosystemandCarbonCycle","BurnedArea","GFED4.1S","ED-C1-rain_temp_shift","Period Mean (original grids)","MeanState","global","scalar","%","0.317866","80.0"
"EcosystemandCarbonCycle","BurnedArea","GFED4.1S","ED-C1-rain_temp_shift","Model Period Mean (intersection)","MeanState","global","scalar","%","0.343054","80.0"
"EcosystemandCarbonCycle","BurnedArea","GFED4.1S","ED-C1-rain_temp_shift","Model Period Mean (complement)","MeanState","global","scalar","%","0.0643266","80.0"
"EcosystemandCarbonCycle","BurnedArea","GFED4.1S","ED-C1-rain_temp_shift","Benchmark Period Mean (intersection)","MeanState","bona","scalar","%","0.0334473","80.0"
"EcosystemandCarbonCycle","BurnedArea","GFED4.1S","ED-C1-rain_temp_shift","Benchmark Period Mean (complement)","MeanState","bona","scalar","%","0","80.0"
"EcosystemandCarbonCycle","BurnedArea","GFED4.1S","ED-C1-rain_temp_shift","Period Mean (original grids)","MeanState","bona","scalar","%","0.000547195","80.0"
"EcosystemandCarbonCycle","BurnedArea","GFED4.1S","ED-C1-rain_temp_shift","Model Period Mean (intersection)","MeanState","bona","scalar","%","0.000564545","80.0"
"EcosystemandCarbonCycle","BurnedArea","GFED4.1S","ED-C1-rain_temp_shift","Model Period Mean (complement)","MeanState","bona","scalar","%","2.91574e-05","80.0"
"EcosystemandCarbonCycle","BurnedArea","GFED4.1S","ED-C1-rain_temp_shift","Benchmark Period Mean (intersection)","MeanState","tena","scalar","%","0.0259374","80.0"
"EcosystemandCarbonCycle","BurnedArea","GFED4.1S","ED-C1-rain_temp_shift","Benchmark Period Mean (complement)","MeanState","tena","scalar","%","0","80.0"
"EcosystemandCarbonCycle","BurnedArea","GFED4.1S","ED-C1-rain_temp_shift","Period Mean (original grids)","MeanState","tena","scalar","%","0.101948","80.0"
"EcosystemandCarbonCycle","BurnedArea","GFED4.1S","ED-C1-rain_temp_shift","Model Period Mean (intersection)","MeanState","tena","scalar","%","0.104782","80.0"
"EcosystemandCarbonCycle","BurnedArea","GFED4.1S","ED-C1-rain_temp_shift","Model Period Mean (complement)","MeanState","tena","scalar","%","0.0156583","80.0"
"EcosystemandCarbonCycle","BurnedArea","GFED4.1S","ED-C1-rain_temp_shift","Benchmark Period Mean (intersection)","MeanState","ceam","scalar","%","0.0824275","80.0"
"EcosystemandCarbonCycle","BurnedArea","GFED4.1S","ED-C1-rain_temp_shift","Benchmark Period Mean (complement)","MeanState","ceam","scalar","%","0","80.0"
"EcosystemandCarbonCycle","BurnedArea","GFED4.1S","ED-C1-rain_temp_shift","Period Mean (original grids)","MeanState","ceam","scalar","%","0.351154","80.0"
"EcosystemandCarbonCycle","BurnedArea","GFED4.1S","ED-C1-rain_temp_shift","Model Period Mean (intersection)","MeanState","ceam","scalar","%","0.394846","80.0"
"EcosystemandCarbonCycle","BurnedArea","GFED4.1S","ED-C1-rain_temp_shift","Model Period Mean (complement)","MeanState","ceam","scalar","%","0.0726688","80.0"
"EcosystemandCarbonCycle","BurnedArea","GFED4.1S","ED-C1-rain_temp_shift","Benchmark Period Mean (intersection)","MeanState","nhsa","scalar","%","0.142765","80.0"
"EcosystemandCarbonCycle","BurnedArea","GFED4.1S","ED-C1-rain_temp_shift","Benchmark Period Mean (complement)","MeanState","nhsa","scalar","%","0","80.0"
"EcosystemandCarbonCycle","BurnedArea","GFED4.1S","ED-C1-rain_temp_shift","Period Mean (original grids)","MeanState","nhsa","scalar","%","0.217621","80.0"
"EcosystemandCarbonCycle","BurnedArea","GFED4.1S","ED-C1-rain_temp_shift","Model Period Mean (intersection)","MeanState","nhsa","scalar","%","0.229713","80.0"
"EcosystemandCarbonCycle","BurnedArea","GFED4.1S","ED-C1-rain_temp_shift","Model Period Mean (complement)","MeanState","nhsa","scalar","%","0.0443618","80.0"
"EcosystemandCarbonCycle","BurnedArea","GFED4.1S","ED-C1-rain_temp_shift","Benchmark Period Mean (intersection)","MeanState","shsa","scalar","%","0.145694","80.0"
"EcosystemandCarbonCycle","BurnedArea","GFED4.1S","ED-C1-rain_temp_shift","Benchmark Period Mean (complement)","MeanState","shsa","scalar","%","0","80.0"
"EcosystemandCarbonCycle","BurnedArea","GFED4.1S","ED-C1-rain_temp_shift","Period Mean (original grids)","MeanState","shsa","scalar","%","0.366018","80.0"
"EcosystemandCarbonCycle","BurnedArea","GFED4.1S","ED-C1-rain_temp_shift","Model Period Mean (intersection)","MeanState","shsa","scalar","%","0.377888","80.0"
"EcosystemandCarbonCycle","BurnedArea","GFED4.1S","ED-C1-rain_temp_shift","Model Period Mean (complement)","MeanState","shsa","scalar","%","0.0547328","80.0"
"EcosystemandCarbonCycle","BurnedArea","GFED4.1S","ED-C1-rain_temp_shift","Benchmark Period Mean (intersection)","MeanState","euro","scalar","%","0.0250618","80.0"
"EcosystemandCarbonCycle","BurnedArea","GFED4.1S","ED-C1-rain_temp_shift","Benchmark Period Mean (complement)","MeanState","euro","scalar","%","0","80.0"
"EcosystemandCarbonCycle","BurnedArea","GFED4.1S","ED-C1-rain_temp_shift","Period Mean (original grids)","MeanState","euro","scalar","%","0.0898627","80.0"
"EcosystemandCarbonCycle","BurnedArea","GFED4.1S","ED-C1-rain_temp_shift","Model Period Mean (intersection)","MeanState","euro","scalar","%","0.100402","80.0"
"EcosystemandCarbonCycle","BurnedArea","GFED4.1S","ED-C1-rain_temp_shift","Model Period Mean (complement)","MeanState","euro","scalar","%","0.00974439","80.0"
"EcosystemandCarbonCycle","BurnedArea","GFED4.1S","ED-C1-rain_temp_shift","Benchmark Period Mean (intersection)","MeanState","mide","scalar","%","0.025217","80.0"
"EcosystemandCarbonCycle","BurnedArea","GFED4.1S","ED-C1-rain_temp_shift","Benchmark Period Mean (complement)","MeanState","mide","scalar","%","0","80.0"
"EcosystemandCarbonCycle","BurnedArea","GFED4.1S","ED-C1-rain_temp_shift","Period Mean (original grids)","MeanState","mide","scalar","%","0.292487","80.0"
"EcosystemandCarbonCycle","BurnedArea","GFED4.1S","ED-C1-rain_temp_shift","Model Period Mean (intersection)","MeanState","mide","scalar","%","0.360583","80.0"
"EcosystemandCarbonCycle","BurnedArea","GFED4.1S","ED-C1-rain_temp_shift","Model Period Mean (complement)","MeanState","mide","scalar","%","0.118236","80.0"
"EcosystemandCarbonCycle","BurnedArea","GFED4.1S","ED-C1-rain_temp_shift","Benchmark Period Mean (intersection)","MeanState","nhaf","scalar","%","1.23284","80.0"
"EcosystemandCarbonCycle","BurnedArea","GFED4.1S","ED-C1-rain_temp_shift","Benchmark Period Mean (complement)","MeanState","nhaf","scalar","%","0","80.0"
"EcosystemandCarbonCycle","BurnedArea","GFED4.1S","ED-C1-rain_temp_shift","Period Mean (original grids)","MeanState","nhaf","scalar","%","0.946202","80.0"
"EcosystemandCarbonCycle","BurnedArea","GFED4.1S","ED-C1-rain_temp_shift","Model Period Mean (intersection)","MeanState","nhaf","scalar","%","1.00288","80.0"
"EcosystemandCarbonCycle","BurnedArea","GFED4.1S","ED-C1-rain_temp_shift","Model Period Mean (complement)","MeanState","nhaf","scalar","%","0.119104","80.0"
"EcosystemandCarbonCycle","BurnedArea","GFED4.1S","ED-C1-rain_temp_shift","Benchmark Period Mean (intersection)","MeanState","shaf","scalar","%","1.45692","80.0"
"EcosystemandCarbonCycle","BurnedArea","GFED4.1S","ED-C1-rain_temp_shift","Benchmark Period Mean (complement)","MeanState","shaf","scalar","%","0","80.0"
"EcosystemandCarbonCycle","BurnedArea","GFED4.1S","ED-C1-rain_temp_shift","Period Mean (original grids)","MeanState","shaf","scalar","%","0.952103","80.0"
"EcosystemandCarbonCycle","BurnedArea","GFED4.1S","ED-C1-rain_temp_shift","Model Period Mean (intersection)","MeanState","shaf","scalar","%","0.977665","80.0"
"EcosystemandCarbonCycle","BurnedArea","GFED4.1S","ED-C1-rain_temp_shift","Model Period Mean (complement)","MeanState","shaf","scalar","%","0.21172","80.0"
"EcosystemandCarbonCycle","BurnedArea","GFED4.1S","ED-C1-rain_temp_shift","Benchmark Period Mean (intersection)","MeanState","boas","scalar","%","0.0336143","80.0"
"EcosystemandCarbonCycle","BurnedArea","GFED4.1S","ED-C1-rain_temp_shift","Benchmark Period Mean (complement)","MeanState","boas","scalar","%","0","80.0"
"EcosystemandCarbonCycle","BurnedArea","GFED4.1S","ED-C1-rain_temp_shift","Period Mean (original grids)","MeanState","boas","scalar","%","0.00145408","80.0"
"EcosystemandCarbonCycle","BurnedArea","GFED4.1S","ED-C1-rain_temp_shift","Model Period Mean (intersection)","MeanState","boas","scalar","%","0.00147549","80.0"
"EcosystemandCarbonCycle","BurnedArea","GFED4.1S","ED-C1-rain_temp_shift","Model Period Mean (complement)","MeanState","boas","scalar","%","2.9362e-05","80.0"
"EcosystemandCarbonCycle","BurnedArea","GFED4.1S","ED-C1-rain_temp_shift","Benchmark Period Mean (intersection)","MeanState","ceas","scalar","%","0.125736","80.0"
"EcosystemandCarbonCycle","BurnedArea","GFED4.1S","ED-C1-rain_temp_shift","Benchmark Period Mean (complement)","MeanState","ceas","scalar","%","0","80.0"
"EcosystemandCarbonCycle","BurnedArea","GFED4.1S","ED-C1-rain_temp_shift","Period Mean (original grids)","MeanState","ceas","scalar","%","0.079063","80.0"
"EcosystemandCarbonCycle","BurnedArea","GFED4.1S","ED-C1-rain_temp_shift","Model Period Mean (intersection)","MeanState","ceas","scalar","%","0.0829869","80.0"
"EcosystemandCarbonCycle","BurnedArea","GFED4.1S","ED-C1-rain_temp_shift","Model Period Mean (complement)","MeanState","ceas","scalar","%","0.0350923","80.0"
"EcosystemandCarbonCycle","BurnedArea","GFED4.1S","ED-C1-rain_temp_shift","Benchmark Period Mean (intersection)","MeanState","seas","scalar","%","0.148029","80.0"
"EcosystemandCarbonCycle","BurnedArea","GFED4.1S","ED-C1-rain_temp_shift","Benchmark Period Mean (complement)","MeanState","seas","scalar","%","0","80.0"
"EcosystemandCarbonCycle","BurnedArea","GFED4.1S","ED-C1-rain_temp_shift","Period Mean (original grids)","MeanState","seas","scalar","%","0.654443","80.0"
"EcosystemandCarbonCycle","BurnedArea","GFED4.1S","ED-C1-rain_temp_shift","Model Period Mean (intersection)","MeanState","seas","scalar","%","0.706472","80.0"
"EcosystemandCarbonCycle","BurnedArea","GFED4.1S","ED-C1-rain_temp_shift","Model Period Mean (complement)","MeanState","seas","scalar","%","0.0844924","80.0"
"EcosystemandCarbonCycle","BurnedArea","GFED4.1S","ED-C1-rain_temp_shift","Benchmark Period Mean (intersection)","MeanState","eqas","scalar","%","0.0480126","80.0"
"EcosystemandCarbonCycle","BurnedArea","GFED4.1S","ED-C1-rain_temp_shift","Benchmark Period Mean (complement)","MeanState","eqas","scalar","%","0","80.0"
"EcosystemandCarbonCycle","BurnedArea","GFED4.1S","ED-C1-rain_temp_shift","Period Mean (original grids)","MeanState","eqas","scalar","%","0.0426535","80.0"
"EcosystemandCarbonCycle","BurnedArea","GFED4.1S","ED-C1-rain_temp_shift","Model Period Mean (intersection)","MeanState","eqas","scalar","%","0.0576318","80.0"
"EcosystemandCarbonCycle","BurnedArea","GFED4.1S","ED-C1-rain_temp_shift","Model Period Mean (complement)","MeanState","eqas","scalar","%","0.00337837","80.0"
"EcosystemandCarbonCycle","BurnedArea","GFED4.1S","ED-C1-rain_temp_shift","Benchmark Period Mean (intersection)","MeanState","aust","scalar","%","0.529194","80.0"
"EcosystemandCarbonCycle","BurnedArea","GFED4.1S","ED-C1-rain_temp_shift","Benchmark Period Mean (complement)","MeanState","aust","scalar","%","0","80.0"
"EcosystemandCarbonCycle","BurnedArea","GFED4.1S","ED-C1-rain_temp_shift","Period Mean (original grids)","MeanState","aust","scalar","%","0.325344","80.0"
"EcosystemandCarbonCycle","BurnedArea","GFED4.1S","ED-C1-rain_temp_shift","Model Period Mean (intersection)","MeanState","aust","scalar","%","0.345351","80.0"
"EcosystemandCarbonCycle","BurnedArea","GFED4.1S","ED-C1-rain_temp_shift","Model Period Mean (complement)","MeanState","aust","scalar","%","0.0665572","80.0"
"EcosystemandCarbonCycle","BurnedArea","GFED4.1S","ED-C1-rain_temp_shift","Spatial Distribution Score","MeanState","global","score","1","0.700431","80.0"
"EcosystemandCarbonCycle","BurnedArea","GFED4.1S","ED-C1-rain_temp_shift","Spatial Distribution Score","MeanState","bona","score","1","0.00061845","80.0"
"EcosystemandCarbonCycle","BurnedArea","GFED4.1S","ED-C1-rain_temp_shift","Spatial Distribution Score","MeanState","tena","score","1","0.124609","80.0"
"EcosystemandCarbonCycle","BurnedArea","GFED4.1S","ED-C1-rain_temp_shift","Spatial Distribution Score","MeanState","ceam","score","1","0.144362","80.0"
"EcosystemandCarbonCycle","BurnedArea","GFED4.1S","ED-C1-rain_temp_shift","Spatial Distribution Score","MeanState","nhsa","score","1","0.814313","80.0"
"EcosystemandCarbonCycle","BurnedArea","GFED4.1S","ED-C1-rain_temp_shift","Spatial Distribution Score","MeanState","shsa","score","1","0.533952","80.0"
"EcosystemandCarbonCycle","BurnedArea","GFED4.1S","ED-C1-rain_temp_shift","Spatial Distribution Score","MeanState","euro","score","1","0.129947","80.0"
"EcosystemandCarbonCycle","BurnedArea","GFED4.1S","ED-C1-rain_temp_shift","Spatial Distribution Score","MeanState","mide","score","1","0.0784196","80.0"
"EcosystemandCarbonCycle","BurnedArea","GFED4.1S","ED-C1-rain_temp_shift","Spatial Distribution Score","MeanState","nhaf","score","1","0.565319","80.0"
"EcosystemandCarbonCycle","BurnedArea","GFED4.1S","ED-C1-rain_temp_shift","Spatial Distribution Score","MeanState","shaf","score","1","0.558713","80.0"
"EcosystemandCarbonCycle","BurnedArea","GFED4.1S","ED-C1-rain_temp_shift","Spatial Distribution Score","MeanState","boas","score","1","0.00792964","80.0"
"EcosystemandCarbonCycle","BurnedArea","GFED4.1S","ED-C1-rain_temp_shift","Spatial Distribution Score","MeanState","ceas","score","1","0.565743","80.0"
"EcosystemandCarbonCycle","BurnedArea","GFED4.1S","ED-C1-rain_temp_shift","Spatial Distribution Score","MeanState","seas","score","1","0.372459","80.0"
"EcosystemandCarbonCycle","BurnedArea","GFED4.1S","ED-C1-rain_temp_shift","Spatial Distribution Score","MeanState","eqas","score","1","0.494496","80.0"
"EcosystemandCarbonCycle","BurnedArea","GFED4.1S","ED-C1-rain_temp_shift","Spatial Distribution Score","MeanState","aust","score","1","0.624073","80.0"
"EcosystemandCarbonCycle","BurnedArea","GFED4.1S","ED-C1-rain_temp_shift","Phase Shift","MeanState","global","scalar","months","2.13641","80.0"
"EcosystemandCarbonCycle","BurnedArea","GFED4.1S","ED-C1-rain_temp_shift","Seasonal Cycle Score","MeanState","global","score","1","0.824255","80.0"
"EcosystemandCarbonCycle","BurnedArea","GFED4.1S","ED-C1-rain_temp_shift","Phase Shift","MeanState","bona","scalar","months","1.90182","80.0"
"EcosystemandCarbonCycle","BurnedArea","GFED4.1S","ED-C1-rain_temp_shift","Seasonal Cycle Score","MeanState","bona","score","1","0.915434","80.0"
"EcosystemandCarbonCycle","BurnedArea","GFED4.1S","ED-C1-rain_temp_shift","Phase Shift","MeanState","tena","scalar","months","2.37243","80.0"
"EcosystemandCarbonCycle","BurnedArea","GFED4.1S","ED-C1-rain_temp_shift","Seasonal Cycle Score","MeanState","tena","score","1","0.691908","80.0"
"EcosystemandCarbonCycle","BurnedArea","GFED4.1S","ED-C1-rain_temp_shift","Phase Shift","MeanState","ceam","scalar","months","1.88547","80.0"
"EcosystemandCarbonCycle","BurnedArea","GFED4.1S","ED-C1-rain_temp_shift","Seasonal Cycle Score","MeanState","ceam","score","1","0.807145","80.0"
"EcosystemandCarbonCycle","BurnedArea","GFED4.1S","ED-C1-rain_temp_shift","Phase Shift","MeanState","nhsa","scalar","months","1.54103","80.0"
"EcosystemandCarbonCycle","BurnedArea","GFED4.1S","ED-C1-rain_temp_shift","Seasonal Cycle Score","MeanState","nhsa","score","1","0.904951","80.0"
"EcosystemandCarbonCycle","BurnedArea","GFED4.1S","ED-C1-rain_temp_shift","Phase Shift","MeanState","shsa","scalar","months","1.94192","80.0"
"EcosystemandCarbonCycle","BurnedArea","GFED4.1S","ED-C1-rain_temp_shift","Seasonal Cycle Score","MeanState","shsa","score","1","0.807146","80.0"
"EcosystemandCarbonCycle","BurnedArea","GFED4.1S","ED-C1-rain_temp_shift","Phase Shift","MeanState","euro","scalar","months","2.22512","80.0"
"EcosystemandCarbonCycle","BurnedArea","GFED4.1S","ED-C1-rain_temp_shift","Seasonal Cycle Score","MeanState","euro","score","1","0.805784","80.0"
"EcosystemandCarbonCycle","BurnedArea","GFED4.1S","ED-C1-rain_temp_shift","Phase Shift","MeanState","mide","scalar","months","2.52196","80.0"
"EcosystemandCarbonCycle","BurnedArea","GFED4.1S","ED-C1-rain_temp_shift","Seasonal Cycle Score","MeanState","mide","score","1","0.740403","80.0"
"EcosystemandCarbonCycle","BurnedArea","GFED4.1S","ED-C1-rain_temp_shift","Phase Shift","MeanState","nhaf","scalar","months","1.70276","80.0"
"EcosystemandCarbonCycle","BurnedArea","GFED4.1S","ED-C1-rain_temp_shift","Seasonal Cycle Score","MeanState","nhaf","score","1","0.898885","80.0"
"EcosystemandCarbonCycle","BurnedArea","GFED4.1S","ED-C1-rain_temp_shift","Phase Shift","MeanState","shaf","scalar","months","1.56146","80.0"
"EcosystemandCarbonCycle","BurnedArea","GFED4.1S","ED-C1-rain_temp_shift","Seasonal Cycle Score","MeanState","shaf","score","1","0.867695","80.0"
"EcosystemandCarbonCycle","BurnedArea","GFED4.1S","ED-C1-rain_temp_shift","Phase Shift","MeanState","boas","scalar","months","1.83182","80.0"
"EcosystemandCarbonCycle","BurnedArea","GFED4.1S","ED-C1-rain_temp_shift","Seasonal Cycle Score","MeanState","boas","score","1","0.794829","80.0"
"EcosystemandCarbonCycle","BurnedArea","GFED4.1S","ED-C1-rain_temp_shift","Phase Shift","MeanState","ceas","scalar","months","2.4759","80.0"
"EcosystemandCarbonCycle","BurnedArea","GFED4.1S","ED-C1-rain_temp_shift","Seasonal Cycle Score","MeanState","ceas","score","1","0.704045","80.0"
"EcosystemandCarbonCycle","BurnedArea","GFED4.1S","ED-C1-rain_temp_shift","Phase Shift","MeanState","seas","scalar","months","2.55503","80.0"
"EcosystemandCarbonCycle","BurnedArea","GFED4.1S","ED-C1-rain_temp_shift","Seasonal Cycle Score","MeanState","seas","score","1","0.777682","80.0"
"EcosystemandCarbonCycle","BurnedArea","GFED4.1S","ED-C1-rain_temp_shift","Phase Shift","MeanState","eqas","scalar","months","2.33154","80.0"
"EcosystemandCarbonCycle","BurnedArea","GFED4.1S","ED-C1-rain_temp_shift","Seasonal Cycle Score","MeanState","eqas","score","1","0.761948","80.0"
"EcosystemandCarbonCycle","BurnedArea","GFED4.1S","ED-C1-rain_temp_shift","Phase Shift","MeanState","aust","scalar","months","2.61852","80.0"
"EcosystemandCarbonCycle","BurnedArea","GFED4.1S","ED-C1-rain_temp_shift","Seasonal Cycle Score","MeanState","aust","score","1","0.548693","80.0"
"EcosystemandCarbonCycle","BurnedArea","GFED4.1S","ED-C1-rain_temp_shift","Bias","MeanState","global","scalar","%","0.0132786","80.0"
"EcosystemandCarbonCycle","BurnedArea","GFED4.1S","ED-C1-rain_temp_shift","Bias Score","MeanState","global","score","1","0.730314","80.0"
"EcosystemandCarbonCycle","BurnedArea","GFED4.1S","ED-C1-rain_temp_shift","Bias","MeanState","bona","scalar","%","-0.0328828","80.0"
"EcosystemandCarbonCycle","BurnedArea","GFED4.1S","ED-C1-rain_temp_shift","Bias Score","MeanState","bona","score","1","0.883644","80.0"
"EcosystemandCarbonCycle","BurnedArea","GFED4.1S","ED-C1-rain_temp_shift","Bias","MeanState","tena","scalar","%","0.0788442","80.0"
"EcosystemandCarbonCycle","BurnedArea","GFED4.1S","ED-C1-rain_temp_shift","Bias Score","MeanState","tena","score","1","0.704574","80.0"
"EcosystemandCarbonCycle","BurnedArea","GFED4.1S","ED-C1-rain_temp_shift","Bias","MeanState","ceam","scalar","%","0.312419","80.0"
"EcosystemandCarbonCycle","BurnedArea","GFED4.1S","ED-C1-rain_temp_shift","Bias Score","MeanState","ceam","score","1","0.510699","80.0"
"EcosystemandCarbonCycle","BurnedArea","GFED4.1S","ED-C1-rain_temp_shift","Bias","MeanState","nhsa","scalar","%","0.0869485","80.0"
"EcosystemandCarbonCycle","BurnedArea","GFED4.1S","ED-C1-rain_temp_shift","Bias Score","MeanState","nhsa","score","1","0.657658","80.0"
"EcosystemandCarbonCycle","BurnedArea","GFED4.1S","ED-C1-rain_temp_shift","Bias","MeanState","shsa","scalar","%","0.232193","80.0"
"EcosystemandCarbonCycle","BurnedArea","GFED4.1S","ED-C1-rain_temp_shift","Bias Score","MeanState","shsa","score","1","0.661357","80.0"
"EcosystemandCarbonCycle","BurnedArea","GFED4.1S","ED-C1-rain_temp_shift","Bias","MeanState","euro","scalar","%","0.0753397","80.0"
"EcosystemandCarbonCycle","BurnedArea","GFED4.1S","ED-C1-rain_temp_shift","Bias Score","MeanState","euro","score","1","0.656616","80.0"
"EcosystemandCarbonCycle","BurnedArea","GFED4.1S","ED-C1-rain_temp_shift","Bias","MeanState","mide","scalar","%","0.335366","80.0"
"EcosystemandCarbonCycle","BurnedArea","GFED4.1S","ED-C1-rain_temp_shift","Bias Score","MeanState","mide","score","1","0.48352","80.0"
"EcosystemandCarbonCycle","BurnedArea","GFED4.1S","ED-C1-rain_temp_shift","Bias","MeanState","nhaf","scalar","%","-0.229963","80.0"
"EcosystemandCarbonCycle","BurnedArea","GFED4.1S","ED-C1-rain_temp_shift","Bias Score","MeanState","nhaf","score","1","0.750574","80.0"
"EcosystemandCarbonCycle","BurnedArea","GFED4.1S","ED-C1-rain_temp_shift","Bias","MeanState","shaf","scalar","%","-0.479257","80.0"
"EcosystemandCarbonCycle","BurnedArea","GFED4.1S","ED-C1-rain_temp_shift","Bias Score","MeanState","shaf","score","1","0.724342","80.0"
"EcosystemandCarbonCycle","BurnedArea","GFED4.1S","ED-C1-rain_temp_shift","Bias","MeanState","boas","scalar","%","-0.0321389","80.0"
"EcosystemandCarbonCycle","BurnedArea","GFED4.1S","ED-C1-rain_temp_shift","Bias Score","MeanState","boas","score","1","0.853215","80.0"
"EcosystemandCarbonCycle","BurnedArea","GFED4.1S","ED-C1-rain_temp_shift","Bias","MeanState","ceas","scalar","%","-0.0427488","80.0"
"EcosystemandCarbonCycle","BurnedArea","GFED4.1S","ED-C1-rain_temp_shift","Bias Score","MeanState","ceas","score","1","0.77275","80.0"
"EcosystemandCarbonCycle","BurnedArea","GFED4.1S","ED-C1-rain_temp_shift","Bias","MeanState","seas","scalar","%","0.558443","80.0"
"EcosystemandCarbonCycle","BurnedArea","GFED4.1S","ED-C1-rain_temp_shift","Bias Score","MeanState","seas","score","1","0.623482","80.0"
"EcosystemandCarbonCycle","BurnedArea","GFED4.1S","ED-C1-rain_temp_shift","Bias","MeanState","eqas","scalar","%","0.00961925","80.0"
"EcosystemandCarbonCycle","BurnedArea","GFED4.1S","ED-C1-rain_temp_shift","Bias Score","MeanState","eqas","score","1","0.713093","80.0"
"EcosystemandCarbonCycle","BurnedArea","GFED4.1S","ED-C1-rain_temp_shift","Bias","MeanState","aust","scalar","%","-0.183843","80.0"
"EcosystemandCarbonCycle","BurnedArea","GFED4.1S","ED-C1-rain_temp_shift","Bias Score","MeanState","aust","score","1","0.751692","80.0"
"EcosystemandCarbonCycle","BurnedArea","GFED4.1S","ED-C1-rain_temp_shift","RMSE","MeanState","global","scalar","%","0.775765","80.0"
"EcosystemandCarbonCycle","BurnedArea","GFED4.1S","ED-C1-rain_temp_shift","RMSE Score","MeanState","global","score","1","0.514513","80.0"
"EcosystemandCarbonCycle","BurnedArea","GFED4.1S","ED-C1-rain_temp_shift","RMSE","MeanState","bona","scalar","%","0.0854487","80.0"
"EcosystemandCarbonCycle","BurnedArea","GFED4.1S","ED-C1-rain_temp_shift","RMSE Score","MeanState","bona","score","1","0.756315","80.0"
"EcosystemandCarbonCycle","BurnedArea","GFED4.1S","ED-C1-rain_temp_shift","RMSE","MeanState","tena","scalar","%","0.210442","80.0"
"EcosystemandCarbonCycle","BurnedArea","GFED4.1S","ED-C1-rain_temp_shift","RMSE Score","MeanState","tena","score","1","0.495463","80.0"
"EcosystemandCarbonCycle","BurnedArea","GFED4.1S","ED-C1-rain_temp_shift","RMSE","MeanState","ceam","scalar","%","0.632997","80.0"
"EcosystemandCarbonCycle","BurnedArea","GFED4.1S","ED-C1-rain_temp_shift","RMSE Score","MeanState","ceam","score","1","0.344061","80.0"
"EcosystemandCarbonCycle","BurnedArea","GFED4.1S","ED-C1-rain_temp_shift","RMSE","MeanState","nhsa","scalar","%","0.382581","80.0"
"EcosystemandCarbonCycle","BurnedArea","GFED4.1S","ED-C1-rain_temp_shift","RMSE Score","MeanState","nhsa","score","1","0.464299","80.0"
"EcosystemandCarbonCycle","BurnedArea","GFED4.1S","ED-C1-rain_temp_shift","RMSE","MeanState","shsa","scalar","%","0.641332","80.0"
"EcosystemandCarbonCycle","BurnedArea","GFED4.1S","ED-C1-rain_temp_shift","RMSE Score","MeanState","shsa","score","1","0.423048","80.0"
"EcosystemandCarbonCycle","BurnedArea","GFED4.1S","ED-C1-rain_temp_shift","RMSE","MeanState","euro","scalar","%","0.218446","80.0"
"EcosystemandCarbonCycle","BurnedArea","GFED4.1S","ED-C1-rain_temp_shift","RMSE Score","MeanState","euro","score","1","0.50352","80.0"
"EcosystemandCarbonCycle","BurnedArea","GFED4.1S","ED-C1-rain_temp_shift","RMSE","MeanState","mide","scalar","%","0.633361","80.0"
"EcosystemandCarbonCycle","BurnedArea","GFED4.1S","ED-C1-rain_temp_shift","RMSE Score","MeanState","mide","score","1","0.322078","80.0"
"EcosystemandCarbonCycle","BurnedArea","GFED4.1S","ED-C1-rain_temp_shift","RMSE","MeanState","nhaf","scalar","%","2.4214","80.0"
"EcosystemandCarbonCycle","BurnedArea","GFED4.1S","ED-C1-rain_temp_shift","RMSE Score","MeanState","nhaf","score","1","0.482777","80.0"
"EcosystemandCarbonCycle","BurnedArea","GFED4.1S","ED-C1-rain_temp_shift","RMSE","MeanState","shaf","scalar","%","2.3341","80.0"
"EcosystemandCarbonCycle","BurnedArea","GFED4.1S","ED-C1-rain_temp_shift","RMSE Score","MeanState","shaf","score","1","0.506284","80.0"
"EcosystemandCarbonCycle","BurnedArea","GFED4.1S","ED-C1-rain_temp_shift","RMSE","MeanState","boas","scalar","%","0.0809337","80.0"
"EcosystemandCarbonCycle","BurnedArea","GFED4.1S","ED-C1-rain_temp_shift","RMSE Score","MeanState","boas","score","1","0.709999","80.0"
"EcosystemandCarbonCycle","BurnedArea","GFED4.1S","ED-C1-rain_temp_shift","RMSE","MeanState","ceas","scalar","%","0.343786","80.0"
"EcosystemandCarbonCycle","BurnedArea","GFED4.1S","ED-C1-rain_temp_shift","RMSE Score","MeanState","ceas","score","1","0.636419","80.0"
"EcosystemandCarbonCycle","BurnedArea","GFED4.1S","ED-C1-rain_temp_shift","RMSE","MeanState","seas","scalar","%","1.106","80.0"
"EcosystemandCarbonCycle","BurnedArea","GFED4.1S","ED-C1-rain_temp_shift","RMSE Score","MeanState","seas","score","1","0.366278","80.0"
"EcosystemandCarbonCycle","BurnedArea","GFED4.1S","ED-C1-rain_temp_shift","RMSE","MeanState","eqas","scalar","%","0.14187","80.0"
"EcosystemandCarbonCycle","BurnedArea","GFED4.1S","ED-C1-rain_temp_shift","RMSE Score","MeanState","eqas","score","1","0.572258","80.0"
"EcosystemandCarbonCycle","BurnedArea","GFED4.1S","ED-C1-rain_temp_shift","RMSE","MeanState","aust","scalar","%","1.0728","80.0"
"EcosystemandCarbonCycle","BurnedArea","GFED4.1S","ED-C1-rain_temp_shift","RMSE Score","MeanState","aust","score","1","0.64767","80.0"
"EcosystemandCarbonCycle","BurnedArea","GFED4.1S","ED-C1-wet_gpp_supp","Benchmark Period Mean (intersection)","MeanState","global","scalar","%","0.329776","80.0"
"EcosystemandCarbonCycle","BurnedArea","GFED4.1S","ED-C1-wet_gpp_supp","Benchmark Period Mean (complement)","MeanState","global","scalar","%","0","80.0"
"EcosystemandCarbonCycle","BurnedArea","GFED4.1S","ED-C1-wet_gpp_supp","Period Mean (original grids)","MeanState","global","scalar","%","0.611164","80.0"
"EcosystemandCarbonCycle","BurnedArea","GFED4.1S","ED-C1-wet_gpp_supp","Model Period Mean (intersection)","MeanState","global","scalar","%","0.663221","80.0"
"EcosystemandCarbonCycle","BurnedArea","GFED4.1S","ED-C1-wet_gpp_supp","Model Period Mean (complement)","MeanState","global","scalar","%","0.0871574","80.0"
"EcosystemandCarbonCycle","BurnedArea","GFED4.1S","ED-C1-wet_gpp_supp","Benchmark Period Mean (intersection)","MeanState","bona","scalar","%","0.0334473","80.0"
"EcosystemandCarbonCycle","BurnedArea","GFED4.1S","ED-C1-wet_gpp_supp","Benchmark Period Mean (complement)","MeanState","bona","scalar","%","0","80.0"
"EcosystemandCarbonCycle","BurnedArea","GFED4.1S","ED-C1-wet_gpp_supp","Period Mean (original grids)","MeanState","bona","scalar","%","0.0439413","80.0"
"EcosystemandCarbonCycle","BurnedArea","GFED4.1S","ED-C1-wet_gpp_supp","Model Period Mean (intersection)","MeanState","bona","scalar","%","0.0452667","80.0"
"EcosystemandCarbonCycle","BurnedArea","GFED4.1S","ED-C1-wet_gpp_supp","Model Period Mean (complement)","MeanState","bona","scalar","%","0.00436614","80.0"
"EcosystemandCarbonCycle","BurnedArea","GFED4.1S","ED-C1-wet_gpp_supp","Benchmark Period Mean (intersection)","MeanState","tena","scalar","%","0.0259374","80.0"
"EcosystemandCarbonCycle","BurnedArea","GFED4.1S","ED-C1-wet_gpp_supp","Benchmark Period Mean (complement)","MeanState","tena","scalar","%","0","80.0"
"EcosystemandCarbonCycle","BurnedArea","GFED4.1S","ED-C1-wet_gpp_supp","Period Mean (original grids)","MeanState","tena","scalar","%","0.374298","80.0"
"EcosystemandCarbonCycle","BurnedArea","GFED4.1S","ED-C1-wet_gpp_supp","Model Period Mean (intersection)","MeanState","tena","scalar","%","0.383267","80.0"
"EcosystemandCarbonCycle","BurnedArea","GFED4.1S","ED-C1-wet_gpp_supp","Model Period Mean (complement)","MeanState","tena","scalar","%","0.101162","80.0"
"EcosystemandCarbonCycle","BurnedArea","GFED4.1S","ED-C1-wet_gpp_supp","Benchmark Period Mean (intersection)","MeanState","ceam","scalar","%","0.0824275","80.0"
"EcosystemandCarbonCycle","BurnedArea","GFED4.1S","ED-C1-wet_gpp_supp","Benchmark Period Mean (complement)","MeanState","ceam","scalar","%","0","80.0"
"EcosystemandCarbonCycle","BurnedArea","GFED4.1S","ED-C1-wet_gpp_supp","Period Mean (original grids)","MeanState","ceam","scalar","%","0.75181","80.0"
"EcosystemandCarbonCycle","BurnedArea","GFED4.1S","ED-C1-wet_gpp_supp","Model Period Mean (intersection)","MeanState","ceam","scalar","%","0.855597","80.0"
"EcosystemandCarbonCycle","BurnedArea","GFED4.1S","ED-C1-wet_gpp_supp","Model Period Mean (complement)","MeanState","ceam","scalar","%","0.0902959","80.0"
"EcosystemandCarbonCycle","BurnedArea","GFED4.1S","ED-C1-wet_gpp_supp","Benchmark Period Mean (intersection)","MeanState","nhsa","scalar","%","0.142765","80.0"
"EcosystemandCarbonCycle","BurnedArea","GFED4.1S","ED-C1-wet_gpp_supp","Benchmark Period Mean (complement)","MeanState","nhsa","scalar","%","0","80.0"
"EcosystemandCarbonCycle","BurnedArea","GFED4.1S","ED-C1-wet_gpp_supp","Period Mean (original grids)","MeanState","nhsa","scalar","%","0.841181","80.0"
"EcosystemandCarbonCycle","BurnedArea","GFED4.1S","ED-C1-wet_gpp_supp","Model Period Mean (intersection)","MeanState","nhsa","scalar","%","0.892726","80.0"
"EcosystemandCarbonCycle","BurnedArea","GFED4.1S","ED-C1-wet_gpp_supp","Model Period Mean (complement)","MeanState","nhsa","scalar","%","0.10267","80.0"
"EcosystemandCarbonCycle","BurnedArea","GFED4.1S","ED-C1-wet_gpp_supp","Benchmark Period Mean (intersection)","MeanState","shsa","scalar","%","0.145694","80.0"
"EcosystemandCarbonCycle","BurnedArea","GFED4.1S","ED-C1-wet_gpp_supp","Benchmark Period Mean (complement)","MeanState","shsa","scalar","%","0","80.0"
"EcosystemandCarbonCycle","BurnedArea","GFED4.1S","ED-C1-wet_gpp_supp","Period Mean (original grids)","MeanState","shsa","scalar","%","0.94454","80.0"
"EcosystemandCarbonCycle","BurnedArea","GFED4.1S","ED-C1-wet_gpp_supp","Model Period Mean (intersection)","MeanState","shsa","scalar","%","0.979287","80.0"
"EcosystemandCarbonCycle","BurnedArea","GFED4.1S","ED-C1-wet_gpp_supp","Model Period Mean (complement)","MeanState","shsa","scalar","%","0.0333284","80.0"
"EcosystemandCarbonCycle","BurnedArea","GFED4.1S","ED-C1-wet_gpp_supp","Benchmark Period Mean (intersection)","MeanState","euro","scalar","%","0.0250618","80.0"
"EcosystemandCarbonCycle","BurnedArea","GFED4.1S","ED-C1-wet_gpp_supp","Benchmark Period Mean (complement)","MeanState","euro","scalar","%","0","80.0"
"EcosystemandCarbonCycle","BurnedArea","GFED4.1S","ED-C1-wet_gpp_supp","Period Mean (original grids)","MeanState","euro","scalar","%","0.288168","80.0"
"EcosystemandCarbonCycle","BurnedArea","GFED4.1S","ED-C1-wet_gpp_supp","Model Period Mean (intersection)","MeanState","euro","scalar","%","0.320702","80.0"
"EcosystemandCarbonCycle","BurnedArea","GFED4.1S","ED-C1-wet_gpp_supp","Model Period Mean (complement)","MeanState","euro","scalar","%","0.0408385","80.0"
"EcosystemandCarbonCycle","BurnedArea","GFED4.1S","ED-C1-wet_gpp_supp","Benchmark Period Mean (intersection)","MeanState","mide","scalar","%","0.025217","80.0"
"EcosystemandCarbonCycle","BurnedArea","GFED4.1S","ED-C1-wet_gpp_supp","Benchmark Period Mean (complement)","MeanState","mide","scalar","%","0","80.0"
"EcosystemandCarbonCycle","BurnedArea","GFED4.1S","ED-C1-wet_gpp_supp","Period Mean (original grids)","MeanState","mide","scalar","%","0.341438","80.0"
"EcosystemandCarbonCycle","BurnedArea","GFED4.1S","ED-C1-wet_gpp_supp","Model Period Mean (intersection)","MeanState","mide","scalar","%","0.424798","80.0"
"EcosystemandCarbonCycle","BurnedArea","GFED4.1S","ED-C1-wet_gpp_supp","Model Period Mean (complement)","MeanState","mide","scalar","%","0.128125","80.0"
"EcosystemandCarbonCycle","BurnedArea","GFED4.1S","ED-C1-wet_gpp_supp","Benchmark Period Mean (intersection)","MeanState","nhaf","scalar","%","1.23284","80.0"
"EcosystemandCarbonCycle","BurnedArea","GFED4.1S","ED-C1-wet_gpp_supp","Benchmark Period Mean (complement)","MeanState","nhaf","scalar","%","0","80.0"
"EcosystemandCarbonCycle","BurnedArea","GFED4.1S","ED-C1-wet_gpp_supp","Period Mean (original grids)","MeanState","nhaf","scalar","%","1.42894","80.0"
"EcosystemandCarbonCycle","BurnedArea","GFED4.1S","ED-C1-wet_gpp_supp","Model Period Mean (intersection)","MeanState","nhaf","scalar","%","1.51471","80.0"
"EcosystemandCarbonCycle","BurnedArea","GFED4.1S","ED-C1-wet_gpp_supp","Model Period Mean (complement)","MeanState","nhaf","scalar","%","0.177195","80.0"
"EcosystemandCarbonCycle","BurnedArea","GFED4.1S","ED-C1-wet_gpp_supp","Benchmark Period Mean (intersection)","MeanState","shaf","scalar","%","1.45692","80.0"
"EcosystemandCarbonCycle","BurnedArea","GFED4.1S","ED-C1-wet_gpp_supp","Benchmark Period Mean (complement)","MeanState","shaf","scalar","%","0","80.0"
"EcosystemandCarbonCycle","BurnedArea","GFED4.1S","ED-C1-wet_gpp_supp","Period Mean (original grids)","MeanState","shaf","scalar","%","1.42948","80.0"
"EcosystemandCarbonCycle","BurnedArea","GFED4.1S","ED-C1-wet_gpp_supp","Model Period Mean (intersection)","MeanState","shaf","scalar","%","1.47297","80.0"
"EcosystemandCarbonCycle","BurnedArea","GFED4.1S","ED-C1-wet_gpp_supp","Model Period Mean (complement)","MeanState","shaf","scalar","%","0.169837","80.0"
"EcosystemandCarbonCycle","BurnedArea","GFED4.1S","ED-C1-wet_gpp_supp","Benchmark Period Mean (intersection)","MeanState","boas","scalar","%","0.0336143","80.0"
"EcosystemandCarbonCycle","BurnedArea","GFED4.1S","ED-C1-wet_gpp_supp","Benchmark Period Mean (complement)","MeanState","boas","scalar","%","0","80.0"
"EcosystemandCarbonCycle","BurnedArea","GFED4.1S","ED-C1-wet_gpp_supp","Period Mean (original grids)","MeanState","boas","scalar","%","0.0731527","80.0"
"EcosystemandCarbonCycle","BurnedArea","GFED4.1S","ED-C1-wet_gpp_supp","Model Period Mean (intersection)","MeanState","boas","scalar","%","0.0741911","80.0"
"EcosystemandCarbonCycle","BurnedArea","GFED4.1S","ED-C1-wet_gpp_supp","Model Period Mean (complement)","MeanState","boas","scalar","%","0.00404477","80.0"
"EcosystemandCarbonCycle","BurnedArea","GFED4.1S","ED-C1-wet_gpp_supp","Benchmark Period Mean (intersection)","MeanState","ceas","scalar","%","0.125736","80.0"
"EcosystemandCarbonCycle","BurnedArea","GFED4.1S","ED-C1-wet_gpp_supp","Benchmark Period Mean (complement)","MeanState","ceas","scalar","%","0","80.0"
"EcosystemandCarbonCycle","BurnedArea","GFED4.1S","ED-C1-wet_gpp_supp","Period Mean (original grids)","MeanState","ceas","scalar","%","0.258832","80.0"
"EcosystemandCarbonCycle","BurnedArea","GFED4.1S","ED-C1-wet_gpp_supp","Model Period Mean (intersection)","MeanState","ceas","scalar","%","0.272982","80.0"
"EcosystemandCarbonCycle","BurnedArea","GFED4.1S","ED-C1-wet_gpp_supp","Model Period Mean (complement)","MeanState","ceas","scalar","%","0.100272","80.0"
"EcosystemandCarbonCycle","BurnedArea","GFED4.1S","ED-C1-wet_gpp_supp","Benchmark Period Mean (intersection)","MeanState","seas","scalar","%","0.148029","80.0"
"EcosystemandCarbonCycle","BurnedArea","GFED4.1S","ED-C1-wet_gpp_supp","Benchmark Period Mean (complement)","MeanState","seas","scalar","%","0","80.0"
"EcosystemandCarbonCycle","BurnedArea","GFED4.1S","ED-C1-wet_gpp_supp","Period Mean (original grids)","MeanState","seas","scalar","%","1.03614","80.0"
"EcosystemandCarbonCycle","BurnedArea","GFED4.1S","ED-C1-wet_gpp_supp","Model Period Mean (intersection)","MeanState","seas","scalar","%","1.12108","80.0"
"EcosystemandCarbonCycle","BurnedArea","GFED4.1S","ED-C1-wet_gpp_supp","Model Period Mean (complement)","MeanState","seas","scalar","%","0.105606","80.0"
"EcosystemandCarbonCycle","BurnedArea","GFED4.1S","ED-C1-wet_gpp_supp","Benchmark Period Mean (intersection)","MeanState","eqas","scalar","%","0.0480126","80.0"
"EcosystemandCarbonCycle","BurnedArea","GFED4.1S","ED-C1-wet_gpp_supp","Benchmark Period Mean (complement)","MeanState","eqas","scalar","%","0","80.0"
"EcosystemandCarbonCycle","BurnedArea","GFED4.1S","ED-C1-wet_gpp_supp","Period Mean (original grids)","MeanState","eqas","scalar","%","0.307191","80.0"
"EcosystemandCarbonCycle","BurnedArea","GFED4.1S","ED-C1-wet_gpp_supp","Model Period Mean (intersection)","MeanState","eqas","scalar","%","0.415556","80.0"
"EcosystemandCarbonCycle","BurnedArea","GFED4.1S","ED-C1-wet_gpp_supp","Model Period Mean (complement)","MeanState","eqas","scalar","%","0.0230431","80.0"
"EcosystemandCarbonCycle","BurnedArea","GFED4.1S","ED-C1-wet_gpp_supp","Benchmark Period Mean (intersection)","MeanState","aust","scalar","%","0.529194","80.0"
"EcosystemandCarbonCycle","BurnedArea","GFED4.1S","ED-C1-wet_gpp_supp","Benchmark Period Mean (complement)","MeanState","aust","scalar","%","0","80.0"
"EcosystemandCarbonCycle","BurnedArea","GFED4.1S","ED-C1-wet_gpp_supp","Period Mean (original grids)","MeanState","aust","scalar","%","0.511498","80.0"
"EcosystemandCarbonCycle","BurnedArea","GFED4.1S","ED-C1-wet_gpp_supp","Model Period Mean (intersection)","MeanState","aust","scalar","%","0.541069","80.0"
"EcosystemandCarbonCycle","BurnedArea","GFED4.1S","ED-C1-wet_gpp_supp","Model Period Mean (complement)","MeanState","aust","scalar","%","0.129021","80.0"
"EcosystemandCarbonCycle","BurnedArea","GFED4.1S","ED-C1-wet_gpp_supp","Spatial Distribution Score","MeanState","global","score","1","0.772351","80.0"
"EcosystemandCarbonCycle","BurnedArea","GFED4.1S","ED-C1-wet_gpp_supp","Spatial Distribution Score","MeanState","bona","score","1","0.654858","80.0"
"EcosystemandCarbonCycle","BurnedArea","GFED4.1S","ED-C1-wet_gpp_supp","Spatial Distribution Score","MeanState","tena","score","1","0.160304","80.0"
"EcosystemandCarbonCycle","BurnedArea","GFED4.1S","ED-C1-wet_gpp_supp","Spatial Distribution Score","MeanState","ceam","score","1","0.125564","80.0"
"EcosystemandCarbonCycle","BurnedArea","GFED4.1S","ED-C1-wet_gpp_supp","Spatial Distribution Score","MeanState","nhsa","score","1","0.626989","80.0"
"EcosystemandCarbonCycle","BurnedArea","GFED4.1S","ED-C1-wet_gpp_supp","Spatial Distribution Score","MeanState","shsa","score","1","0.383616","80.0"
"EcosystemandCarbonCycle","BurnedArea","GFED4.1S","ED-C1-wet_gpp_supp","Spatial Distribution Score","MeanState","euro","score","1","0.080499","80.0"
"EcosystemandCarbonCycle","BurnedArea","GFED4.1S","ED-C1-wet_gpp_supp","Spatial Distribution Score","MeanState","mide","score","1","0.0911787","80.0"
"EcosystemandCarbonCycle","BurnedArea","GFED4.1S","ED-C1-wet_gpp_supp","Spatial Distribution Score","MeanState","nhaf","score","1","0.59981","80.0"
"EcosystemandCarbonCycle","BurnedArea","GFED4.1S","ED-C1-wet_gpp_supp","Spatial Distribution Score","MeanState","shaf","score","1","0.567063","80.0"
"EcosystemandCarbonCycle","BurnedArea","GFED4.1S","ED-C1-wet_gpp_supp","Spatial Distribution Score","MeanState","boas","score","1","0.767865","80.0"
"EcosystemandCarbonCycle","BurnedArea","GFED4.1S","ED-C1-wet_gpp_supp","Spatial Distribution Score","MeanState","ceas","score","1","0.726466","80.0"
"EcosystemandCarbonCycle","BurnedArea","GFED4.1S","ED-C1-wet_gpp_supp","Spatial Distribution Score","MeanState","seas","score","1","0.358569","80.0"
"EcosystemandCarbonCycle","BurnedArea","GFED4.1S","ED-C1-wet_gpp_supp","Spatial Distribution Score","MeanState","eqas","score","1","0.177092","80.0"
"EcosystemandCarbonCycle","BurnedArea","GFED4.1S","ED-C1-wet_gpp_supp","Spatial Distribution Score","MeanState","aust","score","1","0.721918","80.0"
"EcosystemandCarbonCycle","BurnedArea","GFED4.1S","ED-C1-wet_gpp_supp","Phase Shift","MeanState","global","scalar","months","2.05853","80.0"
"EcosystemandCarbonCycle","BurnedArea","GFED4.1S","ED-C1-wet_gpp_supp","Seasonal Cycle Score","MeanState","global","score","1","0.84569","80.0"
"EcosystemandCarbonCycle","BurnedArea","GFED4.1S","ED-C1-wet_gpp_supp","Phase Shift","MeanState","bona","scalar","months","1.89796","80.0"
"EcosystemandCarbonCycle","BurnedArea","GFED4.1S","ED-C1-wet_gpp_supp","Seasonal Cycle Score","MeanState","bona","score","1","0.925121","80.0"
"EcosystemandCarbonCycle","BurnedArea","GFED4.1S","ED-C1-wet_gpp_supp","Phase Shift","MeanState","tena","scalar","months","2.40692","80.0"
"EcosystemandCarbonCycle","BurnedArea","GFED4.1S","ED-C1-wet_gpp_supp","Seasonal Cycle Score","MeanState","tena","score","1","0.694036","80.0"
"EcosystemandCarbonCycle","BurnedArea","GFED4.1S","ED-C1-wet_gpp_supp","Phase Shift","MeanState","ceam","scalar","months","1.71508","80.0"
"EcosystemandCarbonCycle","BurnedArea","GFED4.1S","ED-C1-wet_gpp_supp","Seasonal Cycle Score","MeanState","ceam","score","1","0.84747","80.0"
"EcosystemandCarbonCycle","BurnedArea","GFED4.1S","ED-C1-wet_gpp_supp","Phase Shift","MeanState","nhsa","scalar","months","1.42272","80.0"
"EcosystemandCarbonCycle","BurnedArea","GFED4.1S","ED-C1-wet_gpp_supp","Seasonal Cycle Score","MeanState","nhsa","score","1","0.914425","80.0"
"EcosystemandCarbonCycle","BurnedArea","GFED4.1S","ED-C1-wet_gpp_supp","Phase Shift","MeanState","shsa","scalar","months","1.86776","80.0"
"EcosystemandCarbonCycle","BurnedArea","GFED4.1S","ED-C1-wet_gpp_supp","Seasonal Cycle Score","MeanState","shsa","score","1","0.820024","80.0"
"EcosystemandCarbonCycle","BurnedArea","GFED4.1S","ED-C1-wet_gpp_supp","Phase Shift","MeanState","euro","scalar","months","2.1894","80.0"
"EcosystemandCarbonCycle","BurnedArea","GFED4.1S","ED-C1-wet_gpp_supp","Seasonal Cycle Score","MeanState","euro","score","1","0.808165","80.0"
"EcosystemandCarbonCycle","BurnedArea","GFED4.1S","ED-C1-wet_gpp_supp","Phase Shift","MeanState","mide","scalar","months","2.54107","80.0"
"EcosystemandCarbonCycle","BurnedArea","GFED4.1S","ED-C1-wet_gpp_supp","Seasonal Cycle Score","MeanState","mide","score","1","0.76584","80.0"
"EcosystemandCarbonCycle","BurnedArea","GFED4.1S","ED-C1-wet_gpp_supp","Phase Shift","MeanState","nhaf","scalar","months","1.73904","80.0"
"EcosystemandCarbonCycle","BurnedArea","GFED4.1S","ED-C1-wet_gpp_supp","Seasonal Cycle Score","MeanState","nhaf","score","1","0.901029","80.0"
"EcosystemandCarbonCycle","BurnedArea","GFED4.1S","ED-C1-wet_gpp_supp","Phase Shift","MeanState","shaf","scalar","months","1.42193","80.0"
"EcosystemandCarbonCycle","BurnedArea","GFED4.1S","ED-C1-wet_gpp_supp","Seasonal Cycle Score","MeanState","shaf","score","1","0.902122","80.0"
"EcosystemandCarbonCycle","BurnedArea","GFED4.1S","ED-C1-wet_gpp_supp","Phase Shift","MeanState","boas","scalar","months","1.81847","80.0"
"EcosystemandCarbonCycle","BurnedArea","GFED4.1S","ED-C1-wet_gpp_supp","Seasonal Cycle Score","MeanState","boas","score","1","0.796639","80.0"
"EcosystemandCarbonCycle","BurnedArea","GFED4.1S","ED-C1-wet_gpp_supp","Phase Shift","MeanState","ceas","scalar","months","2.3707","80.0"
"EcosystemandCarbonCycle","BurnedArea","GFED4.1S","ED-C1-wet_gpp_supp","Seasonal Cycle Score","MeanState","ceas","score","1","0.722163","80.0"
"EcosystemandCarbonCycle","BurnedArea","GFED4.1S","ED-C1-wet_gpp_supp","Phase Shift","MeanState","seas","scalar","months","2.26639","80.0"
"EcosystemandCarbonCycle","BurnedArea","GFED4.1S","ED-C1-wet_gpp_supp","Seasonal Cycle Score","MeanState","seas","score","1","0.826697","80.0"
"EcosystemandCarbonCycle","BurnedArea","GFED4.1S","ED-C1-wet_gpp_supp","Phase Shift","MeanState","eqas","scalar","months","1.99882","80.0"
"EcosystemandCarbonCycle","BurnedArea","GFED4.1S","ED-C1-wet_gpp_supp","Seasonal Cycle Score","MeanState","eqas","score","1","0.836452","80.0"
"EcosystemandCarbonCycle","BurnedArea","GFED4.1S","ED-C1-wet_gpp_supp","Phase Shift","MeanState","aust","scalar","months","2.58364","80.0"
"EcosystemandCarbonCycle","BurnedArea","GFED4.1S","ED-C1-wet_gpp_supp","Seasonal Cycle Score","MeanState","aust","score","1","0.579524","80.0"
"EcosystemandCarbonCycle","BurnedArea","GFED4.1S","ED-C1-wet_gpp_supp","Bias","MeanState","global","scalar","%","0.333445","80.0"
"EcosystemandCarbonCycle","BurnedArea","GFED4.1S","ED-C1-wet_gpp_supp","Bias Score","MeanState","global","score","1","0.728089","80.0"
"EcosystemandCarbonCycle","BurnedArea","GFED4.1S","ED-C1-wet_gpp_supp","Bias","MeanState","bona","scalar","%","0.0118194","80.0"
"EcosystemandCarbonCycle","BurnedArea","GFED4.1S","ED-C1-wet_gpp_supp","Bias Score","MeanState","bona","score","1","0.883981","80.0"
"EcosystemandCarbonCycle","BurnedArea","GFED4.1S","ED-C1-wet_gpp_supp","Bias","MeanState","tena","scalar","%","0.35733","80.0"
"EcosystemandCarbonCycle","BurnedArea","GFED4.1S","ED-C1-wet_gpp_supp","Bias Score","MeanState","tena","score","1","0.437076","80.0"
"EcosystemandCarbonCycle","BurnedArea","GFED4.1S","ED-C1-wet_gpp_supp","Bias","MeanState","ceam","scalar","%","0.77317","80.0"
"EcosystemandCarbonCycle","BurnedArea","GFED4.1S","ED-C1-wet_gpp_supp","Bias Score","MeanState","ceam","score","1","0.286887","80.0"
"EcosystemandCarbonCycle","BurnedArea","GFED4.1S","ED-C1-wet_gpp_supp","Bias","MeanState","nhsa","scalar","%","0.749962","80.0"
"EcosystemandCarbonCycle","BurnedArea","GFED4.1S","ED-C1-wet_gpp_supp","Bias Score","MeanState","nhsa","score","1","0.501408","80.0"
"EcosystemandCarbonCycle","BurnedArea","GFED4.1S","ED-C1-wet_gpp_supp","Bias","MeanState","shsa","scalar","%","0.833593","80.0"
"EcosystemandCarbonCycle","BurnedArea","GFED4.1S","ED-C1-wet_gpp_supp","Bias Score","MeanState","shsa","score","1","0.473091","80.0"
"EcosystemandCarbonCycle","BurnedArea","GFED4.1S","ED-C1-wet_gpp_supp","Bias","MeanState","euro","scalar","%","0.29564","80.0"
"EcosystemandCarbonCycle","BurnedArea","GFED4.1S","ED-C1-wet_gpp_supp","Bias Score","MeanState","euro","score","1","0.39345","80.0"
"EcosystemandCarbonCycle","BurnedArea","GFED4.1S","ED-C1-wet_gpp_supp","Bias","MeanState","mide","scalar","%","0.399581","80.0"
"EcosystemandCarbonCycle","BurnedArea","GFED4.1S","ED-C1-wet_gpp_supp","Bias Score","MeanState","mide","score","1","0.436689","80.0"
"EcosystemandCarbonCycle","BurnedArea","GFED4.1S","ED-C1-wet_gpp_supp","Bias","MeanState","nhaf","scalar","%","0.281868","80.0"
"EcosystemandCarbonCycle","BurnedArea","GFED4.1S","ED-C1-wet_gpp_supp","Bias Score","MeanState","nhaf","score","1","0.769337","80.0"
"EcosystemandCarbonCycle","BurnedArea","GFED4.1S","ED-C1-wet_gpp_supp","Bias","MeanState","shaf","scalar","%","0.016048","80.0"
"EcosystemandCarbonCycle","BurnedArea","GFED4.1S","ED-C1-wet_gpp_supp","Bias Score","MeanState","shaf","score","1","0.759732","80.0"
"EcosystemandCarbonCycle","BurnedArea","GFED4.1S","ED-C1-wet_gpp_supp","Bias","MeanState","boas","scalar","%","0.0405767","80.0"
"EcosystemandCarbonCycle","BurnedArea","GFED4.1S","ED-C1-wet_gpp_supp","Bias Score","MeanState","boas","score","1","0.840753","80.0"
"EcosystemandCarbonCycle","BurnedArea","GFED4.1S","ED-C1-wet_gpp_supp","Bias","MeanState","ceas","scalar","%","0.147246","80.0"
"EcosystemandCarbonCycle","BurnedArea","GFED4.1S","ED-C1-wet_gpp_supp","Bias Score","MeanState","ceas","score","1","0.783351","80.0"
"EcosystemandCarbonCycle","BurnedArea","GFED4.1S","ED-C1-wet_gpp_supp","Bias","MeanState","seas","scalar","%","0.973053","80.0"
"EcosystemandCarbonCycle","BurnedArea","GFED4.1S","ED-C1-wet_gpp_supp","Bias Score","MeanState","seas","score","1","0.496169","80.0"
"EcosystemandCarbonCycle","BurnedArea","GFED4.1S","ED-C1-wet_gpp_supp","Bias","MeanState","eqas","scalar","%","0.367544","80.0"
"EcosystemandCarbonCycle","BurnedArea","GFED4.1S","ED-C1-wet_gpp_supp","Bias Score","MeanState","eqas","score","1","0.477132","80.0"
"EcosystemandCarbonCycle","BurnedArea","GFED4.1S","ED-C1-wet_gpp_supp","Bias","MeanState","aust","scalar","%","0.011875","80.0"
"EcosystemandCarbonCycle","BurnedArea","GFED4.1S","ED-C1-wet_gpp_supp","Bias Score","MeanState","aust","score","1","0.745626","80.0"
"EcosystemandCarbonCycle","BurnedArea","GFED4.1S","ED-C1-wet_gpp_supp","RMSE","MeanState","global","scalar","%","0.983043","80.0"
"EcosystemandCarbonCycle","BurnedArea","GFED4.1S","ED-C1-wet_gpp_supp","RMSE Score","MeanState","global","score","1","0.505759","80.0"
"EcosystemandCarbonCycle","BurnedArea","GFED4.1S","ED-C1-wet_gpp_supp","RMSE","MeanState","bona","scalar","%","0.129741","80.0"
"EcosystemandCarbonCycle","BurnedArea","GFED4.1S","ED-C1-wet_gpp_supp","RMSE Score","MeanState","bona","score","1","0.742535","80.0"
"EcosystemandCarbonCycle","BurnedArea","GFED4.1S","ED-C1-wet_gpp_supp","RMSE","MeanState","tena","scalar","%","0.609779","80.0"
"EcosystemandCarbonCycle","BurnedArea","GFED4.1S","ED-C1-wet_gpp_supp","RMSE Score","MeanState","tena","score","1","0.307975","80.0"
"EcosystemandCarbonCycle","BurnedArea","GFED4.1S","ED-C1-wet_gpp_supp","RMSE","MeanState","ceam","scalar","%","0.957688","80.0"
"EcosystemandCarbonCycle","BurnedArea","GFED4.1S","ED-C1-wet_gpp_supp","RMSE Score","MeanState","ceam","score","1","0.310422","80.0"
"EcosystemandCarbonCycle","BurnedArea","GFED4.1S","ED-C1-wet_gpp_supp","RMSE","MeanState","nhsa","scalar","%","0.914459","80.0"
"EcosystemandCarbonCycle","BurnedArea","GFED4.1S","ED-C1-wet_gpp_supp","RMSE Score","MeanState","nhsa","score","1","0.49315","80.0"
"EcosystemandCarbonCycle","BurnedArea","GFED4.1S","ED-C1-wet_gpp_supp","RMSE","MeanState","shsa","scalar","%","1.05571","80.0"
"EcosystemandCarbonCycle","BurnedArea","GFED4.1S","ED-C1-wet_gpp_supp","RMSE Score","MeanState","shsa","score","1","0.429758","80.0"
"EcosystemandCarbonCycle","BurnedArea","GFED4.1S","ED-C1-wet_gpp_supp","RMSE","MeanState","euro","scalar","%","0.516627","80.0"
"EcosystemandCarbonCycle","BurnedArea","GFED4.1S","ED-C1-wet_gpp_supp","RMSE Score","MeanState","euro","score","1","0.261763","80.0"
"EcosystemandCarbonCycle","BurnedArea","GFED4.1S","ED-C1-wet_gpp_supp","RMSE","MeanState","mide","scalar","%","0.650178","80.0"
"EcosystemandCarbonCycle","BurnedArea","GFED4.1S","ED-C1-wet_gpp_supp","RMSE Score","MeanState","mide","score","1","0.310067","80.0"
"EcosystemandCarbonCycle","BurnedArea","GFED4.1S","ED-C1-wet_gpp_supp","RMSE","MeanState","nhaf","scalar","%","2.60824","80.0"
"EcosystemandCarbonCycle","BurnedArea","GFED4.1S","ED-C1-wet_gpp_supp","RMSE Score","MeanState","nhaf","score","1","0.479548","80.0"
"EcosystemandCarbonCycle","BurnedArea","GFED4.1S","ED-C1-wet_gpp_supp","RMSE","MeanState","shaf","scalar","%","2.40356","80.0"
"EcosystemandCarbonCycle","BurnedArea","GFED4.1S","ED-C1-wet_gpp_supp","RMSE Score","MeanState","shaf","score","1","0.502274","80.0"
"EcosystemandCarbonCycle","BurnedArea","GFED4.1S","ED-C1-wet_gpp_supp","RMSE","MeanState","boas","scalar","%","0.175138","80.0"
"EcosystemandCarbonCycle","BurnedArea","GFED4.1S","ED-C1-wet_gpp_supp","RMSE Score","MeanState","boas","score","1","0.619204","80.0"
"EcosystemandCarbonCycle","BurnedArea","GFED4.1S","ED-C1-wet_gpp_supp","RMSE","MeanState","ceas","scalar","%","0.508035","80.0"
"EcosystemandCarbonCycle","BurnedArea","GFED4.1S","ED-C1-wet_gpp_supp","RMSE Score","MeanState","ceas","score","1","0.560258","80.0"
"EcosystemandCarbonCycle","BurnedArea","GFED4.1S","ED-C1-wet_gpp_supp","RMSE","MeanState","seas","scalar","%","1.31547","80.0"
"EcosystemandCarbonCycle","BurnedArea","GFED4.1S","ED-C1-wet_gpp_supp","RMSE Score","MeanState","seas","score","1","0.377266","80.0"
"EcosystemandCarbonCycle","BurnedArea","GFED4.1S","ED-C1-wet_gpp_supp","RMSE","MeanState","eqas","scalar","%","0.442797","80.0"
"EcosystemandCarbonCycle","BurnedArea","GFED4.1S","ED-C1-wet_gpp_supp","RMSE Score","MeanState","eqas","score","1","0.523149","80.0"
"EcosystemandCarbonCycle","BurnedArea","GFED4.1S","ED-C1-wet_gpp_supp","RMSE","MeanState","aust","scalar","%","1.13037","80.0"
"EcosystemandCarbonCycle","BurnedArea","GFED4.1S","ED-C1-wet_gpp_supp","RMSE Score","MeanState","aust","score","1","0.652014","80.0"
"EcosystemandCarbonCycle","BurnedArea","GFED4.1S","ED-C1-annual_p_hump","Benchmark Period Mean (intersection)","MeanState","global","scalar","%","0.329776","80.0"
"EcosystemandCarbonCycle","BurnedArea","GFED4.1S","ED-C1-annual_p_hump","Benchmark Period Mean (complement)","MeanState","global","scalar","%","0","80.0"
"EcosystemandCarbonCycle","BurnedArea","GFED4.1S","ED-C1-annual_p_hump","Period Mean (original grids)","MeanState","global","scalar","%","0.349034","80.0"
"EcosystemandCarbonCycle","BurnedArea","GFED4.1S","ED-C1-annual_p_hump","Model Period Mean (intersection)","MeanState","global","scalar","%","0.380006","80.0"
"EcosystemandCarbonCycle","BurnedArea","GFED4.1S","ED-C1-annual_p_hump","Model Period Mean (complement)","MeanState","global","scalar","%","0.0372645","80.0"
"EcosystemandCarbonCycle","BurnedArea","GFED4.1S","ED-C1-annual_p_hump","Benchmark Period Mean (intersection)","MeanState","bona","scalar","%","0.0334473","80.0"
"EcosystemandCarbonCycle","BurnedArea","GFED4.1S","ED-C1-annual_p_hump","Benchmark Period Mean (complement)","MeanState","bona","scalar","%","0","80.0"
"EcosystemandCarbonCycle","BurnedArea","GFED4.1S","ED-C1-annual_p_hump","Period Mean (original grids)","MeanState","bona","scalar","%","0.00869374","80.0"
"EcosystemandCarbonCycle","BurnedArea","GFED4.1S","ED-C1-annual_p_hump","Model Period Mean (intersection)","MeanState","bona","scalar","%","0.00897359","80.0"
"EcosystemandCarbonCycle","BurnedArea","GFED4.1S","ED-C1-annual_p_hump","Model Period Mean (complement)","MeanState","bona","scalar","%","0.000338063","80.0"
"EcosystemandCarbonCycle","BurnedArea","GFED4.1S","ED-C1-annual_p_hump","Benchmark Period Mean (intersection)","MeanState","tena","scalar","%","0.0259374","80.0"
"EcosystemandCarbonCycle","BurnedArea","GFED4.1S","ED-C1-annual_p_hump","Benchmark Period Mean (complement)","MeanState","tena","scalar","%","0","80.0"
"EcosystemandCarbonCycle","BurnedArea","GFED4.1S","ED-C1-annual_p_hump","Period Mean (original grids)","MeanState","tena","scalar","%","0.189116","80.0"
"EcosystemandCarbonCycle","BurnedArea","GFED4.1S","ED-C1-annual_p_hump","Model Period Mean (intersection)","MeanState","tena","scalar","%","0.193387","80.0"
"EcosystemandCarbonCycle","BurnedArea","GFED4.1S","ED-C1-annual_p_hump","Model Period Mean (complement)","MeanState","tena","scalar","%","0.059076","80.0"
"EcosystemandCarbonCycle","BurnedArea","GFED4.1S","ED-C1-annual_p_hump","Benchmark Period Mean (intersection)","MeanState","ceam","scalar","%","0.0824275","80.0"
"EcosystemandCarbonCycle","BurnedArea","GFED4.1S","ED-C1-annual_p_hump","Benchmark Period Mean (complement)","MeanState","ceam","scalar","%","0","80.0"
"EcosystemandCarbonCycle","BurnedArea","GFED4.1S","ED-C1-annual_p_hump","Period Mean (original grids)","MeanState","ceam","scalar","%","0.409421","80.0"
"EcosystemandCarbonCycle","BurnedArea","GFED4.1S","ED-C1-annual_p_hump","Model Period Mean (intersection)","MeanState","ceam","scalar","%","0.465071","80.0"
"EcosystemandCarbonCycle","BurnedArea","GFED4.1S","ED-C1-annual_p_hump","Model Period Mean (complement)","MeanState","ceam","scalar","%","0.0547215","80.0"
"EcosystemandCarbonCycle","BurnedArea","GFED4.1S","ED-C1-annual_p_hump","Benchmark Period Mean (intersection)","MeanState","nhsa","scalar","%","0.142765","80.0"
"EcosystemandCarbonCycle","BurnedArea","GFED4.1S","ED-C1-annual_p_hump","Benchmark Period Mean (complement)","MeanState","nhsa","scalar","%","0","80.0"
"EcosystemandCarbonCycle","BurnedArea","GFED4.1S","ED-C1-annual_p_hump","Period Mean (original grids)","MeanState","nhsa","scalar","%","0.3947","80.0"
"EcosystemandCarbonCycle","BurnedArea","GFED4.1S","ED-C1-annual_p_hump","Model Period Mean (intersection)","MeanState","nhsa","scalar","%","0.418557","80.0"
"EcosystemandCarbonCycle","BurnedArea","GFED4.1S","ED-C1-annual_p_hump","Model Period Mean (complement)","MeanState","nhsa","scalar","%","0.0528953","80.0"
"EcosystemandCarbonCycle","BurnedArea","GFED4.1S","ED-C1-annual_p_hump","Benchmark Period Mean (intersection)","MeanState","shsa","scalar","%","0.145694","80.0"
"EcosystemandCarbonCycle","BurnedArea","GFED4.1S","ED-C1-annual_p_hump","Benchmark Period Mean (complement)","MeanState","shsa","scalar","%","0","80.0"
"EcosystemandCarbonCycle","BurnedArea","GFED4.1S","ED-C1-annual_p_hump","Period Mean (original grids)","MeanState","shsa","scalar","%","0.500096","80.0"
"EcosystemandCarbonCycle","BurnedArea","GFED4.1S","ED-C1-annual_p_hump","Model Period Mean (intersection)","MeanState","shsa","scalar","%","0.519003","80.0"
"EcosystemandCarbonCycle","BurnedArea","GFED4.1S","ED-C1-annual_p_hump","Model Period Mean (complement)","MeanState","shsa","scalar","%","0.00426684","80.0"
"EcosystemandCarbonCycle","BurnedArea","GFED4.1S","ED-C1-annual_p_hump","Benchmark Period Mean (intersection)","MeanState","euro","scalar","%","0.0250618","80.0"
"EcosystemandCarbonCycle","BurnedArea","GFED4.1S","ED-C1-annual_p_hump","Benchmark Period Mean (complement)","MeanState","euro","scalar","%","0","80.0"
"EcosystemandCarbonCycle","BurnedArea","GFED4.1S","ED-C1-annual_p_hump","Period Mean (original grids)","MeanState","euro","scalar","%","0.143811","80.0"
"EcosystemandCarbonCycle","BurnedArea","GFED4.1S","ED-C1-annual_p_hump","Model Period Mean (intersection)","MeanState","euro","scalar","%","0.160289","80.0"
"EcosystemandCarbonCycle","BurnedArea","GFED4.1S","ED-C1-annual_p_hump","Model Period Mean (complement)","MeanState","euro","scalar","%","0.0185396","80.0"
"EcosystemandCarbonCycle","BurnedArea","GFED4.1S","ED-C1-annual_p_hump","Benchmark Period Mean (intersection)","MeanState","mide","scalar","%","0.025217","80.0"
"EcosystemandCarbonCycle","BurnedArea","GFED4.1S","ED-C1-annual_p_hump","Benchmark Period Mean (complement)","MeanState","mide","scalar","%","0","80.0"
"EcosystemandCarbonCycle","BurnedArea","GFED4.1S","ED-C1-annual_p_hump","Period Mean (original grids)","MeanState","mide","scalar","%","0.168049","80.0"
"EcosystemandCarbonCycle","BurnedArea","GFED4.1S","ED-C1-annual_p_hump","Model Period Mean (intersection)","MeanState","mide","scalar","%","0.215665","80.0"
"EcosystemandCarbonCycle","BurnedArea","GFED4.1S","ED-C1-annual_p_hump","Model Period Mean (complement)","MeanState","mide","scalar","%","0.0462032","80.0"
"EcosystemandCarbonCycle","BurnedArea","GFED4.1S","ED-C1-annual_p_hump","Benchmark Period Mean (intersection)","MeanState","nhaf","scalar","%","1.23284","80.0"
"EcosystemandCarbonCycle","BurnedArea","GFED4.1S","ED-C1-annual_p_hump","Benchmark Period Mean (complement)","MeanState","nhaf","scalar","%","0","80.0"
"EcosystemandCarbonCycle","BurnedArea","GFED4.1S","ED-C1-annual_p_hump","Period Mean (original grids)","MeanState","nhaf","scalar","%","0.902677","80.0"
"EcosystemandCarbonCycle","BurnedArea","GFED4.1S","ED-C1-annual_p_hump","Model Period Mean (intersection)","MeanState","nhaf","scalar","%","0.958602","80.0"
"EcosystemandCarbonCycle","BurnedArea","GFED4.1S","ED-C1-annual_p_hump","Model Period Mean (complement)","MeanState","nhaf","scalar","%","0.0865173","80.0"
"EcosystemandCarbonCycle","BurnedArea","GFED4.1S","ED-C1-annual_p_hump","Benchmark Period Mean (intersection)","MeanState","shaf","scalar","%","1.45692","80.0"
"EcosystemandCarbonCycle","BurnedArea","GFED4.1S","ED-C1-annual_p_hump","Benchmark Period Mean (complement)","MeanState","shaf","scalar","%","0","80.0"
"EcosystemandCarbonCycle","BurnedArea","GFED4.1S","ED-C1-annual_p_hump","Period Mean (original grids)","MeanState","shaf","scalar","%","0.914409","80.0"
"EcosystemandCarbonCycle","BurnedArea","GFED4.1S","ED-C1-annual_p_hump","Model Period Mean (intersection)","MeanState","shaf","scalar","%","0.944155","80.0"
"EcosystemandCarbonCycle","BurnedArea","GFED4.1S","ED-C1-annual_p_hump","Model Period Mean (complement)","MeanState","shaf","scalar","%","0.0528362","80.0"
"EcosystemandCarbonCycle","BurnedArea","GFED4.1S","ED-C1-annual_p_hump","Benchmark Period Mean (intersection)","MeanState","boas","scalar","%","0.0336143","80.0"
"EcosystemandCarbonCycle","BurnedArea","GFED4.1S","ED-C1-annual_p_hump","Benchmark Period Mean (complement)","MeanState","boas","scalar","%","0","80.0"
"EcosystemandCarbonCycle","BurnedArea","GFED4.1S","ED-C1-annual_p_hump","Period Mean (original grids)","MeanState","boas","scalar","%","0.0241994","80.0"
"EcosystemandCarbonCycle","BurnedArea","GFED4.1S","ED-C1-annual_p_hump","Model Period Mean (intersection)","MeanState","boas","scalar","%","0.0245565","80.0"
"EcosystemandCarbonCycle","BurnedArea","GFED4.1S","ED-C1-annual_p_hump","Model Period Mean (complement)","MeanState","boas","scalar","%","0.000431886","80.0"
"EcosystemandCarbonCycle","BurnedArea","GFED4.1S","ED-C1-annual_p_hump","Benchmark Period Mean (intersection)","MeanState","ceas","scalar","%","0.125736","80.0"
"EcosystemandCarbonCycle","BurnedArea","GFED4.1S","ED-C1-annual_p_hump","Benchmark Period Mean (complement)","MeanState","ceas","scalar","%","0","80.0"
"EcosystemandCarbonCycle","BurnedArea","GFED4.1S","ED-C1-annual_p_hump","Period Mean (original grids)","MeanState","ceas","scalar","%","0.130365","80.0"
"EcosystemandCarbonCycle","BurnedArea","GFED4.1S","ED-C1-annual_p_hump","Model Period Mean (intersection)","MeanState","ceas","scalar","%","0.137833","80.0"
"EcosystemandCarbonCycle","BurnedArea","GFED4.1S","ED-C1-annual_p_hump","Model Period Mean (complement)","MeanState","ceas","scalar","%","0.0466748","80.0"
"EcosystemandCarbonCycle","BurnedArea","GFED4.1S","ED-C1-annual_p_hump","Benchmark Period Mean (intersection)","MeanState","seas","scalar","%","0.148029","80.0"
"EcosystemandCarbonCycle","BurnedArea","GFED4.1S","ED-C1-annual_p_hump","Benchmark Period Mean (complement)","MeanState","seas","scalar","%","0","80.0"
"EcosystemandCarbonCycle","BurnedArea","GFED4.1S","ED-C1-annual_p_hump","Period Mean (original grids)","MeanState","seas","scalar","%","0.612452","80.0"
"EcosystemandCarbonCycle","BurnedArea","GFED4.1S","ED-C1-annual_p_hump","Model Period Mean (intersection)","MeanState","seas","scalar","%","0.663854","80.0"
"EcosystemandCarbonCycle","BurnedArea","GFED4.1S","ED-C1-annual_p_hump","Model Period Mean (complement)","MeanState","seas","scalar","%","0.0493735","80.0"
"EcosystemandCarbonCycle","BurnedArea","GFED4.1S","ED-C1-annual_p_hump","Benchmark Period Mean (intersection)","MeanState","eqas","scalar","%","0.0480126","80.0"
"EcosystemandCarbonCycle","BurnedArea","GFED4.1S","ED-C1-annual_p_hump","Benchmark Period Mean (complement)","MeanState","eqas","scalar","%","0","80.0"
"EcosystemandCarbonCycle","BurnedArea","GFED4.1S","ED-C1-annual_p_hump","Period Mean (original grids)","MeanState","eqas","scalar","%","0.132684","80.0"
"EcosystemandCarbonCycle","BurnedArea","GFED4.1S","ED-C1-annual_p_hump","Model Period Mean (intersection)","MeanState","eqas","scalar","%","0.178861","80.0"
"EcosystemandCarbonCycle","BurnedArea","GFED4.1S","ED-C1-annual_p_hump","Model Period Mean (complement)","MeanState","eqas","scalar","%","0.011603","80.0"
"EcosystemandCarbonCycle","BurnedArea","GFED4.1S","ED-C1-annual_p_hump","Benchmark Period Mean (intersection)","MeanState","aust","scalar","%","0.529194","80.0"
"EcosystemandCarbonCycle","BurnedArea","GFED4.1S","ED-C1-annual_p_hump","Benchmark Period Mean (complement)","MeanState","aust","scalar","%","0","80.0"
"EcosystemandCarbonCycle","BurnedArea","GFED4.1S","ED-C1-annual_p_hump","Period Mean (original grids)","MeanState","aust","scalar","%","0.332627","80.0"
"EcosystemandCarbonCycle","BurnedArea","GFED4.1S","ED-C1-annual_p_hump","Model Period Mean (intersection)","MeanState","aust","scalar","%","0.352115","80.0"
"EcosystemandCarbonCycle","BurnedArea","GFED4.1S","ED-C1-annual_p_hump","Model Period Mean (complement)","MeanState","aust","scalar","%","0.0805571","80.0"
"EcosystemandCarbonCycle","BurnedArea","GFED4.1S","ED-C1-annual_p_hump","Spatial Distribution Score","MeanState","global","score","1","0.62867","80.0"
"EcosystemandCarbonCycle","BurnedArea","GFED4.1S","ED-C1-annual_p_hump","Spatial Distribution Score","MeanState","bona","score","1","0.173557","80.0"
"EcosystemandCarbonCycle","BurnedArea","GFED4.1S","ED-C1-annual_p_hump","Spatial Distribution Score","MeanState","tena","score","1","0.3289","80.0"
"EcosystemandCarbonCycle","BurnedArea","GFED4.1S","ED-C1-annual_p_hump","Spatial Distribution Score","MeanState","ceam","score","1","0.250305","80.0"
"EcosystemandCarbonCycle","BurnedArea","GFED4.1S","ED-C1-annual_p_hump","Spatial Distribution Score","MeanState","nhsa","score","1","0.776618","80.0"
"EcosystemandCarbonCycle","BurnedArea","GFED4.1S","ED-C1-annual_p_hump","Spatial Distribution Score","MeanState","shsa","score","1","0.655368","80.0"
"EcosystemandCarbonCycle","BurnedArea","GFED4.1S","ED-C1-annual_p_hump","Spatial Distribution Score","MeanState","euro","score","1","0.21704","80.0"
"EcosystemandCarbonCycle","BurnedArea","GFED4.1S","ED-C1-annual_p_hump","Spatial Distribution Score","MeanState","mide","score","1","0.23607","80.0"
"EcosystemandCarbonCycle","BurnedArea","GFED4.1S","ED-C1-annual_p_hump","Spatial Distribution Score","MeanState","nhaf","score","1","0.43333","80.0"
"EcosystemandCarbonCycle","BurnedArea","GFED4.1S","ED-C1-annual_p_hump","Spatial Distribution Score","MeanState","shaf","score","1","0.41814","80.0"
"EcosystemandCarbonCycle","BurnedArea","GFED4.1S","ED-C1-annual_p_hump","Spatial Distribution Score","MeanState","boas","score","1","0.460915","80.0"
"EcosystemandCarbonCycle","BurnedArea","GFED4.1S","ED-C1-annual_p_hump","Spatial Distribution Score","MeanState","ceas","score","1","0.552286","80.0"
"EcosystemandCarbonCycle","BurnedArea","GFED4.1S","ED-C1-annual_p_hump","Spatial Distribution Score","MeanState","seas","score","1","0.543206","80.0"
"EcosystemandCarbonCycle","BurnedArea","GFED4.1S","ED-C1-annual_p_hump","Spatial Distribution Score","MeanState","eqas","score","1","0.483167","80.0"
"EcosystemandCarbonCycle","BurnedArea","GFED4.1S","ED-C1-annual_p_hump","Spatial Distribution Score","MeanState","aust","score","1","0.664277","80.0"
"EcosystemandCarbonCycle","BurnedArea","GFED4.1S","ED-C1-annual_p_hump","Phase Shift","MeanState","global","scalar","months","2.1319","80.0"
"EcosystemandCarbonCycle","BurnedArea","GFED4.1S","ED-C1-annual_p_hump","Seasonal Cycle Score","MeanState","global","score","1","0.836115","80.0"
"EcosystemandCarbonCycle","BurnedArea","GFED4.1S","ED-C1-annual_p_hump","Phase Shift","MeanState","bona","scalar","months","1.89097","80.0"
"EcosystemandCarbonCycle","BurnedArea","GFED4.1S","ED-C1-annual_p_hump","Seasonal Cycle Score","MeanState","bona","score","1","0.926793","80.0"
"EcosystemandCarbonCycle","BurnedArea","GFED4.1S","ED-C1-annual_p_hump","Phase Shift","MeanState","tena","scalar","months","2.42251","80.0"
"EcosystemandCarbonCycle","BurnedArea","GFED4.1S","ED-C1-annual_p_hump","Seasonal Cycle Score","MeanState","tena","score","1","0.683924","80.0"
"EcosystemandCarbonCycle","BurnedArea","GFED4.1S","ED-C1-annual_p_hump","Phase Shift","MeanState","ceam","scalar","months","1.88082","80.0"
"EcosystemandCarbonCycle","BurnedArea","GFED4.1S","ED-C1-annual_p_hump","Seasonal Cycle Score","MeanState","ceam","score","1","0.803474","80.0"
"EcosystemandCarbonCycle","BurnedArea","GFED4.1S","ED-C1-annual_p_hump","Phase Shift","MeanState","nhsa","scalar","months","1.52791","80.0"
"EcosystemandCarbonCycle","BurnedArea","GFED4.1S","ED-C1-annual_p_hump","Seasonal Cycle Score","MeanState","nhsa","score","1","0.905024","80.0"
"EcosystemandCarbonCycle","BurnedArea","GFED4.1S","ED-C1-annual_p_hump","Phase Shift","MeanState","shsa","scalar","months","1.96538","80.0"
"EcosystemandCarbonCycle","BurnedArea","GFED4.1S","ED-C1-annual_p_hump","Seasonal Cycle Score","MeanState","shsa","score","1","0.823551","80.0"
"EcosystemandCarbonCycle","BurnedArea","GFED4.1S","ED-C1-annual_p_hump","Phase Shift","MeanState","euro","scalar","months","2.30087","80.0"
"EcosystemandCarbonCycle","BurnedArea","GFED4.1S","ED-C1-annual_p_hump","Seasonal Cycle Score","MeanState","euro","score","1","0.79418","80.0"
"EcosystemandCarbonCycle","BurnedArea","GFED4.1S","ED-C1-annual_p_hump","Phase Shift","MeanState","mide","scalar","months","2.59388","80.0"
"EcosystemandCarbonCycle","BurnedArea","GFED4.1S","ED-C1-annual_p_hump","Seasonal Cycle Score","MeanState","mide","score","1","0.74708","80.0"
"EcosystemandCarbonCycle","BurnedArea","GFED4.1S","ED-C1-annual_p_hump","Phase Shift","MeanState","nhaf","scalar","months","1.83012","80.0"
"EcosystemandCarbonCycle","BurnedArea","GFED4.1S","ED-C1-annual_p_hump","Seasonal Cycle Score","MeanState","nhaf","score","1","0.886018","80.0"
"EcosystemandCarbonCycle","BurnedArea","GFED4.1S","ED-C1-annual_p_hump","Phase Shift","MeanState","shaf","scalar","months","1.50336","80.0"
"EcosystemandCarbonCycle","BurnedArea","GFED4.1S","ED-C1-annual_p_hump","Seasonal Cycle Score","MeanState","shaf","score","1","0.903238","80.0"
"EcosystemandCarbonCycle","BurnedArea","GFED4.1S","ED-C1-annual_p_hump","Phase Shift","MeanState","boas","scalar","months","1.82431","80.0"
"EcosystemandCarbonCycle","BurnedArea","GFED4.1S","ED-C1-annual_p_hump","Seasonal Cycle Score","MeanState","boas","score","1","0.79573","80.0"
"EcosystemandCarbonCycle","BurnedArea","GFED4.1S","ED-C1-annual_p_hump","Phase Shift","MeanState","ceas","scalar","months","2.36717","80.0"
"EcosystemandCarbonCycle","BurnedArea","GFED4.1S","ED-C1-annual_p_hump","Seasonal Cycle Score","MeanState","ceas","score","1","0.715323","80.0"
"EcosystemandCarbonCycle","BurnedArea","GFED4.1S","ED-C1-annual_p_hump","Phase Shift","MeanState","seas","scalar","months","2.42193","80.0"
"EcosystemandCarbonCycle","BurnedArea","GFED4.1S","ED-C1-annual_p_hump","Seasonal Cycle Score","MeanState","seas","score","1","0.784636","80.0"
"EcosystemandCarbonCycle","BurnedArea","GFED4.1S","ED-C1-annual_p_hump","Phase Shift","MeanState","eqas","scalar","months","2.39578","80.0"
"EcosystemandCarbonCycle","BurnedArea","GFED4.1S","ED-C1-annual_p_hump","Seasonal Cycle Score","MeanState","eqas","score","1","0.730607","80.0"
"EcosystemandCarbonCycle","BurnedArea","GFED4.1S","ED-C1-annual_p_hump","Phase Shift","MeanState","aust","scalar","months","2.66088","80.0"
"EcosystemandCarbonCycle","BurnedArea","GFED4.1S","ED-C1-annual_p_hump","Seasonal Cycle Score","MeanState","aust","score","1","0.558341","80.0"
"EcosystemandCarbonCycle","BurnedArea","GFED4.1S","ED-C1-annual_p_hump","Bias","MeanState","global","scalar","%","0.0502306","80.0"
"EcosystemandCarbonCycle","BurnedArea","GFED4.1S","ED-C1-annual_p_hump","Bias Score","MeanState","global","score","1","0.730318","80.0"
"EcosystemandCarbonCycle","BurnedArea","GFED4.1S","ED-C1-annual_p_hump","Bias","MeanState","bona","scalar","%","-0.0244738","80.0"
"EcosystemandCarbonCycle","BurnedArea","GFED4.1S","ED-C1-annual_p_hump","Bias Score","MeanState","bona","score","1","0.886223","80.0"
"EcosystemandCarbonCycle","BurnedArea","GFED4.1S","ED-C1-annual_p_hump","Bias","MeanState","tena","scalar","%","0.167449","80.0"
"EcosystemandCarbonCycle","BurnedArea","GFED4.1S","ED-C1-annual_p_hump","Bias Score","MeanState","tena","score","1","0.578025","80.0"
"EcosystemandCarbonCycle","BurnedArea","GFED4.1S","ED-C1-annual_p_hump","Bias","MeanState","ceam","scalar","%","0.382644","80.0"
"EcosystemandCarbonCycle","BurnedArea","GFED4.1S","ED-C1-annual_p_hump","Bias Score","MeanState","ceam","score","1","0.424299","80.0"
"EcosystemandCarbonCycle","BurnedArea","GFED4.1S","ED-C1-annual_p_hump","Bias","MeanState","nhsa","scalar","%","0.275792","80.0"
"EcosystemandCarbonCycle","BurnedArea","GFED4.1S","ED-C1-annual_p_hump","Bias Score","MeanState","nhsa","score","1","0.612724","80.0"
"EcosystemandCarbonCycle","BurnedArea","GFED4.1S","ED-C1-annual_p_hump","Bias","MeanState","shsa","scalar","%","0.373309","80.0"
"EcosystemandCarbonCycle","BurnedArea","GFED4.1S","ED-C1-annual_p_hump","Bias Score","MeanState","shsa","score","1","0.635007","80.0"
"EcosystemandCarbonCycle","BurnedArea","GFED4.1S","ED-C1-annual_p_hump","Bias","MeanState","euro","scalar","%","0.135228","80.0"
"EcosystemandCarbonCycle","BurnedArea","GFED4.1S","ED-C1-annual_p_hump","Bias Score","MeanState","euro","score","1","0.599747","80.0"
"EcosystemandCarbonCycle","BurnedArea","GFED4.1S","ED-C1-annual_p_hump","Bias","MeanState","mide","scalar","%","0.190448","80.0"
"EcosystemandCarbonCycle","BurnedArea","GFED4.1S","ED-C1-annual_p_hump","Bias Score","MeanState","mide","score","1","0.56216","80.0"
"EcosystemandCarbonCycle","BurnedArea","GFED4.1S","ED-C1-annual_p_hump","Bias","MeanState","nhaf","scalar","%","-0.274238","80.0"
"EcosystemandCarbonCycle","BurnedArea","GFED4.1S","ED-C1-annual_p_hump","Bias Score","MeanState","nhaf","score","1","0.741387","80.0"
"EcosystemandCarbonCycle","BurnedArea","GFED4.1S","ED-C1-annual_p_hump","Bias","MeanState","shaf","scalar","%","-0.512767","80.0"
"EcosystemandCarbonCycle","BurnedArea","GFED4.1S","ED-C1-annual_p_hump","Bias Score","MeanState","shaf","score","1","0.72587","80.0"
"EcosystemandCarbonCycle","BurnedArea","GFED4.1S","ED-C1-annual_p_hump","Bias","MeanState","boas","scalar","%","-0.00905785","80.0"
"EcosystemandCarbonCycle","BurnedArea","GFED4.1S","ED-C1-annual_p_hump","Bias Score","MeanState","boas","score","1","0.872866","80.0"
"EcosystemandCarbonCycle","BurnedArea","GFED4.1S","ED-C1-annual_p_hump","Bias","MeanState","ceas","scalar","%","0.0120974","80.0"
"EcosystemandCarbonCycle","BurnedArea","GFED4.1S","ED-C1-annual_p_hump","Bias Score","MeanState","ceas","score","1","0.809253","80.0"
"EcosystemandCarbonCycle","BurnedArea","GFED4.1S","ED-C1-annual_p_hump","Bias","MeanState","seas","scalar","%","0.515825","80.0"
"EcosystemandCarbonCycle","BurnedArea","GFED4.1S","ED-C1-annual_p_hump","Bias Score","MeanState","seas","score","1","0.606406","80.0"
"EcosystemandCarbonCycle","BurnedArea","GFED4.1S","ED-C1-annual_p_hump","Bias","MeanState","eqas","scalar","%","0.130848","80.0"
"EcosystemandCarbonCycle","BurnedArea","GFED4.1S","ED-C1-annual_p_hump","Bias Score","MeanState","eqas","score","1","0.63738","80.0"
"EcosystemandCarbonCycle","BurnedArea","GFED4.1S","ED-C1-annual_p_hump","Bias","MeanState","aust","scalar","%","-0.177079","80.0"
"EcosystemandCarbonCycle","BurnedArea","GFED4.1S","ED-C1-annual_p_hump","Bias Score","MeanState","aust","score","1","0.787461","80.0"
"EcosystemandCarbonCycle","BurnedArea","GFED4.1S","ED-C1-annual_p_hump","RMSE","MeanState","global","scalar","%","0.75527","80.0"
"EcosystemandCarbonCycle","BurnedArea","GFED4.1S","ED-C1-annual_p_hump","RMSE Score","MeanState","global","score","1","0.508884","80.0"
"EcosystemandCarbonCycle","BurnedArea","GFED4.1S","ED-C1-annual_p_hump","RMSE","MeanState","bona","scalar","%","0.0985091","80.0"
"EcosystemandCarbonCycle","BurnedArea","GFED4.1S","ED-C1-annual_p_hump","RMSE Score","MeanState","bona","score","1","0.74277","80.0"
"EcosystemandCarbonCycle","BurnedArea","GFED4.1S","ED-C1-annual_p_hump","RMSE","MeanState","tena","scalar","%","0.334194","80.0"
"EcosystemandCarbonCycle","BurnedArea","GFED4.1S","ED-C1-annual_p_hump","RMSE Score","MeanState","tena","score","1","0.404642","80.0"
"EcosystemandCarbonCycle","BurnedArea","GFED4.1S","ED-C1-annual_p_hump","RMSE","MeanState","ceam","scalar","%","0.551118","80.0"
"EcosystemandCarbonCycle","BurnedArea","GFED4.1S","ED-C1-annual_p_hump","RMSE Score","MeanState","ceam","score","1","0.373651","80.0"
"EcosystemandCarbonCycle","BurnedArea","GFED4.1S","ED-C1-annual_p_hump","RMSE","MeanState","nhsa","scalar","%","0.442959","80.0"
"EcosystemandCarbonCycle","BurnedArea","GFED4.1S","ED-C1-annual_p_hump","RMSE Score","MeanState","nhsa","score","1","0.556676","80.0"
"EcosystemandCarbonCycle","BurnedArea","GFED4.1S","ED-C1-annual_p_hump","RMSE","MeanState","shsa","scalar","%","0.585878","80.0"
"EcosystemandCarbonCycle","BurnedArea","GFED4.1S","ED-C1-annual_p_hump","RMSE Score","MeanState","shsa","score","1","0.491377","80.0"
"EcosystemandCarbonCycle","BurnedArea","GFED4.1S","ED-C1-annual_p_hump","RMSE","MeanState","euro","scalar","%","0.284608","80.0"
"EcosystemandCarbonCycle","BurnedArea","GFED4.1S","ED-C1-annual_p_hump","RMSE Score","MeanState","euro","score","1","0.378138","80.0"
"EcosystemandCarbonCycle","BurnedArea","GFED4.1S","ED-C1-annual_p_hump","RMSE","MeanState","mide","scalar","%","0.356214","80.0"
"EcosystemandCarbonCycle","BurnedArea","GFED4.1S","ED-C1-annual_p_hump","RMSE Score","MeanState","mide","score","1","0.394982","80.0"
"EcosystemandCarbonCycle","BurnedArea","GFED4.1S","ED-C1-annual_p_hump","RMSE","MeanState","nhaf","scalar","%","2.44125","80.0"
"EcosystemandCarbonCycle","BurnedArea","GFED4.1S","ED-C1-annual_p_hump","RMSE Score","MeanState","nhaf","score","1","0.469529","80.0"
"EcosystemandCarbonCycle","BurnedArea","GFED4.1S","ED-C1-annual_p_hump","RMSE","MeanState","shaf","scalar","%","2.31814","80.0"
"EcosystemandCarbonCycle","BurnedArea","GFED4.1S","ED-C1-annual_p_hump","RMSE Score","MeanState","shaf","score","1","0.489582","80.0"
"EcosystemandCarbonCycle","BurnedArea","GFED4.1S","ED-C1-annual_p_hump","RMSE","MeanState","boas","scalar","%","0.108482","80.0"
"EcosystemandCarbonCycle","BurnedArea","GFED4.1S","ED-C1-annual_p_hump","RMSE Score","MeanState","boas","score","1","0.670262","80.0"
"EcosystemandCarbonCycle","BurnedArea","GFED4.1S","ED-C1-annual_p_hump","RMSE","MeanState","ceas","scalar","%","0.360445","80.0"
"EcosystemandCarbonCycle","BurnedArea","GFED4.1S","ED-C1-annual_p_hump","RMSE Score","MeanState","ceas","score","1","0.607399","80.0"
"EcosystemandCarbonCycle","BurnedArea","GFED4.1S","ED-C1-annual_p_hump","RMSE","MeanState","seas","scalar","%","0.866011","80.0"
"EcosystemandCarbonCycle","BurnedArea","GFED4.1S","ED-C1-annual_p_hump","RMSE Score","MeanState","seas","score","1","0.40946","80.0"
"EcosystemandCarbonCycle","BurnedArea","GFED4.1S","ED-C1-annual_p_hump","RMSE","MeanState","eqas","scalar","%","0.208066","80.0"
"EcosystemandCarbonCycle","BurnedArea","GFED4.1S","ED-C1-annual_p_hump","RMSE Score","MeanState","eqas","score","1","0.574873","80.0"
"EcosystemandCarbonCycle","BurnedArea","GFED4.1S","ED-C1-annual_p_hump","RMSE","MeanState","aust","scalar","%","0.935918","80.0"
"EcosystemandCarbonCycle","BurnedArea","GFED4.1S","ED-C1-annual_p_hump","RMSE Score","MeanState","aust","score","1","0.659874","80.0"