[setup] targeted family=rain_ignition_shift model=ED-C2-rain_ignition_shift trials=1000
[baseline] 0.6103502735484728 {'overall': 0.6295495002593263, 'bias': 0.7070857028352947, 'rmse': 0.3790544420749578, 'seas': 0.8506061694600666, 'spatial': 0.7544105422753865} {'bona': {'overall': 0.6380885404837499, 'bias': 0.8266567561867596, 'rmse': 0.3211562360062949, 'seas': 0.7797091235325466, 'spatial': 0.7531961349838437}, 'tena': {'overall': 0.47889289658687106, 'bias': 0.6256589426778316, 'rmse': 0.2541252018733317, 'seas': 0.7283824372245481, 'spatial': 0.38540665319435186}, 'tropics': {'overall': 0.6277756025324356, 'bias': 0.7134731917453241, 'rmse': 0.395193788045546, 'seas': 0.875400942730105, 'spatial': 0.6739187128827683}, 'sh': {'overall': 0.498937513734702, 'bias': 0.6419405911472694, 'rmse': 0.28960875792486046, 'seas': 0.6009038105573065, 'spatial': 0.5296225737066459}}
/Users/adithyasrinivasan/Projects/creativity-docs/exp-workspaces/exp_04/hermes/base/scripts/search_targeted_mechanisms.py:82: ExperimentalWarning: Argument ``multivariate`` is an experimental feature. The interface can change in the future.
  sampler=optuna.samplers.TPESampler(seed=SEED,multivariate=True)
[I 2026-05-22 18:00:20,935] A new study created in memory with name: no-name-388634f3-ddd1-4664-a7e3-933972eb0aa7
[I 2026-05-22 18:00:21,268] Trial 0 finished with value: 0.6023892157766694 and parameters: {'rain_shift': 0.0, 'ign_k': 0.8146117322506592, 'rate_power': 1.0}. Best is trial 0 with value: 0.6023892157766694.
[I 2026-05-22 18:00:21,634] Trial 1 finished with value: 0.5736533115529906 and parameters: {'rain_shift': 2.2420617998962666, 'ign_k': 0.14740034757376155, 'rate_power': 1.2864166916877293}. Best is trial 0 with value: 0.6023892157766694.
[I 2026-05-22 18:00:21,992] Trial 2 finished with value: 0.5282080019391743 and parameters: {'rain_shift': 9.929373666331415, 'ign_k': 2.9391141559629843, 'rate_power': 1.0428853227825619}. Best is trial 0 with value: 0.6023892157766694.
[I 2026-05-22 18:00:22,361] Trial 3 finished with value: 0.5596800488752202 and parameters: {'rain_shift': 5.996069991854979, 'ign_k': 0.07984675794060518, 'rate_power': 1.18601423907922}. Best is trial 0 with value: 0.6023892157766694.
[I 2026-05-22 18:00:22,720] Trial 4 finished with value: 0.576378323215906 and parameters: {'rain_shift': 2.3186410511836906, 'ign_k': 2.891980277650163, 'rate_power': 1.0315792738167218}. Best is trial 0 with value: 0.6023892157766694.
[I 2026-05-22 18:00:23,087] Trial 5 finished with value: 0.5707370043717211 and parameters: {'rain_shift': 4.387682921901029, 'ign_k': 0.07139323477374723, 'rate_power': 0.9630177070659328}. Best is trial 0 with value: 0.6023892157766694.
[I 2026-05-22 18:00:23,449] Trial 6 finished with value: 0.5363275947600632 and parameters: {'rain_shift': 8.728442451106014, 'ign_k': 0.2692686030827091, 'rate_power': 1.145959147029285}. Best is trial 0 with value: 0.6023892157766694.
[I 2026-05-22 18:00:23,816] Trial 7 finished with value: 0.5803932516703463 and parameters: {'rain_shift': 2.183452972919725, 'ign_k': 1.769983579298736, 'rate_power': 1.0315701630748217}. Best is trial 0 with value: 0.6023892157766694.
[I 2026-05-22 18:00:24,183] Trial 8 finished with value: 0.5917144310749872 and parameters: {'rain_shift': 1.936829982363506, 'ign_k': 0.2929235927849602, 'rate_power': 1.1526448496400323}. Best is trial 0 with value: 0.6023892157766694.
[I 2026-05-22 18:00:24,540] Trial 9 finished with value: 0.5600300763696746 and parameters: {'rain_shift': 4.646210097566942, 'ign_k': 0.15942845968173824, 'rate_power': 1.2293250540941274}. Best is trial 0 with value: 0.6023892157766694.
[I 2026-05-22 18:00:24,901] Trial 10 finished with value: 0.5615387329112423 and parameters: {'rain_shift': 5.530965743434137, 'ign_k': 0.5697967022572828, 'rate_power': 0.8471189351474959}. Best is trial 0 with value: 0.6023892157766694.
[I 2026-05-22 18:00:25,260] Trial 11 finished with value: 0.5861897116887843 and parameters: {'rain_shift': 0.4445775036495456, 'ign_k': 0.20132451821669245, 'rate_power': 1.0770628846678332}. Best is trial 0 with value: 0.6023892157766694.
[I 2026-05-22 18:00:25,612] Trial 12 finished with value: 0.605303004327658 and parameters: {'rain_shift': 1.261758762702328, 'ign_k': 0.4216487439589186, 'rate_power': 0.8026103631974442}. Best is trial 12 with value: 0.605303004327658.
[I 2026-05-22 18:00:25,978] Trial 13 finished with value: 0.5972819416285248 and parameters: {'rain_shift': 0.7516941714580326, 'ign_k': 0.5655856211491116, 'rate_power': 0.7274401948895046}. Best is trial 12 with value: 0.605303004327658.
[I 2026-05-22 18:00:26,342] Trial 14 finished with value: 0.6089177082115899 and parameters: {'rain_shift': 1.4571292361379473, 'ign_k': 0.6572514957658351, 'rate_power': 0.9180822483938171}. Best is trial 14 with value: 0.6089177082115899.
[I 2026-05-22 18:00:26,699] Trial 15 finished with value: 0.5970416340147756 and parameters: {'rain_shift': 2.375933843997111, 'ign_k': 0.269179640068411, 'rate_power': 0.8293608135910493}. Best is trial 14 with value: 0.6089177082115899.
[I 2026-05-22 18:00:27,057] Trial 16 finished with value: 0.5678332941523923 and parameters: {'rain_shift': 0.11630399691661886, 'ign_k': 0.08068176458776048, 'rate_power': 0.8384552927291055}. Best is trial 14 with value: 0.6089177082115899.
[I 2026-05-22 18:00:27,414] Trial 17 finished with value: 0.5705985661890226 and parameters: {'rain_shift': 6.053917100642918, 'ign_k': 0.07430399557368805, 'rate_power': 0.7220818534391193}. Best is trial 14 with value: 0.6089177082115899.
[I 2026-05-22 18:00:27,779] Trial 18 finished with value: 0.5663358461247552 and parameters: {'rain_shift': 4.3388521651235115, 'ign_k': 0.34387107458494576, 'rate_power': 1.0304939387040293}. Best is trial 14 with value: 0.6089177082115899.
[I 2026-05-22 18:00:28,149] Trial 19 finished with value: 0.5815999257316287 and parameters: {'rain_shift': 2.9714427426451424, 'ign_k': 1.8401709966755726, 'rate_power': 0.7595552156106478}. Best is trial 14 with value: 0.6089177082115899.
[I 2026-05-22 18:00:28,502] Trial 20 finished with value: 0.5951569343300628 and parameters: {'rain_shift': 0.2112407414996027, 'ign_k': 1.9515074632150444, 'rate_power': 0.7868188082482165}. Best is trial 14 with value: 0.6089177082115899.
[I 2026-05-22 18:00:28,862] Trial 21 finished with value: 0.6054395549252057 and parameters: {'rain_shift': 0.11817720870834529, 'ign_k': 0.9213167214439014, 'rate_power': 1.0178789003109256}. Best is trial 14 with value: 0.6089177082115899.
[I 2026-05-22 18:00:29,222] Trial 22 finished with value: 0.6000634887693721 and parameters: {'rain_shift': 1.9831733615909555, 'ign_k': 0.3221910979595924, 'rate_power': 0.9198928940406403}. Best is trial 14 with value: 0.6089177082115899.
[I 2026-05-22 18:00:29,578] Trial 23 finished with value: 0.6079222377024748 and parameters: {'rain_shift': 1.430515486350113, 'ign_k': 0.7536343687204382, 'rate_power': 0.8807648850073246}. Best is trial 14 with value: 0.6089177082115899.
[I 2026-05-22 18:00:29,930] Trial 24 finished with value: 0.5614081735635477 and parameters: {'rain_shift': 4.2188189945143435, 'ign_k': 0.8730232542788149, 'rate_power': 0.9466902449334037}. Best is trial 14 with value: 0.6089177082115899.
[I 2026-05-22 18:00:30,290] Trial 25 finished with value: 0.6024406850311961 and parameters: {'rain_shift': 0.810027532401458, 'ign_k': 1.4852129568795505, 'rate_power': 1.192694559494784}. Best is trial 14 with value: 0.6089177082115899.
[I 2026-05-22 18:00:30,648] Trial 26 finished with value: 0.6054078292182739 and parameters: {'rain_shift': 0.9584093020865163, 'ign_k': 1.0386744776163084, 'rate_power': 0.8778961306257802}. Best is trial 14 with value: 0.6089177082115899.
[I 2026-05-22 18:00:31,009] Trial 27 finished with value: 0.5883717037504993 and parameters: {'rain_shift': 2.1114316553415815, 'ign_k': 0.7649638180577426, 'rate_power': 1.0474212092137347}. Best is trial 14 with value: 0.6089177082115899.
[I 2026-05-22 18:00:31,368] Trial 28 finished with value: 0.5893222674358918 and parameters: {'rain_shift': 2.4327588421653177, 'ign_k': 0.7096639437275057, 'rate_power': 0.9348981245592635}. Best is trial 14 with value: 0.6089177082115899.
[I 2026-05-22 18:00:31,726] Trial 29 finished with value: 0.6084020829339605 and parameters: {'rain_shift': 1.124396157038222, 'ign_k': 0.6730819593905104, 'rate_power': 1.015973920118625}. Best is trial 14 with value: 0.6089177082115899.
[I 2026-05-22 18:00:32,085] Trial 30 finished with value: 0.5987459745862254 and parameters: {'rain_shift': 0.11155336097998014, 'ign_k': 0.5510386302016269, 'rate_power': 0.9681184723517022}. Best is trial 14 with value: 0.6089177082115899.
[I 2026-05-22 18:00:32,451] Trial 31 finished with value: 0.6058176053674831 and parameters: {'rain_shift': 0.714924113016724, 'ign_k': 1.3459893281867787, 'rate_power': 1.010834933236157}. Best is trial 14 with value: 0.6089177082115899.
[I 2026-05-22 18:00:32,810] Trial 32 finished with value: 0.5417903840879135 and parameters: {'rain_shift': 9.144477186314008, 'ign_k': 1.0386088143779633, 'rate_power': 0.8373186071344346}. Best is trial 14 with value: 0.6089177082115899.
[I 2026-05-22 18:00:33,165] Trial 33 finished with value: 0.6046998820129408 and parameters: {'rain_shift': 1.3240747168479474, 'ign_k': 0.856525694627419, 'rate_power': 0.9838651119451747}. Best is trial 14 with value: 0.6089177082115899.
[I 2026-05-22 18:00:33,516] Trial 34 finished with value: 0.5490337581132589 and parameters: {'rain_shift': 4.148723442769973, 'ign_k': 1.496177234678034, 'rate_power': 1.250853373315041}. Best is trial 14 with value: 0.6089177082115899.
[I 2026-05-22 18:00:33,870] Trial 35 finished with value: 0.5678307286810204 and parameters: {'rain_shift': 0.4508852456862593, 'ign_k': 0.055849441732476156, 'rate_power': 1.1841038074535808}. Best is trial 14 with value: 0.6089177082115899.
[I 2026-05-22 18:00:34,223] Trial 36 finished with value: 0.6032610517351004 and parameters: {'rain_shift': 0.8790314731796733, 'ign_k': 1.8348094780506425, 'rate_power': 0.9260349439440363}. Best is trial 14 with value: 0.6089177082115899.
[I 2026-05-22 18:00:34,577] Trial 37 finished with value: 0.5984186856577435 and parameters: {'rain_shift': 2.3008050582054467, 'ign_k': 0.5802085282018953, 'rate_power': 0.8816470787045695}. Best is trial 14 with value: 0.6089177082115899.
[I 2026-05-22 18:00:34,928] Trial 38 finished with value: 0.6020005887885691 and parameters: {'rain_shift': 0.003610686996688317, 'ign_k': 2.708226039943374, 'rate_power': 1.0141997945703711}. Best is trial 14 with value: 0.6089177082115899.
[I 2026-05-22 18:00:35,286] Trial 39 finished with value: 0.5817266675910364 and parameters: {'rain_shift': 2.2758265768887083, 'ign_k': 0.8633279248246355, 'rate_power': 1.0813517514363506}. Best is trial 14 with value: 0.6089177082115899.
[I 2026-05-22 18:00:35,651] Trial 40 finished with value: 0.5705958807936315 and parameters: {'rain_shift': 9.577673578775487, 'ign_k': 0.09623923709744361, 'rate_power': 0.7297966672290488}. Best is trial 14 with value: 0.6089177082115899.
[I 2026-05-22 18:00:36,016] Trial 41 finished with value: 0.6079006605292608 and parameters: {'rain_shift': 0.28873253848855396, 'ign_k': 1.0905600867202454, 'rate_power': 1.0809146455602394}. Best is trial 14 with value: 0.6089177082115899.
[I 2026-05-22 18:00:36,379] Trial 42 finished with value: 0.6067672227987368 and parameters: {'rain_shift': 0.29942524729996356, 'ign_k': 0.5079883759196636, 'rate_power': 1.1785855958372946}. Best is trial 14 with value: 0.6089177082115899.
[I 2026-05-22 18:00:36,736] Trial 43 finished with value: 0.6079652386953603 and parameters: {'rain_shift': 0.4600348267209971, 'ign_k': 0.6129573404577935, 'rate_power': 1.242579391917253}. Best is trial 14 with value: 0.6089177082115899.
[I 2026-05-22 18:00:37,096] Trial 44 finished with value: 0.5946697356400968 and parameters: {'rain_shift': 1.331104549973162, 'ign_k': 0.3425832583199709, 'rate_power': 1.2750442788065484}. Best is trial 14 with value: 0.6089177082115899.
[I 2026-05-22 18:00:37,460] Trial 45 finished with value: 0.6076246798018017 and parameters: {'rain_shift': 0.24637252221695488, 'ign_k': 0.6098158566176061, 'rate_power': 1.2772741463266717}. Best is trial 14 with value: 0.6089177082115899.
[I 2026-05-22 18:00:37,818] Trial 46 finished with value: 0.6066986673268405 and parameters: {'rain_shift': 0.12558784078408633, 'ign_k': 0.9535653118661757, 'rate_power': 1.066859097222678}. Best is trial 14 with value: 0.6089177082115899.
[I 2026-05-22 18:00:38,177] Trial 47 finished with value: 0.604987387779706 and parameters: {'rain_shift': 1.0170327708417553, 'ign_k': 0.38485326575366907, 'rate_power': 0.9919983119823758}. Best is trial 14 with value: 0.6089177082115899.
[I 2026-05-22 18:00:38,550] Trial 48 finished with value: 0.6069953509071576 and parameters: {'rain_shift': 0.08600314666491296, 'ign_k': 0.6461848581784878, 'rate_power': 1.1458449857778517}. Best is trial 14 with value: 0.6089177082115899.
[I 2026-05-22 18:00:38,902] Trial 49 finished with value: 0.5379691353060679 and parameters: {'rain_shift': 6.639478862281155, 'ign_k': 1.364290385969382, 'rate_power': 1.110739296945427}. Best is trial 14 with value: 0.6089177082115899.
[I 2026-05-22 18:00:39,268] Trial 50 finished with value: 0.5892681751785457 and parameters: {'rain_shift': 1.9649888993407116, 'ign_k': 0.5242038030515034, 'rate_power': 1.1896308864527945}. Best is trial 14 with value: 0.6089177082115899.
[I 2026-05-22 18:00:39,621] Trial 51 finished with value: 0.5611828964435521 and parameters: {'rain_shift': 7.0732080100252865, 'ign_k': 0.15415351342603956, 'rate_power': 0.9508216205477051}. Best is trial 14 with value: 0.6089177082115899.
[I 2026-05-22 18:00:39,980] Trial 52 finished with value: 0.604524005084591 and parameters: {'rain_shift': 0.8074424888183502, 'ign_k': 0.532536527055656, 'rate_power': 1.2953645314818596}. Best is trial 14 with value: 0.6089177082115899.
[I 2026-05-22 18:00:40,342] Trial 53 finished with value: 0.6077020523198632 and parameters: {'rain_shift': 0.23204188832634828, 'ign_k': 1.052045878807847, 'rate_power': 1.2252190487175152}. Best is trial 14 with value: 0.6089177082115899.
[I 2026-05-22 18:00:40,699] Trial 54 finished with value: 0.6059658845931404 and parameters: {'rain_shift': 0.021719137505916475, 'ign_k': 1.7498520380234546, 'rate_power': 1.1872579616811436}. Best is trial 14 with value: 0.6089177082115899.
[I 2026-05-22 18:00:41,063] Trial 55 finished with value: 0.5360603379684131 and parameters: {'rain_shift': 9.650417910063794, 'ign_k': 0.45240192960080233, 'rate_power': 1.0222209376442062}. Best is trial 14 with value: 0.6089177082115899.
[I 2026-05-22 18:00:41,417] Trial 56 finished with value: 0.5576456868999821 and parameters: {'rain_shift': 7.978560736254483, 'ign_k': 0.060002962921418705, 'rate_power': 1.148724971336425}. Best is trial 14 with value: 0.6089177082115899.
[I 2026-05-22 18:00:41,781] Trial 57 finished with value: 0.5858850004686504 and parameters: {'rain_shift': 0.007969098156045629, 'ign_k': 0.4970407467489143, 'rate_power': 0.8577162703776969}. Best is trial 14 with value: 0.6089177082115899.
[I 2026-05-22 18:00:42,140] Trial 58 finished with value: 0.5849301422091884 and parameters: {'rain_shift': 1.8382991425760993, 'ign_k': 1.2332296146860304, 'rate_power': 1.1484618030558265}. Best is trial 14 with value: 0.6089177082115899.
[I 2026-05-22 18:00:42,502] Trial 59 finished with value: 0.6036214023967502 and parameters: {'rain_shift': 0.2825880610239823, 'ign_k': 2.640198654369555, 'rate_power': 1.2860671182463503}. Best is trial 14 with value: 0.6089177082115899.
[I 2026-05-22 18:00:42,867] Trial 60 finished with value: 0.6069096317306796 and parameters: {'rain_shift': 0.2818215527040837, 'ign_k': 0.9146061980457367, 'rate_power': 1.2770869305697259}. Best is trial 14 with value: 0.6089177082115899.
[I 2026-05-22 18:00:43,221] Trial 61 finished with value: 0.5932362537951034 and parameters: {'rain_shift': 1.3619592474858904, 'ign_k': 0.9499747474916956, 'rate_power': 1.2445827896934327}. Best is trial 14 with value: 0.6089177082115899.
[I 2026-05-22 18:00:43,577] Trial 62 finished with value: 0.5296532124675295 and parameters: {'rain_shift': 7.8507578561835, 'ign_k': 1.3196792167991647, 'rate_power': 1.2926005320641667}. Best is trial 14 with value: 0.6089177082115899.
[I 2026-05-22 18:00:43,934] Trial 63 finished with value: 0.6084572677081397 and parameters: {'rain_shift': 0.33926914659969143, 'ign_k': 0.6577129725986638, 'rate_power': 1.224756304507539}. Best is trial 14 with value: 0.6089177082115899.
[I 2026-05-22 18:00:44,290] Trial 64 finished with value: 0.6069162332200541 and parameters: {'rain_shift': 0.045037063374523234, 'ign_k': 1.1334171469312804, 'rate_power': 1.1404213627165358}. Best is trial 14 with value: 0.6089177082115899.
[I 2026-05-22 18:00:44,645] Trial 65 finished with value: 0.5983672589282683 and parameters: {'rain_shift': 2.0608377485639178, 'ign_k': 0.8872946891639218, 'rate_power': 0.8401446827332337}. Best is trial 14 with value: 0.6089177082115899.
[I 2026-05-22 18:00:45,002] Trial 66 finished with value: 0.6078941838104092 and parameters: {'rain_shift': 0.4088126422637277, 'ign_k': 0.7563112999615983, 'rate_power': 1.2179624367174278}. Best is trial 14 with value: 0.6089177082115899.
[I 2026-05-22 18:00:45,360] Trial 67 finished with value: 0.6041583210641421 and parameters: {'rain_shift': 0.2671367359046152, 'ign_k': 0.48480456003028616, 'rate_power': 1.0746756867996492}. Best is trial 14 with value: 0.6089177082115899.
[I 2026-05-22 18:00:45,718] Trial 68 finished with value: 0.5717741182462435 and parameters: {'rain_shift': 3.0971828347468087, 'ign_k': 0.4885492937084147, 'rate_power': 1.1598307876704932}. Best is trial 14 with value: 0.6089177082115899.
[I 2026-05-22 18:00:46,085] Trial 69 finished with value: 0.5352417021443739 and parameters: {'rain_shift': 8.255324423430189, 'ign_k': 0.14475257498190583, 'rate_power': 1.2876149914378678}. Best is trial 14 with value: 0.6089177082115899.
[I 2026-05-22 18:00:46,439] Trial 70 finished with value: 0.5854117443241387 and parameters: {'rain_shift': 3.580199094093526, 'ign_k': 0.7005544344683103, 'rate_power': 0.7250195598820122}. Best is trial 14 with value: 0.6089177082115899.
[I 2026-05-22 18:00:46,803] Trial 71 finished with value: 0.6057398995638855 and parameters: {'rain_shift': 0.6184667665665107, 'ign_k': 0.9974767962987652, 'rate_power': 1.1960472723258664}. Best is trial 14 with value: 0.6089177082115899.
[I 2026-05-22 18:00:47,168] Trial 72 finished with value: 0.594101303460938 and parameters: {'rain_shift': 1.4242790765146753, 'ign_k': 0.721890788380128, 'rate_power': 1.2440797164296378}. Best is trial 14 with value: 0.6089177082115899.
[I 2026-05-22 18:00:47,540] Trial 73 finished with value: 0.5937688514472192 and parameters: {'rain_shift': 0.24309604935938037, 'ign_k': 0.29817667423708977, 'rate_power': 1.252603302409185}. Best is trial 14 with value: 0.6089177082115899.
[I 2026-05-22 18:00:47,898] Trial 74 finished with value: 0.6035446498506797 and parameters: {'rain_shift': 0.9304490886031827, 'ign_k': 0.7748738461054858, 'rate_power': 1.1933132480658617}. Best is trial 14 with value: 0.6089177082115899.
[I 2026-05-22 18:00:48,254] Trial 75 finished with value: 0.6030878453060381 and parameters: {'rain_shift': 1.68096388631762, 'ign_k': 0.7156935045859307, 'rate_power': 0.9482689279573779}. Best is trial 14 with value: 0.6089177082115899.
[I 2026-05-22 18:00:48,621] Trial 76 finished with value: 0.6052253903534316 and parameters: {'rain_shift': 0.5021288699304085, 'ign_k': 1.1120385887037092, 'rate_power': 1.2516751683383023}. Best is trial 14 with value: 0.6089177082115899.
[I 2026-05-22 18:00:48,987] Trial 77 finished with value: 0.5940625491891056 and parameters: {'rain_shift': 2.06660482757251, 'ign_k': 0.6306014524004379, 'rate_power': 1.0181715134002989}. Best is trial 14 with value: 0.6089177082115899.
[I 2026-05-22 18:00:49,340] Trial 78 finished with value: 0.6032284427979985 and parameters: {'rain_shift': 0.2266844442402408, 'ign_k': 0.4326306424472633, 'rate_power': 1.214352080679029}. Best is trial 14 with value: 0.6089177082115899.
[I 2026-05-22 18:00:49,700] Trial 79 finished with value: 0.5718351063551671 and parameters: {'rain_shift': 3.2037508889456356, 'ign_k': 1.062987159729695, 'rate_power': 0.9435704680555412}. Best is trial 14 with value: 0.6089177082115899.
[I 2026-05-22 18:00:50,063] Trial 80 finished with value: 0.6080820022325046 and parameters: {'rain_shift': 0.24007975897307743, 'ign_k': 0.8260399511075147, 'rate_power': 1.1692315121658952}. Best is trial 14 with value: 0.6089177082115899.
[I 2026-05-22 18:00:50,428] Trial 81 finished with value: 0.6069727794680487 and parameters: {'rain_shift': 0.07184280176380117, 'ign_k': 0.6048663875286034, 'rate_power': 1.2258957360093505}. Best is trial 14 with value: 0.6089177082115899.
[I 2026-05-22 18:00:50,794] Trial 82 finished with value: 0.606893902529621 and parameters: {'rain_shift': 0.8616970215612093, 'ign_k': 0.7735292751153535, 'rate_power': 1.1231832117301064}. Best is trial 14 with value: 0.6089177082115899.
[I 2026-05-22 18:00:51,162] Trial 83 finished with value: 0.5611061279706687 and parameters: {'rain_shift': 3.0005898330651686, 'ign_k': 1.1295235429680979, 'rate_power': 1.282853783769641}. Best is trial 14 with value: 0.6089177082115899.
[I 2026-05-22 18:00:51,524] Trial 84 finished with value: 0.5923255965988341 and parameters: {'rain_shift': 1.5813633462430525, 'ign_k': 1.1699867241849573, 'rate_power': 1.116514451297768}. Best is trial 14 with value: 0.6089177082115899.
[I 2026-05-22 18:00:51,881] Trial 85 finished with value: 0.6074864533141192 and parameters: {'rain_shift': 0.8794516236872421, 'ign_k': 0.8055016546370449, 'rate_power': 0.8684219883205296}. Best is trial 14 with value: 0.6089177082115899.
[I 2026-05-22 18:00:52,242] Trial 86 finished with value: 0.6080353627745331 and parameters: {'rain_shift': 0.8822638104826834, 'ign_k': 0.6804395554762523, 'rate_power': 1.1277820072659273}. Best is trial 14 with value: 0.6089177082115899.
[I 2026-05-22 18:00:52,605] Trial 87 finished with value: 0.5834115618999918 and parameters: {'rain_shift': 2.3770097582625676, 'ign_k': 0.6087828369681593, 'rate_power': 1.1154165271323944}. Best is trial 14 with value: 0.6089177082115899.
[I 2026-05-22 18:00:52,970] Trial 88 finished with value: 0.6063434452515413 and parameters: {'rain_shift': 0.6307161666034253, 'ign_k': 1.1757589993656719, 'rate_power': 0.9747102173155137}. Best is trial 14 with value: 0.6089177082115899.
[I 2026-05-22 18:00:53,332] Trial 89 finished with value: 0.6047940874178954 and parameters: {'rain_shift': 0.8783647875595962, 'ign_k': 0.39735211996899844, 'rate_power': 1.1276162173497093}. Best is trial 14 with value: 0.6089177082115899.
[I 2026-05-22 18:00:53,693] Trial 90 finished with value: 0.5943875543073102 and parameters: {'rain_shift': 2.262483619819883, 'ign_k': 0.2815445936323321, 'rate_power': 1.0012847624274053}. Best is trial 14 with value: 0.6089177082115899.
[I 2026-05-22 18:00:54,059] Trial 91 finished with value: 0.6059657811541727 and parameters: {'rain_shift': 0.5892341028849767, 'ign_k': 0.95070582444259, 'rate_power': 1.1981223864012256}. Best is trial 14 with value: 0.6089177082115899.
[I 2026-05-22 18:00:54,421] Trial 92 finished with value: 0.6085044887834611 and parameters: {'rain_shift': 0.39345986408535194, 'ign_k': 0.9644761501027119, 'rate_power': 1.1065227348877693}. Best is trial 14 with value: 0.6089177082115899.
[I 2026-05-22 18:00:54,793] Trial 93 finished with value: 0.6086663415364734 and parameters: {'rain_shift': 0.3692678741241869, 'ign_k': 0.6775403586737386, 'rate_power': 1.106129479213065}. Best is trial 14 with value: 0.6089177082115899.
[I 2026-05-22 18:00:55,154] Trial 94 finished with value: 0.6076251808643659 and parameters: {'rain_shift': 0.5641213565336282, 'ign_k': 1.0563082066824705, 'rate_power': 1.0964449066887632}. Best is trial 14 with value: 0.6089177082115899.
[I 2026-05-22 18:00:55,515] Trial 95 finished with value: 0.6037142106070008 and parameters: {'rain_shift': 0.028656565563006553, 'ign_k': 0.7278299725839229, 'rate_power': 1.0272561055441303}. Best is trial 14 with value: 0.6089177082115899.
[I 2026-05-22 18:00:55,871] Trial 96 finished with value: 0.6049703716696201 and parameters: {'rain_shift': 0.2061131255308416, 'ign_k': 0.5239513529669817, 'rate_power': 1.0895999994068297}. Best is trial 14 with value: 0.6089177082115899.
[I 2026-05-22 18:00:56,228] Trial 97 finished with value: 0.5983876021380587 and parameters: {'rain_shift': 1.5313661164334653, 'ign_k': 0.8053657654476591, 'rate_power': 1.0777023104344357}. Best is trial 14 with value: 0.6089177082115899.
[I 2026-05-22 18:00:56,587] Trial 98 finished with value: 0.5901194521254984 and parameters: {'rain_shift': 1.6189160770884459, 'ign_k': 1.935198878414799, 'rate_power': 1.0788288967929331}. Best is trial 14 with value: 0.6089177082115899.
[I 2026-05-22 18:00:56,960] Trial 99 finished with value: 0.5848937421901652 and parameters: {'rain_shift': 3.8355241398067355, 'ign_k': 0.21259383823674377, 'rate_power': 0.8700543797029908}. Best is trial 14 with value: 0.6089177082115899.
[I 2026-05-22 18:00:57,319] Trial 100 finished with value: 0.607234206352928 and parameters: {'rain_shift': 0.1465962369855019, 'ign_k': 1.0791358456895788, 'rate_power': 1.0896821612701233}. Best is trial 14 with value: 0.6089177082115899.
[I 2026-05-22 18:00:57,681] Trial 101 finished with value: 0.6052139938807181 and parameters: {'rain_shift': 0.08451476473060626, 'ign_k': 0.5467836162974691, 'rate_power': 1.1681180724341316}. Best is trial 14 with value: 0.6089177082115899.
[I 2026-05-22 18:00:58,042] Trial 102 finished with value: 0.5900787322767406 and parameters: {'rain_shift': 1.9911145098488234, 'ign_k': 0.5251272844438637, 'rate_power': 1.1642618862668286}. Best is trial 14 with value: 0.6089177082115899.
[I 2026-05-22 18:00:58,393] Trial 103 finished with value: 0.6067676118480493 and parameters: {'rain_shift': 1.2671507739394607, 'ign_k': 0.4013085185943833, 'rate_power': 0.9229552691218402}. Best is trial 14 with value: 0.6089177082115899.
[I 2026-05-22 18:00:58,758] Trial 104 finished with value: 0.5522952274139757 and parameters: {'rain_shift': 9.563311480123945, 'ign_k': 0.2883411483876128, 'rate_power': 0.8314917059356797}. Best is trial 14 with value: 0.6089177082115899.
[I 2026-05-22 18:00:59,114] Trial 105 finished with value: 0.6073738861245668 and parameters: {'rain_shift': 0.15216372158779623, 'ign_k': 0.61831997394278, 'rate_power': 1.1510882920366672}. Best is trial 14 with value: 0.6089177082115899.
[I 2026-05-22 18:00:59,470] Trial 106 finished with value: 0.5490382163946119 and parameters: {'rain_shift': 4.637729356189563, 'ign_k': 2.8951675415422957, 'rate_power': 1.0637075671498826}. Best is trial 14 with value: 0.6089177082115899.
[I 2026-05-22 18:00:59,832] Trial 107 finished with value: 0.5727702988484301 and parameters: {'rain_shift': 3.9091904317404644, 'ign_k': 0.1348425581143509, 'rate_power': 1.0940755166764642}. Best is trial 14 with value: 0.6089177082115899.
[I 2026-05-22 18:01:00,194] Trial 108 finished with value: 0.583794687180853 and parameters: {'rain_shift': 2.20397784935874, 'ign_k': 1.057517166431528, 'rate_power': 1.025622787345763}. Best is trial 14 with value: 0.6089177082115899.
[I 2026-05-22 18:01:00,555] Trial 109 finished with value: 0.6063494193622038 and parameters: {'rain_shift': 0.09580981835263519, 'ign_k': 0.9031891202202145, 'rate_power': 1.0758131489128757}. Best is trial 14 with value: 0.6089177082115899.
[I 2026-05-22 18:01:00,913] Trial 110 finished with value: 0.5884336141571574 and parameters: {'rain_shift': 2.2250181736096115, 'ign_k': 1.540015779293491, 'rate_power': 0.8542524794688768}. Best is trial 14 with value: 0.6089177082115899.
[I 2026-05-22 18:01:01,275] Trial 111 finished with value: 0.6046945256546594 and parameters: {'rain_shift': 0.6758876627273525, 'ign_k': 1.2866957046937506, 'rate_power': 1.1714520242018562}. Best is trial 14 with value: 0.6089177082115899.
[I 2026-05-22 18:01:01,636] Trial 112 finished with value: 0.6071872239173883 and parameters: {'rain_shift': 0.1596633300302187, 'ign_k': 0.9697350406549824, 'rate_power': 1.2647064889509856}. Best is trial 14 with value: 0.6089177082115899.
[I 2026-05-22 18:01:01,989] Trial 113 finished with value: 0.5977715660561558 and parameters: {'rain_shift': 1.5529082541334254, 'ign_k': 0.5138315793116864, 'rate_power': 1.172955212162068}. Best is trial 14 with value: 0.6089177082115899.
[I 2026-05-22 18:01:02,339] Trial 114 finished with value: 0.6060453419155878 and parameters: {'rain_shift': 0.22749897913321582, 'ign_k': 1.8600103500097775, 'rate_power': 1.117584016400738}. Best is trial 14 with value: 0.6089177082115899.
[I 2026-05-22 18:01:02,703] Trial 115 finished with value: 0.576473631417324 and parameters: {'rain_shift': 2.198875598422005, 'ign_k': 0.7136977820265745, 'rate_power': 1.298204869951391}. Best is trial 14 with value: 0.6089177082115899.
[I 2026-05-22 18:01:03,058] Trial 116 finished with value: 0.608647990515268 and parameters: {'rain_shift': 0.2584239041676686, 'ign_k': 0.6436192877501686, 'rate_power': 1.201763319893307}. Best is trial 14 with value: 0.6089177082115899.
[I 2026-05-22 18:01:03,410] Trial 117 finished with value: 0.5955570087095376 and parameters: {'rain_shift': 0.3065609880426768, 'ign_k': 0.3147544034343315, 'rate_power': 1.1835815597907537}. Best is trial 14 with value: 0.6089177082115899.
[I 2026-05-22 18:01:03,771] Trial 118 finished with value: 0.6079681940866384 and parameters: {'rain_shift': 0.18945255560494662, 'ign_k': 0.770120467535412, 'rate_power': 1.185111739536052}. Best is trial 14 with value: 0.6089177082115899.
[I 2026-05-22 18:01:04,135] Trial 119 finished with value: 0.6090971077739614 and parameters: {'rain_shift': 0.5143699851564221, 'ign_k': 0.7004314129777285, 'rate_power': 1.138394319734025}. Best is trial 119 with value: 0.6090971077739614.
[I 2026-05-22 18:01:04,497] Trial 120 finished with value: 0.598111995254065 and parameters: {'rain_shift': 1.8846272758926506, 'ign_k': 0.4205006772475934, 'rate_power': 1.0757731732200242}. Best is trial 119 with value: 0.6090971077739614.
[I 2026-05-22 18:01:04,859] Trial 121 finished with value: 0.6081854631032313 and parameters: {'rain_shift': 0.5092940855648934, 'ign_k': 1.0210188702359888, 'rate_power': 1.1145298948297064}. Best is trial 119 with value: 0.6090971077739614.
[I 2026-05-22 18:01:05,220] Trial 122 finished with value: 0.6086560640075589 and parameters: {'rain_shift': 0.3801084605900734, 'ign_k': 0.6346508937128582, 'rate_power': 1.14514085734488}. Best is trial 119 with value: 0.6090971077739614.
[I 2026-05-22 18:01:05,583] Trial 123 finished with value: 0.6025257977706232 and parameters: {'rain_shift': 1.344023513443824, 'ign_k': 0.602467579528194, 'rate_power': 1.126992033305519}. Best is trial 119 with value: 0.6090971077739614.
[I 2026-05-22 18:01:05,946] Trial 124 finished with value: 0.6079410762997408 and parameters: {'rain_shift': 0.20842335659030445, 'ign_k': 0.7722937322087934, 'rate_power': 1.1590911484941828}. Best is trial 119 with value: 0.6090971077739614.
[I 2026-05-22 18:01:06,312] Trial 125 finished with value: 0.6000976667061805 and parameters: {'rain_shift': 0.220375813046568, 'ign_k': 0.3956262066740838, 'rate_power': 1.13660741342203}. Best is trial 119 with value: 0.6090971077739614.
[I 2026-05-22 18:01:06,675] Trial 126 finished with value: 0.6068650971889615 and parameters: {'rain_shift': 0.02621208810689013, 'ign_k': 0.7649738226781783, 'rate_power': 1.1440453570632376}. Best is trial 119 with value: 0.6090971077739614.
[I 2026-05-22 18:01:07,035] Trial 127 finished with value: 0.5900297778000755 and parameters: {'rain_shift': 1.851145795775729, 'ign_k': 0.45649312879856163, 'rate_power': 1.2292596339344537}. Best is trial 119 with value: 0.6090971077739614.
[I 2026-05-22 18:01:07,390] Trial 128 finished with value: 0.5641305603408409 and parameters: {'rain_shift': 3.025720851972318, 'ign_k': 0.058104050393675354, 'rate_power': 0.7034983562382489}. Best is trial 119 with value: 0.6090971077739614.
[I 2026-05-22 18:01:07,742] Trial 129 finished with value: 0.5967911838114721 and parameters: {'rain_shift': 1.3784979046251984, 'ign_k': 0.8993014514466255, 'rate_power': 1.1649567944759252}. Best is trial 119 with value: 0.6090971077739614.
[I 2026-05-22 18:01:08,093] Trial 130 finished with value: 0.6076704219991476 and parameters: {'rain_shift': 0.07793747959096675, 'ign_k': 0.7252393243301531, 'rate_power': 1.2130978193444826}. Best is trial 119 with value: 0.6090971077739614.
[I 2026-05-22 18:01:08,445] Trial 131 finished with value: 0.601804739378288 and parameters: {'rain_shift': 1.209174566429872, 'ign_k': 0.7802399498800902, 'rate_power': 1.1336950414169524}. Best is trial 119 with value: 0.6090971077739614.
[I 2026-05-22 18:01:08,807] Trial 132 finished with value: 0.6065956495339206 and parameters: {'rain_shift': 0.02660772458611932, 'ign_k': 1.2103746794349348, 'rate_power': 1.1485267858656962}. Best is trial 119 with value: 0.6090971077739614.
[I 2026-05-22 18:01:09,168] Trial 133 finished with value: 0.6092064541256602 and parameters: {'rain_shift': 0.6475821939869066, 'ign_k': 0.6132066867355079, 'rate_power': 1.1051462988330667}. Best is trial 133 with value: 0.6092064541256602.
[I 2026-05-22 18:01:09,520] Trial 134 finished with value: 0.6066440048835394 and parameters: {'rain_shift': 0.9906457649277343, 'ign_k': 0.4133965883612284, 'rate_power': 1.025489341520794}. Best is trial 133 with value: 0.6092064541256602.
[I 2026-05-22 18:01:09,882] Trial 135 finished with value: 0.6047369269271141 and parameters: {'rain_shift': 0.13985944971872918, 'ign_k': 0.5636067451446786, 'rate_power': 1.0826506119344386}. Best is trial 133 with value: 0.6092064541256602.
[I 2026-05-22 18:01:10,243] Trial 136 finished with value: 0.5443389876182986 and parameters: {'rain_shift': 7.149134037726573, 'ign_k': 1.9572777158925092, 'rate_power': 0.8485946078373567}. Best is trial 133 with value: 0.6092064541256602.
[I 2026-05-22 18:01:10,609] Trial 137 finished with value: 0.5785717426574567 and parameters: {'rain_shift': 2.2337236694955145, 'ign_k': 0.861464695144761, 'rate_power': 1.170425541803459}. Best is trial 133 with value: 0.6092064541256602.
[I 2026-05-22 18:01:10,959] Trial 138 finished with value: 0.6066128011446144 and parameters: {'rain_shift': 0.03968412145968292, 'ign_k': 0.6605575848064106, 'rate_power': 1.1509028508221575}. Best is trial 133 with value: 0.6092064541256602.
[I 2026-05-22 18:01:11,318] Trial 139 finished with value: 0.5999226124996201 and parameters: {'rain_shift': 1.4741646271642321, 'ign_k': 0.7750719297858476, 'rate_power': 1.0781152693354306}. Best is trial 133 with value: 0.6092064541256602.
[I 2026-05-22 18:01:11,681] Trial 140 finished with value: 0.5970185550417854 and parameters: {'rain_shift': 1.4741483555440715, 'ign_k': 0.475030734363211, 'rate_power': 1.2183594556489459}. Best is trial 133 with value: 0.6092064541256602.
[I 2026-05-22 18:01:12,040] Trial 141 finished with value: 0.5991650704179845 and parameters: {'rain_shift': 0.07283285180688448, 'ign_k': 0.4233668626616877, 'rate_power': 1.1289232817680455}. Best is trial 133 with value: 0.6092064541256602.
[I 2026-05-22 18:01:12,392] Trial 142 finished with value: 0.6060320030881641 and parameters: {'rain_shift': 0.10990535824292347, 'ign_k': 0.6001484018645579, 'rate_power': 1.120047270115704}. Best is trial 133 with value: 0.6092064541256602.
[I 2026-05-22 18:01:12,748] Trial 143 finished with value: 0.5653216647147068 and parameters: {'rain_shift': 9.341149450713017, 'ign_k': 0.08142743397910364, 'rate_power': 0.8890655533645551}. Best is trial 133 with value: 0.6092064541256602.
[I 2026-05-22 18:01:13,101] Trial 144 finished with value: 0.5998151101080342 and parameters: {'rain_shift': 1.2844480558009894, 'ign_k': 0.9380648251977499, 'rate_power': 1.123298071015172}. Best is trial 133 with value: 0.6092064541256602.
[I 2026-05-22 18:01:13,456] Trial 145 finished with value: 0.6069338967029301 and parameters: {'rain_shift': 0.4514863965798721, 'ign_k': 0.4907005001874499, 'rate_power': 1.2165985520215683}. Best is trial 133 with value: 0.6092064541256602.
[I 2026-05-22 18:01:13,817] Trial 146 finished with value: 0.6080765663848898 and parameters: {'rain_shift': 0.2563655755142735, 'ign_k': 0.810286304280722, 'rate_power': 1.1797530753753431}. Best is trial 133 with value: 0.6092064541256602.
[I 2026-05-22 18:01:14,189] Trial 147 finished with value: 0.5726371805455321 and parameters: {'rain_shift': 6.532550258441778, 'ign_k': 0.18548094163079998, 'rate_power': 0.7817819098428191}. Best is trial 133 with value: 0.6092064541256602.
[I 2026-05-22 18:01:14,544] Trial 148 finished with value: 0.5906466835975738 and parameters: {'rain_shift': 1.443693379871212, 'ign_k': 1.4137581202945588, 'rate_power': 1.1985387470936024}. Best is trial 133 with value: 0.6092064541256602.
[I 2026-05-22 18:01:14,916] Trial 149 finished with value: 0.6025105575330435 and parameters: {'rain_shift': 0.0014782448635976553, 'ign_k': 0.47566988524582127, 'rate_power': 1.245513036493511}. Best is trial 133 with value: 0.6092064541256602.
[I 2026-05-22 18:01:15,283] Trial 150 finished with value: 0.6052009713817414 and parameters: {'rain_shift': 0.0875523674438966, 'ign_k': 0.8033482576138539, 'rate_power': 1.0394549639641317}. Best is trial 133 with value: 0.6092064541256602.
[I 2026-05-22 18:01:15,643] Trial 151 finished with value: 0.59905944385078 and parameters: {'rain_shift': 1.1339998838164174, 'ign_k': 1.0208466156223728, 'rate_power': 1.180231556397842}. Best is trial 133 with value: 0.6092064541256602.
[I 2026-05-22 18:01:16,000] Trial 152 finished with value: 0.6078072019850962 and parameters: {'rain_shift': 0.168737421393296, 'ign_k': 0.9079760492816523, 'rate_power': 1.150975348583795}. Best is trial 133 with value: 0.6092064541256602.
[I 2026-05-22 18:01:16,351] Trial 153 finished with value: 0.6033469688694645 and parameters: {'rain_shift': 1.005730506228621, 'ign_k': 0.7420128427861734, 'rate_power': 1.1953586551317155}. Best is trial 133 with value: 0.6092064541256602.
[I 2026-05-22 18:01:16,718] Trial 154 finished with value: 0.6010253560617189 and parameters: {'rain_shift': 1.5546688844688825, 'ign_k': 0.6090098076472809, 'rate_power': 1.0828285396674313}. Best is trial 133 with value: 0.6092064541256602.
[I 2026-05-22 18:01:17,083] Trial 155 finished with value: 0.6070222515128024 and parameters: {'rain_shift': 0.04453825115616891, 'ign_k': 1.2338807034233337, 'rate_power': 1.204691353840432}. Best is trial 133 with value: 0.6092064541256602.
[I 2026-05-22 18:01:17,444] Trial 156 finished with value: 0.6079369628529242 and parameters: {'rain_shift': 0.3376631730376716, 'ign_k': 0.8304136767527935, 'rate_power': 1.199411611578345}. Best is trial 133 with value: 0.6092064541256602.
[I 2026-05-22 18:01:17,807] Trial 157 finished with value: 0.5940293127076591 and parameters: {'rain_shift': 1.8032944847300518, 'ign_k': 0.3048173670558665, 'rate_power': 1.139370895643649}. Best is trial 133 with value: 0.6092064541256602.
[I 2026-05-22 18:01:18,163] Trial 158 finished with value: 0.608101361075719 and parameters: {'rain_shift': 0.2649767656604883, 'ign_k': 0.842607834708908, 'rate_power': 1.1230117781515383}. Best is trial 133 with value: 0.6092064541256602.
[I 2026-05-22 18:01:18,515] Trial 159 finished with value: 0.6015880182432467 and parameters: {'rain_shift': 1.1885568923714134, 'ign_k': 1.129235666000808, 'rate_power': 1.0588489799082366}. Best is trial 133 with value: 0.6092064541256602.
[I 2026-05-22 18:01:18,868] Trial 160 finished with value: 0.5962867228390131 and parameters: {'rain_shift': 0.052793768037273314, 'ign_k': 0.5807731663033956, 'rate_power': 0.9379570231595273}. Best is trial 133 with value: 0.6092064541256602.
[I 2026-05-22 18:01:19,225] Trial 161 finished with value: 0.6030928033167392 and parameters: {'rain_shift': 1.4182861213385751, 'ign_k': 0.6420575255526236, 'rate_power': 1.0798073186560608}. Best is trial 133 with value: 0.6092064541256602.
[I 2026-05-22 18:01:19,577] Trial 162 finished with value: 0.6075341844483796 and parameters: {'rain_shift': 0.11877903574014265, 'ign_k': 0.9430585529688953, 'rate_power': 1.134494691182844}. Best is trial 133 with value: 0.6092064541256602.
[I 2026-05-22 18:01:19,930] Trial 163 finished with value: 0.5724263726905768 and parameters: {'rain_shift': 2.515474247854356, 'ign_k': 0.08195646632017112, 'rate_power': 0.9729745325431904}. Best is trial 133 with value: 0.6092064541256602.
[I 2026-05-22 18:01:20,283] Trial 164 finished with value: 0.6085445239237166 and parameters: {'rain_shift': 0.5158051517989234, 'ign_k': 0.577326445763221, 'rate_power': 1.1173303772681396}. Best is trial 133 with value: 0.6092064541256602.
[I 2026-05-22 18:01:20,635] Trial 165 finished with value: 0.588341034165152 and parameters: {'rain_shift': 2.0749671547612683, 'ign_k': 0.675535700479209, 'rate_power': 1.1126076758210328}. Best is trial 133 with value: 0.6092064541256602.
[I 2026-05-22 18:01:20,987] Trial 166 finished with value: 0.5980908958518714 and parameters: {'rain_shift': 0.8640679561306448, 'ign_k': 0.309106312266205, 'rate_power': 1.0500154938599762}. Best is trial 133 with value: 0.6092064541256602.
[I 2026-05-22 18:01:21,338] Trial 167 finished with value: 0.6080302245964968 and parameters: {'rain_shift': 0.35255334301428953, 'ign_k': 0.6660818937812445, 'rate_power': 1.0570875795249564}. Best is trial 133 with value: 0.6092064541256602.
[I 2026-05-22 18:01:21,687] Trial 168 finished with value: 0.6040476208181627 and parameters: {'rain_shift': 1.199193215946376, 'ign_k': 0.8744371586683765, 'rate_power': 1.0452455095499593}. Best is trial 133 with value: 0.6092064541256602.
[I 2026-05-22 18:01:22,037] Trial 169 finished with value: 0.5923146983154289 and parameters: {'rain_shift': 0.05834206551139187, 'ign_k': 0.37203525607649734, 'rate_power': 1.0273429070269755}. Best is trial 133 with value: 0.6092064541256602.
[I 2026-05-22 18:01:22,388] Trial 170 finished with value: 0.6071478884291519 and parameters: {'rain_shift': 1.092413897070552, 'ign_k': 0.6472144192871165, 'rate_power': 1.0933531638502378}. Best is trial 133 with value: 0.6092064541256602.
[I 2026-05-22 18:01:22,740] Trial 171 finished with value: 0.6081151200620585 and parameters: {'rain_shift': 0.978414005969914, 'ign_k': 0.5292669045141566, 'rate_power': 1.1036664778496565}. Best is trial 133 with value: 0.6092064541256602.
[I 2026-05-22 18:01:23,092] Trial 172 finished with value: 0.6043125481718823 and parameters: {'rain_shift': 0.0023020404811616713, 'ign_k': 1.2375185282647199, 'rate_power': 1.0240400453481089}. Best is trial 133 with value: 0.6092064541256602.
[I 2026-05-22 18:01:23,439] Trial 173 finished with value: 0.6040931091007202 and parameters: {'rain_shift': 0.07088365608039071, 'ign_k': 0.5595424966715156, 'rate_power': 1.106079731556641}. Best is trial 133 with value: 0.6092064541256602.
[I 2026-05-22 18:01:23,789] Trial 174 finished with value: 0.5929006713225001 and parameters: {'rain_shift': 2.195568063274909, 'ign_k': 0.6230671071821335, 'rate_power': 0.9985870447966054}. Best is trial 133 with value: 0.6092064541256602.
[I 2026-05-22 18:01:24,137] Trial 175 finished with value: 0.6079789101835359 and parameters: {'rain_shift': 0.9268951673668445, 'ign_k': 0.47732446636648995, 'rate_power': 1.0813967418340746}. Best is trial 133 with value: 0.6092064541256602.
[I 2026-05-22 18:01:24,484] Trial 176 finished with value: 0.6028716253442434 and parameters: {'rain_shift': 0.39424658445154465, 'ign_k': 0.44252946679591676, 'rate_power': 1.0225898678180179}. Best is trial 133 with value: 0.6092064541256602.
[I 2026-05-22 18:01:24,837] Trial 177 finished with value: 0.5962125713509511 and parameters: {'rain_shift': 1.84036581821226, 'ign_k': 0.3305990030630321, 'rate_power': 1.1004410280444277}. Best is trial 133 with value: 0.6092064541256602.
[I 2026-05-22 18:01:25,187] Trial 178 finished with value: 0.5312291912965645 and parameters: {'rain_shift': 9.874555788574138, 'ign_k': 2.4045788544221494, 'rate_power': 0.9583933552628547}. Best is trial 133 with value: 0.6092064541256602.
[I 2026-05-22 18:01:25,542] Trial 179 finished with value: 0.6082387834768719 and parameters: {'rain_shift': 1.1610752197976084, 'ign_k': 0.6422799083114971, 'rate_power': 1.038349187483275}. Best is trial 133 with value: 0.6092064541256602.
[I 2026-05-22 18:01:25,895] Trial 180 finished with value: 0.6033869985874204 and parameters: {'rain_shift': 1.504469954422619, 'ign_k': 0.9115824441317698, 'rate_power': 0.9358456450758491}. Best is trial 133 with value: 0.6092064541256602.
[I 2026-05-22 18:01:26,240] Trial 181 finished with value: 0.5909446245564844 and parameters: {'rain_shift': 2.575345523339674, 'ign_k': 0.43776801242349617, 'rate_power': 0.986897155654291}. Best is trial 133 with value: 0.6092064541256602.
[I 2026-05-22 18:01:26,586] Trial 182 finished with value: 0.5905770244691115 and parameters: {'rain_shift': 2.224568876685078, 'ign_k': 0.5591185326383245, 'rate_power': 1.0592027803289803}. Best is trial 133 with value: 0.6092064541256602.
[I 2026-05-22 18:01:26,937] Trial 183 finished with value: 0.6073352228182022 and parameters: {'rain_shift': 0.3681009155552066, 'ign_k': 0.6532045103298726, 'rate_power': 1.0119173463747513}. Best is trial 133 with value: 0.6092064541256602.
[I 2026-05-22 18:01:27,296] Trial 184 finished with value: 0.5996997186905706 and parameters: {'rain_shift': 1.728833662091664, 'ign_k': 0.4108379782284661, 'rate_power': 1.0951502575269494}. Best is trial 133 with value: 0.6092064541256602.
[I 2026-05-22 18:01:27,661] Trial 185 finished with value: 0.6077013215100678 and parameters: {'rain_shift': 0.5279738485261969, 'ign_k': 0.4976041258616686, 'rate_power': 1.1027493696897612}. Best is trial 133 with value: 0.6092064541256602.
[I 2026-05-22 18:01:28,023] Trial 186 finished with value: 0.5801093669830372 and parameters: {'rain_shift': 1.135536562991587, 'ign_k': 0.13732666324426074, 'rate_power': 1.1253407464017964}. Best is trial 133 with value: 0.6092064541256602.
[I 2026-05-22 18:01:28,376] Trial 187 finished with value: 0.5483567838397818 and parameters: {'rain_shift': 6.840582620475607, 'ign_k': 0.5050719088198746, 'rate_power': 0.9791837850958081}. Best is trial 133 with value: 0.6092064541256602.
[I 2026-05-22 18:01:28,735] Trial 188 finished with value: 0.5298870870632257 and parameters: {'rain_shift': 9.900431031890376, 'ign_k': 0.3702935317139186, 'rate_power': 1.1936540649149592}. Best is trial 133 with value: 0.6092064541256602.
[I 2026-05-22 18:01:29,096] Trial 189 finished with value: 0.580193622654538 and parameters: {'rain_shift': 2.1673615111816837, 'ign_k': 1.4062818918009128, 'rate_power': 1.078389719814439}. Best is trial 133 with value: 0.6092064541256602.
[I 2026-05-22 18:01:29,458] Trial 190 finished with value: 0.6085575555389741 and parameters: {'rain_shift': 0.9861417678698382, 'ign_k': 0.7234595950453437, 'rate_power': 1.0344815269978382}. Best is trial 133 with value: 0.6092064541256602.
[I 2026-05-22 18:01:29,810] Trial 191 finished with value: 0.5619346147259466 and parameters: {'rain_shift': 6.539245927889311, 'ign_k': 0.6786482806119087, 'rate_power': 0.7305840657887034}. Best is trial 133 with value: 0.6092064541256602.
[I 2026-05-22 18:01:30,169] Trial 192 finished with value: 0.6017613758368766 and parameters: {'rain_shift': 1.4968826595695166, 'ign_k': 0.6994973053964656, 'rate_power': 1.052376800214599}. Best is trial 133 with value: 0.6092064541256602.
[I 2026-05-22 18:01:30,527] Trial 193 finished with value: 0.6065295043188534 and parameters: {'rain_shift': 0.16782016075654685, 'ign_k': 0.8970620405036073, 'rate_power': 1.0396203181344343}. Best is trial 133 with value: 0.6092064541256602.
[I 2026-05-22 18:01:30,878] Trial 194 finished with value: 0.6022789451717778 and parameters: {'rain_shift': 0.013621882313394673, 'ign_k': 0.5732644705960316, 'rate_power': 1.0811752521146196}. Best is trial 133 with value: 0.6092064541256602.
[I 2026-05-22 18:01:31,229] Trial 195 finished with value: 0.599446744214734 and parameters: {'rain_shift': 1.6614427700442014, 'ign_k': 0.6427565825786907, 'rate_power': 1.0648125356233802}. Best is trial 133 with value: 0.6092064541256602.
[I 2026-05-22 18:01:31,580] Trial 196 finished with value: 0.5977906978305851 and parameters: {'rain_shift': 1.3947736290610258, 'ign_k': 1.0817645876170456, 'rate_power': 1.0864489687538927}. Best is trial 133 with value: 0.6092064541256602.
[I 2026-05-22 18:01:31,932] Trial 197 finished with value: 0.604231692668364 and parameters: {'rain_shift': 1.173852573886458, 'ign_k': 0.4128483457882937, 'rate_power': 1.147330985509723}. Best is trial 133 with value: 0.6092064541256602.
[I 2026-05-22 18:01:32,283] Trial 198 finished with value: 0.6079862090373398 and parameters: {'rain_shift': 0.832343812591734, 'ign_k': 0.5845233705538281, 'rate_power': 1.149516634984358}. Best is trial 133 with value: 0.6092064541256602.
[I 2026-05-22 18:01:32,635] Trial 199 finished with value: 0.6004100569244405 and parameters: {'rain_shift': 1.2203198013221936, 'ign_k': 0.8264584329019103, 'rate_power': 1.153250507516349}. Best is trial 133 with value: 0.6092064541256602.
[I 2026-05-22 18:01:32,989] Trial 200 finished with value: 0.5625644918284215 and parameters: {'rain_shift': 3.5893689180367634, 'ign_k': 0.7184436204161168, 'rate_power': 1.1140676048601348}. Best is trial 133 with value: 0.6092064541256602.
[I 2026-05-22 18:01:33,348] Trial 201 finished with value: 0.6019964826716723 and parameters: {'rain_shift': 1.4097000684180512, 'ign_k': 0.4732983807595561, 'rate_power': 1.1437223436618746}. Best is trial 133 with value: 0.6092064541256602.
[I 2026-05-22 18:01:33,701] Trial 202 finished with value: 0.6041737382370526 and parameters: {'rain_shift': 0.16186151336960186, 'ign_k': 0.5178385615183575, 'rate_power': 1.0933148335932479}. Best is trial 133 with value: 0.6092064541256602.
[I 2026-05-22 18:01:34,054] Trial 203 finished with value: 0.5982219587208516 and parameters: {'rain_shift': 1.5074303848172914, 'ign_k': 0.5604367125079421, 'rate_power': 1.1685387933396156}. Best is trial 133 with value: 0.6092064541256602.
[I 2026-05-22 18:01:34,406] Trial 204 finished with value: 0.6073098117817615 and parameters: {'rain_shift': 0.13043424038194582, 'ign_k': 1.0559250051289824, 'rate_power': 1.1001746006929993}. Best is trial 133 with value: 0.6092064541256602.
[I 2026-05-22 18:01:34,773] Trial 205 finished with value: 0.6040938781204399 and parameters: {'rain_shift': 1.528581265512846, 'ign_k': 0.5665832477946331, 'rate_power': 1.034424351500217}. Best is trial 133 with value: 0.6092064541256602.
[I 2026-05-22 18:01:35,124] Trial 206 finished with value: 0.6075624398453761 and parameters: {'rain_shift': 0.18312804319275738, 'ign_k': 0.7858379070241417, 'rate_power': 1.1271990390256907}. Best is trial 133 with value: 0.6092064541256602.
[I 2026-05-22 18:01:35,471] Trial 207 finished with value: 0.6068412315987286 and parameters: {'rain_shift': 0.9871225415874897, 'ign_k': 0.9103536086490629, 'rate_power': 0.9526367821431188}. Best is trial 133 with value: 0.6092064541256602.
[I 2026-05-22 18:01:35,829] Trial 208 finished with value: 0.6018429326584216 and parameters: {'rain_shift': 1.3651626669228514, 'ign_k': 0.6352184653773648, 'rate_power': 1.1305883973832866}. Best is trial 133 with value: 0.6092064541256602.
[I 2026-05-22 18:01:36,184] Trial 209 finished with value: 0.6083414356868968 and parameters: {'rain_shift': 1.3767401950014033, 'ign_k': 0.47063585956323756, 'rate_power': 0.9491558589770596}. Best is trial 133 with value: 0.6092064541256602.
[I 2026-05-22 18:01:36,533] Trial 210 finished with value: 0.5951245440213179 and parameters: {'rain_shift': 1.4116818187045665, 'ign_k': 1.0719913062819657, 'rate_power': 1.1541997700205515}. Best is trial 133 with value: 0.6092064541256602.
[I 2026-05-22 18:01:36,895] Trial 211 finished with value: 0.6084613950587487 and parameters: {'rain_shift': 1.2688934837072998, 'ign_k': 0.6805736162519861, 'rate_power': 0.9686030899889458}. Best is trial 133 with value: 0.6092064541256602.
[I 2026-05-22 18:01:37,254] Trial 212 finished with value: 0.6027600174099089 and parameters: {'rain_shift': 1.7208062221708, 'ign_k': 0.7218631942683257, 'rate_power': 0.9415256739178318}. Best is trial 133 with value: 0.6092064541256602.
[I 2026-05-22 18:01:37,608] Trial 213 finished with value: 0.5828436036100122 and parameters: {'rain_shift': 0.12737557660262233, 'ign_k': 0.23445819979874163, 'rate_power': 0.9602167147760364}. Best is trial 133 with value: 0.6092064541256602.
[I 2026-05-22 18:01:37,959] Trial 214 finished with value: 0.5995206286348973 and parameters: {'rain_shift': 2.1573979924366147, 'ign_k': 0.516667843834998, 'rate_power': 0.9259293836399604}. Best is trial 133 with value: 0.6092064541256602.
[I 2026-05-22 18:01:38,313] Trial 215 finished with value: 0.6095160191014424 and parameters: {'rain_shift': 1.2019223858010686, 'ign_k': 0.6981140481580995, 'rate_power': 0.910603520615469}. Best is trial 215 with value: 0.6095160191014424.
[I 2026-05-22 18:01:38,667] Trial 216 finished with value: 0.5990188929264846 and parameters: {'rain_shift': 0.8015966939879131, 'ign_k': 0.37712739313901156, 'rate_power': 0.8847287752938202}. Best is trial 215 with value: 0.6095160191014424.
[I 2026-05-22 18:01:39,019] Trial 217 finished with value: 0.6041289873152895 and parameters: {'rain_shift': 0.5622724330291491, 'ign_k': 1.1216748663659406, 'rate_power': 0.8706440619684848}. Best is trial 215 with value: 0.6095160191014424.
[I 2026-05-22 18:01:39,367] Trial 218 finished with value: 0.6100049472971844 and parameters: {'rain_shift': 1.2824013413028963, 'ign_k': 0.6229933725476541, 'rate_power': 0.9100283255094737}. Best is trial 218 with value: 0.6100049472971844.
[I 2026-05-22 18:01:39,716] Trial 219 finished with value: 0.5970068526636647 and parameters: {'rain_shift': 2.562088291724156, 'ign_k': 0.39224349572418343, 'rate_power': 0.9068323650770499}. Best is trial 218 with value: 0.6100049472971844.
[I 2026-05-22 18:01:40,064] Trial 220 finished with value: 0.6071282899772881 and parameters: {'rain_shift': 1.745429183847016, 'ign_k': 0.4401797722373614, 'rate_power': 0.8937587808801579}. Best is trial 218 with value: 0.6100049472971844.
[I 2026-05-22 18:01:40,426] Trial 221 finished with value: 0.6099166148991234 and parameters: {'rain_shift': 1.3135056438867605, 'ign_k': 0.5612801114693434, 'rate_power': 0.900419882971201}. Best is trial 218 with value: 0.6100049472971844.
[I 2026-05-22 18:01:40,784] Trial 222 finished with value: 0.6051959461973442 and parameters: {'rain_shift': 1.7011699497145236, 'ign_k': 0.38263581367526595, 'rate_power': 0.9009487163022784}. Best is trial 218 with value: 0.6100049472971844.
[I 2026-05-22 18:01:41,141] Trial 223 finished with value: 0.5704659468548007 and parameters: {'rain_shift': 4.037177589713168, 'ign_k': 0.6551542946585015, 'rate_power': 0.88306653473195}. Best is trial 218 with value: 0.6100049472971844.
[I 2026-05-22 18:01:41,502] Trial 224 finished with value: 0.6007166564294171 and parameters: {'rain_shift': 1.953867636291501, 'ign_k': 0.9027635940655685, 'rate_power': 0.8329892733210637}. Best is trial 218 with value: 0.6100049472971844.
[I 2026-05-22 18:01:41,861] Trial 225 finished with value: 0.6084644962346366 and parameters: {'rain_shift': 0.8980184501121027, 'ign_k': 0.7839752600367701, 'rate_power': 0.918125327616296}. Best is trial 218 with value: 0.6100049472971844.
[I 2026-05-22 18:01:42,218] Trial 226 finished with value: 0.609980815382468 and parameters: {'rain_shift': 1.3388342190666107, 'ign_k': 0.6558542055429056, 'rate_power': 0.8922651208672353}. Best is trial 218 with value: 0.6100049472971844.
[I 2026-05-22 18:01:42,572] Trial 227 finished with value: 0.6079198140234269 and parameters: {'rain_shift': 1.0562085741578546, 'ign_k': 0.6184840080885258, 'rate_power': 0.8063040491710721}. Best is trial 218 with value: 0.6100049472971844.
[I 2026-05-22 18:01:42,932] Trial 228 finished with value: 0.599524854514882 and parameters: {'rain_shift': 1.717786424938354, 'ign_k': 0.9517852483733177, 'rate_power': 0.9374153923279542}. Best is trial 218 with value: 0.6100049472971844.
[I 2026-05-22 18:01:43,290] Trial 229 finished with value: 0.6098916804814931 and parameters: {'rain_shift': 1.4293520320903375, 'ign_k': 0.6507623121062253, 'rate_power': 0.8805294072301691}. Best is trial 218 with value: 0.6100049472971844.
[I 2026-05-22 18:01:43,647] Trial 230 finished with value: 0.5968047749995703 and parameters: {'rain_shift': 0.6952766258652456, 'ign_k': 0.3901928747642377, 'rate_power': 0.8529191763916829}. Best is trial 218 with value: 0.6100049472971844.
[I 2026-05-22 18:01:44,002] Trial 231 finished with value: 0.6080446476254484 and parameters: {'rain_shift': 0.9601138682523518, 'ign_k': 0.803098236281315, 'rate_power': 0.9110960748992817}. Best is trial 218 with value: 0.6100049472971844.
[I 2026-05-22 18:01:44,361] Trial 232 finished with value: 0.5837515645332543 and parameters: {'rain_shift': 2.700941471966134, 'ign_k': 0.9661510564808689, 'rate_power': 0.8698657991756924}. Best is trial 218 with value: 0.6100049472971844.
[I 2026-05-22 18:01:44,721] Trial 233 finished with value: 0.6067777834723931 and parameters: {'rain_shift': 1.6702922820324202, 'ign_k': 0.5402066282137138, 'rate_power': 0.9409139623583959}. Best is trial 218 with value: 0.6100049472971844.
[I 2026-05-22 18:01:45,078] Trial 234 finished with value: 0.6094637979705954 and parameters: {'rain_shift': 1.1756610784393755, 'ign_k': 0.7346720560759465, 'rate_power': 0.8683877832263375}. Best is trial 218 with value: 0.6100049472971844.
[I 2026-05-22 18:01:45,439] Trial 235 finished with value: 0.6034741970270237 and parameters: {'rain_shift': 1.021319853453578, 'ign_k': 1.286624470684984, 'rate_power': 0.8178478107797008}. Best is trial 218 with value: 0.6100049472971844.
[I 2026-05-22 18:01:45,800] Trial 236 finished with value: 0.605364661956008 and parameters: {'rain_shift': 0.7297451232284893, 'ign_k': 0.7961904796490556, 'rate_power': 0.8363032010215814}. Best is trial 218 with value: 0.6100049472971844.
[I 2026-05-22 18:01:46,158] Trial 237 finished with value: 0.5972843711537589 and parameters: {'rain_shift': 3.003076383879857, 'ign_k': 0.3259919553082079, 'rate_power': 0.785561395550294}. Best is trial 218 with value: 0.6100049472971844.
[I 2026-05-22 18:01:46,515] Trial 238 finished with value: 0.60663212734577 and parameters: {'rain_shift': 0.8617848343721461, 'ign_k': 0.9137934680075609, 'rate_power': 0.9037105883018723}. Best is trial 218 with value: 0.6100049472971844.
[I 2026-05-22 18:01:46,878] Trial 239 finished with value: 0.6069532923828072 and parameters: {'rain_shift': 1.2936815095898577, 'ign_k': 0.8725981639349791, 'rate_power': 0.8885736725170941}. Best is trial 218 with value: 0.6100049472971844.
[I 2026-05-22 18:01:47,242] Trial 240 finished with value: 0.6065180168779621 and parameters: {'rain_shift': 2.0787124050404917, 'ign_k': 0.4616499757908743, 'rate_power': 0.8363499861035076}. Best is trial 218 with value: 0.6100049472971844.
[I 2026-05-22 18:01:47,602] Trial 241 finished with value: 0.6051927518833651 and parameters: {'rain_shift': 0.5178541202160922, 'ign_k': 0.6049342167534757, 'rate_power': 0.9069471402881475}. Best is trial 218 with value: 0.6100049472971844.
[I 2026-05-22 18:01:47,959] Trial 242 finished with value: 0.5886646164909445 and parameters: {'rain_shift': 2.4654379480752864, 'ign_k': 0.8428584174014863, 'rate_power': 0.8866676364710476}. Best is trial 218 with value: 0.6100049472971844.
[I 2026-05-22 18:01:48,313] Trial 243 finished with value: 0.6094141379716417 and parameters: {'rain_shift': 0.8252764693676093, 'ign_k': 0.6142079471603695, 'rate_power': 0.9548771361248583}. Best is trial 218 with value: 0.6100049472971844.
[I 2026-05-22 18:01:48,663] Trial 244 finished with value: 0.6081730977293724 and parameters: {'rain_shift': 1.129510426065003, 'ign_k': 0.4640804568691028, 'rate_power': 0.9138924136861928}. Best is trial 218 with value: 0.6100049472971844.
[I 2026-05-22 18:01:49,015] Trial 245 finished with value: 0.5831871882491295 and parameters: {'rain_shift': 0.0010289247649786226, 'ign_k': 0.4416532090392897, 'rate_power': 0.8499591429518162}. Best is trial 218 with value: 0.6100049472971844.
[I 2026-05-22 18:01:49,373] Trial 246 finished with value: 0.6074065995147765 and parameters: {'rain_shift': 1.0646254139826157, 'ign_k': 0.44314350551604986, 'rate_power': 0.9295236409256746}. Best is trial 218 with value: 0.6100049472971844.
[I 2026-05-22 18:01:49,737] Trial 247 finished with value: 0.6060603826281623 and parameters: {'rain_shift': 1.408271563064978, 'ign_k': 0.7292917405848461, 'rate_power': 0.9697200883202725}. Best is trial 218 with value: 0.6100049472971844.
[I 2026-05-22 18:01:50,101] Trial 248 finished with value: 0.60122746750794 and parameters: {'rain_shift': 2.010037034689258, 'ign_k': 0.6214682033571013, 'rate_power': 0.9089501591400477}. Best is trial 218 with value: 0.6100049472971844.
[I 2026-05-22 18:01:50,467] Trial 249 finished with value: 0.6027053291462536 and parameters: {'rain_shift': 0.30316129417523097, 'ign_k': 0.5594766276759046, 'rate_power': 0.958400205356176}. Best is trial 218 with value: 0.6100049472971844.
[I 2026-05-22 18:01:50,834] Trial 250 finished with value: 0.6097671071182245 and parameters: {'rain_shift': 1.1297162208438218, 'ign_k': 0.6417079419728432, 'rate_power': 0.9028581489804242}. Best is trial 218 with value: 0.6100049472971844.
[I 2026-05-22 18:01:51,198] Trial 251 finished with value: 0.6087175268851995 and parameters: {'rain_shift': 0.8915650213912832, 'ign_k': 0.5699123885657861, 'rate_power': 0.9235511904396589}. Best is trial 218 with value: 0.6100049472971844.
[I 2026-05-22 18:01:51,557] Trial 252 finished with value: 0.6098344749796417 and parameters: {'rain_shift': 1.143811533367573, 'ign_k': 0.6360049824047306, 'rate_power': 0.9259374039700056}. Best is trial 218 with value: 0.6100049472971844.
[I 2026-05-22 18:01:51,913] Trial 253 finished with value: 0.6042266897162077 and parameters: {'rain_shift': 0.4427888802231166, 'ign_k': 0.8032459980008132, 'rate_power': 0.8822871820342186}. Best is trial 218 with value: 0.6100049472971844.
[I 2026-05-22 18:01:52,273] Trial 254 finished with value: 0.576107339706775 and parameters: {'rain_shift': 2.8965862121484864, 'ign_k': 0.9596480329947047, 'rate_power': 0.953412758928341}. Best is trial 218 with value: 0.6100049472971844.
[I 2026-05-22 18:01:52,629] Trial 255 finished with value: 0.6084326551534232 and parameters: {'rain_shift': 1.4532983002335702, 'ign_k': 0.4931429220786565, 'rate_power': 0.950058111548461}. Best is trial 218 with value: 0.6100049472971844.
[I 2026-05-22 18:01:52,979] Trial 256 finished with value: 0.6097724376983968 and parameters: {'rain_shift': 1.5813662299249662, 'ign_k': 0.5149399494419528, 'rate_power': 0.8525450542002916}. Best is trial 218 with value: 0.6100049472971844.
[I 2026-05-22 18:01:53,336] Trial 257 finished with value: 0.5494764636640983 and parameters: {'rain_shift': 5.1129052802082375, 'ign_k': 0.28862704528324346, 'rate_power': 1.2443559156475708}. Best is trial 218 with value: 0.6100049472971844.
[I 2026-05-22 18:01:53,691] Trial 258 finished with value: 0.598499773930734 and parameters: {'rain_shift': 0.11172867548867949, 'ign_k': 0.687863071909014, 'rate_power': 0.9083829817522237}. Best is trial 218 with value: 0.6100049472971844.
[I 2026-05-22 18:01:54,039] Trial 259 finished with value: 0.5968662116525657 and parameters: {'rain_shift': 2.5444137427145694, 'ign_k': 0.785091927222691, 'rate_power': 0.7541377225973906}. Best is trial 218 with value: 0.6100049472971844.
[I 2026-05-22 18:01:54,388] Trial 260 finished with value: 0.6079990371506594 and parameters: {'rain_shift': 1.9031378588366294, 'ign_k': 0.6016269995505916, 'rate_power': 0.8080069048281812}. Best is trial 218 with value: 0.6100049472971844.
[I 2026-05-22 18:01:54,742] Trial 261 finished with value: 0.60199003972834 and parameters: {'rain_shift': 2.1566376155795326, 'ign_k': 0.5323111039438668, 'rate_power': 0.8766728273934791}. Best is trial 218 with value: 0.6100049472971844.
[I 2026-05-22 18:01:55,089] Trial 262 finished with value: 0.609567687207819 and parameters: {'rain_shift': 1.1351867833564413, 'ign_k': 0.6408557651254705, 'rate_power': 0.8493382500341832}. Best is trial 218 with value: 0.6100049472971844.
[I 2026-05-22 18:01:55,434] Trial 263 finished with value: 0.5828590594801658 and parameters: {'rain_shift': 1.3924233119045413, 'ign_k': 0.21457235090623292, 'rate_power': 0.7657028974407779}. Best is trial 218 with value: 0.6100049472971844.
[I 2026-05-22 18:01:55,779] Trial 264 finished with value: 0.6095631394605426 and parameters: {'rain_shift': 1.2615088554138059, 'ign_k': 0.6964425505556998, 'rate_power': 0.8391805727329152}. Best is trial 218 with value: 0.6100049472971844.
[I 2026-05-22 18:01:56,126] Trial 265 finished with value: 0.6075793760379331 and parameters: {'rain_shift': 0.9556545405861103, 'ign_k': 0.6073028893305937, 'rate_power': 0.8313679806903581}. Best is trial 218 with value: 0.6100049472971844.
[I 2026-05-22 18:01:56,483] Trial 266 finished with value: 0.5908621284210677 and parameters: {'rain_shift': 0.29647236309014624, 'ign_k': 0.6047622811845214, 'rate_power': 0.7744054430699487}. Best is trial 218 with value: 0.6100049472971844.
[I 2026-05-22 18:01:56,830] Trial 267 finished with value: 0.6078766462292239 and parameters: {'rain_shift': 1.1925720919071063, 'ign_k': 0.8183927870557762, 'rate_power': 0.8325271310986659}. Best is trial 218 with value: 0.6100049472971844.
[I 2026-05-22 18:01:57,178] Trial 268 finished with value: 0.5995735837994712 and parameters: {'rain_shift': 1.4158172954660118, 'ign_k': 2.3453783524515113, 'rate_power': 0.9056648172364332}. Best is trial 218 with value: 0.6100049472971844.
[I 2026-05-22 18:01:57,527] Trial 269 finished with value: 0.6038190602939553 and parameters: {'rain_shift': 1.6850084417388274, 'ign_k': 0.7564423667390776, 'rate_power': 0.9143182057680338}. Best is trial 218 with value: 0.6100049472971844.
[I 2026-05-22 18:01:57,871] Trial 270 finished with value: 0.6095411023057896 and parameters: {'rain_shift': 1.2568608741691887, 'ign_k': 0.6927995500567455, 'rate_power': 0.8958951505463107}. Best is trial 218 with value: 0.6100049472971844.
[I 2026-05-22 18:01:58,218] Trial 271 finished with value: 0.5879257250950045 and parameters: {'rain_shift': 2.538853934914316, 'ign_k': 0.9676744092645626, 'rate_power': 0.8461527873466252}. Best is trial 218 with value: 0.6100049472971844.
[I 2026-05-22 18:01:58,565] Trial 272 finished with value: 0.6018503420453222 and parameters: {'rain_shift': 2.2986647044682265, 'ign_k': 0.5266251972233688, 'rate_power': 0.8375832667160177}. Best is trial 218 with value: 0.6100049472971844.
[I 2026-05-22 18:01:58,918] Trial 273 finished with value: 0.6030204882778959 and parameters: {'rain_shift': 0.2489948724826453, 'ign_k': 1.0962571723756047, 'rate_power': 0.8972280570139308}. Best is trial 218 with value: 0.6100049472971844.
[I 2026-05-22 18:01:59,262] Trial 274 finished with value: 0.608890972013005 and parameters: {'rain_shift': 1.1845150148637862, 'ign_k': 0.511488572824093, 'rate_power': 0.8598765496287779}. Best is trial 218 with value: 0.6100049472971844.
[I 2026-05-22 18:01:59,610] Trial 275 finished with value: 0.6076163577004595 and parameters: {'rain_shift': 1.4972306019931816, 'ign_k': 0.43892625934376245, 'rate_power': 0.8034201614711223}. Best is trial 218 with value: 0.6100049472971844.
[I 2026-05-22 18:01:59,954] Trial 276 finished with value: 0.6056015578070203 and parameters: {'rain_shift': 1.172301506787859, 'ign_k': 0.41844774700464876, 'rate_power': 0.8376024116290369}. Best is trial 218 with value: 0.6100049472971844.
[I 2026-05-22 18:02:00,301] Trial 277 finished with value: 0.6066919288756165 and parameters: {'rain_shift': 1.4596097094355132, 'ign_k': 0.8350102384960638, 'rate_power': 0.8780801046043967}. Best is trial 218 with value: 0.6100049472971844.
[I 2026-05-22 18:02:00,644] Trial 278 finished with value: 0.5936390857131415 and parameters: {'rain_shift': 0.010833445709273581, 'ign_k': 0.7976301039368863, 'rate_power': 0.8532895123375108}. Best is trial 218 with value: 0.6100049472971844.
[I 2026-05-22 18:02:00,992] Trial 279 finished with value: 0.6100278615411828 and parameters: {'rain_shift': 1.2991389070909594, 'ign_k': 0.6371543103801577, 'rate_power': 0.8904772826596851}. Best is trial 279 with value: 0.6100278615411828.
[I 2026-05-22 18:02:01,338] Trial 280 finished with value: 0.584816936923773 and parameters: {'rain_shift': 1.875764472149192, 'ign_k': 0.1704575549187376, 'rate_power': 0.8725058192051351}. Best is trial 279 with value: 0.6100278615411828.
[I 2026-05-22 18:02:01,686] Trial 281 finished with value: 0.5967764584452269 and parameters: {'rain_shift': 2.469867556889487, 'ign_k': 0.5744952665891628, 'rate_power': 0.8606260190620507}. Best is trial 279 with value: 0.6100278615411828.
[I 2026-05-22 18:02:02,033] Trial 282 finished with value: 0.5562069096135642 and parameters: {'rain_shift': 5.690201281307665, 'ign_k': 0.08513612095622698, 'rate_power': 1.2634362911496009}. Best is trial 279 with value: 0.6100278615411828.
[I 2026-05-22 18:02:02,383] Trial 283 finished with value: 0.6073146138650769 and parameters: {'rain_shift': 1.54413033769725, 'ign_k': 0.415406922320171, 'rate_power': 0.8593879911364244}. Best is trial 279 with value: 0.6100278615411828.
[I 2026-05-22 18:02:02,733] Trial 284 finished with value: 0.5977253307722229 and parameters: {'rain_shift': 0.7037530126735765, 'ign_k': 1.0063250790458815, 'rate_power': 0.7215340319244383}. Best is trial 279 with value: 0.6100278615411828.
[I 2026-05-22 18:02:03,085] Trial 285 finished with value: 0.6089093497535515 and parameters: {'rain_shift': 1.1508493829685245, 'ign_k': 0.5316909634246438, 'rate_power': 0.84921262867799}. Best is trial 279 with value: 0.6100278615411828.
[I 2026-05-22 18:02:03,437] Trial 286 finished with value: 0.5813098836519677 and parameters: {'rain_shift': 0.4993590042503232, 'ign_k': 0.24399517480657237, 'rate_power': 0.8461454954206714}. Best is trial 279 with value: 0.6100278615411828.
[I 2026-05-22 18:02:03,788] Trial 287 finished with value: 0.6070360840095266 and parameters: {'rain_shift': 1.1601783263891852, 'ign_k': 0.4365806768340782, 'rate_power': 0.8903702159687641}. Best is trial 279 with value: 0.6100278615411828.
[I 2026-05-22 18:02:04,139] Trial 288 finished with value: 0.609572542848309 and parameters: {'rain_shift': 1.2308676205620326, 'ign_k': 0.6389188178257256, 'rate_power': 0.8163739488626827}. Best is trial 279 with value: 0.6100278615411828.
[I 2026-05-22 18:02:04,489] Trial 289 finished with value: 0.6062329235206837 and parameters: {'rain_shift': 1.5938946659861357, 'ign_k': 0.4449135247457342, 'rate_power': 0.7073684536212272}. Best is trial 279 with value: 0.6100278615411828.
[I 2026-05-22 18:02:04,840] Trial 290 finished with value: 0.609998266117642 and parameters: {'rain_shift': 1.3633423335791526, 'ign_k': 0.6669532606729863, 'rate_power': 0.821654738470129}. Best is trial 279 with value: 0.6100278615411828.
[I 2026-05-22 18:02:05,189] Trial 291 finished with value: 0.6071888238975932 and parameters: {'rain_shift': 1.495409424275814, 'ign_k': 0.7832460519244956, 'rate_power': 0.8664805523138019}. Best is trial 279 with value: 0.6100278615411828.
[I 2026-05-22 18:02:05,541] Trial 292 finished with value: 0.6084518645313007 and parameters: {'rain_shift': 1.72008425294546, 'ign_k': 0.6186586479353602, 'rate_power': 0.851243274294843}. Best is trial 279 with value: 0.6100278615411828.
[I 2026-05-22 18:02:05,890] Trial 293 finished with value: 0.606050552374299 and parameters: {'rain_shift': 1.081386129879959, 'ign_k': 0.7796089288392365, 'rate_power': 0.7584989521165174}. Best is trial 279 with value: 0.6100278615411828.
[I 2026-05-22 18:02:06,239] Trial 294 finished with value: 0.6095646356637083 and parameters: {'rain_shift': 1.3391473438936938, 'ign_k': 0.6834658256072965, 'rate_power': 0.8019106502610128}. Best is trial 279 with value: 0.6100278615411828.
[I 2026-05-22 18:02:06,586] Trial 295 finished with value: 0.605931706909846 and parameters: {'rain_shift': 1.855513492161237, 'ign_k': 0.7758698321188703, 'rate_power': 0.7936629320080416}. Best is trial 279 with value: 0.6100278615411828.
[I 2026-05-22 18:02:06,935] Trial 296 finished with value: 0.5927463227261209 and parameters: {'rain_shift': 0.4234761174017527, 'ign_k': 0.5006888828975116, 'rate_power': 0.8005581675553293}. Best is trial 279 with value: 0.6100278615411828.
[I 2026-05-22 18:02:07,288] Trial 297 finished with value: 0.6038085214548142 and parameters: {'rain_shift': 1.8581356445350399, 'ign_k': 0.8911211935882287, 'rate_power': 0.8033831109317391}. Best is trial 279 with value: 0.6100278615411828.
[I 2026-05-22 18:02:07,640] Trial 298 finished with value: 0.5442208695128788 and parameters: {'rain_shift': 8.499057290915394, 'ign_k': 0.16987918733166818, 'rate_power': 1.0480739211554775}. Best is trial 279 with value: 0.6100278615411828.
[I 2026-05-22 18:02:07,992] Trial 299 finished with value: 0.6095468892120587 and parameters: {'rain_shift': 1.5246592369447112, 'ign_k': 0.5043325552290131, 'rate_power': 0.8709869803209148}. Best is trial 279 with value: 0.6100278615411828.
[I 2026-05-22 18:02:08,349] Trial 300 finished with value: 0.5873843577747367 and parameters: {'rain_shift': 0.17594153308575533, 'ign_k': 0.428325568616953, 'rate_power': 0.8540928537650878}. Best is trial 279 with value: 0.6100278615411828.
[I 2026-05-22 18:02:08,698] Trial 301 finished with value: 0.609374670455391 and parameters: {'rain_shift': 1.736914915764249, 'ign_k': 0.5149703527669883, 'rate_power': 0.8368528783479676}. Best is trial 279 with value: 0.6100278615411828.
[I 2026-05-22 18:02:09,050] Trial 302 finished with value: 0.5772186153544657 and parameters: {'rain_shift': 3.9338017695308167, 'ign_k': 0.36308156938678554, 'rate_power': 0.9137962120577579}. Best is trial 279 with value: 0.6100278615411828.
[I 2026-05-22 18:02:09,401] Trial 303 finished with value: 0.5808431257353781 and parameters: {'rain_shift': 3.2606841532259825, 'ign_k': 0.6227947500375189, 'rate_power': 0.8830123516518953}. Best is trial 279 with value: 0.6100278615411828.
[I 2026-05-22 18:02:09,749] Trial 304 finished with value: 0.6026848906003747 and parameters: {'rain_shift': 2.0456504687730876, 'ign_k': 0.3634949928483262, 'rate_power': 0.8888381600543871}. Best is trial 279 with value: 0.6100278615411828.
[I 2026-05-22 18:02:10,098] Trial 305 finished with value: 0.5942023510104628 and parameters: {'rain_shift': 3.0245979193159855, 'ign_k': 0.43992371511612605, 'rate_power': 0.8144514365210109}. Best is trial 279 with value: 0.6100278615411828.
[I 2026-05-22 18:02:10,447] Trial 306 finished with value: 0.6093485228305511 and parameters: {'rain_shift': 1.7211630933791597, 'ign_k': 0.5634662670008281, 'rate_power': 0.8481144528007731}. Best is trial 279 with value: 0.6100278615411828.
[I 2026-05-22 18:02:10,794] Trial 307 finished with value: 0.6061368484373197 and parameters: {'rain_shift': 1.7583398004075974, 'ign_k': 0.3913516089299044, 'rate_power': 0.8109443004111034}. Best is trial 279 with value: 0.6100278615411828.
[I 2026-05-22 18:02:11,142] Trial 308 finished with value: 0.6102148912649319 and parameters: {'rain_shift': 1.6555455296061377, 'ign_k': 0.5525663845746165, 'rate_power': 0.8162382534682098}. Best is trial 308 with value: 0.6102148912649319.
[I 2026-05-22 18:02:11,488] Trial 309 finished with value: 0.6105457512698795 and parameters: {'rain_shift': 1.7006949894458223, 'ign_k': 0.615650351356656, 'rate_power': 0.7825054743363551}. Best is trial 309 with value: 0.6105457512698795.
[I 2026-05-22 18:02:11,835] Trial 310 finished with value: 0.5991537283092815 and parameters: {'rain_shift': 2.7482288946326774, 'ign_k': 0.49113499793684867, 'rate_power': 0.778864193026535}. Best is trial 309 with value: 0.6105457512698795.
[I 2026-05-22 18:02:12,185] Trial 311 finished with value: 0.5780613015018206 and parameters: {'rain_shift': 3.2970116478318765, 'ign_k': 1.450024328321916, 'rate_power': 0.7704555407905461}. Best is trial 309 with value: 0.6105457512698795.
[I 2026-05-22 18:02:12,533] Trial 312 finished with value: 0.6089838983383078 and parameters: {'rain_shift': 1.8734683223415707, 'ign_k': 0.7745784834977683, 'rate_power': 0.7097367297111686}. Best is trial 309 with value: 0.6105457512698795.
[I 2026-05-22 18:02:12,882] Trial 313 finished with value: 0.5942757318318861 and parameters: {'rain_shift': 2.4391253229039416, 'ign_k': 1.2589039240553939, 'rate_power': 0.7247823419769072}. Best is trial 309 with value: 0.6105457512698795.
[I 2026-05-22 18:02:13,231] Trial 314 finished with value: 0.609926511534032 and parameters: {'rain_shift': 1.5724695157271105, 'ign_k': 0.6000961135995547, 'rate_power': 0.7014595484538299}. Best is trial 309 with value: 0.6105457512698795.
[I 2026-05-22 18:02:13,579] Trial 315 finished with value: 0.5919772726712322 and parameters: {'rain_shift': 0.8134588043402042, 'ign_k': 0.4375507486026534, 'rate_power': 0.7189802046867767}. Best is trial 309 with value: 0.6105457512698795.
[I 2026-05-22 18:02:13,927] Trial 316 finished with value: 0.6106382345283041 and parameters: {'rain_shift': 1.9326176668780033, 'ign_k': 0.5763288279417208, 'rate_power': 0.7065096562746662}. Best is trial 316 with value: 0.6106382345283041.
[I 2026-05-22 18:02:14,275] Trial 317 finished with value: 0.6086778103200654 and parameters: {'rain_shift': 1.3621907372352284, 'ign_k': 0.555956053803525, 'rate_power': 0.7465094489101294}. Best is trial 316 with value: 0.6106382345283041.
[I 2026-05-22 18:02:14,629] Trial 318 finished with value: 0.6085855300587648 and parameters: {'rain_shift': 1.29553794791279, 'ign_k': 0.7353915837248409, 'rate_power': 0.7529566830735898}. Best is trial 316 with value: 0.6106382345283041.
[I 2026-05-22 18:02:14,982] Trial 319 finished with value: 0.5994063948813755 and parameters: {'rain_shift': 2.4750835758598333, 'ign_k': 0.30009302087612816, 'rate_power': 0.7285819141909963}. Best is trial 316 with value: 0.6106382345283041.
[I 2026-05-22 18:02:15,330] Trial 320 finished with value: 0.6016879077122501 and parameters: {'rain_shift': 2.5368672389497675, 'ign_k': 0.6077857306824126, 'rate_power': 0.7498288869904751}. Best is trial 316 with value: 0.6106382345283041.
[I 2026-05-22 18:02:15,681] Trial 321 finished with value: 0.5993149167730581 and parameters: {'rain_shift': 2.290818611399342, 'ign_k': 0.713113265639522, 'rate_power': 0.8097104729748399}. Best is trial 316 with value: 0.6106382345283041.
[I 2026-05-22 18:02:16,032] Trial 322 finished with value: 0.5902130511531114 and parameters: {'rain_shift': 2.5836352075321747, 'ign_k': 0.7965436807058773, 'rate_power': 0.8365147476196936}. Best is trial 316 with value: 0.6106382345283041.
[I 2026-05-22 18:02:16,385] Trial 323 finished with value: 0.6011784221935929 and parameters: {'rain_shift': 1.7191604560208014, 'ign_k': 1.3854393781278675, 'rate_power': 0.8054092799953043}. Best is trial 316 with value: 0.6106382345283041.
[I 2026-05-22 18:02:16,736] Trial 324 finished with value: 0.6103099940033789 and parameters: {'rain_shift': 2.0054797822108443, 'ign_k': 0.5344135831914902, 'rate_power': 0.7047271991661718}. Best is trial 316 with value: 0.6106382345283041.
[I 2026-05-22 18:02:17,086] Trial 325 finished with value: 0.5632894501589102 and parameters: {'rain_shift': 0.19619050645306735, 'ign_k': 0.16707135726599492, 'rate_power': 0.7032411382008252}. Best is trial 316 with value: 0.6106382345283041.
[I 2026-05-22 18:02:17,439] Trial 326 finished with value: 0.60429578359312 and parameters: {'rain_shift': 2.2588806934924293, 'ign_k': 0.3757459762060783, 'rate_power': 0.7778689901273664}. Best is trial 316 with value: 0.6106382345283041.
[I 2026-05-22 18:02:17,789] Trial 327 finished with value: 0.5771276336031429 and parameters: {'rain_shift': 3.735184724037928, 'ign_k': 0.7443086897625939, 'rate_power': 0.7992997317657409}. Best is trial 316 with value: 0.6106382345283041.
[I 2026-05-22 18:02:18,134] Trial 328 finished with value: 0.5968478817146893 and parameters: {'rain_shift': 1.0146715240426114, 'ign_k': 2.7910928674506734, 'rate_power': 0.7120519548833585}. Best is trial 316 with value: 0.6106382345283041.
[I 2026-05-22 18:02:18,483] Trial 329 finished with value: 0.6075118557477146 and parameters: {'rain_shift': 1.1006540888052774, 'ign_k': 0.8015433667721106, 'rate_power': 0.8172264545879555}. Best is trial 316 with value: 0.6106382345283041.
[I 2026-05-22 18:02:18,832] Trial 330 finished with value: 0.6081974310021765 and parameters: {'rain_shift': 2.1394868867929397, 'ign_k': 0.5528541505655995, 'rate_power': 0.75984453608309}. Best is trial 316 with value: 0.6106382345283041.
[I 2026-05-22 18:02:19,182] Trial 331 finished with value: 0.6014822338359462 and parameters: {'rain_shift': 2.74481380236043, 'ign_k': 0.568180102411731, 'rate_power': 0.7182686775416329}. Best is trial 316 with value: 0.6106382345283041.
[I 2026-05-22 18:02:19,530] Trial 332 finished with value: 0.6100662066533447 and parameters: {'rain_shift': 2.107837825779711, 'ign_k': 0.5631697353136564, 'rate_power': 0.7187300003103937}. Best is trial 316 with value: 0.6106382345283041.
[I 2026-05-22 18:02:19,877] Trial 333 finished with value: 0.5931981579238625 and parameters: {'rain_shift': 0.9227650822517556, 'ign_k': 0.39108188912855313, 'rate_power': 0.7404943816659665}. Best is trial 316 with value: 0.6106382345283041.
[I 2026-05-22 18:02:20,226] Trial 334 finished with value: 0.5880788625232871 and parameters: {'rain_shift': 0.3210285921214522, 'ign_k': 0.7464003101580858, 'rate_power': 0.7092289262727424}. Best is trial 316 with value: 0.6106382345283041.
[I 2026-05-22 18:02:20,575] Trial 335 finished with value: 0.6081172572920405 and parameters: {'rain_shift': 2.411754843109547, 'ign_k': 0.5071582029862515, 'rate_power': 0.7013919040221858}. Best is trial 316 with value: 0.6106382345283041.
[I 2026-05-22 18:02:20,924] Trial 336 finished with value: 0.5929066578317298 and parameters: {'rain_shift': 3.0704209448966577, 'ign_k': 0.7289049774625376, 'rate_power': 0.7117543724020003}. Best is trial 316 with value: 0.6106382345283041.
[I 2026-05-22 18:02:21,272] Trial 337 finished with value: 0.5954591114623222 and parameters: {'rain_shift': 2.0172576909072393, 'ign_k': 1.0042555918586205, 'rate_power': 0.886809650661798}. Best is trial 316 with value: 0.6106382345283041.
[I 2026-05-22 18:02:21,625] Trial 338 finished with value: 0.5322005933658172 and parameters: {'rain_shift': 8.764174259647158, 'ign_k': 0.9131203821071356, 'rate_power': 1.103293544582052}. Best is trial 316 with value: 0.6106382345283041.
[I 2026-05-22 18:02:21,978] Trial 339 finished with value: 0.6082508812123473 and parameters: {'rain_shift': 1.053294328508206, 'ign_k': 0.6493234492703229, 'rate_power': 0.8166623543936645}. Best is trial 316 with value: 0.6106382345283041.
[I 2026-05-22 18:02:22,330] Trial 340 finished with value: 0.5880316540303034 and parameters: {'rain_shift': 4.4526230569378065, 'ign_k': 0.24072493035994813, 'rate_power': 0.7166465971670224}. Best is trial 316 with value: 0.6106382345283041.
[I 2026-05-22 18:02:22,683] Trial 341 finished with value: 0.6095399294207682 and parameters: {'rain_shift': 1.6045984077722635, 'ign_k': 0.8189524333702382, 'rate_power': 0.7017210427756508}. Best is trial 316 with value: 0.6106382345283041.
[I 2026-05-22 18:02:23,035] Trial 342 finished with value: 0.5955973418798264 and parameters: {'rain_shift': 2.6219611231505193, 'ign_k': 1.0325791513958256, 'rate_power': 0.7002230518963661}. Best is trial 316 with value: 0.6106382345283041.
[I 2026-05-22 18:02:23,387] Trial 343 finished with value: 0.596501475769679 and parameters: {'rain_shift': 0.9358020659205016, 'ign_k': 0.4605144339154351, 'rate_power': 0.7202749790054522}. Best is trial 316 with value: 0.6106382345283041.
[I 2026-05-22 18:02:23,741] Trial 344 finished with value: 0.6063585826319821 and parameters: {'rain_shift': 1.6242656249495044, 'ign_k': 1.1388071385739922, 'rate_power': 0.7349782685592675}. Best is trial 316 with value: 0.6106382345283041.
[I 2026-05-22 18:02:24,094] Trial 345 finished with value: 0.6104689669274261 and parameters: {'rain_shift': 1.6583402128382052, 'ign_k': 0.6187919020360658, 'rate_power': 0.7009697054623665}. Best is trial 316 with value: 0.6106382345283041.
[I 2026-05-22 18:02:24,445] Trial 346 finished with value: 0.6063337778951126 and parameters: {'rain_shift': 1.4204824882352263, 'ign_k': 1.0353000715078622, 'rate_power': 0.7120756867748744}. Best is trial 316 with value: 0.6106382345283041.
[I 2026-05-22 18:02:24,805] Trial 347 finished with value: 0.60914158694503 and parameters: {'rain_shift': 1.8384388651143202, 'ign_k': 0.4723859379055347, 'rate_power': 0.7059225935604199}. Best is trial 316 with value: 0.6106382345283041.
[I 2026-05-22 18:02:25,157] Trial 348 finished with value: 0.5821986628475934 and parameters: {'rain_shift': 4.350982290055189, 'ign_k': 0.5200132474593312, 'rate_power': 0.7268819486681836}. Best is trial 316 with value: 0.6106382345283041.
[I 2026-05-22 18:02:25,505] Trial 349 finished with value: 0.6097857596894659 and parameters: {'rain_shift': 1.5113033612462778, 'ign_k': 0.6500938205625673, 'rate_power': 0.7160461997666697}. Best is trial 316 with value: 0.6106382345283041.
[I 2026-05-22 18:02:25,853] Trial 350 finished with value: 0.6053394601765693 and parameters: {'rain_shift': 1.1426955296279282, 'ign_k': 0.7508033127663092, 'rate_power': 0.7113993304205665}. Best is trial 316 with value: 0.6106382345283041.
[I 2026-05-22 18:02:26,199] Trial 351 finished with value: 0.6104332937823888 and parameters: {'rain_shift': 1.6455052082677455, 'ign_k': 0.5946624040438543, 'rate_power': 0.7036009303483193}. Best is trial 316 with value: 0.6106382345283041.
[I 2026-05-22 18:02:26,547] Trial 352 finished with value: 0.6085976318355222 and parameters: {'rain_shift': 1.6653006564714292, 'ign_k': 0.4768178580832267, 'rate_power': 0.7163692337641115}. Best is trial 316 with value: 0.6106382345283041.
[I 2026-05-22 18:02:26,895] Trial 353 finished with value: 0.5969032596751636 and parameters: {'rain_shift': 2.8237100679750213, 'ign_k': 0.7292126311172907, 'rate_power': 0.7049509447202689}. Best is trial 316 with value: 0.6106382345283041.
[I 2026-05-22 18:02:27,251] Trial 354 finished with value: 0.6089505328052512 and parameters: {'rain_shift': 1.4350262068997361, 'ign_k': 0.6125179160373722, 'rate_power': 0.7074263196433077}. Best is trial 316 with value: 0.6106382345283041.
[I 2026-05-22 18:02:27,604] Trial 355 finished with value: 0.587913522051323 and parameters: {'rain_shift': 0.05755975583787043, 'ign_k': 1.1243108067265901, 'rate_power': 0.7423346048182301}. Best is trial 316 with value: 0.6106382345283041.
[I 2026-05-22 18:02:27,955] Trial 356 finished with value: 0.6001938195953243 and parameters: {'rain_shift': 2.8122887759933928, 'ign_k': 0.3212672648119506, 'rate_power': 0.726576651556491}. Best is trial 316 with value: 0.6106382345283041.
[I 2026-05-22 18:02:28,308] Trial 357 finished with value: 0.6028317715178708 and parameters: {'rain_shift': 2.1147929137153194, 'ign_k': 0.7810686897729493, 'rate_power': 0.7752892603204504}. Best is trial 316 with value: 0.6106382345283041.
[I 2026-05-22 18:02:28,662] Trial 358 finished with value: 0.6030692308269954 and parameters: {'rain_shift': 2.256404136617853, 'ign_k': 0.7994588492349087, 'rate_power': 0.7260232284360314}. Best is trial 316 with value: 0.6106382345283041.
[I 2026-05-22 18:02:29,012] Trial 359 finished with value: 0.5902280989477029 and parameters: {'rain_shift': 0.4813225577769331, 'ign_k': 0.5849387619491644, 'rate_power': 0.7258982731026977}. Best is trial 316 with value: 0.6106382345283041.
[I 2026-05-22 18:02:29,372] Trial 360 finished with value: 0.6067482660623429 and parameters: {'rain_shift': 2.5590950041129332, 'ign_k': 0.4798790270682266, 'rate_power': 0.706527890668072}. Best is trial 316 with value: 0.6106382345283041.
[I 2026-05-22 18:02:29,726] Trial 361 finished with value: 0.5510756737105462 and parameters: {'rain_shift': 7.886066319482155, 'ign_k': 1.9762173391475593, 'rate_power': 0.7130441435662485}. Best is trial 316 with value: 0.6106382345283041.
[I 2026-05-22 18:02:30,081] Trial 362 finished with value: 0.6064282233603611 and parameters: {'rain_shift': 1.2655606375040185, 'ign_k': 0.7729436876643827, 'rate_power': 0.7015120716885395}. Best is trial 316 with value: 0.6106382345283041.
[I 2026-05-22 18:02:30,460] Trial 363 finished with value: 0.6105924233342654 and parameters: {'rain_shift': 1.5663206071082478, 'ign_k': 0.6167122044148119, 'rate_power': 0.7992959095762702}. Best is trial 316 with value: 0.6106382345283041.
[I 2026-05-22 18:02:30,818] Trial 364 finished with value: 0.6057016349197913 and parameters: {'rain_shift': 1.312348295595526, 'ign_k': 0.43411630422288217, 'rate_power': 0.7871467032806534}. Best is trial 316 with value: 0.6106382345283041.
[I 2026-05-22 18:02:31,184] Trial 365 finished with value: 0.6052303639741132 and parameters: {'rain_shift': 1.9577542579676166, 'ign_k': 0.38252444454421747, 'rate_power': 0.8345431085889459}. Best is trial 316 with value: 0.6106382345283041.
[I 2026-05-22 18:02:31,543] Trial 366 finished with value: 0.5371491546915572 and parameters: {'rain_shift': 7.074656332631095, 'ign_k': 2.757051544041068, 'rate_power': 1.0281498452292406}. Best is trial 316 with value: 0.6106382345283041.
[I 2026-05-22 18:02:31,908] Trial 367 finished with value: 0.5803121534397956 and parameters: {'rain_shift': 0.03296388292217034, 'ign_k': 0.5334672810107166, 'rate_power': 0.775551639641457}. Best is trial 316 with value: 0.6106382345283041.
[I 2026-05-22 18:02:32,272] Trial 368 finished with value: 0.6015921808718036 and parameters: {'rain_shift': 2.32690536356934, 'ign_k': 0.6067241414261398, 'rate_power': 0.8072152499571459}. Best is trial 316 with value: 0.6106382345283041.
[I 2026-05-22 18:02:32,626] Trial 369 finished with value: 0.6080873567188196 and parameters: {'rain_shift': 1.0960301802417969, 'ign_k': 0.7356422021372536, 'rate_power': 0.8003174164043605}. Best is trial 316 with value: 0.6106382345283041.
[I 2026-05-22 18:02:32,987] Trial 370 finished with value: 0.5889378653230712 and parameters: {'rain_shift': 2.393919995201864, 'ign_k': 0.22602403687145184, 'rate_power': 0.7027976484429383}. Best is trial 316 with value: 0.6106382345283041.
[I 2026-05-22 18:02:33,338] Trial 371 finished with value: 0.5862031204676658 and parameters: {'rain_shift': 3.3718192033507863, 'ign_k': 0.482879842203989, 'rate_power': 0.8422749444965195}. Best is trial 316 with value: 0.6106382345283041.
[I 2026-05-22 18:02:33,689] Trial 372 finished with value: 0.5950204024741672 and parameters: {'rain_shift': 0.04106640039794418, 'ign_k': 1.4057524124323937, 'rate_power': 0.8215612250313759}. Best is trial 316 with value: 0.6106382345283041.
[I 2026-05-22 18:02:34,042] Trial 373 finished with value: 0.5835353977987867 and parameters: {'rain_shift': 2.972134692880849, 'ign_k': 0.5675334249405797, 'rate_power': 0.9454037413037522}. Best is trial 316 with value: 0.6106382345283041.
[I 2026-05-22 18:02:34,395] Trial 374 finished with value: 0.5912839682665252 and parameters: {'rain_shift': 1.140846126609219, 'ign_k': 0.2847657333983114, 'rate_power': 0.8102185383488839}. Best is trial 316 with value: 0.6106382345283041.
[I 2026-05-22 18:02:34,745] Trial 375 finished with value: 0.5692103747223184 and parameters: {'rain_shift': 3.4307528118382793, 'ign_k': 1.6591667722097323, 'rate_power': 0.8839189833578395}. Best is trial 316 with value: 0.6106382345283041.
[I 2026-05-22 18:02:35,089] Trial 376 finished with value: 0.5963292812514258 and parameters: {'rain_shift': 2.533816027410726, 'ign_k': 0.5809490109590633, 'rate_power': 0.848252239154225}. Best is trial 316 with value: 0.6106382345283041.
[I 2026-05-22 18:02:35,437] Trial 377 finished with value: 0.5977581157080546 and parameters: {'rain_shift': 1.8815801550467353, 'ign_k': 1.3525396236837701, 'rate_power': 0.8278214287561994}. Best is trial 316 with value: 0.6106382345283041.
[I 2026-05-22 18:02:35,787] Trial 378 finished with value: 0.6104026872948913 and parameters: {'rain_shift': 1.6232759161955475, 'ign_k': 0.6168108643311713, 'rate_power': 0.8119809819313063}. Best is trial 316 with value: 0.6106382345283041.
[I 2026-05-22 18:02:36,140] Trial 379 finished with value: 0.6035554209227074 and parameters: {'rain_shift': 2.5029159272348585, 'ign_k': 0.410789911456041, 'rate_power': 0.7948737248721697}. Best is trial 316 with value: 0.6106382345283041.
[I 2026-05-22 18:02:36,487] Trial 380 finished with value: 0.6103333581958045 and parameters: {'rain_shift': 1.729436803110156, 'ign_k': 0.5432000632812531, 'rate_power': 0.774699531555091}. Best is trial 316 with value: 0.6106382345283041.
[I 2026-05-22 18:02:36,831] Trial 381 finished with value: 0.5987420640733455 and parameters: {'rain_shift': 1.634342267941666, 'ign_k': 0.34879638135997937, 'rate_power': 0.7067143307365704}. Best is trial 316 with value: 0.6106382345283041.
[I 2026-05-22 18:02:37,188] Trial 382 finished with value: 0.6071237331198963 and parameters: {'rain_shift': 1.1900746220753557, 'ign_k': 0.5238123858910596, 'rate_power': 0.7727783493686521}. Best is trial 316 with value: 0.6106382345283041.
[I 2026-05-22 18:02:37,538] Trial 383 finished with value: 0.6006262887848477 and parameters: {'rain_shift': 3.0064343842332026, 'ign_k': 0.48865506443965523, 'rate_power': 0.7042741068977223}. Best is trial 316 with value: 0.6106382345283041.
[I 2026-05-22 18:02:37,902] Trial 384 finished with value: 0.6016946289891061 and parameters: {'rain_shift': 2.36856446610553, 'ign_k': 0.535896123973373, 'rate_power': 0.8168291050750562}. Best is trial 316 with value: 0.6106382345283041.
[I 2026-05-22 18:02:38,254] Trial 385 finished with value: 0.5713352165435744 and parameters: {'rain_shift': 5.167519638759517, 'ign_k': 0.07877069944222953, 'rate_power': 0.9510544909487259}. Best is trial 316 with value: 0.6106382345283041.
[I 2026-05-22 18:02:38,603] Trial 386 finished with value: 0.571327066448669 and parameters: {'rain_shift': 0.12489728570473968, 'ign_k': 0.4055438751223582, 'rate_power': 0.7145453880031268}. Best is trial 316 with value: 0.6106382345283041.
[I 2026-05-22 18:02:38,955] Trial 387 finished with value: 0.6104622972119639 and parameters: {'rain_shift': 1.5125916938024693, 'ign_k': 0.60099040237084, 'rate_power': 0.8160307389127897}. Best is trial 316 with value: 0.6106382345283041.
[I 2026-05-22 18:02:39,310] Trial 388 finished with value: 0.6099642649377636 and parameters: {'rain_shift': 1.3817947573091445, 'ign_k': 0.6618167009701383, 'rate_power': 0.7890561588048434}. Best is trial 316 with value: 0.6106382345283041.
[I 2026-05-22 18:02:39,663] Trial 389 finished with value: 0.6079777862079161 and parameters: {'rain_shift': 1.8823109099618898, 'ign_k': 0.7004807292506878, 'rate_power': 0.7755411994386154}. Best is trial 316 with value: 0.6106382345283041.
[I 2026-05-22 18:02:40,014] Trial 390 finished with value: 0.6044194970116287 and parameters: {'rain_shift': 2.1339870346281, 'ign_k': 0.370753851457888, 'rate_power': 0.7893329226869652}. Best is trial 316 with value: 0.6106382345283041.
[I 2026-05-22 18:02:40,365] Trial 391 finished with value: 0.6067690889925499 and parameters: {'rain_shift': 0.9805350586628938, 'ign_k': 0.6534164390018019, 'rate_power': 0.7933843831742927}. Best is trial 316 with value: 0.6106382345283041.
[I 2026-05-22 18:02:40,719] Trial 392 finished with value: 0.5979543461246223 and parameters: {'rain_shift': 2.152926454823033, 'ign_k': 0.9181142035881136, 'rate_power': 0.8073090262818884}. Best is trial 316 with value: 0.6106382345283041.
[I 2026-05-22 18:02:41,073] Trial 393 finished with value: 0.5961658449825545 and parameters: {'rain_shift': 2.7853144498661075, 'ign_k': 0.6162531475726373, 'rate_power': 0.7717321989147927}. Best is trial 316 with value: 0.6106382345283041.
[I 2026-05-22 18:02:41,423] Trial 394 finished with value: 0.6084517644630003 and parameters: {'rain_shift': 1.617840632745449, 'ign_k': 0.471153289441163, 'rate_power': 0.7371624902867236}. Best is trial 316 with value: 0.6106382345283041.
[I 2026-05-22 18:02:41,777] Trial 395 finished with value: 0.6011451347519677 and parameters: {'rain_shift': 2.501380149230082, 'ign_k': 0.7878092638271771, 'rate_power': 0.7038255750619512}. Best is trial 316 with value: 0.6106382345283041.
[I 2026-05-22 18:02:42,126] Trial 396 finished with value: 0.6088094575839303 and parameters: {'rain_shift': 1.3291272258385043, 'ign_k': 0.5308520493952237, 'rate_power': 0.7841985460096766}. Best is trial 316 with value: 0.6106382345283041.
[I 2026-05-22 18:02:42,473] Trial 397 finished with value: 0.5916650645336727 and parameters: {'rain_shift': 0.4662069245316812, 'ign_k': 0.4148553233203783, 'rate_power': 0.8264251965259578}. Best is trial 316 with value: 0.6106382345283041.
[I 2026-05-22 18:02:42,821] Trial 398 finished with value: 0.5866536390520729 and parameters: {'rain_shift': 2.6164121394607553, 'ign_k': 0.9929367589623374, 'rate_power': 0.8433283553624675}. Best is trial 316 with value: 0.6106382345283041.
[I 2026-05-22 18:02:43,186] Trial 399 finished with value: 0.6050912539947331 and parameters: {'rain_shift': 0.9691295237140541, 'ign_k': 0.9268952558608371, 'rate_power': 0.8098301644764035}. Best is trial 316 with value: 0.6106382345283041.
[I 2026-05-22 18:02:43,540] Trial 400 finished with value: 0.6086648331264193 and parameters: {'rain_shift': 1.881981773572693, 'ign_k': 0.4554743806718934, 'rate_power': 0.7916863851532585}. Best is trial 316 with value: 0.6106382345283041.
[I 2026-05-22 18:02:43,888] Trial 401 finished with value: 0.592032064397108 and parameters: {'rain_shift': 2.7959241362935745, 'ign_k': 0.31817792651750554, 'rate_power': 0.9418644216327736}. Best is trial 316 with value: 0.6106382345283041.
[I 2026-05-22 18:02:44,245] Trial 402 finished with value: 0.6079087960007176 and parameters: {'rain_shift': 2.132646182176625, 'ign_k': 0.6972795283611408, 'rate_power': 0.7081861016755203}. Best is trial 316 with value: 0.6106382345283041.
[I 2026-05-22 18:02:44,596] Trial 403 finished with value: 0.590586279261918 and parameters: {'rain_shift': 2.303585800265975, 'ign_k': 0.2101310226511427, 'rate_power': 0.8435765773637934}. Best is trial 316 with value: 0.6106382345283041.
[I 2026-05-22 18:02:44,945] Trial 404 finished with value: 0.5903703342868422 and parameters: {'rain_shift': 0.1258565677695087, 'ign_k': 0.5575932615389145, 'rate_power': 0.842305148707489}. Best is trial 316 with value: 0.6106382345283041.
[I 2026-05-22 18:02:45,299] Trial 405 finished with value: 0.5905250571381426 and parameters: {'rain_shift': 0.9218976856068404, 'ign_k': 0.39902722813413355, 'rate_power': 0.7053768855197381}. Best is trial 316 with value: 0.6106382345283041.
[I 2026-05-22 18:02:45,649] Trial 406 finished with value: 0.5902237092541819 and parameters: {'rain_shift': 2.566581774112312, 'ign_k': 0.8722790115866864, 'rate_power': 0.8235835255816398}. Best is trial 316 with value: 0.6106382345283041.
[I 2026-05-22 18:02:45,997] Trial 407 finished with value: 0.6091976258143782 and parameters: {'rain_shift': 1.4396095225011658, 'ign_k': 0.7438024367833751, 'rate_power': 0.7863240342967834}. Best is trial 316 with value: 0.6106382345283041.
[I 2026-05-22 18:02:46,347] Trial 408 finished with value: 0.610003327559735 and parameters: {'rain_shift': 1.9901623511099749, 'ign_k': 0.5057677894259152, 'rate_power': 0.7091609995797581}. Best is trial 316 with value: 0.6106382345283041.
[I 2026-05-22 18:02:46,697] Trial 409 finished with value: 0.5900375535691255 and parameters: {'rain_shift': 3.7149997919516564, 'ign_k': 0.4088688290787575, 'rate_power': 0.7537059573023914}. Best is trial 316 with value: 0.6106382345283041.
[I 2026-05-22 18:02:47,045] Trial 410 finished with value: 0.6109037913262729 and parameters: {'rain_shift': 1.833054966423121, 'ign_k': 0.5888389899373793, 'rate_power': 0.7009604619195126}. Best is trial 410 with value: 0.6109037913262729.
[I 2026-05-22 18:02:47,393] Trial 411 finished with value: 0.5912001298944326 and parameters: {'rain_shift': 3.8285188197154585, 'ign_k': 0.4659497119572152, 'rate_power': 0.7023447226272637}. Best is trial 410 with value: 0.6109037913262729.
[I 2026-05-22 18:02:47,740] Trial 412 finished with value: 0.5697434599543973 and parameters: {'rain_shift': 7.41315208611309, 'ign_k': 0.06777399273715445, 'rate_power': 0.7071602896977336}. Best is trial 410 with value: 0.6109037913262729.
[I 2026-05-22 18:02:48,087] Trial 413 finished with value: 0.5951048289015667 and parameters: {'rain_shift': 2.0970601141238983, 'ign_k': 0.2789068567367295, 'rate_power': 0.7144175618353403}. Best is trial 410 with value: 0.6109037913262729.
[I 2026-05-22 18:02:48,479] Trial 414 finished with value: 0.6071076668956279 and parameters: {'rain_shift': 1.4400161175540225, 'ign_k': 0.46552019523936455, 'rate_power': 0.7444676476068826}. Best is trial 410 with value: 0.6109037913262729.
[I 2026-05-22 18:02:48,877] Trial 415 finished with value: 0.5716860505571346 and parameters: {'rain_shift': 4.122081955458583, 'ign_k': 0.8534601107452434, 'rate_power': 0.7965862459115103}. Best is trial 410 with value: 0.6109037913262729.
[I 2026-05-22 18:02:49,234] Trial 416 finished with value: 0.602134047494036 and parameters: {'rain_shift': 2.1864653694430243, 'ign_k': 1.0033385883679171, 'rate_power': 0.7062381627894734}. Best is trial 410 with value: 0.6109037913262729.
[I 2026-05-22 18:02:49,585] Trial 417 finished with value: 0.5876358258098606 and parameters: {'rain_shift': 3.171809207735051, 'ign_k': 0.616883632635813, 'rate_power': 0.8036536892498528}. Best is trial 410 with value: 0.6109037913262729.
[I 2026-05-22 18:02:49,938] Trial 418 finished with value: 0.6101493693723178 and parameters: {'rain_shift': 1.5932640109101173, 'ign_k': 0.5845191796840643, 'rate_power': 0.7073682711186712}. Best is trial 410 with value: 0.6109037913262729.
[I 2026-05-22 18:02:50,287] Trial 419 finished with value: 0.6045916639358547 and parameters: {'rain_shift': 2.37679952542422, 'ign_k': 0.7013132764729023, 'rate_power': 0.7048726304850038}. Best is trial 410 with value: 0.6109037913262729.
[I 2026-05-22 18:02:50,642] Trial 420 finished with value: 0.6042085762926326 and parameters: {'rain_shift': 2.3388034539163867, 'ign_k': 0.3704618794879558, 'rate_power': 0.707559952310212}. Best is trial 410 with value: 0.6109037913262729.
[I 2026-05-22 18:02:50,992] Trial 421 finished with value: 0.5911654787520757 and parameters: {'rain_shift': 1.4465536067717046, 'ign_k': 0.3127444049658129, 'rate_power': 0.7040363335094776}. Best is trial 410 with value: 0.6109037913262729.
[I 2026-05-22 18:02:51,345] Trial 422 finished with value: 0.5869257140100133 and parameters: {'rain_shift': 0.25995778586612217, 'ign_k': 0.6669325858249444, 'rate_power': 0.7316790753779904}. Best is trial 410 with value: 0.6109037913262729.
[I 2026-05-22 18:02:51,704] Trial 423 finished with value: 0.6085273025592711 and parameters: {'rain_shift': 2.364062324034231, 'ign_k': 0.5022609657529176, 'rate_power': 0.7020915501386301}. Best is trial 410 with value: 0.6109037913262729.
[I 2026-05-22 18:02:52,061] Trial 424 finished with value: 0.5994518243395728 and parameters: {'rain_shift': 0.7904782515044139, 'ign_k': 0.685016372269233, 'rate_power': 0.7115889751640125}. Best is trial 410 with value: 0.6109037913262729.
[I 2026-05-22 18:02:52,409] Trial 425 finished with value: 0.6012708753470971 and parameters: {'rain_shift': 1.00965547887533, 'ign_k': 1.253177760137388, 'rate_power': 0.7417845601175135}. Best is trial 410 with value: 0.6109037913262729.
[I 2026-05-22 18:02:52,759] Trial 426 finished with value: 0.5412537387067259 and parameters: {'rain_shift': 6.035197698791385, 'ign_k': 0.6166743603247248, 'rate_power': 1.2048243550895408}. Best is trial 410 with value: 0.6109037913262729.
[I 2026-05-22 18:02:53,111] Trial 427 finished with value: 0.6052760355437051 and parameters: {'rain_shift': 2.506706230688716, 'ign_k': 0.4210264305765737, 'rate_power': 0.7509911968054317}. Best is trial 410 with value: 0.6109037913262729.
[I 2026-05-22 18:02:53,456] Trial 428 finished with value: 0.5669087847064953 and parameters: {'rain_shift': 4.624445287722331, 'ign_k': 1.4432899367880534, 'rate_power': 0.7339738828878506}. Best is trial 410 with value: 0.6109037913262729.
[I 2026-05-22 18:02:53,805] Trial 429 finished with value: 0.6042307735571469 and parameters: {'rain_shift': 1.0913931251596711, 'ign_k': 0.7746109347683158, 'rate_power': 0.715364871249611}. Best is trial 410 with value: 0.6109037913262729.
[I 2026-05-22 18:02:54,155] Trial 430 finished with value: 0.6054283140695053 and parameters: {'rain_shift': 2.34837809969653, 'ign_k': 0.6766729469173387, 'rate_power': 0.7134658337412987}. Best is trial 410 with value: 0.6109037913262729.
[I 2026-05-22 18:02:54,509] Trial 431 finished with value: 0.6104393408503872 and parameters: {'rain_shift': 1.9933213461240316, 'ign_k': 0.5398314877112687, 'rate_power': 0.7041865908487522}. Best is trial 410 with value: 0.6109037913262729.
[I 2026-05-22 18:02:54,853] Trial 432 finished with value: 0.6043921462356463 and parameters: {'rain_shift': 2.251998298444734, 'ign_k': 0.7693573559703836, 'rate_power': 0.7183209978435219}. Best is trial 410 with value: 0.6109037913262729.
[I 2026-05-22 18:02:55,205] Trial 433 finished with value: 0.6108220246006493 and parameters: {'rain_shift': 1.6961879638245951, 'ign_k': 0.6914125997571677, 'rate_power': 0.7019591089583492}. Best is trial 410 with value: 0.6109037913262729.
[I 2026-05-22 18:02:55,556] Trial 434 finished with value: 0.5958561120942233 and parameters: {'rain_shift': 0.6777885281589342, 'ign_k': 0.6594551339139267, 'rate_power': 0.7027765826609457}. Best is trial 410 with value: 0.6109037913262729.
[I 2026-05-22 18:02:55,908] Trial 435 finished with value: 0.6005939667553976 and parameters: {'rain_shift': 2.881743275055154, 'ign_k': 0.330375399138969, 'rate_power': 0.7025258437542091}. Best is trial 410 with value: 0.6109037913262729.
[I 2026-05-22 18:02:56,257] Trial 436 finished with value: 0.6091005689363588 and parameters: {'rain_shift': 2.0921873839670293, 'ign_k': 0.46525925588284534, 'rate_power': 0.7180115905959761}. Best is trial 410 with value: 0.6109037913262729.
[I 2026-05-22 18:02:56,603] Trial 437 finished with value: 0.5687605791643747 and parameters: {'rain_shift': 0.09433578955086275, 'ign_k': 0.39229864947876136, 'rate_power': 0.7029609683611795}. Best is trial 410 with value: 0.6109037913262729.
[I 2026-05-22 18:02:56,977] Trial 438 finished with value: 0.6062314029718732 and parameters: {'rain_shift': 2.40062438032883, 'ign_k': 0.5916114035065223, 'rate_power': 0.7179132432393748}. Best is trial 410 with value: 0.6109037913262729.
[I 2026-05-22 18:02:57,334] Trial 439 finished with value: 0.6078765451726088 and parameters: {'rain_shift': 1.8712355720104776, 'ign_k': 0.8668929562502017, 'rate_power': 0.710173817325471}. Best is trial 410 with value: 0.6109037913262729.
[I 2026-05-22 18:02:57,689] Trial 440 finished with value: 0.5677578444151856 and parameters: {'rain_shift': 2.743713761231434, 'ign_k': 0.07589511100296578, 'rate_power': 1.1883300226168552}. Best is trial 410 with value: 0.6109037913262729.
[I 2026-05-22 18:02:58,037] Trial 441 finished with value: 0.5779775039656007 and parameters: {'rain_shift': 4.189266152460844, 'ign_k': 0.7399946072610979, 'rate_power': 0.7274871085034306}. Best is trial 410 with value: 0.6109037913262729.
[I 2026-05-22 18:02:58,382] Trial 442 finished with value: 0.5923839030113662 and parameters: {'rain_shift': 3.147213608149886, 'ign_k': 0.4833568984334735, 'rate_power': 0.795840495080973}. Best is trial 410 with value: 0.6109037913262729.
[I 2026-05-22 18:02:58,727] Trial 443 finished with value: 0.6102176168624269 and parameters: {'rain_shift': 2.103820523878952, 'ign_k': 0.623370272366916, 'rate_power': 0.7079245297272779}. Best is trial 410 with value: 0.6109037913262729.
[I 2026-05-22 18:02:59,076] Trial 444 finished with value: 0.5883215104385984 and parameters: {'rain_shift': 2.762109256454573, 'ign_k': 1.0342668316322563, 'rate_power': 0.770798057311377}. Best is trial 410 with value: 0.6109037913262729.
[I 2026-05-22 18:02:59,425] Trial 445 finished with value: 0.6063992855860825 and parameters: {'rain_shift': 1.526954034457455, 'ign_k': 0.41497312925176977, 'rate_power': 0.7710235073963847}. Best is trial 410 with value: 0.6109037913262729.
[I 2026-05-22 18:02:59,772] Trial 446 finished with value: 0.6063335593257868 and parameters: {'rain_shift': 2.2302926111466475, 'ign_k': 0.5771971651551383, 'rate_power': 0.7602622633896221}. Best is trial 410 with value: 0.6109037913262729.
[I 2026-05-22 18:03:00,128] Trial 447 finished with value: 0.5924957060491853 and parameters: {'rain_shift': 2.6964460166638937, 'ign_k': 1.1837220538061097, 'rate_power': 0.7073997172501756}. Best is trial 410 with value: 0.6109037913262729.
[I 2026-05-22 18:03:00,480] Trial 448 finished with value: 0.6046851364718575 and parameters: {'rain_shift': 1.339179431338572, 'ign_k': 0.47728904024670815, 'rate_power': 0.7096358207215498}. Best is trial 410 with value: 0.6109037913262729.
[I 2026-05-22 18:03:00,829] Trial 449 finished with value: 0.595820801103049 and parameters: {'rain_shift': 1.5982522787217281, 'ign_k': 0.3306686454266366, 'rate_power': 0.7035368075338077}. Best is trial 410 with value: 0.6109037913262729.
[I 2026-05-22 18:03:01,188] Trial 450 finished with value: 0.602538317056977 and parameters: {'rain_shift': 1.2405135623065955, 'ign_k': 1.3765460831674332, 'rate_power': 0.7130612957884637}. Best is trial 410 with value: 0.6109037913262729.
[I 2026-05-22 18:03:01,534] Trial 451 finished with value: 0.6009056340148006 and parameters: {'rain_shift': 1.0647408376333034, 'ign_k': 0.5139580210586021, 'rate_power': 0.7052110964550553}. Best is trial 410 with value: 0.6109037913262729.
[I 2026-05-22 18:03:01,889] Trial 452 finished with value: 0.591321899430909 and parameters: {'rain_shift': 3.6111896726306374, 'ign_k': 0.5202136187519271, 'rate_power': 0.7140707226792822}. Best is trial 410 with value: 0.6109037913262729.
[I 2026-05-22 18:03:02,243] Trial 453 finished with value: 0.6069325902241758 and parameters: {'rain_shift': 2.172984230103979, 'ign_k': 0.5303261616211382, 'rate_power': 0.7838186685942231}. Best is trial 410 with value: 0.6109037913262729.
[I 2026-05-22 18:03:02,602] Trial 454 finished with value: 0.5863575725796552 and parameters: {'rain_shift': 0.9137410811031579, 'ign_k': 0.28279586814758767, 'rate_power': 0.7951370729685513}. Best is trial 410 with value: 0.6109037913262729.
[I 2026-05-22 18:03:02,962] Trial 455 finished with value: 0.5995431156136545 and parameters: {'rain_shift': 2.4566759381705903, 'ign_k': 0.7367743929039858, 'rate_power': 0.7534082457151567}. Best is trial 410 with value: 0.6109037913262729.
[I 2026-05-22 18:03:03,314] Trial 456 finished with value: 0.5978002336309183 and parameters: {'rain_shift': 2.650611149197535, 'ign_k': 0.28768528860826426, 'rate_power': 0.8126388480871376}. Best is trial 410 with value: 0.6109037913262729.
[I 2026-05-22 18:03:03,667] Trial 457 finished with value: 0.603461160473027 and parameters: {'rain_shift': 1.132022357139956, 'ign_k': 0.8428225839815885, 'rate_power': 0.7007656449283387}. Best is trial 410 with value: 0.6109037913262729.
[I 2026-05-22 18:03:04,026] Trial 458 finished with value: 0.607843508535819 and parameters: {'rain_shift': 1.3359730884630832, 'ign_k': 0.6772881025438687, 'rate_power': 0.7040697299663392}. Best is trial 410 with value: 0.6109037913262729.
[I 2026-05-22 18:03:04,376] Trial 459 finished with value: 0.601011379197177 and parameters: {'rain_shift': 2.6085500952533445, 'ign_k': 0.5579490964402111, 'rate_power': 0.7592807874253112}. Best is trial 410 with value: 0.6109037913262729.
[I 2026-05-22 18:03:04,783] Trial 460 finished with value: 0.5988764804982588 and parameters: {'rain_shift': 2.0532897930442866, 'ign_k': 1.1438470357618034, 'rate_power': 0.7843068099127487}. Best is trial 410 with value: 0.6109037913262729.
[I 2026-05-22 18:03:05,146] Trial 461 finished with value: 0.5540127121220553 and parameters: {'rain_shift': 9.740879774059469, 'ign_k': 0.06059074025294599, 'rate_power': 1.1370906015033233}. Best is trial 410 with value: 0.6109037913262729.
[I 2026-05-22 18:03:05,499] Trial 462 finished with value: 0.6091404957579208 and parameters: {'rain_shift': 1.2221286518533383, 'ign_k': 0.6557502430936891, 'rate_power': 0.7938124496908575}. Best is trial 410 with value: 0.6109037913262729.
[I 2026-05-22 18:03:05,847] Trial 463 finished with value: 0.5451747454844007 and parameters: {'rain_shift': 8.066290796229518, 'ign_k': 0.6420768813764856, 'rate_power': 0.8818401717325584}. Best is trial 410 with value: 0.6109037913262729.
[I 2026-05-22 18:03:06,200] Trial 464 finished with value: 0.6103233408718632 and parameters: {'rain_shift': 2.1138295427084817, 'ign_k': 0.6086813026788961, 'rate_power': 0.7031588120754024}. Best is trial 410 with value: 0.6109037913262729.
[I 2026-05-22 18:03:06,549] Trial 465 finished with value: 0.5906302074008642 and parameters: {'rain_shift': 3.129797034791418, 'ign_k': 0.7534190553706013, 'rate_power': 0.721145994204634}. Best is trial 410 with value: 0.6109037913262729.
[I 2026-05-22 18:03:06,898] Trial 466 finished with value: 0.6087045297569955 and parameters: {'rain_shift': 2.2754576642573703, 'ign_k': 0.46638618766099943, 'rate_power': 0.7104009611727995}. Best is trial 410 with value: 0.6109037913262729.
[I 2026-05-22 18:03:07,244] Trial 467 finished with value: 0.6041168680973514 and parameters: {'rain_shift': 1.6680136411275752, 'ign_k': 0.3960275904867325, 'rate_power': 0.7066085063581649}. Best is trial 410 with value: 0.6109037913262729.
[I 2026-05-22 18:03:07,594] Trial 468 finished with value: 0.5945632724906666 and parameters: {'rain_shift': 2.739160410197943, 'ign_k': 0.7011392664441836, 'rate_power': 0.7684381094302504}. Best is trial 410 with value: 0.6109037913262729.
[I 2026-05-22 18:03:07,948] Trial 469 finished with value: 0.6038127502480114 and parameters: {'rain_shift': 1.722784353269261, 'ign_k': 0.36167517655172415, 'rate_power': 0.7836684370841265}. Best is trial 410 with value: 0.6109037913262729.
[I 2026-05-22 18:03:08,302] Trial 470 finished with value: 0.6063938796388388 and parameters: {'rain_shift': 2.434033639189682, 'ign_k': 0.5950095013670578, 'rate_power': 0.7062305469863478}. Best is trial 410 with value: 0.6109037913262729.
[I 2026-05-22 18:03:08,652] Trial 471 finished with value: 0.6017072886381207 and parameters: {'rain_shift': 2.74631376305428, 'ign_k': 0.5863558672990241, 'rate_power': 0.7084354770588813}. Best is trial 410 with value: 0.6109037913262729.
[I 2026-05-22 18:03:08,999] Trial 472 finished with value: 0.6051338823938851 and parameters: {'rain_shift': 1.2339876093074347, 'ign_k': 0.8530154048279747, 'rate_power': 0.7019071526768432}. Best is trial 410 with value: 0.6109037913262729.
[I 2026-05-22 18:03:09,346] Trial 473 finished with value: 0.6051015591105906 and parameters: {'rain_shift': 1.1947592628586998, 'ign_k': 0.43307860069338333, 'rate_power': 0.7994348666254444}. Best is trial 410 with value: 0.6109037913262729.
[I 2026-05-22 18:03:09,701] Trial 474 finished with value: 0.6098387228938665 and parameters: {'rain_shift': 2.204878110630552, 'ign_k': 0.5431682627009703, 'rate_power': 0.7008463428807452}. Best is trial 410 with value: 0.6109037913262729.
[I 2026-05-22 18:03:10,055] Trial 475 finished with value: 0.6018682526629153 and parameters: {'rain_shift': 0.6718717061873909, 'ign_k': 0.9129766007231301, 'rate_power': 0.785433444784259}. Best is trial 410 with value: 0.6109037913262729.
[I 2026-05-22 18:03:10,409] Trial 476 finished with value: 0.5918431177897417 and parameters: {'rain_shift': 2.994271002754371, 'ign_k': 0.5867443989852198, 'rate_power': 0.8009503143267191}. Best is trial 410 with value: 0.6109037913262729.
[I 2026-05-22 18:03:10,758] Trial 477 finished with value: 0.6091761637250441 and parameters: {'rain_shift': 2.1033432171937374, 'ign_k': 0.46207780646588453, 'rate_power': 0.7051971395790179}. Best is trial 410 with value: 0.6109037913262729.
[I 2026-05-22 18:03:11,111] Trial 478 finished with value: 0.6095709465360541 and parameters: {'rain_shift': 1.354233135023521, 'ign_k': 0.6950623121847213, 'rate_power': 0.7928567305504892}. Best is trial 410 with value: 0.6109037913262729.
[I 2026-05-22 18:03:11,458] Trial 479 finished with value: 0.6009026325138427 and parameters: {'rain_shift': 2.347449932471818, 'ign_k': 0.9371073066085653, 'rate_power': 0.7023413155359559}. Best is trial 410 with value: 0.6109037913262729.
[I 2026-05-22 18:03:11,803] Trial 480 finished with value: 0.6012649709643129 and parameters: {'rain_shift': 1.956918700527953, 'ign_k': 1.0363875321829867, 'rate_power': 0.7940510679894498}. Best is trial 410 with value: 0.6109037913262729.
[I 2026-05-22 18:03:12,151] Trial 481 finished with value: 0.591945995449625 and parameters: {'rain_shift': 0.6139768043883473, 'ign_k': 0.5801357393070136, 'rate_power': 0.7075198150019906}. Best is trial 410 with value: 0.6109037913262729.
[I 2026-05-22 18:03:12,501] Trial 482 finished with value: 0.5350365203728706 and parameters: {'rain_shift': 6.335215099037592, 'ign_k': 1.7844883736660146, 'rate_power': 1.290685947186131}. Best is trial 410 with value: 0.6109037913262729.
[I 2026-05-22 18:03:12,852] Trial 483 finished with value: 0.5988961956369331 and parameters: {'rain_shift': 2.7072188997926037, 'ign_k': 0.33602829875901485, 'rate_power': 0.8152801874848505}. Best is trial 410 with value: 0.6109037913262729.
[I 2026-05-22 18:03:13,206] Trial 484 finished with value: 0.597558939853927 and parameters: {'rain_shift': 3.4242375122792343, 'ign_k': 0.37731485846938917, 'rate_power': 0.718921809135457}. Best is trial 410 with value: 0.6109037913262729.
[I 2026-05-22 18:03:13,556] Trial 485 finished with value: 0.6107944009437757 and parameters: {'rain_shift': 1.7461014284077379, 'ign_k': 0.5855608858896645, 'rate_power': 0.7077491116952026}. Best is trial 410 with value: 0.6109037913262729.
[I 2026-05-22 18:03:13,905] Trial 486 finished with value: 0.5820659229838303 and parameters: {'rain_shift': 3.4061807730124327, 'ign_k': 1.1040790429635001, 'rate_power': 0.7304281134873905}. Best is trial 410 with value: 0.6109037913262729.
[I 2026-05-22 18:03:14,250] Trial 487 finished with value: 0.5813995704289118 and parameters: {'rain_shift': 1.7052179138467247, 'ign_k': 0.2144039436761283, 'rate_power': 0.702934968576428}. Best is trial 410 with value: 0.6109037913262729.
[I 2026-05-22 18:03:14,598] Trial 488 finished with value: 0.6089157077120843 and parameters: {'rain_shift': 1.7412170209470408, 'ign_k': 0.455886313850934, 'rate_power': 0.7757680734799954}. Best is trial 410 with value: 0.6109037913262729.
[I 2026-05-22 18:03:14,948] Trial 489 finished with value: 0.6099812431451547 and parameters: {'rain_shift': 1.753408156303345, 'ign_k': 0.5154187510684046, 'rate_power': 0.7083435836250618}. Best is trial 410 with value: 0.6109037913262729.
[I 2026-05-22 18:03:15,297] Trial 490 finished with value: 0.6017120151370473 and parameters: {'rain_shift': 2.8406069727121555, 'ign_k': 0.5510891384934151, 'rate_power': 0.7002259297944853}. Best is trial 410 with value: 0.6109037913262729.
[I 2026-05-22 18:03:15,644] Trial 491 finished with value: 0.5753629541301328 and parameters: {'rain_shift': 0.27708809292271663, 'ign_k': 0.3092240059064705, 'rate_power': 0.7708928809359882}. Best is trial 410 with value: 0.6109037913262729.
[I 2026-05-22 18:03:15,987] Trial 492 finished with value: 0.6095407544780258 and parameters: {'rain_shift': 1.6109373065017683, 'ign_k': 0.5384010905404508, 'rate_power': 0.7064561733421221}. Best is trial 410 with value: 0.6109037913262729.
[I 2026-05-22 18:03:16,333] Trial 493 finished with value: 0.6040694590971141 and parameters: {'rain_shift': 1.847303494189803, 'ign_k': 1.3788126880399085, 'rate_power': 0.7007210219490599}. Best is trial 410 with value: 0.6109037913262729.
[I 2026-05-22 18:03:16,680] Trial 494 finished with value: 0.6053969468436924 and parameters: {'rain_shift': 1.6772925734596058, 'ign_k': 1.034063358971461, 'rate_power': 0.7802288045719267}. Best is trial 410 with value: 0.6109037913262729.
[I 2026-05-22 18:03:17,037] Trial 495 finished with value: 0.6094267764912891 and parameters: {'rain_shift': 1.2807874867155506, 'ign_k': 0.6650439818625681, 'rate_power': 0.7926102203232395}. Best is trial 410 with value: 0.6109037913262729.
[I 2026-05-22 18:03:17,385] Trial 496 finished with value: 0.6080433792687304 and parameters: {'rain_shift': 1.9518651025934224, 'ign_k': 0.5999972866123577, 'rate_power': 0.7949100007752847}. Best is trial 410 with value: 0.6109037913262729.
[I 2026-05-22 18:03:17,732] Trial 497 finished with value: 0.6046120748215648 and parameters: {'rain_shift': 1.4223271274130729, 'ign_k': 0.40934550599710523, 'rate_power': 0.7567928302834135}. Best is trial 410 with value: 0.6109037913262729.
[I 2026-05-22 18:03:18,080] Trial 498 finished with value: 0.5990552522009427 and parameters: {'rain_shift': 1.602108075009953, 'ign_k': 0.35677303485446105, 'rate_power': 0.702279648988687}. Best is trial 410 with value: 0.6109037913262729.
[I 2026-05-22 18:03:18,431] Trial 499 finished with value: 0.6061191773709258 and parameters: {'rain_shift': 2.492487971346894, 'ign_k': 0.5785095846618356, 'rate_power': 0.7017688839597348}. Best is trial 410 with value: 0.6109037913262729.
[I 2026-05-22 18:03:18,783] Trial 500 finished with value: 0.5556483460997872 and parameters: {'rain_shift': 5.911915497941864, 'ign_k': 0.17816080468037684, 'rate_power': 1.1059090681367656}. Best is trial 410 with value: 0.6109037913262729.
[I 2026-05-22 18:03:19,136] Trial 501 finished with value: 0.5981052974021135 and parameters: {'rain_shift': 0.9129014777307115, 'ign_k': 0.540331348130796, 'rate_power': 0.7030240476695173}. Best is trial 410 with value: 0.6109037913262729.
[I 2026-05-22 18:03:19,483] Trial 502 finished with value: 0.5942328936443964 and parameters: {'rain_shift': 2.9813579439161564, 'ign_k': 0.24950528685268827, 'rate_power': 0.7896793617210529}. Best is trial 410 with value: 0.6109037913262729.
[I 2026-05-22 18:03:19,830] Trial 503 finished with value: 0.5750926157658168 and parameters: {'rain_shift': 4.455162536857449, 'ign_k': 0.8716611149246416, 'rate_power': 0.7061318630466298}. Best is trial 410 with value: 0.6109037913262729.
[I 2026-05-22 18:03:20,178] Trial 504 finished with value: 0.600990175012649 and parameters: {'rain_shift': 0.5647202779215414, 'ign_k': 0.70691226547937, 'rate_power': 0.7926030269067759}. Best is trial 410 with value: 0.6109037913262729.
[I 2026-05-22 18:03:20,523] Trial 505 finished with value: 0.5941661311245551 and parameters: {'rain_shift': 3.199924914122425, 'ign_k': 0.35868877341192545, 'rate_power': 0.8073044849756393}. Best is trial 410 with value: 0.6109037913262729.
[I 2026-05-22 18:03:20,876] Trial 506 finished with value: 0.5929296375563022 and parameters: {'rain_shift': 2.675749661468311, 'ign_k': 0.6745078459979178, 'rate_power': 0.8223600193070612}. Best is trial 410 with value: 0.6109037913262729.
[I 2026-05-22 18:03:21,236] Trial 507 finished with value: 0.6011686689527266 and parameters: {'rain_shift': 0.9889430189543114, 'ign_k': 0.842803593600186, 'rate_power': 0.701673005976264}. Best is trial 410 with value: 0.6109037913262729.
[I 2026-05-22 18:03:21,591] Trial 508 finished with value: 0.5968551306110175 and parameters: {'rain_shift': 3.522511319084404, 'ign_k': 0.3448882265203014, 'rate_power': 0.7043856429988726}. Best is trial 410 with value: 0.6109037913262729.
[I 2026-05-22 18:03:21,941] Trial 509 finished with value: 0.6076928155778528 and parameters: {'rain_shift': 2.057309347190707, 'ign_k': 0.5709286364215752, 'rate_power': 0.7855699273466138}. Best is trial 410 with value: 0.6109037913262729.
[I 2026-05-22 18:03:22,295] Trial 510 finished with value: 0.6015073330500134 and parameters: {'rain_shift': 1.6908452835426049, 'ign_k': 0.36983804406720866, 'rate_power': 0.7006025271496086}. Best is trial 410 with value: 0.6109037913262729.
[I 2026-05-22 18:03:22,652] Trial 511 finished with value: 0.5808130968235421 and parameters: {'rain_shift': 3.3845402132400277, 'ign_k': 0.7583988722274138, 'rate_power': 0.8039503794128123}. Best is trial 410 with value: 0.6109037913262729.
[I 2026-05-22 18:03:22,999] Trial 512 finished with value: 0.5911236707952519 and parameters: {'rain_shift': 2.513053460519718, 'ign_k': 1.1044416066557106, 'rate_power': 0.7781546214183458}. Best is trial 410 with value: 0.6109037913262729.
[I 2026-05-22 18:03:23,349] Trial 513 finished with value: 0.6072845142656474 and parameters: {'rain_shift': 1.3222652742846956, 'ign_k': 0.5869552726735733, 'rate_power': 0.7049407012207712}. Best is trial 410 with value: 0.6109037913262729.
[I 2026-05-22 18:03:23,698] Trial 514 finished with value: 0.6035325301575319 and parameters: {'rain_shift': 2.7395721633283667, 'ign_k': 0.5329725344073699, 'rate_power': 0.7016258205936113}. Best is trial 410 with value: 0.6109037913262729.
[I 2026-05-22 18:03:24,096] Trial 515 finished with value: 0.6060888388980062 and parameters: {'rain_shift': 2.1363835007753975, 'ign_k': 0.8154086638214434, 'rate_power': 0.7000798234910941}. Best is trial 410 with value: 0.6109037913262729.
[I 2026-05-22 18:03:24,483] Trial 516 finished with value: 0.6076896490779694 and parameters: {'rain_shift': 1.4087309563650425, 'ign_k': 0.9288357965538317, 'rate_power': 0.7954150581993985}. Best is trial 410 with value: 0.6109037913262729.
[I 2026-05-22 18:03:24,838] Trial 517 finished with value: 0.6083218812076524 and parameters: {'rain_shift': 1.8532356633356544, 'ign_k': 0.4460793816331545, 'rate_power': 0.8081553720286031}. Best is trial 410 with value: 0.6109037913262729.
[I 2026-05-22 18:03:25,188] Trial 518 finished with value: 0.5961136802791773 and parameters: {'rain_shift': 0.22648406344876615, 'ign_k': 0.9624304588174875, 'rate_power': 0.7917625095705139}. Best is trial 410 with value: 0.6109037913262729.
[I 2026-05-22 18:03:25,543] Trial 519 finished with value: 0.5973330408780179 and parameters: {'rain_shift': 2.7240555162175486, 'ign_k': 0.5517882272216565, 'rate_power': 0.790563552287414}. Best is trial 410 with value: 0.6109037913262729.
[I 2026-05-22 18:03:25,895] Trial 520 finished with value: 0.6080280331167409 and parameters: {'rain_shift': 1.672368040221175, 'ign_k': 0.4713171956909933, 'rate_power': 0.7007156063995901}. Best is trial 410 with value: 0.6109037913262729.
[I 2026-05-22 18:03:26,244] Trial 521 finished with value: 0.6078178295268934 and parameters: {'rain_shift': 1.4868522559643438, 'ign_k': 0.4489080697744211, 'rate_power': 0.784157644826954}. Best is trial 410 with value: 0.6109037913262729.
[I 2026-05-22 18:03:26,592] Trial 522 finished with value: 0.5985337643145671 and parameters: {'rain_shift': 1.6725603104356763, 'ign_k': 0.3084488224439327, 'rate_power': 0.7805676565936576}. Best is trial 410 with value: 0.6109037913262729.
[I 2026-05-22 18:03:26,943] Trial 523 finished with value: 0.5676821814265363 and parameters: {'rain_shift': 5.598510595879508, 'ign_k': 0.4170320711871991, 'rate_power': 0.8225702664018835}. Best is trial 410 with value: 0.6109037913262729.
[I 2026-05-22 18:03:27,291] Trial 524 finished with value: 0.5785444795065209 and parameters: {'rain_shift': 3.221803755674329, 'ign_k': 2.854455841522495, 'rate_power': 0.7245470928741465}. Best is trial 410 with value: 0.6109037913262729.
[I 2026-05-22 18:03:27,641] Trial 525 finished with value: 0.5952242637201741 and parameters: {'rain_shift': 0.6704338007919457, 'ign_k': 0.44165565319870237, 'rate_power': 0.7879840769797211}. Best is trial 410 with value: 0.6109037913262729.
[I 2026-05-22 18:03:27,996] Trial 526 finished with value: 0.6009373466555776 and parameters: {'rain_shift': 2.1639784508817295, 'ign_k': 0.8312260865419521, 'rate_power': 0.777977948741841}. Best is trial 410 with value: 0.6109037913262729.
[I 2026-05-22 18:03:28,352] Trial 527 finished with value: 0.6005477129788976 and parameters: {'rain_shift': 2.9631617978302387, 'ign_k': 0.34010286369743065, 'rate_power': 0.7021022625503432}. Best is trial 410 with value: 0.6109037913262729.
[I 2026-05-22 18:03:28,708] Trial 528 finished with value: 0.6012256826823356 and parameters: {'rain_shift': 2.2161379311551612, 'ign_k': 0.7863747212260404, 'rate_power': 0.7755470040325109}. Best is trial 410 with value: 0.6109037913262729.
[I 2026-05-22 18:03:29,065] Trial 529 finished with value: 0.6014410877045389 and parameters: {'rain_shift': 1.483040021956414, 'ign_k': 1.3085101347172283, 'rate_power': 0.9068443033056123}. Best is trial 410 with value: 0.6109037913262729.
[I 2026-05-22 18:03:29,425] Trial 530 finished with value: 0.6074262604627861 and parameters: {'rain_shift': 1.4438534403766492, 'ign_k': 0.9468168783764435, 'rate_power': 0.7070759384231523}. Best is trial 410 with value: 0.6109037913262729.
[I 2026-05-22 18:03:29,772] Trial 531 finished with value: 0.5978290405388752 and parameters: {'rain_shift': 2.4133697972158306, 'ign_k': 0.5495268150450381, 'rate_power': 0.8653576625488737}. Best is trial 410 with value: 0.6109037913262729.
[I 2026-05-22 18:03:30,119] Trial 532 finished with value: 0.5890365441703052 and parameters: {'rain_shift': 0.1517969458755979, 'ign_k': 0.7053847501911708, 'rate_power': 0.7738809274936382}. Best is trial 410 with value: 0.6109037913262729.
[I 2026-05-22 18:03:30,466] Trial 533 finished with value: 0.5499325338567919 and parameters: {'rain_shift': 5.475836177496876, 'ign_k': 1.153624906221273, 'rate_power': 0.9571148340148207}. Best is trial 410 with value: 0.6109037913262729.
[I 2026-05-22 18:03:30,816] Trial 534 finished with value: 0.6071322245763444 and parameters: {'rain_shift': 1.8592035393041662, 'ign_k': 0.983802617124694, 'rate_power': 0.7014547020777078}. Best is trial 410 with value: 0.6109037913262729.
[I 2026-05-22 18:03:31,165] Trial 535 finished with value: 0.6060602365769577 and parameters: {'rain_shift': 2.6276089538087604, 'ign_k': 0.4558339864766771, 'rate_power': 0.7037123978272464}. Best is trial 410 with value: 0.6109037913262729.
[I 2026-05-22 18:03:31,511] Trial 536 finished with value: 0.6088894191284154 and parameters: {'rain_shift': 1.2137061010582664, 'ign_k': 0.6657305842979491, 'rate_power': 0.7891403513777934}. Best is trial 410 with value: 0.6109037913262729.
[I 2026-05-22 18:03:31,859] Trial 537 finished with value: 0.5993423886032833 and parameters: {'rain_shift': 2.573354040612982, 'ign_k': 0.5766173195029383, 'rate_power': 0.7876114356202906}. Best is trial 410 with value: 0.6109037913262729.
[I 2026-05-22 18:03:32,205] Trial 538 finished with value: 0.5876075939250791 and parameters: {'rain_shift': 3.2843195389250885, 'ign_k': 0.8473783132278713, 'rate_power': 0.7113141008610605}. Best is trial 410 with value: 0.6109037913262729.
[I 2026-05-22 18:03:32,550] Trial 539 finished with value: 0.6006488545010148 and parameters: {'rain_shift': 1.1088269825639474, 'ign_k': 0.3905978881385643, 'rate_power': 0.7844598204891766}. Best is trial 410 with value: 0.6109037913262729.
[I 2026-05-22 18:03:32,899] Trial 540 finished with value: 0.5879975058508048 and parameters: {'rain_shift': 3.4292198650121266, 'ign_k': 0.7453994889935143, 'rate_power': 0.7053021812526193}. Best is trial 410 with value: 0.6109037913262729.
[I 2026-05-22 18:03:33,247] Trial 541 finished with value: 0.5801188632663952 and parameters: {'rain_shift': 2.802539436952337, 'ign_k': 0.9763829055093842, 'rate_power': 0.9016164250912624}. Best is trial 410 with value: 0.6109037913262729.
[I 2026-05-22 18:03:33,591] Trial 542 finished with value: 0.5940445604747112 and parameters: {'rain_shift': 1.2858884041127914, 'ign_k': 0.26587252771465164, 'rate_power': 0.8912653620687707}. Best is trial 410 with value: 0.6109037913262729.
[I 2026-05-22 18:03:33,938] Trial 543 finished with value: 0.6098261342992214 and parameters: {'rain_shift': 1.7338567921780317, 'ign_k': 0.5722840737266733, 'rate_power': 0.8179138417419756}. Best is trial 410 with value: 0.6109037913262729.
[I 2026-05-22 18:03:34,286] Trial 544 finished with value: 0.6075982794069588 and parameters: {'rain_shift': 1.891183685603148, 'ign_k': 0.4319868149676209, 'rate_power': 0.7062834349960957}. Best is trial 410 with value: 0.6109037913262729.
[I 2026-05-22 18:03:34,633] Trial 545 finished with value: 0.6022350523322267 and parameters: {'rain_shift': 1.2397355848513079, 'ign_k': 1.9792784676042254, 'rate_power': 0.8179683636475945}. Best is trial 410 with value: 0.6109037913262729.
[I 2026-05-22 18:03:34,987] Trial 546 finished with value: 0.6105188082462716 and parameters: {'rain_shift': 2.034571329819052, 'ign_k': 0.5399501851314238, 'rate_power': 0.7009558369841178}. Best is trial 410 with value: 0.6109037913262729.
[I 2026-05-22 18:03:35,334] Trial 547 finished with value: 0.5986931460733927 and parameters: {'rain_shift': 0.957073914546865, 'ign_k': 0.48795427420828574, 'rate_power': 0.7214388081442175}. Best is trial 410 with value: 0.6109037913262729.
[I 2026-05-22 18:03:35,678] Trial 548 finished with value: 0.5728882878214947 and parameters: {'rain_shift': 1.0597042920933157, 'ign_k': 0.10654527840132057, 'rate_power': 1.2834249572416814}. Best is trial 410 with value: 0.6109037913262729.
[I 2026-05-22 18:03:36,030] Trial 549 finished with value: 0.5819418963444244 and parameters: {'rain_shift': 1.488266474716343, 'ign_k': 0.23517928721563625, 'rate_power': 0.7058563839623516}. Best is trial 410 with value: 0.6109037913262729.
[I 2026-05-22 18:03:36,380] Trial 550 finished with value: 0.603330481784996 and parameters: {'rain_shift': 2.415113741111337, 'ign_k': 0.7376820182962901, 'rate_power': 0.7053392973107704}. Best is trial 410 with value: 0.6109037913262729.
[I 2026-05-22 18:03:36,725] Trial 551 finished with value: 0.575861706011036 and parameters: {'rain_shift': 0.3913646022370685, 'ign_k': 0.3871125302593013, 'rate_power': 0.709406046887095}. Best is trial 410 with value: 0.6109037913262729.
[I 2026-05-22 18:03:37,073] Trial 552 finished with value: 0.6053463153719393 and parameters: {'rain_shift': 2.599469463792425, 'ign_k': 0.5296154059103914, 'rate_power': 0.7065485813647747}. Best is trial 410 with value: 0.6109037913262729.
[I 2026-05-22 18:03:37,418] Trial 553 finished with value: 0.5829374874016101 and parameters: {'rain_shift': 3.8016149592939597, 'ign_k': 0.4581449825427646, 'rate_power': 0.820688624990356}. Best is trial 410 with value: 0.6109037913262729.
[I 2026-05-22 18:03:37,816] Trial 554 finished with value: 0.6040703544335111 and parameters: {'rain_shift': 1.2911014961231406, 'ign_k': 1.0703802426208089, 'rate_power': 0.7009845177442844}. Best is trial 410 with value: 0.6109037913262729.
[I 2026-05-22 18:03:38,207] Trial 555 finished with value: 0.606674038288442 and parameters: {'rain_shift': 2.135436246898983, 'ign_k': 0.7756114328809681, 'rate_power': 0.7012053353599748}. Best is trial 410 with value: 0.6109037913262729.
[I 2026-05-22 18:03:38,559] Trial 556 finished with value: 0.6045085155189438 and parameters: {'rain_shift': 1.8838477979249613, 'ign_k': 0.36727342861605866, 'rate_power': 0.7653010863054905}. Best is trial 410 with value: 0.6109037913262729.
[I 2026-05-22 18:03:38,910] Trial 557 finished with value: 0.5727094703352127 and parameters: {'rain_shift': 0.13582673728570693, 'ign_k': 0.47717261678933, 'rate_power': 0.701215590725957}. Best is trial 410 with value: 0.6109037913262729.
[I 2026-05-22 18:03:39,263] Trial 558 finished with value: 0.6098383313752272 and parameters: {'rain_shift': 1.6986704185146178, 'ign_k': 0.5293425071503084, 'rate_power': 0.7030448665183662}. Best is trial 410 with value: 0.6109037913262729.
[I 2026-05-22 18:03:39,612] Trial 559 finished with value: 0.600346573888165 and parameters: {'rain_shift': 2.504097490151625, 'ign_k': 0.3207556104457213, 'rate_power': 0.7780094081682941}. Best is trial 410 with value: 0.6109037913262729.
[I 2026-05-22 18:03:39,964] Trial 560 finished with value: 0.5996201506460581 and parameters: {'rain_shift': 3.1156632508028386, 'ign_k': 0.44841774811530916, 'rate_power': 0.7134126474755922}. Best is trial 410 with value: 0.6109037913262729.
[I 2026-05-22 18:03:40,317] Trial 561 finished with value: 0.6006027681766314 and parameters: {'rain_shift': 1.2370757937331316, 'ign_k': 0.44345076390869986, 'rate_power': 0.7032008449584713}. Best is trial 410 with value: 0.6109037913262729.
[I 2026-05-22 18:03:40,671] Trial 562 finished with value: 0.597061395689975 and parameters: {'rain_shift': 2.6669506799574605, 'ign_k': 0.38357130168114917, 'rate_power': 0.8817890345722263}. Best is trial 410 with value: 0.6109037913262729.
[I 2026-05-22 18:03:41,025] Trial 563 finished with value: 0.5790926261952549 and parameters: {'rain_shift': 3.8330991416037534, 'ign_k': 0.6788425864283535, 'rate_power': 0.7759430263486489}. Best is trial 410 with value: 0.6109037913262729.
[I 2026-05-22 18:03:41,379] Trial 564 finished with value: 0.6095885753943513 and parameters: {'rain_shift': 2.113765586701788, 'ign_k': 0.658741914889351, 'rate_power': 0.701110453757841}. Best is trial 410 with value: 0.6109037913262729.
[I 2026-05-22 18:03:41,728] Trial 565 finished with value: 0.5973267441870957 and parameters: {'rain_shift': 2.7628614235148863, 'ign_k': 0.5497685423404943, 'rate_power': 0.7814146968801066}. Best is trial 410 with value: 0.6109037913262729.
[I 2026-05-22 18:03:42,081] Trial 566 finished with value: 0.5923932665279026 and parameters: {'rain_shift': 2.4438680217527775, 'ign_k': 0.8860726881587851, 'rate_power': 0.8206251749946838}. Best is trial 410 with value: 0.6109037913262729.
[I 2026-05-22 18:03:42,434] Trial 567 finished with value: 0.6058748242358052 and parameters: {'rain_shift': 1.5091085758456406, 'ign_k': 1.0592315398019896, 'rate_power': 0.7930354329385341}. Best is trial 410 with value: 0.6109037913262729.
[I 2026-05-22 18:03:42,786] Trial 568 finished with value: 0.5679223008751072 and parameters: {'rain_shift': 7.422109170584253, 'ign_k': 0.052822894736559656, 'rate_power': 0.9099182639917679}. Best is trial 410 with value: 0.6109037913262729.
[I 2026-05-22 18:03:43,137] Trial 569 finished with value: 0.6090190374917305 and parameters: {'rain_shift': 1.4603470938338603, 'ign_k': 0.708941753930424, 'rate_power': 0.7089462091410246}. Best is trial 410 with value: 0.6109037913262729.
[I 2026-05-22 18:03:43,489] Trial 570 finished with value: 0.6012780570588729 and parameters: {'rain_shift': 0.8418398103766476, 'ign_k': 0.43551344727940366, 'rate_power': 0.8278570542318134}. Best is trial 410 with value: 0.6109037913262729.
[I 2026-05-22 18:03:43,843] Trial 571 finished with value: 0.5808446498750176 and parameters: {'rain_shift': 3.7716573007828327, 'ign_k': 0.9759680697078941, 'rate_power': 0.7045473591608667}. Best is trial 410 with value: 0.6109037913262729.
[I 2026-05-22 18:03:44,198] Trial 572 finished with value: 0.6089050175717012 and parameters: {'rain_shift': 1.7694931945549937, 'ign_k': 0.4518505415925615, 'rate_power': 0.7829901389028864}. Best is trial 410 with value: 0.6109037913262729.
[I 2026-05-22 18:03:44,551] Trial 573 finished with value: 0.5931090823423101 and parameters: {'rain_shift': 2.5549887148073065, 'ign_k': 0.8208888883752733, 'rate_power': 0.7948758904737443}. Best is trial 410 with value: 0.6109037913262729.
[I 2026-05-22 18:03:44,907] Trial 574 finished with value: 0.5959278036418988 and parameters: {'rain_shift': 2.9523312330066758, 'ign_k': 0.2606229023330822, 'rate_power': 0.7018680168206952}. Best is trial 410 with value: 0.6109037913262729.
[I 2026-05-22 18:03:45,257] Trial 575 finished with value: 0.6063429247694829 and parameters: {'rain_shift': 2.138075256517426, 'ign_k': 0.5633800241549084, 'rate_power': 0.7876625149096539}. Best is trial 410 with value: 0.6109037913262729.
[I 2026-05-22 18:03:45,610] Trial 576 finished with value: 0.5989152660591366 and parameters: {'rain_shift': 2.065437128053765, 'ign_k': 0.7091158862678005, 'rate_power': 0.8959236345118391}. Best is trial 410 with value: 0.6109037913262729.
[I 2026-05-22 18:03:45,964] Trial 577 finished with value: 0.5906219159214156 and parameters: {'rain_shift': 0.2535241280037823, 'ign_k': 1.1298923929978357, 'rate_power': 0.7195506065435295}. Best is trial 410 with value: 0.6109037913262729.
[I 2026-05-22 18:03:46,313] Trial 578 finished with value: 0.593705381154829 and parameters: {'rain_shift': 3.1249928914675698, 'ign_k': 0.4648193127490049, 'rate_power': 0.7876200400019799}. Best is trial 410 with value: 0.6109037913262729.
[I 2026-05-22 18:03:46,662] Trial 579 finished with value: 0.606542831065656 and parameters: {'rain_shift': 1.2856524241035618, 'ign_k': 0.5729966829576276, 'rate_power': 0.7065131440291694}. Best is trial 410 with value: 0.6109037913262729.
[I 2026-05-22 18:03:47,010] Trial 580 finished with value: 0.5927506094269499 and parameters: {'rain_shift': 0.05167720971214185, 'ign_k': 0.839470004828308, 'rate_power': 0.8242958816715016}. Best is trial 410 with value: 0.6109037913262729.
[I 2026-05-22 18:03:47,355] Trial 581 finished with value: 0.6109542079341689 and parameters: {'rain_shift': 1.879371584652988, 'ign_k': 0.664302160155506, 'rate_power': 0.7046771353846467}. Best is trial 581 with value: 0.6109542079341689.
[I 2026-05-22 18:03:47,704] Trial 582 finished with value: 0.587270718114509 and parameters: {'rain_shift': 4.0305378630376065, 'ign_k': 0.5143482665895563, 'rate_power': 0.7066654922016796}. Best is trial 581 with value: 0.6109542079341689.
[I 2026-05-22 18:03:48,053] Trial 583 finished with value: 0.6040638752859199 and parameters: {'rain_shift': 1.0956735794914523, 'ign_k': 0.6522274995354412, 'rate_power': 0.701001867591505}. Best is trial 581 with value: 0.6109542079341689.
[I 2026-05-22 18:03:48,407] Trial 584 finished with value: 0.6028296493801129 and parameters: {'rain_shift': 2.4054391253078937, 'ign_k': 0.7830788330214185, 'rate_power': 0.7015418656113052}. Best is trial 581 with value: 0.6109542079341689.
[I 2026-05-22 18:03:48,757] Trial 585 finished with value: 0.6081708438021424 and parameters: {'rain_shift': 1.7398855090496872, 'ign_k': 0.7601484626184641, 'rate_power': 0.7804791686289724}. Best is trial 581 with value: 0.6109542079341689.
[I 2026-05-22 18:03:49,114] Trial 586 finished with value: 0.5979882109620726 and parameters: {'rain_shift': 1.8098609682138858, 'ign_k': 0.320971403261568, 'rate_power': 0.7112477159025575}. Best is trial 581 with value: 0.6109542079341689.
[I 2026-05-22 18:03:49,477] Trial 587 finished with value: 0.6035369696330498 and parameters: {'rain_shift': 2.8543960422512322, 'ign_k': 0.4019258790688587, 'rate_power': 0.7073695173360602}. Best is trial 581 with value: 0.6109542079341689.
[I 2026-05-22 18:03:49,833] Trial 588 finished with value: 0.6103260179176188 and parameters: {'rain_shift': 1.6498050430532931, 'ign_k': 0.7330825137370661, 'rate_power': 0.700074098220943}. Best is trial 581 with value: 0.6109542079341689.
[I 2026-05-22 18:03:50,185] Trial 589 finished with value: 0.5943962788962003 and parameters: {'rain_shift': 0.5781724732998026, 'ign_k': 1.1221167062647797, 'rate_power': 0.7064462990644642}. Best is trial 581 with value: 0.6109542079341689.
[I 2026-05-22 18:03:50,538] Trial 590 finished with value: 0.5934397105072982 and parameters: {'rain_shift': 2.293828089642743, 'ign_k': 1.4688903993939852, 'rate_power': 0.7533501687984623}. Best is trial 581 with value: 0.6109542079341689.
[I 2026-05-22 18:03:50,887] Trial 591 finished with value: 0.5850002363702267 and parameters: {'rain_shift': 2.8583856002579675, 'ign_k': 1.1464577308869772, 'rate_power': 0.780513371476267}. Best is trial 581 with value: 0.6109542079341689.
[I 2026-05-22 18:03:51,239] Trial 592 finished with value: 0.6003326998335039 and parameters: {'rain_shift': 2.4681353710670333, 'ign_k': 0.8252541504293597, 'rate_power': 0.7090546123803352}. Best is trial 581 with value: 0.6109542079341689.
[I 2026-05-22 18:03:51,585] Trial 593 finished with value: 0.5865316773684541 and parameters: {'rain_shift': 0.30811631523845007, 'ign_k': 0.7204475640762262, 'rate_power': 0.7032943794145871}. Best is trial 581 with value: 0.6109542079341689.
[I 2026-05-22 18:03:51,931] Trial 594 finished with value: 0.6088560046817881 and parameters: {'rain_shift': 1.2133246973232246, 'ign_k': 0.6393512957100033, 'rate_power': 0.7871826948911723}. Best is trial 581 with value: 0.6109542079341689.
[I 2026-05-22 18:03:52,278] Trial 595 finished with value: 0.6019897867862146 and parameters: {'rain_shift': 2.2779075047222226, 'ign_k': 0.6703937752600987, 'rate_power': 0.7917838744456811}. Best is trial 581 with value: 0.6109542079341689.
[I 2026-05-22 18:03:52,624] Trial 596 finished with value: 0.6054600543488197 and parameters: {'rain_shift': 1.013886799387738, 'ign_k': 0.7720316886941966, 'rate_power': 0.7663757016631221}. Best is trial 581 with value: 0.6109542079341689.
[I 2026-05-22 18:03:52,971] Trial 597 finished with value: 0.6030783456778951 and parameters: {'rain_shift': 1.9016691157626773, 'ign_k': 1.4126629878733583, 'rate_power': 0.70274764824617}. Best is trial 581 with value: 0.6109542079341689.
[I 2026-05-22 18:03:53,317] Trial 598 finished with value: 0.5852984766535483 and parameters: {'rain_shift': 3.3378403656591917, 'ign_k': 1.004291084842611, 'rate_power': 0.709766478927414}. Best is trial 581 with value: 0.6109542079341689.
[I 2026-05-22 18:03:53,667] Trial 599 finished with value: 0.6108798925970045 and parameters: {'rain_shift': 1.8080306804739452, 'ign_k': 0.6798910391443511, 'rate_power': 0.7123844574766398}. Best is trial 581 with value: 0.6109542079341689.
[I 2026-05-22 18:03:54,022] Trial 600 finished with value: 0.5256039820596932 and parameters: {'rain_shift': 9.81860873979305, 'ign_k': 1.5059111076475684, 'rate_power': 1.2183453824226302}. Best is trial 581 with value: 0.6109542079341689.
[I 2026-05-22 18:03:54,373] Trial 601 finished with value: 0.6104719221599604 and parameters: {'rain_shift': 1.8134480780248068, 'ign_k': 0.6159172556600467, 'rate_power': 0.760254854988105}. Best is trial 581 with value: 0.6109542079341689.
[I 2026-05-22 18:03:54,727] Trial 602 finished with value: 0.6073852716801992 and parameters: {'rain_shift': 2.091685811884342, 'ign_k': 0.7494362818044349, 'rate_power': 0.7073633447107507}. Best is trial 581 with value: 0.6109542079341689.
[I 2026-05-22 18:03:55,080] Trial 603 finished with value: 0.6005486819726018 and parameters: {'rain_shift': 2.105526122220341, 'ign_k': 0.9757515564215001, 'rate_power': 0.7618110897914633}. Best is trial 581 with value: 0.6109542079341689.
[I 2026-05-22 18:03:55,437] Trial 604 finished with value: 0.6029566459556703 and parameters: {'rain_shift': 1.025137630344858, 'ign_k': 0.6753370525280559, 'rate_power': 0.7005646662114158}. Best is trial 581 with value: 0.6109542079341689.
[I 2026-05-22 18:03:55,784] Trial 605 finished with value: 0.6027948798291634 and parameters: {'rain_shift': 2.1854019726751934, 'ign_k': 0.345420898901513, 'rate_power': 0.783348753890565}. Best is trial 581 with value: 0.6109542079341689.
[I 2026-05-22 18:03:56,140] Trial 606 finished with value: 0.6082861366685558 and parameters: {'rain_shift': 1.9179370694518756, 'ign_k': 0.8227186361025743, 'rate_power': 0.7026939845671442}. Best is trial 581 with value: 0.6109542079341689.
[I 2026-05-22 18:03:56,486] Trial 607 finished with value: 0.5876060232841555 and parameters: {'rain_shift': 3.1292785978144027, 'ign_k': 0.735194646628957, 'rate_power': 0.763714018349409}. Best is trial 581 with value: 0.6109542079341689.
[I 2026-05-22 18:03:56,835] Trial 608 finished with value: 0.6058813297198931 and parameters: {'rain_shift': 2.0586600900488183, 'ign_k': 0.6642472065280695, 'rate_power': 0.7858246419600394}. Best is trial 581 with value: 0.6109542079341689.
[I 2026-05-22 18:03:57,184] Trial 609 finished with value: 0.60341370530133 and parameters: {'rain_shift': 1.0478666531509715, 'ign_k': 0.6744340956878562, 'rate_power': 0.7013504915613273}. Best is trial 581 with value: 0.6109542079341689.
[I 2026-05-22 18:03:57,531] Trial 610 finished with value: 0.5537271163000043 and parameters: {'rain_shift': 5.122126046482017, 'ign_k': 2.2805873290233296, 'rate_power': 0.8618844892475879}. Best is trial 581 with value: 0.6109542079341689.
[I 2026-05-22 18:03:57,880] Trial 611 finished with value: 0.6010153925114629 and parameters: {'rain_shift': 2.850956296669678, 'ign_k': 0.5590066989159876, 'rate_power': 0.704702402440116}. Best is trial 581 with value: 0.6109542079341689.
[I 2026-05-22 18:03:58,228] Trial 612 finished with value: 0.6069944500933696 and parameters: {'rain_shift': 2.4410531907454085, 'ign_k': 0.5798884105161234, 'rate_power': 0.7011263125190261}. Best is trial 581 with value: 0.6109542079341689.
[I 2026-05-22 18:03:58,578] Trial 613 finished with value: 0.582965654914867 and parameters: {'rain_shift': 0.9750987604711966, 'ign_k': 0.2658670767612495, 'rate_power': 0.7626717633924902}. Best is trial 581 with value: 0.6109542079341689.
[I 2026-05-22 18:03:58,928] Trial 614 finished with value: 0.6104674499832617 and parameters: {'rain_shift': 1.6569986696699268, 'ign_k': 0.6159748705009801, 'rate_power': 0.8015416646343568}. Best is trial 581 with value: 0.6109542079341689.
[I 2026-05-22 18:03:59,275] Trial 615 finished with value: 0.60232793550945 and parameters: {'rain_shift': 0.9285232137896517, 'ign_k': 0.481934863288406, 'rate_power': 0.7820278693245233}. Best is trial 581 with value: 0.6109542079341689.
[I 2026-05-22 18:03:59,622] Trial 616 finished with value: 0.5642459949306331 and parameters: {'rain_shift': 0.6043087465124488, 'ign_k': 0.0618294058824682, 'rate_power': 0.765579595789469}. Best is trial 581 with value: 0.6109542079341689.
[I 2026-05-22 18:03:59,976] Trial 617 finished with value: 0.610559397600223 and parameters: {'rain_shift': 1.747000159029445, 'ign_k': 0.5745567839183159, 'rate_power': 0.7620217561509887}. Best is trial 581 with value: 0.6109542079341689.
[I 2026-05-22 18:04:00,328] Trial 618 finished with value: 0.5451781122650076 and parameters: {'rain_shift': 9.986463097485265, 'ign_k': 0.2377175814814225, 'rate_power': 0.9329400605376621}. Best is trial 581 with value: 0.6109542079341689.
[I 2026-05-22 18:04:00,677] Trial 619 finished with value: 0.6063586730300835 and parameters: {'rain_shift': 1.7354660077360546, 'ign_k': 0.9261573941157004, 'rate_power': 0.7626332177316305}. Best is trial 581 with value: 0.6109542079341689.
[I 2026-05-22 18:04:01,023] Trial 620 finished with value: 0.6011839088640762 and parameters: {'rain_shift': 2.5071473041816943, 'ign_k': 0.5137796505878633, 'rate_power': 0.7952658713505476}. Best is trial 581 with value: 0.6109542079341689.
[I 2026-05-22 18:04:01,369] Trial 621 finished with value: 0.6016876037859015 and parameters: {'rain_shift': 2.509400400102323, 'ign_k': 0.5015221892867543, 'rate_power': 0.7904506433878395}. Best is trial 581 with value: 0.6109542079341689.
[I 2026-05-22 18:04:01,718] Trial 622 finished with value: 0.609489820326689 and parameters: {'rain_shift': 1.3535441774689567, 'ign_k': 0.6086737188277261, 'rate_power': 0.7565214445023317}. Best is trial 581 with value: 0.6109542079341689.
[I 2026-05-22 18:04:02,067] Trial 623 finished with value: 0.6065183682767517 and parameters: {'rain_shift': 1.3663524516262813, 'ign_k': 0.9829251955910373, 'rate_power': 0.7724068682962922}. Best is trial 581 with value: 0.6109542079341689.
[I 2026-05-22 18:04:02,416] Trial 624 finished with value: 0.6093740648050916 and parameters: {'rain_shift': 1.71538117138391, 'ign_k': 0.4753621483969007, 'rate_power': 0.7812332514859626}. Best is trial 581 with value: 0.6109542079341689.
[I 2026-05-22 18:04:02,765] Trial 625 finished with value: 0.5960508330888987 and parameters: {'rain_shift': 3.013034065596915, 'ign_k': 0.6595154210963742, 'rate_power': 0.7042075803606781}. Best is trial 581 with value: 0.6109542079341689.
[I 2026-05-22 18:04:03,113] Trial 626 finished with value: 0.5803298603279514 and parameters: {'rain_shift': 3.1591320820320683, 'ign_k': 1.0629213409065597, 'rate_power': 0.802305202274519}. Best is trial 581 with value: 0.6109542079341689.
[I 2026-05-22 18:04:03,460] Trial 627 finished with value: 0.6091023766604053 and parameters: {'rain_shift': 1.5069597968231303, 'ign_k': 0.48546638095437816, 'rate_power': 0.7935012525650785}. Best is trial 581 with value: 0.6109542079341689.
[I 2026-05-22 18:04:03,809] Trial 628 finished with value: 0.5915668846872065 and parameters: {'rain_shift': 1.1607080333720359, 'ign_k': 0.35720476190674005, 'rate_power': 0.7084467108710182}. Best is trial 581 with value: 0.6109542079341689.
[I 2026-05-22 18:04:04,161] Trial 629 finished with value: 0.5656426884611349 and parameters: {'rain_shift': 2.5197553579291303, 'ign_k': 2.1398066087781165, 'rate_power': 1.2910597164165594}. Best is trial 581 with value: 0.6109542079341689.
[I 2026-05-22 18:04:04,514] Trial 630 finished with value: 0.6037385136071601 and parameters: {'rain_shift': 1.9520719865461886, 'ign_k': 0.9214105385727044, 'rate_power': 0.7719919613542277}. Best is trial 581 with value: 0.6109542079341689.
[I 2026-05-22 18:04:04,869] Trial 631 finished with value: 0.5424521875380978 and parameters: {'rain_shift': 6.6680423509319615, 'ign_k': 0.5846097299459115, 'rate_power': 1.0763147573583094}. Best is trial 581 with value: 0.6109542079341689.
[I 2026-05-22 18:04:05,223] Trial 632 finished with value: 0.5869922512963787 and parameters: {'rain_shift': 2.330799629090665, 'ign_k': 0.1883202576739535, 'rate_power': 0.795061666263113}. Best is trial 581 with value: 0.6109542079341689.
[I 2026-05-22 18:04:05,572] Trial 633 finished with value: 0.586554930124819 and parameters: {'rain_shift': 3.115597843149533, 'ign_k': 1.2113266534559104, 'rate_power': 0.7057072974983387}. Best is trial 581 with value: 0.6109542079341689.
[I 2026-05-22 18:04:05,921] Trial 634 finished with value: 0.5825876164400893 and parameters: {'rain_shift': 3.889415211692662, 'ign_k': 0.507836096390429, 'rate_power': 0.7893396882292442}. Best is trial 581 with value: 0.6109542079341689.
[I 2026-05-22 18:04:06,269] Trial 635 finished with value: 0.6077419110332883 and parameters: {'rain_shift': 1.868748169481009, 'ign_k': 0.766799965155242, 'rate_power': 0.7535176335598356}. Best is trial 581 with value: 0.6109542079341689.
[I 2026-05-22 18:04:06,618] Trial 636 finished with value: 0.5792070526359252 and parameters: {'rain_shift': 0.03753488541197081, 'ign_k': 0.5537226937783842, 'rate_power': 0.758139118522942}. Best is trial 581 with value: 0.6109542079341689.
[I 2026-05-22 18:04:06,966] Trial 637 finished with value: 0.6029681167992574 and parameters: {'rain_shift': 1.3104630118570173, 'ign_k': 1.460355512063489, 'rate_power': 0.7004752406676866}. Best is trial 581 with value: 0.6109542079341689.
[I 2026-05-22 18:04:07,313] Trial 638 finished with value: 0.6095322027091032 and parameters: {'rain_shift': 1.5047476925875858, 'ign_k': 0.6508062746565205, 'rate_power': 0.7053055773190268}. Best is trial 581 with value: 0.6109542079341689.
[I 2026-05-22 18:04:07,669] Trial 639 finished with value: 0.607957225656066 and parameters: {'rain_shift': 2.1458672581835287, 'ign_k': 0.4697992700224296, 'rate_power': 0.7813025268128172}. Best is trial 581 with value: 0.6109542079341689.
[I 2026-05-22 18:04:08,025] Trial 640 finished with value: 0.5983866659408694 and parameters: {'rain_shift': 2.872016542229841, 'ign_k': 0.32395750650115257, 'rate_power': 0.777949898599655}. Best is trial 581 with value: 0.6109542079341689.
[I 2026-05-22 18:04:08,377] Trial 641 finished with value: 0.594266264062536 and parameters: {'rain_shift': 0.5903964957900276, 'ign_k': 0.7943770639956084, 'rate_power': 0.7025520804301242}. Best is trial 581 with value: 0.6109542079341689.
[I 2026-05-22 18:04:08,732] Trial 642 finished with value: 0.6057242491656185 and parameters: {'rain_shift': 2.3278199036133462, 'ign_k': 0.6901953203945245, 'rate_power': 0.701368839431572}. Best is trial 581 with value: 0.6109542079341689.
[I 2026-05-22 18:04:09,086] Trial 643 finished with value: 0.5681934748257224 and parameters: {'rain_shift': 9.449383849997695, 'ign_k': 0.05397479423375072, 'rate_power': 0.8126278899391337}. Best is trial 581 with value: 0.6109542079341689.
[I 2026-05-22 18:04:09,434] Trial 644 finished with value: 0.5341200878523689 and parameters: {'rain_shift': 7.053165783638254, 'ign_k': 2.5023958914053512, 'rate_power': 1.170025987210509}. Best is trial 581 with value: 0.6109542079341689.
[I 2026-05-22 18:04:09,797] Trial 645 finished with value: 0.5731161505267222 and parameters: {'rain_shift': 4.0365961196735105, 'ign_k': 0.09695402160945857, 'rate_power': 0.7253243072303216}. Best is trial 581 with value: 0.6109542079341689.
[I 2026-05-22 18:04:10,165] Trial 646 finished with value: 0.5997555754660404 and parameters: {'rain_shift': 2.8086999831177617, 'ign_k': 0.44558536547277383, 'rate_power': 0.7768005011399185}. Best is trial 581 with value: 0.6109542079341689.
[I 2026-05-22 18:04:10,515] Trial 647 finished with value: 0.5574951586196141 and parameters: {'rain_shift': 7.377530226058414, 'ign_k': 0.21682544777922627, 'rate_power': 0.8937870768124542}. Best is trial 581 with value: 0.6109542079341689.
[I 2026-05-22 18:04:10,864] Trial 648 finished with value: 0.5817943118246591 and parameters: {'rain_shift': 0.7241403678776137, 'ign_k': 0.26811412426040626, 'rate_power': 0.7892504560035968}. Best is trial 581 with value: 0.6109542079341689.
[I 2026-05-22 18:04:11,212] Trial 649 finished with value: 0.5966358933861367 and parameters: {'rain_shift': 3.236348728381721, 'ign_k': 0.5301479590827101, 'rate_power': 0.7034016118478517}. Best is trial 581 with value: 0.6109542079341689.
[I 2026-05-22 18:04:11,561] Trial 650 finished with value: 0.6105324950468102 and parameters: {'rain_shift': 1.546381310665041, 'ign_k': 0.5952660332224895, 'rate_power': 0.7646250552624387}. Best is trial 581 with value: 0.6109542079341689.
[I 2026-05-22 18:04:11,911] Trial 651 finished with value: 0.6091058933520821 and parameters: {'rain_shift': 1.4667561756408416, 'ign_k': 0.49179771369736697, 'rate_power': 0.7963514850277589}. Best is trial 581 with value: 0.6109542079341689.
[I 2026-05-22 18:04:12,258] Trial 652 finished with value: 0.6032782121679013 and parameters: {'rain_shift': 1.2255468887805874, 'ign_k': 1.5118515782234443, 'rate_power': 0.8055301684246163}. Best is trial 581 with value: 0.6109542079341689.
[I 2026-05-22 18:04:12,607] Trial 653 finished with value: 0.539727331627305 and parameters: {'rain_shift': 7.544649611202485, 'ign_k': 0.18550358651888996, 'rate_power': 1.181211826542659}. Best is trial 581 with value: 0.6109542079341689.
[I 2026-05-22 18:04:12,956] Trial 654 finished with value: 0.5906018339365856 and parameters: {'rain_shift': 0.3304257202085499, 'ign_k': 0.5848629498519474, 'rate_power': 0.7727823888979138}. Best is trial 581 with value: 0.6109542079341689.
[I 2026-05-22 18:04:13,302] Trial 655 finished with value: 0.6033899718116847 and parameters: {'rain_shift': 2.100889384253522, 'ign_k': 0.7046129545249137, 'rate_power': 0.8017610310063075}. Best is trial 581 with value: 0.6109542079341689.
[I 2026-05-22 18:04:13,649] Trial 656 finished with value: 0.60379718099953 and parameters: {'rain_shift': 1.717681412214468, 'ign_k': 0.3584445983503199, 'rate_power': 0.805675471328357}. Best is trial 581 with value: 0.6109542079341689.
[I 2026-05-22 18:04:13,995] Trial 657 finished with value: 0.6052521666363334 and parameters: {'rain_shift': 1.4435576820094345, 'ign_k': 0.46236369948332007, 'rate_power': 0.7031917430428624}. Best is trial 581 with value: 0.6109542079341689.
[I 2026-05-22 18:04:14,341] Trial 658 finished with value: 0.6069520013223554 and parameters: {'rain_shift': 1.787031849780186, 'ign_k': 0.8283684913407117, 'rate_power': 0.7724344244810694}. Best is trial 581 with value: 0.6109542079341689.
[I 2026-05-22 18:04:14,689] Trial 659 finished with value: 0.6081204763313273 and parameters: {'rain_shift': 1.8188238949451878, 'ign_k': 0.45008987289792723, 'rate_power': 0.7006509630950808}. Best is trial 581 with value: 0.6109542079341689.
[I 2026-05-22 18:04:15,039] Trial 660 finished with value: 0.5796005536991844 and parameters: {'rain_shift': 3.599076323733917, 'ign_k': 0.7269713696691346, 'rate_power': 0.7937634758926034}. Best is trial 581 with value: 0.6109542079341689.
[I 2026-05-22 18:04:15,393] Trial 661 finished with value: 0.5686268905571277 and parameters: {'rain_shift': 1.8903376238445935, 'ign_k': 0.05614398639679843, 'rate_power': 1.0710518032614094}. Best is trial 581 with value: 0.6109542079341689.
[I 2026-05-22 18:04:15,748] Trial 662 finished with value: 0.6076168666085252 and parameters: {'rain_shift': 1.1652326611986206, 'ign_k': 0.5400056115427126, 'rate_power': 0.7858818225916331}. Best is trial 581 with value: 0.6109542079341689.
[I 2026-05-22 18:04:16,098] Trial 663 finished with value: 0.604757954297492 and parameters: {'rain_shift': 0.9923001875799196, 'ign_k': 0.9445517739977933, 'rate_power': 0.7968581557324832}. Best is trial 581 with value: 0.6109542079341689.
[I 2026-05-22 18:04:16,453] Trial 664 finished with value: 0.600109854610044 and parameters: {'rain_shift': 1.022155440133207, 'ign_k': 1.0194834567867177, 'rate_power': 0.7040015154684308}. Best is trial 581 with value: 0.6109542079341689.
[I 2026-05-22 18:04:16,809] Trial 665 finished with value: 0.5928504607856346 and parameters: {'rain_shift': 0.5635610572362804, 'ign_k': 0.4255721681714523, 'rate_power': 0.8011295696617069}. Best is trial 581 with value: 0.6109542079341689.
[I 2026-05-22 18:04:17,160] Trial 666 finished with value: 0.6103540979319018 and parameters: {'rain_shift': 1.450403346859118, 'ign_k': 0.6212377911197181, 'rate_power': 0.7727518802393725}. Best is trial 581 with value: 0.6109542079341689.
[I 2026-05-22 18:04:17,508] Trial 667 finished with value: 0.5696052075090957 and parameters: {'rain_shift': 3.8614562587605175, 'ign_k': 0.892546249802125, 'rate_power': 0.8614270268689123}. Best is trial 581 with value: 0.6109542079341689.
[I 2026-05-22 18:04:17,858] Trial 668 finished with value: 0.5987777227472719 and parameters: {'rain_shift': 2.4153928384068193, 'ign_k': 0.6338809344815476, 'rate_power': 0.8237615639598913}. Best is trial 581 with value: 0.6109542079341689.
[I 2026-05-22 18:04:18,209] Trial 669 finished with value: 0.6064550782808131 and parameters: {'rain_shift': 1.7455137755407297, 'ign_k': 0.3954481775326098, 'rate_power': 0.8314002482113391}. Best is trial 581 with value: 0.6109542079341689.
[I 2026-05-22 18:04:18,559] Trial 670 finished with value: 0.6061002054748883 and parameters: {'rain_shift': 1.7376477964628358, 'ign_k': 0.8631539511305071, 'rate_power': 0.8037095041658708}. Best is trial 581 with value: 0.6109542079341689.
[I 2026-05-22 18:04:18,908] Trial 671 finished with value: 0.580344167974512 and parameters: {'rain_shift': 2.780885373367953, 'ign_k': 1.800764238475005, 'rate_power': 0.8288327992708912}. Best is trial 581 with value: 0.6109542079341689.
[I 2026-05-22 18:04:19,259] Trial 672 finished with value: 0.6019660133985849 and parameters: {'rain_shift': 0.705637666715898, 'ign_k': 0.6847847937111754, 'rate_power': 0.7697525018720284}. Best is trial 581 with value: 0.6109542079341689.
[I 2026-05-22 18:04:19,610] Trial 673 finished with value: 0.5355188262011688 and parameters: {'rain_shift': 9.83509715711543, 'ign_k': 0.12061116524025801, 'rate_power': 1.2253067689558865}. Best is trial 581 with value: 0.6109542079341689.
[I 2026-05-22 18:04:19,958] Trial 674 finished with value: 0.5941149333226581 and parameters: {'rain_shift': 2.5572867226485956, 'ign_k': 0.8212975372534008, 'rate_power': 0.7784286483593796}. Best is trial 581 with value: 0.6109542079341689.
[I 2026-05-22 18:04:20,311] Trial 675 finished with value: 0.5982665694239037 and parameters: {'rain_shift': 2.3688413368786363, 'ign_k': 1.071614874261896, 'rate_power': 0.7078342985900331}. Best is trial 581 with value: 0.6109542079341689.
[I 2026-05-22 18:04:20,666] Trial 676 finished with value: 0.606893878983278 and parameters: {'rain_shift': 1.766703603348535, 'ign_k': 0.4047789784400279, 'rate_power': 0.7815491130945417}. Best is trial 581 with value: 0.6109542079341689.
[I 2026-05-22 18:04:21,017] Trial 677 finished with value: 0.6090745716782782 and parameters: {'rain_shift': 1.6054612872340235, 'ign_k': 0.7935976059376839, 'rate_power': 0.7657849712171387}. Best is trial 581 with value: 0.6109542079341689.
[I 2026-05-22 18:04:21,367] Trial 678 finished with value: 0.6073028978992449 and parameters: {'rain_shift': 2.091959547755781, 'ign_k': 0.4468323665575089, 'rate_power': 0.7966513764158305}. Best is trial 581 with value: 0.6109542079341689.
[I 2026-05-22 18:04:21,721] Trial 679 finished with value: 0.566737028919352 and parameters: {'rain_shift': 3.8926696730554964, 'ign_k': 0.207272468314332, 'rate_power': 1.1884941521665624}. Best is trial 581 with value: 0.6109542079341689.
[I 2026-05-22 18:04:22,074] Trial 680 finished with value: 0.5647918531099294 and parameters: {'rain_shift': 0.02497735317841121, 'ign_k': 0.29124711882437965, 'rate_power': 0.7055107425405044}. Best is trial 581 with value: 0.6109542079341689.
[I 2026-05-22 18:04:22,425] Trial 681 finished with value: 0.5860354308090031 and parameters: {'rain_shift': 0.06640407209245613, 'ign_k': 0.6969626340745957, 'rate_power': 0.7735275015365856}. Best is trial 581 with value: 0.6109542079341689.
[I 2026-05-22 18:04:22,775] Trial 682 finished with value: 0.6036812683864733 and parameters: {'rain_shift': 1.20253368210577, 'ign_k': 1.3494349416080769, 'rate_power': 0.7942643228368507}. Best is trial 581 with value: 0.6109542079341689.
[I 2026-05-22 18:04:23,126] Trial 683 finished with value: 0.593504641914668 and parameters: {'rain_shift': 3.1502991534080866, 'ign_k': 0.4962114660016724, 'rate_power': 0.7739988372843898}. Best is trial 581 with value: 0.6109542079341689.
[I 2026-05-22 18:04:23,482] Trial 684 finished with value: 0.5935910967543897 and parameters: {'rain_shift': 2.5591806481832178, 'ign_k': 0.7349843380548491, 'rate_power': 0.8174313393392598}. Best is trial 581 with value: 0.6109542079341689.
[I 2026-05-22 18:04:23,835] Trial 685 finished with value: 0.6080228263274721 and parameters: {'rain_shift': 2.075330655854799, 'ign_k': 0.5044792021013431, 'rate_power': 0.7967283272749658}. Best is trial 581 with value: 0.6109542079341689.
[I 2026-05-22 18:04:24,189] Trial 686 finished with value: 0.5950582884104689 and parameters: {'rain_shift': 1.7060100089769454, 'ign_k': 0.2785486465469051, 'rate_power': 0.779785207042525}. Best is trial 581 with value: 0.6109542079341689.
[I 2026-05-22 18:04:24,543] Trial 687 finished with value: 0.6046416864097436 and parameters: {'rain_shift': 2.1291166379502604, 'ign_k': 0.8914234797260827, 'rate_power': 0.7024881702771856}. Best is trial 581 with value: 0.6109542079341689.
[I 2026-05-22 18:04:24,898] Trial 688 finished with value: 0.6094245346986913 and parameters: {'rain_shift': 1.8110892946682786, 'ign_k': 0.6319135798121799, 'rate_power': 0.795930429932671}. Best is trial 581 with value: 0.6109542079341689.
[I 2026-05-22 18:04:25,247] Trial 689 finished with value: 0.5992692028267217 and parameters: {'rain_shift': 2.219558563673899, 'ign_k': 0.30463268738758686, 'rate_power': 0.7135903172851048}. Best is trial 581 with value: 0.6109542079341689.
[I 2026-05-22 18:04:25,600] Trial 690 finished with value: 0.6106432809679003 and parameters: {'rain_shift': 1.5572146335274009, 'ign_k': 0.6181485648289987, 'rate_power': 0.764635814516806}. Best is trial 581 with value: 0.6109542079341689.
[I 2026-05-22 18:04:25,948] Trial 691 finished with value: 0.6052895341665592 and parameters: {'rain_shift': 1.275191319553868, 'ign_k': 0.5203517560838586, 'rate_power': 0.7095753122601121}. Best is trial 581 with value: 0.6109542079341689.
[I 2026-05-22 18:04:26,303] Trial 692 finished with value: 0.6101658373137734 and parameters: {'rain_shift': 1.6170210237092977, 'ign_k': 0.624185689684419, 'rate_power': 0.7005083443813991}. Best is trial 581 with value: 0.6109542079341689.
[I 2026-05-22 18:04:26,649] Trial 693 finished with value: 0.604175344696907 and parameters: {'rain_shift': 1.0095440578193147, 'ign_k': 1.0840063742473713, 'rate_power': 0.8156678984240366}. Best is trial 581 with value: 0.6109542079341689.
[I 2026-05-22 18:04:26,997] Trial 694 finished with value: 0.5899585695531422 and parameters: {'rain_shift': 3.0563675659737246, 'ign_k': 0.6432261572200085, 'rate_power': 0.7865262865545803}. Best is trial 581 with value: 0.6109542079341689.
[I 2026-05-22 18:04:27,345] Trial 695 finished with value: 0.6069031255939064 and parameters: {'rain_shift': 1.324519214924736, 'ign_k': 0.8436543898496377, 'rate_power': 0.7015538670820349}. Best is trial 581 with value: 0.6109542079341689.
[I 2026-05-22 18:04:27,695] Trial 696 finished with value: 0.6086827945277025 and parameters: {'rain_shift': 1.2269899880582684, 'ign_k': 0.632555216678347, 'rate_power': 0.7749243565174344}. Best is trial 581 with value: 0.6109542079341689.
[I 2026-05-22 18:04:28,045] Trial 697 finished with value: 0.5876453081872803 and parameters: {'rain_shift': 2.718331047721213, 'ign_k': 1.1493504409680675, 'rate_power': 0.7680488337447038}. Best is trial 581 with value: 0.6109542079341689.
[I 2026-05-22 18:04:28,394] Trial 698 finished with value: 0.5890216347453006 and parameters: {'rain_shift': 3.43044509223896, 'ign_k': 0.694679344564893, 'rate_power': 0.709279459445478}. Best is trial 581 with value: 0.6109542079341689.
[I 2026-05-22 18:04:28,745] Trial 699 finished with value: 0.6015774786870177 and parameters: {'rain_shift': 1.1901048039629183, 'ign_k': 0.47480068304087836, 'rate_power': 0.7050523258863192}. Best is trial 581 with value: 0.6109542079341689.
[I 2026-05-22 18:04:29,094] Trial 700 finished with value: 0.6029247507876843 and parameters: {'rain_shift': 2.8003155728573597, 'ign_k': 0.3761861837749804, 'rate_power': 0.7174713756007394}. Best is trial 581 with value: 0.6109542079341689.
[I 2026-05-22 18:04:29,443] Trial 701 finished with value: 0.6027153403729113 and parameters: {'rain_shift': 1.7943228370248736, 'ign_k': 1.156492590742768, 'rate_power': 0.7857639166665891}. Best is trial 581 with value: 0.6109542079341689.
[I 2026-05-22 18:04:29,793] Trial 702 finished with value: 0.5942161822825811 and parameters: {'rain_shift': 0.44537810556712865, 'ign_k': 0.5303524373748411, 'rate_power': 0.7956553725491542}. Best is trial 581 with value: 0.6109542079341689.
[I 2026-05-22 18:04:30,144] Trial 703 finished with value: 0.5741480419438876 and parameters: {'rain_shift': 1.0138403759561583, 'ign_k': 0.09511786552170048, 'rate_power': 0.9640177015992234}. Best is trial 581 with value: 0.6109542079341689.
[I 2026-05-22 18:04:30,496] Trial 704 finished with value: 0.6045938752572387 and parameters: {'rain_shift': 1.8608719930608464, 'ign_k': 1.2592832805362784, 'rate_power': 0.7013567033940356}. Best is trial 581 with value: 0.6109542079341689.
[I 2026-05-22 18:04:30,846] Trial 705 finished with value: 0.6030226703587257 and parameters: {'rain_shift': 2.516762271546157, 'ign_k': 0.6935343677605539, 'rate_power': 0.7005073728219539}. Best is trial 581 with value: 0.6109542079341689.
[I 2026-05-22 18:04:31,196] Trial 706 finished with value: 0.5850922758440277 and parameters: {'rain_shift': 4.171435189370897, 'ign_k': 0.3555600622323623, 'rate_power': 0.7666581118618655}. Best is trial 581 with value: 0.6109542079341689.
[I 2026-05-22 18:04:31,546] Trial 707 finished with value: 0.6075661417852518 and parameters: {'rain_shift': 1.1172078342885483, 'ign_k': 0.5777279900593283, 'rate_power': 0.7848858394002176}. Best is trial 581 with value: 0.6109542079341689.
[I 2026-05-22 18:04:31,891] Trial 708 finished with value: 0.6079639129350948 and parameters: {'rain_shift': 2.0893172428872857, 'ign_k': 0.5890655902159528, 'rate_power': 0.763236806455177}. Best is trial 581 with value: 0.6109542079341689.
[I 2026-05-22 18:04:32,245] Trial 709 finished with value: 0.6022866036989158 and parameters: {'rain_shift': 2.350092856623734, 'ign_k': 0.34199817182238135, 'rate_power': 0.704329630293647}. Best is trial 581 with value: 0.6109542079341689.
[I 2026-05-22 18:04:32,599] Trial 710 finished with value: 0.6093754952728896 and parameters: {'rain_shift': 1.3516780136731101, 'ign_k': 0.7405794853677756, 'rate_power': 0.7919162909057041}. Best is trial 581 with value: 0.6109542079341689.
[I 2026-05-22 18:04:32,951] Trial 711 finished with value: 0.5814593724045459 and parameters: {'rain_shift': 0.3551130632987747, 'ign_k': 0.515410976854304, 'rate_power': 0.7074995204323178}. Best is trial 581 with value: 0.6109542079341689.
[I 2026-05-22 18:04:33,302] Trial 712 finished with value: 0.587721652848265 and parameters: {'rain_shift': 0.128899881672923, 'ign_k': 1.255099647153086, 'rate_power': 0.7186027894639417}. Best is trial 581 with value: 0.6109542079341689.
[I 2026-05-22 18:04:33,652] Trial 713 finished with value: 0.5986355913253918 and parameters: {'rain_shift': 1.0559982349654924, 'ign_k': 0.3903042089003666, 'rate_power': 0.7707127211708532}. Best is trial 581 with value: 0.6109542079341689.
[I 2026-05-22 18:04:34,003] Trial 714 finished with value: 0.6111263465847875 and parameters: {'rain_shift': 1.8584561329682763, 'ign_k': 0.6241606715796371, 'rate_power': 0.700475533169256}. Best is trial 714 with value: 0.6111263465847875.
[I 2026-05-22 18:04:34,354] Trial 715 finished with value: 0.5929172728748221 and parameters: {'rain_shift': 3.0593359898128774, 'ign_k': 0.5271671603673063, 'rate_power': 0.7919196704186326}. Best is trial 714 with value: 0.6111263465847875.
[I 2026-05-22 18:04:34,704] Trial 716 finished with value: 0.5777841219413337 and parameters: {'rain_shift': 0.18906638395025, 'ign_k': 0.33649842833005195, 'rate_power': 0.7964242443124427}. Best is trial 714 with value: 0.6111263465847875.
[I 2026-05-22 18:04:35,053] Trial 717 finished with value: 0.6094474718075006 and parameters: {'rain_shift': 1.6523677876497436, 'ign_k': 0.7284867770572466, 'rate_power': 0.7741341875073909}. Best is trial 714 with value: 0.6111263465847875.
[I 2026-05-22 18:04:35,403] Trial 718 finished with value: 0.6099354146384516 and parameters: {'rain_shift': 1.8065632471109447, 'ign_k': 0.7707632240152512, 'rate_power': 0.70084692847274}. Best is trial 714 with value: 0.6111263465847875.
[I 2026-05-22 18:04:35,757] Trial 719 finished with value: 0.5865659507086951 and parameters: {'rain_shift': 1.11112628999969, 'ign_k': 0.3240500394300748, 'rate_power': 0.7051875514620746}. Best is trial 714 with value: 0.6111263465847875.
[I 2026-05-22 18:04:36,107] Trial 720 finished with value: 0.6029856493430858 and parameters: {'rain_shift': 2.0735399207462626, 'ign_k': 0.749116663475655, 'rate_power': 0.7951222079846825}. Best is trial 714 with value: 0.6111263465847875.
[I 2026-05-22 18:04:36,457] Trial 721 finished with value: 0.6080907226203941 and parameters: {'rain_shift': 1.887977526195604, 'ign_k': 0.44185461863033887, 'rate_power': 0.7048863303105932}. Best is trial 714 with value: 0.6111263465847875.
[I 2026-05-22 18:04:36,807] Trial 722 finished with value: 0.6025539714172685 and parameters: {'rain_shift': 0.6916840188469144, 'ign_k': 0.700127897587216, 'rate_power': 0.7810174717767882}. Best is trial 714 with value: 0.6111263465847875.
[I 2026-05-22 18:04:37,158] Trial 723 finished with value: 0.5868120398686448 and parameters: {'rain_shift': 3.3797514729600806, 'ign_k': 0.3453105118079692, 'rate_power': 0.8824881767814261}. Best is trial 714 with value: 0.6111263465847875.
[I 2026-05-22 18:04:37,509] Trial 724 finished with value: 0.5814992160066302 and parameters: {'rain_shift': 3.4151651503060045, 'ign_k': 0.8089377434116976, 'rate_power': 0.7771409603099938}. Best is trial 714 with value: 0.6111263465847875.
[I 2026-05-22 18:04:37,860] Trial 725 finished with value: 0.6036200533985987 and parameters: {'rain_shift': 2.0704714763419148, 'ign_k': 1.075048047622399, 'rate_power': 0.7003987577159757}. Best is trial 714 with value: 0.6111263465847875.
[I 2026-05-22 18:04:38,210] Trial 726 finished with value: 0.5971988062401632 and parameters: {'rain_shift': 1.471385177923585, 'ign_k': 0.292698091430177, 'rate_power': 0.8368512462694144}. Best is trial 714 with value: 0.6111263465847875.
[I 2026-05-22 18:04:38,561] Trial 727 finished with value: 0.6081604083333078 and parameters: {'rain_shift': 1.4089944374747627, 'ign_k': 0.9063694592065992, 'rate_power': 0.7746071494387967}. Best is trial 714 with value: 0.6111263465847875.
[I 2026-05-22 18:04:38,911] Trial 728 finished with value: 0.5825839551049108 and parameters: {'rain_shift': 4.334604698587842, 'ign_k': 0.5763658254587425, 'rate_power': 0.7026360615271129}. Best is trial 714 with value: 0.6111263465847875.
[I 2026-05-22 18:04:39,261] Trial 729 finished with value: 0.6047094367909646 and parameters: {'rain_shift': 2.1941781916842653, 'ign_k': 0.6594001559413936, 'rate_power': 0.7701166806251946}. Best is trial 714 with value: 0.6111263465847875.
[I 2026-05-22 18:04:39,611] Trial 730 finished with value: 0.6087890009965814 and parameters: {'rain_shift': 1.678439049528811, 'ign_k': 0.4567073144827329, 'rate_power': 0.7804357900887926}. Best is trial 714 with value: 0.6111263465847875.
[I 2026-05-22 18:04:39,962] Trial 731 finished with value: 0.5969209282027599 and parameters: {'rain_shift': 2.9275810603387358, 'ign_k': 0.4921413968200323, 'rate_power': 0.7710822750266312}. Best is trial 714 with value: 0.6111263465847875.
[I 2026-05-22 18:04:40,312] Trial 732 finished with value: 0.6077159231639911 and parameters: {'rain_shift': 2.274849259068512, 'ign_k': 0.4255703388389382, 'rate_power': 0.7042782090577346}. Best is trial 714 with value: 0.6111263465847875.
[I 2026-05-22 18:04:40,659] Trial 733 finished with value: 0.5905226742610418 and parameters: {'rain_shift': 3.0830126759434995, 'ign_k': 0.9021791820368674, 'rate_power': 0.7001757259512086}. Best is trial 714 with value: 0.6111263465847875.
[I 2026-05-22 18:04:41,005] Trial 734 finished with value: 0.5902673762144105 and parameters: {'rain_shift': 0.1290802486808047, 'ign_k': 0.9905965030289731, 'rate_power': 0.7527278994429969}. Best is trial 714 with value: 0.6111263465847875.
[I 2026-05-22 18:04:41,352] Trial 735 finished with value: 0.5960382474398498 and parameters: {'rain_shift': 2.1312231801409, 'ign_k': 0.9288577588062118, 'rate_power': 0.8462190160608293}. Best is trial 714 with value: 0.6111263465847875.
[I 2026-05-22 18:04:41,699] Trial 736 finished with value: 0.5823976535847697 and parameters: {'rain_shift': 0.049760228875329604, 'ign_k': 0.9758294435645013, 'rate_power': 0.7049966617732245}. Best is trial 714 with value: 0.6111263465847875.
[I 2026-05-22 18:04:42,045] Trial 737 finished with value: 0.6104589432963505 and parameters: {'rain_shift': 1.6496304436583147, 'ign_k': 0.5901630308167605, 'rate_power': 0.70448597908944}. Best is trial 714 with value: 0.6111263465847875.
[I 2026-05-22 18:04:42,392] Trial 738 finished with value: 0.606725518245582 and parameters: {'rain_shift': 2.0968755529084806, 'ign_k': 0.6116776101459477, 'rate_power': 0.7764591198078091}. Best is trial 714 with value: 0.6111263465847875.
[I 2026-05-22 18:04:42,739] Trial 739 finished with value: 0.5596300383201872 and parameters: {'rain_shift': 9.525566894552814, 'ign_k': 0.08000541439759469, 'rate_power': 0.9805970600758341}. Best is trial 714 with value: 0.6111263465847875.
[I 2026-05-22 18:04:43,086] Trial 740 finished with value: 0.5500203950776603 and parameters: {'rain_shift': 9.411409086864541, 'ign_k': 0.5024314148972107, 'rate_power': 0.7838784621954218}. Best is trial 714 with value: 0.6111263465847875.
[I 2026-05-22 18:04:43,434] Trial 741 finished with value: 0.6063492302313728 and parameters: {'rain_shift': 1.2016505674444042, 'ign_k': 0.671763131926866, 'rate_power': 0.7139425486830072}. Best is trial 714 with value: 0.6111263465847875.
[I 2026-05-22 18:04:43,785] Trial 742 finished with value: 0.6022852818846104 and parameters: {'rain_shift': 0.7840458705403704, 'ign_k': 0.5111213054412129, 'rate_power': 0.802504486975868}. Best is trial 714 with value: 0.6111263465847875.
[I 2026-05-22 18:04:44,135] Trial 743 finished with value: 0.5383773605671012 and parameters: {'rain_shift': 8.747560249520895, 'ign_k': 1.5857946337830109, 'rate_power': 0.8824844041926633}. Best is trial 714 with value: 0.6111263465847875.
[I 2026-05-22 18:04:44,484] Trial 744 finished with value: 0.5968685915340426 and parameters: {'rain_shift': 3.0446147883261743, 'ign_k': 0.6207697384884785, 'rate_power': 0.7016310122470173}. Best is trial 714 with value: 0.6111263465847875.
[I 2026-05-22 18:04:44,837] Trial 745 finished with value: 0.6045216150924471 and parameters: {'rain_shift': 1.9845569865607366, 'ign_k': 1.1429337860883568, 'rate_power': 0.7003769979190431}. Best is trial 714 with value: 0.6111263465847875.
[I 2026-05-22 18:04:45,187] Trial 746 finished with value: 0.5814050101898764 and parameters: {'rain_shift': 0.3552153608417521, 'ign_k': 0.5227643618541511, 'rate_power': 0.7045561304219983}. Best is trial 714 with value: 0.6111263465847875.
[I 2026-05-22 18:04:45,538] Trial 747 finished with value: 0.5823560779231665 and parameters: {'rain_shift': 3.141985816486427, 'ign_k': 0.6875420902036989, 'rate_power': 0.8593376153488891}. Best is trial 714 with value: 0.6111263465847875.
[I 2026-05-22 18:04:45,889] Trial 748 finished with value: 0.6053274951810846 and parameters: {'rain_shift': 0.8516813304025828, 'ign_k': 0.6614620942301331, 'rate_power': 0.7924448240090227}. Best is trial 714 with value: 0.6111263465847875.
[I 2026-05-22 18:04:46,240] Trial 749 finished with value: 0.6099806461775307 and parameters: {'rain_shift': 1.674415016983179, 'ign_k': 0.7815874069030758, 'rate_power': 0.7010855662163036}. Best is trial 714 with value: 0.6111263465847875.
[I 2026-05-22 18:04:46,598] Trial 750 finished with value: 0.6003607802767879 and parameters: {'rain_shift': 2.506786296608894, 'ign_k': 0.32408889850429834, 'rate_power': 0.7850771480831549}. Best is trial 714 with value: 0.6111263465847875.
[I 2026-05-22 18:04:46,951] Trial 751 finished with value: 0.6075956905152072 and parameters: {'rain_shift': 1.380164969630163, 'ign_k': 0.5720713271352792, 'rate_power': 0.7021906172993857}. Best is trial 714 with value: 0.6111263465847875.
[I 2026-05-22 18:04:47,300] Trial 752 finished with value: 0.598791745711751 and parameters: {'rain_shift': 1.936605068692511, 'ign_k': 1.1847964226210488, 'rate_power': 0.8147270185496579}. Best is trial 714 with value: 0.6111263465847875.
[I 2026-05-22 18:04:47,650] Trial 753 finished with value: 0.6057235606590708 and parameters: {'rain_shift': 1.3647142223453428, 'ign_k': 1.106907426517132, 'rate_power': 0.7821348313716313}. Best is trial 714 with value: 0.6111263465847875.
[I 2026-05-22 18:04:48,000] Trial 754 finished with value: 0.6100109375572654 and parameters: {'rain_shift': 1.6489098343798139, 'ign_k': 0.5158166974005594, 'rate_power': 0.800321365786098}. Best is trial 714 with value: 0.6111263465847875.
[I 2026-05-22 18:04:48,350] Trial 755 finished with value: 0.5667243940389415 and parameters: {'rain_shift': 4.138256698315175, 'ign_k': 1.25623747713104, 'rate_power': 0.8114401376732374}. Best is trial 714 with value: 0.6111263465847875.
[I 2026-05-22 18:04:48,697] Trial 756 finished with value: 0.5860968827286338 and parameters: {'rain_shift': 1.0881867496267246, 'ign_k': 0.3285970849129447, 'rate_power': 0.7007509894704161}. Best is trial 714 with value: 0.6111263465847875.
[I 2026-05-22 18:04:49,053] Trial 757 finished with value: 0.6066440185321121 and parameters: {'rain_shift': 2.2467024120629073, 'ign_k': 0.5496517435891518, 'rate_power': 0.761744748999196}. Best is trial 714 with value: 0.6111263465847875.
[I 2026-05-22 18:04:49,409] Trial 758 finished with value: 0.6007105212016888 and parameters: {'rain_shift': 2.2587971138101253, 'ign_k': 0.3360785130107636, 'rate_power': 0.8592308851515449}. Best is trial 714 with value: 0.6111263465847875.
[I 2026-05-22 18:04:49,764] Trial 759 finished with value: 0.5812243635584954 and parameters: {'rain_shift': 0.04834510034478279, 'ign_k': 0.4795557250516373, 'rate_power': 0.7992470008539475}. Best is trial 714 with value: 0.6111263465847875.
[I 2026-05-22 18:04:50,120] Trial 760 finished with value: 0.6083181715982633 and parameters: {'rain_shift': 2.047466385775038, 'ign_k': 0.4485645292335461, 'rate_power': 0.766994242176232}. Best is trial 714 with value: 0.6111263465847875.
[I 2026-05-22 18:04:50,473] Trial 761 finished with value: 0.6101287248605181 and parameters: {'rain_shift': 2.1060194716599585, 'ign_k': 0.5396564027364152, 'rate_power': 0.7042103536003294}. Best is trial 714 with value: 0.6111263465847875.
[I 2026-05-22 18:04:50,827] Trial 762 finished with value: 0.6099796964321915 and parameters: {'rain_shift': 1.666204936653527, 'ign_k': 0.7820038150064188, 'rate_power': 0.7011029299457285}. Best is trial 714 with value: 0.6111263465847875.
[I 2026-05-22 18:04:51,179] Trial 763 finished with value: 0.6005428399015624 and parameters: {'rain_shift': 2.3883085882321495, 'ign_k': 0.4772371710019633, 'rate_power': 0.8551507499985795}. Best is trial 714 with value: 0.6111263465847875.
[I 2026-05-22 18:04:51,525] Trial 764 finished with value: 0.5873240860200563 and parameters: {'rain_shift': 2.7841680535871944, 'ign_k': 1.1087671094975122, 'rate_power': 0.7670505374043037}. Best is trial 714 with value: 0.6111263465847875.
[I 2026-05-22 18:04:51,875] Trial 765 finished with value: 0.6073468662076879 and parameters: {'rain_shift': 1.314915990240194, 'ign_k': 0.8950837625217885, 'rate_power': 0.8499679060060301}. Best is trial 714 with value: 0.6111263465847875.
[I 2026-05-22 18:04:52,233] Trial 766 finished with value: 0.6028003887284258 and parameters: {'rain_shift': 2.0707913395146815, 'ign_k': 0.8305829899208793, 'rate_power': 0.773505359879171}. Best is trial 714 with value: 0.6111263465847875.
[I 2026-05-22 18:04:52,584] Trial 767 finished with value: 0.6088132440676458 and parameters: {'rain_shift': 1.72214023506258, 'ign_k': 0.45052022438832673, 'rate_power': 0.7930753142747142}. Best is trial 714 with value: 0.6111263465847875.
[I 2026-05-22 18:04:52,931] Trial 768 finished with value: 0.5933727184181165 and parameters: {'rain_shift': 0.5934128065229707, 'ign_k': 0.6715831616063969, 'rate_power': 0.7000795280992779}. Best is trial 714 with value: 0.6111263465847875.
[I 2026-05-22 18:04:53,277] Trial 769 finished with value: 0.6006561857521654 and parameters: {'rain_shift': 1.2686714801401928, 'ign_k': 0.3713861983433435, 'rate_power': 0.7800174688802256}. Best is trial 714 with value: 0.6111263465847875.
[I 2026-05-22 18:04:53,624] Trial 770 finished with value: 0.5957665670737705 and parameters: {'rain_shift': 3.5065546097389877, 'ign_k': 0.42468632171076076, 'rate_power': 0.7047602813196531}. Best is trial 714 with value: 0.6111263465847875.
[I 2026-05-22 18:04:53,971] Trial 771 finished with value: 0.5360242794344802 and parameters: {'rain_shift': 7.199002376997698, 'ign_k': 0.3466006502398548, 'rate_power': 1.271026776934816}. Best is trial 714 with value: 0.6111263465847875.
[I 2026-05-22 18:04:54,318] Trial 772 finished with value: 0.6095996850811767 and parameters: {'rain_shift': 1.3662983173325838, 'ign_k': 0.6430259278591749, 'rate_power': 0.7673493473548854}. Best is trial 714 with value: 0.6111263465847875.
[I 2026-05-22 18:04:54,666] Trial 773 finished with value: 0.5948907221288038 and parameters: {'rain_shift': 2.4759712612114697, 'ign_k': 0.8551467998472855, 'rate_power': 0.7795879736366985}. Best is trial 714 with value: 0.6111263465847875.
[I 2026-05-22 18:04:55,015] Trial 774 finished with value: 0.6005473806543987 and parameters: {'rain_shift': 2.1293020558212192, 'ign_k': 0.32849202688118334, 'rate_power': 0.7005284506545657}. Best is trial 714 with value: 0.6111263465847875.
[I 2026-05-22 18:04:55,361] Trial 775 finished with value: 0.6048570079896928 and parameters: {'rain_shift': 0.5989786401536548, 'ign_k': 0.7185992900153537, 'rate_power': 0.8520854036935798}. Best is trial 714 with value: 0.6111263465847875.
[I 2026-05-22 18:04:55,714] Trial 776 finished with value: 0.6081578350982788 and parameters: {'rain_shift': 2.2079923335049445, 'ign_k': 0.43773368476577323, 'rate_power': 0.7012913263245072}. Best is trial 714 with value: 0.6111263465847875.
[I 2026-05-22 18:04:56,069] Trial 777 finished with value: 0.5808575404997798 and parameters: {'rain_shift': 3.42354089629165, 'ign_k': 0.7669414066842097, 'rate_power': 0.793462769316561}. Best is trial 714 with value: 0.6111263465847875.
[I 2026-05-22 18:04:56,420] Trial 778 finished with value: 0.6014203224580363 and parameters: {'rain_shift': 1.913439698487191, 'ign_k': 1.7049361579073259, 'rate_power': 0.7026521962961408}. Best is trial 714 with value: 0.6111263465847875.
[I 2026-05-22 18:04:56,774] Trial 779 finished with value: 0.6088377892093351 and parameters: {'rain_shift': 1.3288526090278396, 'ign_k': 0.7209902256552435, 'rate_power': 0.7534671045705075}. Best is trial 714 with value: 0.6111263465847875.
[I 2026-05-22 18:04:57,123] Trial 780 finished with value: 0.5889968555913867 and parameters: {'rain_shift': 3.6686565159287032, 'ign_k': 0.22109057946644692, 'rate_power': 0.80015717416864}. Best is trial 714 with value: 0.6111263465847875.
[I 2026-05-22 18:04:57,472] Trial 781 finished with value: 0.5787754715490044 and parameters: {'rain_shift': 3.674238541426636, 'ign_k': 0.22157017500601317, 'rate_power': 1.0236342883002785}. Best is trial 714 with value: 0.6111263465847875.
[I 2026-05-22 18:04:57,823] Trial 782 finished with value: 0.5918368198525544 and parameters: {'rain_shift': 3.2546715901369776, 'ign_k': 0.5270266069644747, 'rate_power': 0.7676441743347313}. Best is trial 714 with value: 0.6111263465847875.
[I 2026-05-22 18:04:58,171] Trial 783 finished with value: 0.5654171856474842 and parameters: {'rain_shift': 6.103713750418673, 'ign_k': 0.053725460349900715, 'rate_power': 1.0664397469248597}. Best is trial 714 with value: 0.6111263465847875.
[I 2026-05-22 18:04:58,523] Trial 784 finished with value: 0.5701022004601778 and parameters: {'rain_shift': 1.9965515975307002, 'ign_k': 0.12023559145567572, 'rate_power': 0.7054725433189241}. Best is trial 714 with value: 0.6111263465847875.
[I 2026-05-22 18:04:58,874] Trial 785 finished with value: 0.6001963180796968 and parameters: {'rain_shift': 0.9455035871206909, 'ign_k': 0.8803853442759093, 'rate_power': 0.7038694115423981}. Best is trial 714 with value: 0.6111263465847875.
[I 2026-05-22 18:04:59,221] Trial 786 finished with value: 0.6016384513008809 and parameters: {'rain_shift': 1.1180103676556603, 'ign_k': 0.41136166111616385, 'rate_power': 0.7750074430361623}. Best is trial 714 with value: 0.6111263465847875.
[I 2026-05-22 18:04:59,571] Trial 787 finished with value: 0.5977029753449389 and parameters: {'rain_shift': 2.7818088843203865, 'ign_k': 0.7209237189971344, 'rate_power': 0.70540329288154}. Best is trial 714 with value: 0.6111263465847875.
[I 2026-05-22 18:04:59,921] Trial 788 finished with value: 0.6020219874326637 and parameters: {'rain_shift': 0.8573055040301101, 'ign_k': 1.0747250026689712, 'rate_power': 0.7829443488157716}. Best is trial 714 with value: 0.6111263465847875.
[I 2026-05-22 18:05:00,271] Trial 789 finished with value: 0.5811975292000501 and parameters: {'rain_shift': 0.7715267803669299, 'ign_k': 0.3470537507372693, 'rate_power': 0.7030094643171697}. Best is trial 714 with value: 0.6111263465847875.
[I 2026-05-22 18:05:00,621] Trial 790 finished with value: 0.5950556746238074 and parameters: {'rain_shift': 2.554333521128606, 'ign_k': 0.5450091369550027, 'rate_power': 0.8755872794060386}. Best is trial 714 with value: 0.6111263465847875.
[I 2026-05-22 18:05:00,966] Trial 791 finished with value: 0.6086591875004606 and parameters: {'rain_shift': 1.2606194768495218, 'ign_k': 0.6864445631951913, 'rate_power': 0.7663847376305682}. Best is trial 714 with value: 0.6111263465847875.
[I 2026-05-22 18:05:01,316] Trial 792 finished with value: 0.5991419470792235 and parameters: {'rain_shift': 2.2747672695331382, 'ign_k': 0.6398508202116813, 'rate_power': 0.8576803748053161}. Best is trial 714 with value: 0.6111263465847875.
[I 2026-05-22 18:05:01,664] Trial 793 finished with value: 0.5999925998375978 and parameters: {'rain_shift': 2.2171247306702586, 'ign_k': 0.8225933126072695, 'rate_power': 0.7828669839216653}. Best is trial 714 with value: 0.6111263465847875.
[I 2026-05-22 18:05:02,011] Trial 794 finished with value: 0.5852552823761064 and parameters: {'rain_shift': 1.5515338284534528, 'ign_k': 0.207625181455051, 'rate_power': 0.792240951120301}. Best is trial 714 with value: 0.6111263465847875.
[I 2026-05-22 18:05:02,362] Trial 795 finished with value: 0.6015702969714878 and parameters: {'rain_shift': 1.4052176704407553, 'ign_k': 0.3350225795966204, 'rate_power': 0.8688188807906254}. Best is trial 714 with value: 0.6111263465847875.
[I 2026-05-22 18:05:02,712] Trial 796 finished with value: 0.605021930143223 and parameters: {'rain_shift': 1.4783493726841348, 'ign_k': 0.45190760687310827, 'rate_power': 0.7006894093025169}. Best is trial 714 with value: 0.6111263465847875.
[I 2026-05-22 18:05:03,060] Trial 797 finished with value: 0.5977998972367116 and parameters: {'rain_shift': 3.006126629409847, 'ign_k': 0.40465371860899874, 'rate_power': 0.784443927151131}. Best is trial 714 with value: 0.6111263465847875.
[I 2026-05-22 18:05:03,411] Trial 798 finished with value: 0.5654356284080566 and parameters: {'rain_shift': 8.370157591348267, 'ign_k': 0.15858034246541614, 'rate_power': 0.7806888346639422}. Best is trial 714 with value: 0.6111263465847875.
[I 2026-05-22 18:05:03,765] Trial 799 finished with value: 0.6085006956997467 and parameters: {'rain_shift': 1.959299110712895, 'ign_k': 0.7763648301147396, 'rate_power': 0.7053184476747798}. Best is trial 714 with value: 0.6111263465847875.
[I 2026-05-22 18:05:04,115] Trial 800 finished with value: 0.5798956817052312 and parameters: {'rain_shift': 0.04864850344426519, 'ign_k': 0.5044374092869226, 'rate_power': 0.7779600719577692}. Best is trial 714 with value: 0.6111263465847875.
[I 2026-05-22 18:05:04,464] Trial 801 finished with value: 0.6023486057131143 and parameters: {'rain_shift': 1.1359597211477026, 'ign_k': 0.5213098168049456, 'rate_power': 0.7018561066356312}. Best is trial 714 with value: 0.6111263465847875.
[I 2026-05-22 18:05:04,816] Trial 802 finished with value: 0.6070426465602076 and parameters: {'rain_shift': 2.5071540396384346, 'ign_k': 0.5004179964795729, 'rate_power': 0.7035295703394867}. Best is trial 714 with value: 0.6111263465847875.
[I 2026-05-22 18:05:05,166] Trial 803 finished with value: 0.6094192406470652 and parameters: {'rain_shift': 1.68702759168011, 'ign_k': 0.6669456150941123, 'rate_power': 0.8210753689876461}. Best is trial 714 with value: 0.6111263465847875.
[I 2026-05-22 18:05:05,517] Trial 804 finished with value: 0.6055567939938813 and parameters: {'rain_shift': 1.9538303647735982, 'ign_k': 1.0520236456058352, 'rate_power': 0.7011642461684839}. Best is trial 714 with value: 0.6111263465847875.
[I 2026-05-22 18:05:05,866] Trial 805 finished with value: 0.5873331244253416 and parameters: {'rain_shift': 2.477071199846457, 'ign_k': 1.6282702579690147, 'rate_power': 0.7848725739886314}. Best is trial 714 with value: 0.6111263465847875.
[I 2026-05-22 18:05:06,215] Trial 806 finished with value: 0.6097632856654083 and parameters: {'rain_shift': 1.8078252383893267, 'ign_k': 0.5181491391503021, 'rate_power': 0.789117259279654}. Best is trial 714 with value: 0.6111263465847875.
[I 2026-05-22 18:05:06,563] Trial 807 finished with value: 0.6057854319488905 and parameters: {'rain_shift': 1.122496288045768, 'ign_k': 0.9190928647192671, 'rate_power': 0.7745864754913198}. Best is trial 714 with value: 0.6111263465847875.
[I 2026-05-22 18:05:06,912] Trial 808 finished with value: 0.5983800603766396 and parameters: {'rain_shift': 2.7334343548346247, 'ign_k': 0.3012933497498573, 'rate_power': 0.7871820394517617}. Best is trial 714 with value: 0.6111263465847875.
[I 2026-05-22 18:05:07,266] Trial 809 finished with value: 0.598411579161842 and parameters: {'rain_shift': 2.590141587327448, 'ign_k': 0.6074645507731661, 'rate_power': 0.7875521537309287}. Best is trial 714 with value: 0.6111263465847875.
[I 2026-05-22 18:05:07,617] Trial 810 finished with value: 0.5995265028525638 and parameters: {'rain_shift': 0.37519684890503413, 'ign_k': 1.0185873755927932, 'rate_power': 0.8022497209335006}. Best is trial 714 with value: 0.6111263465847875.
[I 2026-05-22 18:05:07,965] Trial 811 finished with value: 0.5683058907822689 and parameters: {'rain_shift': 3.933608274340825, 'ign_k': 0.051899349371895, 'rate_power': 0.9064203469065992}. Best is trial 714 with value: 0.6111263465847875.
[I 2026-05-22 18:05:08,315] Trial 812 finished with value: 0.6095775131086736 and parameters: {'rain_shift': 2.2443577752068284, 'ign_k': 0.5363519304924996, 'rate_power': 0.7018309896912235}. Best is trial 714 with value: 0.6111263465847875.
[I 2026-05-22 18:05:08,664] Trial 813 finished with value: 0.5856235777407095 and parameters: {'rain_shift': 2.9311959374277508, 'ign_k': 0.8848262546888651, 'rate_power': 0.7943335122758679}. Best is trial 714 with value: 0.6111263465847875.
[I 2026-05-22 18:05:09,014] Trial 814 finished with value: 0.6078424342328805 and parameters: {'rain_shift': 1.4781228615675341, 'ign_k': 0.4678931847874465, 'rate_power': 0.7565779804937602}. Best is trial 714 with value: 0.6111263465847875.
[I 2026-05-22 18:05:09,365] Trial 815 finished with value: 0.593833207885604 and parameters: {'rain_shift': 2.6186548145083055, 'ign_k': 1.1713168596341679, 'rate_power': 0.7072799218536633}. Best is trial 714 with value: 0.6111263465847875.
[I 2026-05-22 18:05:09,713] Trial 816 finished with value: 0.6096217579432669 and parameters: {'rain_shift': 1.529880265996915, 'ign_k': 0.5020862952485987, 'rate_power': 0.8538735568798463}. Best is trial 714 with value: 0.6111263465847875.
[I 2026-05-22 18:05:10,064] Trial 817 finished with value: 0.5935442299634083 and parameters: {'rain_shift': 3.2889454186812705, 'ign_k': 0.6328675278754383, 'rate_power': 0.7013679204114277}. Best is trial 714 with value: 0.6111263465847875.
[I 2026-05-22 18:05:10,413] Trial 818 finished with value: 0.5898736693791975 and parameters: {'rain_shift': 0.9657091815546796, 'ign_k': 0.322915486802132, 'rate_power': 0.774203265673043}. Best is trial 714 with value: 0.6111263465847875.
[I 2026-05-22 18:05:10,763] Trial 819 finished with value: 0.6099454320722407 and parameters: {'rain_shift': 1.5699965488848342, 'ign_k': 0.6289416204725891, 'rate_power': 0.7022826426906057}. Best is trial 714 with value: 0.6111263465847875.
[I 2026-05-22 18:05:11,112] Trial 820 finished with value: 0.5911386923263457 and parameters: {'rain_shift': 3.0002829345922963, 'ign_k': 0.22382778825634295, 'rate_power': 0.7022598572446216}. Best is trial 714 with value: 0.6111263465847875.
[I 2026-05-22 18:05:11,462] Trial 821 finished with value: 0.6007691666808046 and parameters: {'rain_shift': 2.0091744002685483, 'ign_k': 0.7510390214403069, 'rate_power': 0.8607263235290069}. Best is trial 714 with value: 0.6111263465847875.
[I 2026-05-22 18:05:11,811] Trial 822 finished with value: 0.602494596479488 and parameters: {'rain_shift': 0.763706631269782, 'ign_k': 0.7321778548931074, 'rate_power': 0.7602709571119223}. Best is trial 714 with value: 0.6111263465847875.
[I 2026-05-22 18:05:12,165] Trial 823 finished with value: 0.5962908622473659 and parameters: {'rain_shift': 0.7399083638592041, 'ign_k': 1.0454661153165583, 'rate_power': 0.700146958710254}. Best is trial 714 with value: 0.6111263465847875.
[I 2026-05-22 18:05:12,512] Trial 824 finished with value: 0.606510640242721 and parameters: {'rain_shift': 2.3303731298479655, 'ign_k': 0.4432424278268883, 'rate_power': 0.7655664400066737}. Best is trial 714 with value: 0.6111263465847875.
[I 2026-05-22 18:05:12,862] Trial 825 finished with value: 0.6059509794154533 and parameters: {'rain_shift': 1.734023428277166, 'ign_k': 0.9377799080987397, 'rate_power': 0.7736041448683821}. Best is trial 714 with value: 0.6111263465847875.
[I 2026-05-22 18:05:13,211] Trial 826 finished with value: 0.6054213042108317 and parameters: {'rain_shift': 1.5525337177959428, 'ign_k': 0.39216475824108266, 'rate_power': 0.7772690647956937}. Best is trial 714 with value: 0.6111263465847875.
[I 2026-05-22 18:05:13,560] Trial 827 finished with value: 0.5807122620117481 and parameters: {'rain_shift': 3.5164037261082144, 'ign_k': 0.9504724226884034, 'rate_power': 0.7472877457157844}. Best is trial 714 with value: 0.6111263465847875.
[I 2026-05-22 18:05:13,906] Trial 828 finished with value: 0.6077158015005409 and parameters: {'rain_shift': 0.8933750555866993, 'ign_k': 0.5944950603407605, 'rate_power': 0.8611511811386681}. Best is trial 714 with value: 0.6111263465847875.
[I 2026-05-22 18:05:14,256] Trial 829 finished with value: 0.5681456690888816 and parameters: {'rain_shift': 4.875000048539643, 'ign_k': 0.61217708603442, 'rate_power': 0.8069892110870175}. Best is trial 714 with value: 0.6111263465847875.
[I 2026-05-22 18:05:14,605] Trial 830 finished with value: 0.6054732015359539 and parameters: {'rain_shift': 1.1771389934783942, 'ign_k': 0.6893465172625909, 'rate_power': 0.7018910188770147}. Best is trial 714 with value: 0.6111263465847875.
[I 2026-05-22 18:05:14,954] Trial 831 finished with value: 0.604859267494769 and parameters: {'rain_shift': 1.3419652325736133, 'ign_k': 0.4893260009528887, 'rate_power': 0.7031770899698266}. Best is trial 714 with value: 0.6111263465847875.
[I 2026-05-22 18:05:15,303] Trial 832 finished with value: 0.5891766769854863 and parameters: {'rain_shift': 2.1518284143194943, 'ign_k': 1.3836832724102337, 'rate_power': 0.8855577524708556}. Best is trial 714 with value: 0.6111263465847875.
[I 2026-05-22 18:05:15,654] Trial 833 finished with value: 0.5925894413187485 and parameters: {'rain_shift': 3.781386389223305, 'ign_k': 0.4409077705416675, 'rate_power': 0.7000839021258515}. Best is trial 714 with value: 0.6111263465847875.
[I 2026-05-22 18:05:16,003] Trial 834 finished with value: 0.6008931945389467 and parameters: {'rain_shift': 2.6556210898008707, 'ign_k': 0.682247683078859, 'rate_power': 0.7018179833135585}. Best is trial 714 with value: 0.6111263465847875.
[I 2026-05-22 18:05:16,351] Trial 835 finished with value: 0.5936839411874482 and parameters: {'rain_shift': 3.0897459051510907, 'ign_k': 0.4623792872925903, 'rate_power': 0.7971151108642656}. Best is trial 714 with value: 0.6111263465847875.
[I 2026-05-22 18:05:16,709] Trial 836 finished with value: 0.6067694455998333 and parameters: {'rain_shift': 1.979259993788888, 'ign_k': 0.7082751932033746, 'rate_power': 0.7744524060307694}. Best is trial 714 with value: 0.6111263465847875.
[I 2026-05-22 18:05:17,064] Trial 837 finished with value: 0.6072815935531376 and parameters: {'rain_shift': 2.1036922988922813, 'ign_k': 0.6000787161141251, 'rate_power': 0.7684331287737619}. Best is trial 714 with value: 0.6111263465847875.
[I 2026-05-22 18:05:17,418] Trial 838 finished with value: 0.5760783315574807 and parameters: {'rain_shift': 5.229689424655339, 'ign_k': 0.10586781287301643, 'rate_power': 0.8204209982202786}. Best is trial 714 with value: 0.6111263465847875.
[I 2026-05-22 18:05:17,771] Trial 839 finished with value: 0.5898314960179543 and parameters: {'rain_shift': 0.781985914269157, 'ign_k': 0.445794314797653, 'rate_power': 0.7017190578579715}. Best is trial 714 with value: 0.6111263465847875.
[I 2026-05-22 18:05:18,124] Trial 840 finished with value: 0.6036881244580883 and parameters: {'rain_shift': 0.8058033522222484, 'ign_k': 0.8573568986070027, 'rate_power': 0.7885621996434597}. Best is trial 714 with value: 0.6111263465847875.
[I 2026-05-22 18:05:18,481] Trial 841 finished with value: 0.6004226154601839 and parameters: {'rain_shift': 1.7460852552707942, 'ign_k': 1.7230407423185707, 'rate_power': 0.7763866841592164}. Best is trial 714 with value: 0.6111263465847875.
[I 2026-05-22 18:05:18,836] Trial 842 finished with value: 0.5837049565564445 and parameters: {'rain_shift': 0.06496383587533061, 'ign_k': 0.5835012060814958, 'rate_power': 0.783849150107592}. Best is trial 714 with value: 0.6111263465847875.
[I 2026-05-22 18:05:19,192] Trial 843 finished with value: 0.6014147987301875 and parameters: {'rain_shift': 1.814975612466143, 'ign_k': 0.995589857642548, 'rate_power': 0.8531334995024983}. Best is trial 714 with value: 0.6111263465847875.
[I 2026-05-22 18:05:19,547] Trial 844 finished with value: 0.6041596325758242 and parameters: {'rain_shift': 2.3438204362725363, 'ign_k': 0.3765920172397602, 'rate_power': 0.7628485382278253}. Best is trial 714 with value: 0.6111263465847875.
[I 2026-05-22 18:05:19,901] Trial 845 finished with value: 0.5688496588655106 and parameters: {'rain_shift': 0.13285543391945387, 'ign_k': 0.15463867195513173, 'rate_power': 0.7842370274106003}. Best is trial 714 with value: 0.6111263465847875.
[I 2026-05-22 18:05:20,253] Trial 846 finished with value: 0.5937454478921242 and parameters: {'rain_shift': 2.5434522367056003, 'ign_k': 0.8228280482147466, 'rate_power': 0.7870615421668925}. Best is trial 714 with value: 0.6111263465847875.
[I 2026-05-22 18:05:20,603] Trial 847 finished with value: 0.5969066023389865 and parameters: {'rain_shift': 2.514596005982764, 'ign_k': 0.7715615121934111, 'rate_power': 0.7662388968140533}. Best is trial 714 with value: 0.6111263465847875.
[I 2026-05-22 18:05:20,955] Trial 848 finished with value: 0.597279510080923 and parameters: {'rain_shift': 1.501820976841919, 'ign_k': 0.3200910553334432, 'rate_power': 0.7680026402443132}. Best is trial 714 with value: 0.6111263465847875.
[I 2026-05-22 18:05:21,313] Trial 849 finished with value: 0.6095333455608561 and parameters: {'rain_shift': 1.3812489580277945, 'ign_k': 0.5553938097813572, 'rate_power': 0.7805913181406726}. Best is trial 714 with value: 0.6111263465847875.
[I 2026-05-22 18:05:21,666] Trial 850 finished with value: 0.5942656281713251 and parameters: {'rain_shift': 0.07092372054697704, 'ign_k': 2.8777773505299202, 'rate_power': 0.8110830491607666}. Best is trial 714 with value: 0.6111263465847875.
[I 2026-05-22 18:05:22,019] Trial 851 finished with value: 0.6099919642955997 and parameters: {'rain_shift': 1.624348336660763, 'ign_k': 0.7453713798386866, 'rate_power': 0.7002190214119692}. Best is trial 714 with value: 0.6111263465847875.
[I 2026-05-22 18:05:22,370] Trial 852 finished with value: 0.6094374272597654 and parameters: {'rain_shift': 1.18435859494371, 'ign_k': 0.6348829038189173, 'rate_power': 0.8259940363397551}. Best is trial 714 with value: 0.6111263465847875.
[I 2026-05-22 18:05:22,725] Trial 853 finished with value: 0.5842626942313138 and parameters: {'rain_shift': 0.23060638691865343, 'ign_k': 0.676333210274504, 'rate_power': 0.713897899840722}. Best is trial 714 with value: 0.6111263465847875.
[I 2026-05-22 18:05:23,075] Trial 854 finished with value: 0.598232519697993 and parameters: {'rain_shift': 2.4583947012157767, 'ign_k': 1.0073860022260068, 'rate_power': 0.7035612779627195}. Best is trial 714 with value: 0.6111263465847875.
[I 2026-05-22 18:05:23,431] Trial 855 finished with value: 0.5897050021971678 and parameters: {'rain_shift': 0.4124701084143607, 'ign_k': 0.3915007345190281, 'rate_power': 0.8428952345580899}. Best is trial 714 with value: 0.6111263465847875.
[I 2026-05-22 18:05:23,781] Trial 856 finished with value: 0.6100933824048792 and parameters: {'rain_shift': 1.873335008324783, 'ign_k': 0.5530833900027037, 'rate_power': 0.7658619466480281}. Best is trial 714 with value: 0.6111263465847875.
[I 2026-05-22 18:05:24,131] Trial 857 finished with value: 0.5699132654392111 and parameters: {'rain_shift': 5.683200474558109, 'ign_k': 0.14967138664635682, 'rate_power': 0.9600330324905626}. Best is trial 714 with value: 0.6111263465847875.
[I 2026-05-22 18:05:24,484] Trial 858 finished with value: 0.5933379297733177 and parameters: {'rain_shift': 2.8818208524596716, 'ign_k': 0.6713223791243075, 'rate_power': 0.7645250157207688}. Best is trial 714 with value: 0.6111263465847875.
[I 2026-05-22 18:05:24,839] Trial 859 finished with value: 0.606135941700945 and parameters: {'rain_shift': 2.034383128115176, 'ign_k': 0.49631538872798475, 'rate_power': 0.8565602659751899}. Best is trial 714 with value: 0.6111263465847875.
[I 2026-05-22 18:05:25,187] Trial 860 finished with value: 0.6047995130676707 and parameters: {'rain_shift': 2.2156563309886708, 'ign_k': 0.37695678919084874, 'rate_power': 0.7517214940022083}. Best is trial 714 with value: 0.6111263465847875.
[I 2026-05-22 18:05:25,537] Trial 861 finished with value: 0.6014201669663379 and parameters: {'rain_shift': 0.8469668014429753, 'ign_k': 1.329751440748385, 'rate_power': 0.7815823460468059}. Best is trial 714 with value: 0.6111263465847875.
[I 2026-05-22 18:05:25,894] Trial 862 finished with value: 0.6064692715652255 and parameters: {'rain_shift': 1.5935357665097487, 'ign_k': 1.0427256599262782, 'rate_power': 0.7558349280941238}. Best is trial 714 with value: 0.6111263465847875.
[I 2026-05-22 18:05:26,251] Trial 863 finished with value: 0.5975530055341323 and parameters: {'rain_shift': 3.1220662420369467, 'ign_k': 0.3745154725383857, 'rate_power': 0.77750686313493}. Best is trial 714 with value: 0.6111263465847875.
[I 2026-05-22 18:05:26,606] Trial 864 finished with value: 0.5588940674999541 and parameters: {'rain_shift': 3.844270465480205, 'ign_k': 2.7797534481132087, 'rate_power': 0.9611206190867353}. Best is trial 714 with value: 0.6111263465847875.
[I 2026-05-22 18:05:26,956] Trial 865 finished with value: 0.5968677823855127 and parameters: {'rain_shift': 0.13588859455704094, 'ign_k': 0.7763515517095703, 'rate_power': 0.8554879559522452}. Best is trial 714 with value: 0.6111263465847875.
[I 2026-05-22 18:05:27,305] Trial 866 finished with value: 0.5864706801646027 and parameters: {'rain_shift': 3.3478594991458532, 'ign_k': 0.9031546361346657, 'rate_power': 0.7063295542311785}. Best is trial 714 with value: 0.6111263465847875.
[I 2026-05-22 18:05:27,663] Trial 867 finished with value: 0.595291424192202 and parameters: {'rain_shift': 1.337942055441924, 'ign_k': 0.36333412798447995, 'rate_power': 0.7001004827540342}. Best is trial 714 with value: 0.6111263465847875.
[I 2026-05-22 18:05:28,013] Trial 868 finished with value: 0.6108289399248876 and parameters: {'rain_shift': 1.6508408803631, 'ign_k': 0.6143029888979977, 'rate_power': 0.7484258745890464}. Best is trial 714 with value: 0.6111263465847875.
[I 2026-05-22 18:05:28,361] Trial 869 finished with value: 0.5748120228273114 and parameters: {'rain_shift': 0.1365867633340192, 'ign_k': 0.3279603572159155, 'rate_power': 0.7801940632966584}. Best is trial 714 with value: 0.6111263465847875.
[I 2026-05-22 18:05:28,709] Trial 870 finished with value: 0.5770509953843321 and parameters: {'rain_shift': 3.308435804553419, 'ign_k': 0.9024472361761883, 'rate_power': 0.848739210119756}. Best is trial 714 with value: 0.6111263465847875.
[I 2026-05-22 18:05:29,058] Trial 871 finished with value: 0.6082784942600679 and parameters: {'rain_shift': 1.1990497718313646, 'ign_k': 0.7556473564672558, 'rate_power': 0.7767060543783875}. Best is trial 714 with value: 0.6111263465847875.
[I 2026-05-22 18:05:29,407] Trial 872 finished with value: 0.6051697358494519 and parameters: {'rain_shift': 1.9309237275685949, 'ign_k': 0.3758886954027848, 'rate_power': 0.8287794276583178}. Best is trial 714 with value: 0.6111263465847875.
[I 2026-05-22 18:05:29,754] Trial 873 finished with value: 0.5808170057506362 and parameters: {'rain_shift': 0.01421438424049315, 'ign_k': 0.9815972351918031, 'rate_power': 0.7012436484505381}. Best is trial 714 with value: 0.6111263465847875.
[I 2026-05-22 18:05:30,104] Trial 874 finished with value: 0.5936768485500731 and parameters: {'rain_shift': 2.679844963422385, 'ign_k': 0.5069986758567429, 'rate_power': 0.8775877761473273}. Best is trial 714 with value: 0.6111263465847875.
[I 2026-05-22 18:05:30,455] Trial 875 finished with value: 0.606389156639649 and parameters: {'rain_shift': 2.5872390118944057, 'ign_k': 0.4613042024429585, 'rate_power': 0.7059566826591355}. Best is trial 714 with value: 0.6111263465847875.
[I 2026-05-22 18:05:30,807] Trial 876 finished with value: 0.6067886017616467 and parameters: {'rain_shift': 1.0244094139420188, 'ign_k': 0.5695655051740822, 'rate_power': 0.7974292753114978}. Best is trial 714 with value: 0.6111263465847875.
[I 2026-05-22 18:05:31,158] Trial 877 finished with value: 0.6102511918073206 and parameters: {'rain_shift': 1.641969408100798, 'ign_k': 0.660893189381829, 'rate_power': 0.8076748373807083}. Best is trial 714 with value: 0.6111263465847875.
[I 2026-05-22 18:05:31,509] Trial 878 finished with value: 0.6049963148853227 and parameters: {'rain_shift': 1.4692668292504323, 'ign_k': 1.0422277410520655, 'rate_power': 0.8559103367779677}. Best is trial 714 with value: 0.6111263465847875.
[I 2026-05-22 18:05:31,859] Trial 879 finished with value: 0.6103938027560883 and parameters: {'rain_shift': 1.470802533418715, 'ign_k': 0.6441296048261542, 'rate_power': 0.7815141235596976}. Best is trial 714 with value: 0.6111263465847875.
[I 2026-05-22 18:05:32,205] Trial 880 finished with value: 0.6072984753131302 and parameters: {'rain_shift': 1.3495302201994204, 'ign_k': 0.43716560979761593, 'rate_power': 0.8362566014826709}. Best is trial 714 with value: 0.6111263465847875.
[I 2026-05-22 18:05:32,554] Trial 881 finished with value: 0.6063780145601192 and parameters: {'rain_shift': 1.0534857844647656, 'ign_k': 0.48717633110096925, 'rate_power': 0.8246826944925776}. Best is trial 714 with value: 0.6111263465847875.
[I 2026-05-22 18:05:32,904] Trial 882 finished with value: 0.5959111196471667 and parameters: {'rain_shift': 2.8088170379789323, 'ign_k': 0.4373828858950404, 'rate_power': 0.8405396758457876}. Best is trial 714 with value: 0.6111263465847875.
[I 2026-05-22 18:05:33,254] Trial 883 finished with value: 0.5951325516825393 and parameters: {'rain_shift': 2.1297337969247203, 'ign_k': 1.0096614065088774, 'rate_power': 0.845802805647574}. Best is trial 714 with value: 0.6111263465847875.
[I 2026-05-22 18:05:33,604] Trial 884 finished with value: 0.5834002547800157 and parameters: {'rain_shift': 0.11520226719557702, 'ign_k': 0.28826911740170696, 'rate_power': 0.9201815945496962}. Best is trial 714 with value: 0.6111263465847875.
[I 2026-05-22 18:05:33,955] Trial 885 finished with value: 0.6080918324195375 and parameters: {'rain_shift': 1.1017248562878792, 'ign_k': 0.7976802334800749, 'rate_power': 0.8549182612146421}. Best is trial 714 with value: 0.6111263465847875.
[I 2026-05-22 18:05:34,304] Trial 886 finished with value: 0.6046081344972967 and parameters: {'rain_shift': 0.8976798729382728, 'ign_k': 0.5840315306878021, 'rate_power': 0.7867623639559185}. Best is trial 714 with value: 0.6111263465847875.
[I 2026-05-22 18:05:34,654] Trial 887 finished with value: 0.5928938702061207 and parameters: {'rain_shift': 1.6951672374242048, 'ign_k': 0.2519356592581288, 'rate_power': 0.8106595726031451}. Best is trial 714 with value: 0.6111263465847875.
[I 2026-05-22 18:05:35,004] Trial 888 finished with value: 0.6084831312103516 and parameters: {'rain_shift': 1.353997698711437, 'ign_k': 0.509553778236297, 'rate_power': 0.778782926581854}. Best is trial 714 with value: 0.6111263465847875.
[I 2026-05-22 18:05:35,353] Trial 889 finished with value: 0.6011274457865107 and parameters: {'rain_shift': 2.554465725258495, 'ign_k': 0.5260806331452433, 'rate_power': 0.7804101568009278}. Best is trial 714 with value: 0.6111263465847875.
[I 2026-05-22 18:05:35,702] Trial 890 finished with value: 0.6007453029056524 and parameters: {'rain_shift': 2.2926032141044423, 'ign_k': 0.6569340434799994, 'rate_power': 0.8160126841800948}. Best is trial 714 with value: 0.6111263465847875.
[I 2026-05-22 18:05:36,052] Trial 891 finished with value: 0.5882369672034659 and parameters: {'rain_shift': 1.8049880299595467, 'ign_k': 0.24861192650323746, 'rate_power': 0.712387306814245}. Best is trial 714 with value: 0.6111263465847875.
[I 2026-05-22 18:05:36,402] Trial 892 finished with value: 0.608261046992492 and parameters: {'rain_shift': 1.709278083089612, 'ign_k': 0.804044131700769, 'rate_power': 0.7660148686780184}. Best is trial 714 with value: 0.6111263465847875.
[I 2026-05-22 18:05:36,754] Trial 893 finished with value: 0.5857744819080379 and parameters: {'rain_shift': 0.4872021521200345, 'ign_k': 0.409738397886953, 'rate_power': 0.7608756587061273}. Best is trial 714 with value: 0.6111263465847875.
[I 2026-05-22 18:05:37,105] Trial 894 finished with value: 0.598601647608476 and parameters: {'rain_shift': 0.3573261468741422, 'ign_k': 0.7786534799266599, 'rate_power': 0.8103156422938395}. Best is trial 714 with value: 0.6111263465847875.
[I 2026-05-22 18:05:37,456] Trial 895 finished with value: 0.6095991327529804 and parameters: {'rain_shift': 1.5949697804077556, 'ign_k': 0.49564317945712, 'rate_power': 0.7737469731310763}. Best is trial 714 with value: 0.6111263465847875.
[I 2026-05-22 18:05:37,809] Trial 896 finished with value: 0.6027002949961022 and parameters: {'rain_shift': 1.1785098198199646, 'ign_k': 0.5100913197957538, 'rate_power': 0.7001873432385164}. Best is trial 714 with value: 0.6111263465847875.
[I 2026-05-22 18:05:38,163] Trial 897 finished with value: 0.5806080157027464 and parameters: {'rain_shift': 2.949775432189413, 'ign_k': 1.1940510269133244, 'rate_power': 0.8256486834659468}. Best is trial 714 with value: 0.6111263465847875.
[I 2026-05-22 18:05:38,521] Trial 898 finished with value: 0.6040681980391358 and parameters: {'rain_shift': 2.019611903184142, 'ign_k': 0.6002733593656739, 'rate_power': 0.8529611235729426}. Best is trial 714 with value: 0.6111263465847875.
[I 2026-05-22 18:05:38,876] Trial 899 finished with value: 0.5904172462196772 and parameters: {'rain_shift': 3.087165235188352, 'ign_k': 0.6321395573558493, 'rate_power': 0.7787171143393049}. Best is trial 714 with value: 0.6111263465847875.
[I 2026-05-22 18:05:39,228] Trial 900 finished with value: 0.5832292625550012 and parameters: {'rain_shift': 3.5540738920604955, 'ign_k': 0.45977299460103016, 'rate_power': 0.8627537011376877}. Best is trial 714 with value: 0.6111263465847875.
[I 2026-05-22 18:05:39,578] Trial 901 finished with value: 0.6076214097450156 and parameters: {'rain_shift': 1.4302836310021425, 'ign_k': 0.9277099347022016, 'rate_power': 0.8008697413402213}. Best is trial 714 with value: 0.6111263465847875.
[I 2026-05-22 18:05:39,927] Trial 902 finished with value: 0.5580353429993926 and parameters: {'rain_shift': 3.9175471662237222, 'ign_k': 0.42931527805174097, 'rate_power': 1.2529132198061692}. Best is trial 714 with value: 0.6111263465847875.
[I 2026-05-22 18:05:40,281] Trial 903 finished with value: 0.6055752783558535 and parameters: {'rain_shift': 2.411067522353887, 'ign_k': 0.42711662683046975, 'rate_power': 0.7741197570788169}. Best is trial 714 with value: 0.6111263465847875.
[I 2026-05-22 18:05:40,632] Trial 904 finished with value: 0.5958436694681792 and parameters: {'rain_shift': 1.3429975957944156, 'ign_k': 0.31392629856130383, 'rate_power': 0.7877478755143081}. Best is trial 714 with value: 0.6111263465847875.
[I 2026-05-22 18:05:40,983] Trial 905 finished with value: 0.5997315259631549 and parameters: {'rain_shift': 2.0821010916925733, 'ign_k': 1.0338649700034768, 'rate_power': 0.7756552837198436}. Best is trial 714 with value: 0.6111263465847875.
[I 2026-05-22 18:05:41,334] Trial 906 finished with value: 0.6092971516434103 and parameters: {'rain_shift': 1.3001551396615565, 'ign_k': 0.6127685677020019, 'rate_power': 0.771135899656529}. Best is trial 714 with value: 0.6111263465847875.
[I 2026-05-22 18:05:41,684] Trial 907 finished with value: 0.5979145977255279 and parameters: {'rain_shift': 0.6889459750184046, 'ign_k': 0.5187720233194189, 'rate_power': 0.7686326738445615}. Best is trial 714 with value: 0.6111263465847875.
[I 2026-05-22 18:05:42,039] Trial 908 finished with value: 0.5854705576063386 and parameters: {'rain_shift': 3.3411375906150234, 'ign_k': 0.6548433086593127, 'rate_power': 0.7837679930494363}. Best is trial 714 with value: 0.6111263465847875.
[I 2026-05-22 18:05:42,391] Trial 909 finished with value: 0.5984767723190347 and parameters: {'rain_shift': 2.574688544733452, 'ign_k': 0.6640271171347712, 'rate_power': 0.7675186704348861}. Best is trial 714 with value: 0.6111263465847875.
[I 2026-05-22 18:05:42,744] Trial 910 finished with value: 0.5954224564863633 and parameters: {'rain_shift': 1.9891116310808412, 'ign_k': 0.26950863396859326, 'rate_power': 0.7664417723736736}. Best is trial 714 with value: 0.6111263465847875.
[I 2026-05-22 18:05:43,098] Trial 911 finished with value: 0.5944998405737484 and parameters: {'rain_shift': 0.7636408962852752, 'ign_k': 1.8447564208715945, 'rate_power': 0.7026460428536294}. Best is trial 714 with value: 0.6111263465847875.
[I 2026-05-22 18:05:43,449] Trial 912 finished with value: 0.6042711673457318 and parameters: {'rain_shift': 2.362793495661913, 'ign_k': 0.3715402727671371, 'rate_power': 0.7102013228588648}. Best is trial 714 with value: 0.6111263465847875.
[I 2026-05-22 18:05:43,798] Trial 913 finished with value: 0.608379359437013 and parameters: {'rain_shift': 2.3706315633458552, 'ign_k': 0.5504714257596398, 'rate_power': 0.7012635610112647}. Best is trial 714 with value: 0.6111263465847875.
[I 2026-05-22 18:05:44,149] Trial 914 finished with value: 0.607090570949742 and parameters: {'rain_shift': 2.1813946945962543, 'ign_k': 0.4093221762844404, 'rate_power': 0.7006824021224313}. Best is trial 714 with value: 0.6111263465847875.
[I 2026-05-22 18:05:44,508] Trial 915 finished with value: 0.6068587659278144 and parameters: {'rain_shift': 1.4386066883397544, 'ign_k': 0.40424662680696255, 'rate_power': 0.8671831965477047}. Best is trial 714 with value: 0.6111263465847875.
[I 2026-05-22 18:05:44,856] Trial 916 finished with value: 0.6063133379595099 and parameters: {'rain_shift': 0.9588894789439113, 'ign_k': 0.6537429253433651, 'rate_power': 0.7883355956404088}. Best is trial 714 with value: 0.6111263465847875.
[I 2026-05-22 18:05:45,207] Trial 917 finished with value: 0.5987691647363452 and parameters: {'rain_shift': 0.9059648821338606, 'ign_k': 0.575082816686604, 'rate_power': 0.7020461677351897}. Best is trial 714 with value: 0.6111263465847875.
[I 2026-05-22 18:05:45,556] Trial 918 finished with value: 0.567608060690019 and parameters: {'rain_shift': 0.016376809451059238, 'ign_k': 0.395543216111291, 'rate_power': 0.7052094627319878}. Best is trial 714 with value: 0.6111263465847875.
[I 2026-05-22 18:05:45,907] Trial 919 finished with value: 0.5960038824057141 and parameters: {'rain_shift': 2.415662073367714, 'ign_k': 0.6757396465033988, 'rate_power': 0.8467087868818395}. Best is trial 714 with value: 0.6111263465847875.
[I 2026-05-22 18:05:46,262] Trial 920 finished with value: 0.6064327229789883 and parameters: {'rain_shift': 1.410456908536853, 'ign_k': 1.0166081385047105, 'rate_power': 0.7833656525934306}. Best is trial 714 with value: 0.6111263465847875.
[I 2026-05-22 18:05:46,617] Trial 921 finished with value: 0.5449874058175278 and parameters: {'rain_shift': 8.211257030704441, 'ign_k': 0.31441984879098256, 'rate_power': 0.9945186404871441}. Best is trial 714 with value: 0.6111263465847875.
[I 2026-05-22 18:05:46,971] Trial 922 finished with value: 0.6035739024986824 and parameters: {'rain_shift': 2.0369065737538903, 'ign_k': 0.874092865521758, 'rate_power': 0.7535909932161134}. Best is trial 714 with value: 0.6111263465847875.
[I 2026-05-22 18:05:47,325] Trial 923 finished with value: 0.6042676286568069 and parameters: {'rain_shift': 1.1794024102894953, 'ign_k': 1.309127593953861, 'rate_power': 0.854234065801554}. Best is trial 714 with value: 0.6111263465847875.
[I 2026-05-22 18:05:47,678] Trial 924 finished with value: 0.6100054593149004 and parameters: {'rain_shift': 1.8186655611407472, 'ign_k': 0.5837580924476706, 'rate_power': 0.7872524636571232}. Best is trial 714 with value: 0.6111263465847875.
[I 2026-05-22 18:05:48,034] Trial 925 finished with value: 0.5869665540868809 and parameters: {'rain_shift': 3.5973601777831763, 'ign_k': 0.5339677125142768, 'rate_power': 0.7699820067868492}. Best is trial 714 with value: 0.6111263465847875.
[I 2026-05-22 18:05:48,388] Trial 926 finished with value: 0.6009701038089251 and parameters: {'rain_shift': 0.6456373372434575, 'ign_k': 0.7112222282840098, 'rate_power': 0.7684487309742566}. Best is trial 714 with value: 0.6111263465847875.
[I 2026-05-22 18:05:48,740] Trial 927 finished with value: 0.5427269928650276 and parameters: {'rain_shift': 5.193947542104645, 'ign_k': 2.4089428308703966, 'rate_power': 1.2003434614902162}. Best is trial 714 with value: 0.6111263465847875.
[I 2026-05-22 18:05:49,098] Trial 928 finished with value: 0.5986408795449474 and parameters: {'rain_shift': 0.7935590154974286, 'ign_k': 0.6853424700878781, 'rate_power': 0.7009068796303117}. Best is trial 714 with value: 0.6111263465847875.
[I 2026-05-22 18:05:49,449] Trial 929 finished with value: 0.5971264292418615 and parameters: {'rain_shift': 0.19593836465773995, 'ign_k': 1.105852919037552, 'rate_power': 0.8089686111637897}. Best is trial 714 with value: 0.6111263465847875.
[I 2026-05-22 18:05:49,805] Trial 930 finished with value: 0.5967521584071492 and parameters: {'rain_shift': 1.4070563490659853, 'ign_k': 0.32628816736331523, 'rate_power': 0.7679698040697334}. Best is trial 714 with value: 0.6111263465847875.
[I 2026-05-22 18:05:50,161] Trial 931 finished with value: 0.5813705344025268 and parameters: {'rain_shift': 2.998036802760308, 'ign_k': 1.570211822063719, 'rate_power': 0.7711093817896828}. Best is trial 714 with value: 0.6111263465847875.
[I 2026-05-22 18:05:50,516] Trial 932 finished with value: 0.5982297023981541 and parameters: {'rain_shift': 2.67156434936084, 'ign_k': 0.5738861353238324, 'rate_power': 0.7807711946124372}. Best is trial 714 with value: 0.6111263465847875.
[I 2026-05-22 18:05:50,870] Trial 933 finished with value: 0.5897487340791213 and parameters: {'rain_shift': 3.3881165382587453, 'ign_k': 0.6914731446125083, 'rate_power': 0.7084060204090278}. Best is trial 714 with value: 0.6111263465847875.
[I 2026-05-22 18:05:51,222] Trial 934 finished with value: 0.5990767591260968 and parameters: {'rain_shift': 2.320130792792259, 'ign_k': 1.0733526829114983, 'rate_power': 0.7063376166477883}. Best is trial 714 with value: 0.6111263465847875.
[I 2026-05-22 18:05:51,572] Trial 935 finished with value: 0.6068413853834199 and parameters: {'rain_shift': 1.422019356915469, 'ign_k': 0.4302446577217004, 'rate_power': 0.7960264277738007}. Best is trial 714 with value: 0.6111263465847875.
[I 2026-05-22 18:05:51,923] Trial 936 finished with value: 0.6017231027897559 and parameters: {'rain_shift': 2.9854898877702114, 'ign_k': 0.3684446876432849, 'rate_power': 0.7031353883335013}. Best is trial 714 with value: 0.6111263465847875.
[I 2026-05-22 18:05:52,271] Trial 937 finished with value: 0.6097133309788938 and parameters: {'rain_shift': 1.8372816173420201, 'ign_k': 0.5098237644454047, 'rate_power': 0.7868451940967884}. Best is trial 714 with value: 0.6111263465847875.
[I 2026-05-22 18:05:52,619] Trial 938 finished with value: 0.60037750519425 and parameters: {'rain_shift': 2.449318572911202, 'ign_k': 0.3452900032201677, 'rate_power': 0.8471737739814834}. Best is trial 714 with value: 0.6111263465847875.
[I 2026-05-22 18:05:52,968] Trial 939 finished with value: 0.5991619887971812 and parameters: {'rain_shift': 0.5252601603289517, 'ign_k': 0.5002070486858522, 'rate_power': 0.8477431618481126}. Best is trial 714 with value: 0.6111263465847875.
[I 2026-05-22 18:05:53,315] Trial 940 finished with value: 0.5646832469014131 and parameters: {'rain_shift': 4.274604097923181, 'ign_k': 0.6869065851517494, 'rate_power': 0.9269788922765101}. Best is trial 714 with value: 0.6111263465847875.
[I 2026-05-22 18:05:53,667] Trial 941 finished with value: 0.5807379649931337 and parameters: {'rain_shift': 3.321734159889183, 'ign_k': 1.787887136927921, 'rate_power': 0.7084392291629655}. Best is trial 714 with value: 0.6111263465847875.
[I 2026-05-22 18:05:54,014] Trial 942 finished with value: 0.6092416730802673 and parameters: {'rain_shift': 1.9848021173604233, 'ign_k': 0.5922559617078819, 'rate_power': 0.7651596933658432}. Best is trial 714 with value: 0.6111263465847875.
[I 2026-05-22 18:05:54,362] Trial 943 finished with value: 0.6068951355083371 and parameters: {'rain_shift': 1.502824083794347, 'ign_k': 0.9570153217820625, 'rate_power': 0.7855499810141097}. Best is trial 714 with value: 0.6111263465847875.
[I 2026-05-22 18:05:54,712] Trial 944 finished with value: 0.607918885725891 and parameters: {'rain_shift': 1.7442715888007103, 'ign_k': 0.8050720931330647, 'rate_power': 0.7668646093346673}. Best is trial 714 with value: 0.6111263465847875.
[I 2026-05-22 18:05:55,058] Trial 945 finished with value: 0.6082554655601987 and parameters: {'rain_shift': 1.3811943804974767, 'ign_k': 0.7232631517489019, 'rate_power': 0.708417695663904}. Best is trial 714 with value: 0.6111263465847875.
[I 2026-05-22 18:05:55,406] Trial 946 finished with value: 0.6085292173085208 and parameters: {'rain_shift': 2.0093834932908288, 'ign_k': 0.7348560893140491, 'rate_power': 0.707806445050393}. Best is trial 714 with value: 0.6111263465847875.
[I 2026-05-22 18:05:55,760] Trial 947 finished with value: 0.5824705749672773 and parameters: {'rain_shift': 5.093113739799181, 'ign_k': 0.3222962689791284, 'rate_power': 0.7122075922427716}. Best is trial 714 with value: 0.6111263465847875.
[I 2026-05-22 18:05:56,110] Trial 948 finished with value: 0.6086496715734578 and parameters: {'rain_shift': 1.6159278040406202, 'ign_k': 0.6422430418505208, 'rate_power': 0.8716548140401588}. Best is trial 714 with value: 0.6111263465847875.
[I 2026-05-22 18:05:56,455] Trial 949 finished with value: 0.5842478176606549 and parameters: {'rain_shift': 3.2153282403400882, 'ign_k': 0.16490781048617928, 'rate_power': 0.9157861036858325}. Best is trial 714 with value: 0.6111263465847875.
[I 2026-05-22 18:05:56,802] Trial 950 finished with value: 0.5888606879814618 and parameters: {'rain_shift': 1.324414484432822, 'ign_k': 0.30789992705093344, 'rate_power': 0.7073754623252513}. Best is trial 714 with value: 0.6111263465847875.
[I 2026-05-22 18:05:57,148] Trial 951 finished with value: 0.5399891291348322 and parameters: {'rain_shift': 7.1615764652100005, 'ign_k': 1.4493954854857791, 'rate_power': 0.9712662520762027}. Best is trial 714 with value: 0.6111263465847875.
[I 2026-05-22 18:05:57,494] Trial 952 finished with value: 0.6072920388888993 and parameters: {'rain_shift': 1.8244540693247775, 'ign_k': 0.9731871061041292, 'rate_power': 0.7008627856894061}. Best is trial 714 with value: 0.6111263465847875.
[I 2026-05-22 18:05:57,841] Trial 953 finished with value: 0.5989433517418784 and parameters: {'rain_shift': 2.9626595890964444, 'ign_k': 0.3589709407762837, 'rate_power': 0.7739591727295498}. Best is trial 714 with value: 0.6111263465847875.
[I 2026-05-22 18:05:58,186] Trial 954 finished with value: 0.5456443587756994 and parameters: {'rain_shift': 5.838663843083774, 'ign_k': 0.1774069691040078, 'rate_power': 1.2922934922415072}. Best is trial 714 with value: 0.6111263465847875.
[I 2026-05-22 18:05:58,530] Trial 955 finished with value: 0.5595678268042898 and parameters: {'rain_shift': 4.802488255293372, 'ign_k': 0.3603997153848952, 'rate_power': 1.0721321767032264}. Best is trial 714 with value: 0.6111263465847875.
[I 2026-05-22 18:05:58,877] Trial 956 finished with value: 0.5840084091050941 and parameters: {'rain_shift': 3.0039278133657494, 'ign_k': 0.9570077227518965, 'rate_power': 0.7954723670635627}. Best is trial 714 with value: 0.6111263465847875.
[I 2026-05-22 18:05:59,228] Trial 957 finished with value: 0.607957664374969 and parameters: {'rain_shift': 1.306954481746631, 'ign_k': 0.5216532208066786, 'rate_power': 0.7660762326724506}. Best is trial 714 with value: 0.6111263465847875.
[I 2026-05-22 18:05:59,577] Trial 958 finished with value: 0.58519135474292 and parameters: {'rain_shift': 0.06862500112667536, 'ign_k': 0.5244664881896429, 'rate_power': 0.8175604794654833}. Best is trial 714 with value: 0.6111263465847875.
[I 2026-05-22 18:05:59,928] Trial 959 finished with value: 0.6074414414532043 and parameters: {'rain_shift': 2.120379041212682, 'ign_k': 0.5353717990807274, 'rate_power': 0.7868909636490553}. Best is trial 714 with value: 0.6111263465847875.
[I 2026-05-22 18:06:00,277] Trial 960 finished with value: 0.594148623759314 and parameters: {'rain_shift': 3.0977703004092834, 'ign_k': 0.6759419265407287, 'rate_power': 0.7067516461517341}. Best is trial 714 with value: 0.6111263465847875.
[I 2026-05-22 18:06:00,626] Trial 961 finished with value: 0.6060452519666313 and parameters: {'rain_shift': 2.6260156857831545, 'ign_k': 0.4647702300095829, 'rate_power': 0.7046027154039216}. Best is trial 714 with value: 0.6111263465847875.
[I 2026-05-22 18:06:00,976] Trial 962 finished with value: 0.5991989427676113 and parameters: {'rain_shift': 2.0022073705616106, 'ign_k': 0.818322065564897, 'rate_power': 0.8660512513421862}. Best is trial 714 with value: 0.6111263465847875.
[I 2026-05-22 18:06:01,327] Trial 963 finished with value: 0.5816867824622217 and parameters: {'rain_shift': 0.07241080402168798, 'ign_k': 0.6628682400614735, 'rate_power': 0.7409282140402342}. Best is trial 714 with value: 0.6111263465847875.
[I 2026-05-22 18:06:01,677] Trial 964 finished with value: 0.5729674274441319 and parameters: {'rain_shift': 0.0851521732410101, 'ign_k': 0.5198830774413327, 'rate_power': 0.7010078190457969}. Best is trial 714 with value: 0.6111263465847875.
[I 2026-05-22 18:06:02,039] Trial 965 finished with value: 0.581397658612778 and parameters: {'rain_shift': 3.354011160291951, 'ign_k': 0.6220933129576186, 'rate_power': 0.8547267432523444}. Best is trial 714 with value: 0.6111263465847875.
[I 2026-05-22 18:06:02,393] Trial 966 finished with value: 0.5766216332041393 and parameters: {'rain_shift': 1.0756566975491033, 'ign_k': 0.2366416115941269, 'rate_power': 0.7057501110420848}. Best is trial 714 with value: 0.6111263465847875.
[I 2026-05-22 18:06:02,744] Trial 967 finished with value: 0.610611419255133 and parameters: {'rain_shift': 1.6457880876308957, 'ign_k': 0.675678961854294, 'rate_power': 0.7624567010016704}. Best is trial 714 with value: 0.6111263465847875.
[I 2026-05-22 18:06:03,096] Trial 968 finished with value: 0.6101753063930556 and parameters: {'rain_shift': 1.6416118385490905, 'ign_k': 0.7426835153876604, 'rate_power': 0.7053740495221507}. Best is trial 714 with value: 0.6111263465847875.
[I 2026-05-22 18:06:03,446] Trial 969 finished with value: 0.6039709273261448 and parameters: {'rain_shift': 1.2247341647805916, 'ign_k': 1.215539367146704, 'rate_power': 0.7640496993092173}. Best is trial 714 with value: 0.6111263465847875.
[I 2026-05-22 18:06:03,801] Trial 970 finished with value: 0.6057097759209501 and parameters: {'rain_shift': 1.4967744480090144, 'ign_k': 1.1535994147851585, 'rate_power': 0.7616638592186676}. Best is trial 714 with value: 0.6111263465847875.
[I 2026-05-22 18:06:04,151] Trial 971 finished with value: 0.6070400967591114 and parameters: {'rain_shift': 1.2127149537602564, 'ign_k': 0.8562057872344869, 'rate_power': 0.786902328554469}. Best is trial 714 with value: 0.6111263465847875.
[I 2026-05-22 18:06:04,502] Trial 972 finished with value: 0.5884669997420737 and parameters: {'rain_shift': 2.7118388727835985, 'ign_k': 0.9230394629671419, 'rate_power': 0.7995189697945109}. Best is trial 714 with value: 0.6111263465847875.
[I 2026-05-22 18:06:04,862] Trial 973 finished with value: 0.6082251246206247 and parameters: {'rain_shift': 1.3637275180505286, 'ign_k': 0.5151472931378801, 'rate_power': 0.7624540705774491}. Best is trial 714 with value: 0.6111263465847875.
[I 2026-05-22 18:06:05,218] Trial 974 finished with value: 0.6010603585851453 and parameters: {'rain_shift': 1.3024468220832393, 'ign_k': 0.431449366004098, 'rate_power': 0.7029332183445834}. Best is trial 714 with value: 0.6111263465847875.
[I 2026-05-22 18:06:05,568] Trial 975 finished with value: 0.5365261149490095 and parameters: {'rain_shift': 8.833994224524723, 'ign_k': 0.7801624189840503, 'rate_power': 0.9865168872922425}. Best is trial 714 with value: 0.6111263465847875.
[I 2026-05-22 18:06:05,919] Trial 976 finished with value: 0.5912836523822005 and parameters: {'rain_shift': 2.967767003717759, 'ign_k': 0.6894151850342811, 'rate_power': 0.7683958263032911}. Best is trial 714 with value: 0.6111263465847875.
[I 2026-05-22 18:06:06,269] Trial 977 finished with value: 0.6063538741714979 and parameters: {'rain_shift': 1.548346594234487, 'ign_k': 1.2108388119790292, 'rate_power': 0.7032379621846644}. Best is trial 714 with value: 0.6111263465847875.
[I 2026-05-22 18:06:06,624] Trial 978 finished with value: 0.6076704634686815 and parameters: {'rain_shift': 0.8474888325911211, 'ign_k': 0.7470266058395171, 'rate_power': 0.858801685099391}. Best is trial 714 with value: 0.6111263465847875.
[I 2026-05-22 18:06:06,977] Trial 979 finished with value: 0.606134207446382 and parameters: {'rain_shift': 2.224929310846733, 'ign_k': 0.7532381272975521, 'rate_power': 0.701450956039334}. Best is trial 714 with value: 0.6111263465847875.
[I 2026-05-22 18:06:07,331] Trial 980 finished with value: 0.607693495367458 and parameters: {'rain_shift': 2.098047426608197, 'ign_k': 0.4391109089916113, 'rate_power': 0.7590070738194968}. Best is trial 714 with value: 0.6111263465847875.
[I 2026-05-22 18:06:07,684] Trial 981 finished with value: 0.6066500706227617 and parameters: {'rain_shift': 1.0205297647907847, 'ign_k': 0.7224356256513712, 'rate_power': 0.7785294629304377}. Best is trial 714 with value: 0.6111263465847875.
[I 2026-05-22 18:06:08,037] Trial 982 finished with value: 0.5954014999107077 and parameters: {'rain_shift': 2.148136980009679, 'ign_k': 0.9513163416420993, 'rate_power': 0.8456075370653693}. Best is trial 714 with value: 0.6111263465847875.
[I 2026-05-22 18:06:08,387] Trial 983 finished with value: 0.5512733367684018 and parameters: {'rain_shift': 4.557784681494433, 'ign_k': 0.8545917715697642, 'rate_power': 1.123087361965721}. Best is trial 714 with value: 0.6111263465847875.
[I 2026-05-22 18:06:08,741] Trial 984 finished with value: 0.6106977399339208 and parameters: {'rain_shift': 1.672043594244243, 'ign_k': 0.6858651607699893, 'rate_power': 0.704011553175657}. Best is trial 714 with value: 0.6111263465847875.
[I 2026-05-22 18:06:09,094] Trial 985 finished with value: 0.5719095039730479 and parameters: {'rain_shift': 4.2473263182619565, 'ign_k': 0.871486692760928, 'rate_power': 0.770528337825428}. Best is trial 714 with value: 0.6111263465847875.
[I 2026-05-22 18:06:09,446] Trial 986 finished with value: 0.6085557737125711 and parameters: {'rain_shift': 2.1776986284901794, 'ign_k': 0.6158282729905088, 'rate_power': 0.7238160435115172}. Best is trial 714 with value: 0.6111263465847875.
[I 2026-05-22 18:06:09,800] Trial 987 finished with value: 0.6091982849656323 and parameters: {'rain_shift': 1.738602332434486, 'ign_k': 0.4878495021644903, 'rate_power': 0.7066965446660635}. Best is trial 714 with value: 0.6111263465847875.
[I 2026-05-22 18:06:10,154] Trial 988 finished with value: 0.5874163362817351 and parameters: {'rain_shift': 2.9115523816901376, 'ign_k': 0.9200496468035974, 'rate_power': 0.7677045938197943}. Best is trial 714 with value: 0.6111263465847875.
[I 2026-05-22 18:06:10,508] Trial 989 finished with value: 0.6083697840485778 and parameters: {'rain_shift': 1.415512330807324, 'ign_k': 0.7239995887066771, 'rate_power': 0.7009636754052608}. Best is trial 714 with value: 0.6111263465847875.
[I 2026-05-22 18:06:10,860] Trial 990 finished with value: 0.5881537247553799 and parameters: {'rain_shift': 3.1924088280221943, 'ign_k': 0.9690288482269553, 'rate_power': 0.7009269152684362}. Best is trial 714 with value: 0.6111263465847875.
[I 2026-05-22 18:06:11,214] Trial 991 finished with value: 0.609165516370304 and parameters: {'rain_shift': 1.8100111949092457, 'ign_k': 0.8299709107001935, 'rate_power': 0.7003273868894466}. Best is trial 714 with value: 0.6111263465847875.
[I 2026-05-22 18:06:11,567] Trial 992 finished with value: 0.5996270341024238 and parameters: {'rain_shift': 0.9813437878376261, 'ign_k': 1.1378888009375436, 'rate_power': 0.714995971058357}. Best is trial 714 with value: 0.6111263465847875.
[I 2026-05-22 18:06:11,920] Trial 993 finished with value: 0.5903422066834819 and parameters: {'rain_shift': 3.705827235526243, 'ign_k': 0.39768882479789336, 'rate_power': 0.7550034413895026}. Best is trial 714 with value: 0.6111263465847875.
[I 2026-05-22 18:06:12,275] Trial 994 finished with value: 0.596542799005835 and parameters: {'rain_shift': 0.6969084029068972, 'ign_k': 0.7706931275885569, 'rate_power': 0.7009299985239272}. Best is trial 714 with value: 0.6111263465847875.
[I 2026-05-22 18:06:12,628] Trial 995 finished with value: 0.6057556073226077 and parameters: {'rain_shift': 2.210848283466086, 'ign_k': 0.6134100034905119, 'rate_power': 0.7631961793346091}. Best is trial 714 with value: 0.6111263465847875.
[I 2026-05-22 18:06:12,982] Trial 996 finished with value: 0.6099298880556815 and parameters: {'rain_shift': 1.653216473500151, 'ign_k': 0.7642971399926768, 'rate_power': 0.7019180334764367}. Best is trial 714 with value: 0.6111263465847875.
[I 2026-05-22 18:06:13,333] Trial 997 finished with value: 0.609649117600943 and parameters: {'rain_shift': 1.9716826867538213, 'ign_k': 0.48167786843579014, 'rate_power': 0.7035862797395026}. Best is trial 714 with value: 0.6111263465847875.
[I 2026-05-22 18:06:13,684] Trial 998 finished with value: 0.5899374899169352 and parameters: {'rain_shift': 3.4222436577585666, 'ign_k': 0.661660349187689, 'rate_power': 0.7080122596339895}. Best is trial 714 with value: 0.6111263465847875.
[I 2026-05-22 18:06:14,033] Trial 999 finished with value: 0.5959355827831831 and parameters: {'rain_shift': 1.879584000242473, 'ign_k': 0.2829107000713604, 'rate_power': 0.7569751834761316}. Best is trial 714 with value: 0.6111263465847875.
[best] 0.6111263465847875 {'overall': 0.632528540227017, 'bias': 0.7123940159309805, 'rmse': 0.3867862560731846, 'seas': 0.8552099211136585, 'spatial': 0.7416007762401131} {'bona': {'overall': 0.562844249290141, 'bias': 0.8292256545091347, 'rmse': 0.3648930586001554, 'seas': 0.7826160501751915, 'spatial': 0.20621201934707445}, 'tena': {'overall': 0.5389167140023364, 'bias': 0.7078338411068482, 'rmse': 0.29574510989273795, 'seas': 0.7509810161516561, 'spatial': 0.47536136586318994}, 'tropics': {'overall': 0.6264249027319458, 'bias': 0.7097486984186684, 'rmse': 0.3985952453027686, 'seas': 0.8776680121553605, 'spatial': 0.6641935167934402}, 'sh': {'overall': 0.5489601577153719, 'bias': 0.7189751888293086, 'rmse': 0.3136616333936881, 'seas': 0.6332396440553361, 'spatial': 0.5952476577909012}} {'rain_shift': 1.8584561329682763, 'ign_k': 0.6241606715796371, 'rate_power': 0.700475533169256}
[write] /Users/adithyasrinivasan/Projects/creativity-docs/exp-workspaces/exp_04/hermes/base/models/research/ED-C2-rain_ignition_shift/params.json
[write] /Users/adithyasrinivasan/Projects/creativity-docs/exp-workspaces/exp_04/hermes/base/ilamb/MODELS/ED-C2-rain_ignition_shift/burntArea.nc
