[setup] targeted family=wet_gpp_amp model=ED-C2-wet_gpp_amp trials=1000
[baseline] 0.6103502735484728 {'overall': 0.6295495002593263, 'bias': 0.7070857028352947, 'rmse': 0.3790544420749578, 'seas': 0.8506061694600666, 'spatial': 0.7544105422753865} {'bona': {'overall': 0.6380885404837499, 'bias': 0.8266567561867596, 'rmse': 0.3211562360062949, 'seas': 0.7797091235325466, 'spatial': 0.7531961349838437}, 'tena': {'overall': 0.47889289658687106, 'bias': 0.6256589426778316, 'rmse': 0.2541252018733317, 'seas': 0.7283824372245481, 'spatial': 0.38540665319435186}, 'tropics': {'overall': 0.6277756025324356, 'bias': 0.7134731917453241, 'rmse': 0.395193788045546, 'seas': 0.875400942730105, 'spatial': 0.6739187128827683}, 'sh': {'overall': 0.498937513734702, 'bias': 0.6419405911472694, 'rmse': 0.28960875792486046, 'seas': 0.6009038105573065, 'spatial': 0.5296225737066459}}
/Users/adithyasrinivasan/Projects/creativity-docs/exp-workspaces/exp_04/hermes/base/scripts/search_targeted_mechanisms.py:82: ExperimentalWarning: Argument ``multivariate`` is an experimental feature. The interface can change in the future.
  sampler=optuna.samplers.TPESampler(seed=SEED,multivariate=True)
[I 2026-05-22 17:55:20,864] A new study created in memory with name: no-name-8f19d134-51cb-43f2-b737-ee4303cba9b6
[I 2026-05-22 17:55:21,160] Trial 0 finished with value: 0.6023992823420549 and parameters: {'WG_amp': 0.0, 'WG_Phalf': 1000.0, 'WG_k': 1.0, 'WG_c': 0.03, 'rate_power': 1.0}. Best is trial 0 with value: 0.6023992823420549.
[I 2026-05-22 17:55:21,464] Trial 1 finished with value: 0.607412760969493 and parameters: {'WG_amp': 0.201785561990664, 'WG_Phalf': 280.94438322685227, 'WG_k': 81.17917086051945, 'WG_c': 9.21906406894028, 'rate_power': 1.2969952611603066}. Best is trial 1 with value: 0.607412760969493.
[I 2026-05-22 17:55:21,838] Trial 2 finished with value: 0.5957144873594252 and parameters: {'WG_amp': 0.5143279841738428, 'WG_Phalf': 1044.0331919758335, 'WG_k': 0.028661592494309256, 'WG_c': 1.122325056793516, 'rate_power': 0.8391184630710214}. Best is trial 1 with value: 0.607412760969493.
[I 2026-05-22 17:55:22,127] Trial 3 finished with value: 0.6001238444578899 and parameters: {'WG_amp': 0.891939192436167, 'WG_Phalf': 868.7711698994777, 'WG_k': 0.5689487777218041, 'WG_c': 0.0002722487955099923, 'rate_power': 0.9630177070659328}. Best is trial 1 with value: 0.607412760969493.
[I 2026-05-22 17:55:22,420] Trial 4 finished with value: 0.5775926564669056 and parameters: {'WG_amp': 0.7855598205995413, 'WG_Phalf': 499.63701722728865, 'WG_k': 9.398552683413145, 'WG_c': 0.0012351692933922267, 'rate_power': 1.2226774379138143}. Best is trial 1 with value: 0.607412760969493.
[I 2026-05-22 17:55:22,712] Trial 5 finished with value: 0.6029383769124984 and parameters: {'WG_amp': 0.4973552446122327, 'WG_Phalf': 213.33475054622994, 'WG_k': 0.5335215247167248, 'WG_c': 0.5916166850412774, 'rate_power': 0.9787726058540165}. Best is trial 1 with value: 0.607412760969493.
[I 2026-05-22 17:55:23,001] Trial 6 finished with value: 0.6066427099506191 and parameters: {'WG_amp': 0.2548918497021911, 'WG_Phalf': 3153.8835146532156, 'WG_k': 0.23721781195616598, 'WG_c': 3.8651985251872194, 'rate_power': 1.1838487361776107}. Best is trial 1 with value: 0.607412760969493.
[I 2026-05-22 17:55:23,291] Trial 7 finished with value: 0.5869775774197248 and parameters: {'WG_amp': 0.3479825840590188, 'WG_Phalf': 193.6492407472282, 'WG_k': 0.05099479739284883, 'WG_c': 0.00013827736553068826, 'rate_power': 0.7226528365413667}. Best is trial 1 with value: 0.607412760969493.
[I 2026-05-22 17:55:23,580] Trial 8 finished with value: 0.5904218443627889 and parameters: {'WG_amp': 0.29119974691939826, 'WG_Phalf': 148.48088793698113, 'WG_k': 1.3132346424379795, 'WG_c': 0.011116144239481726, 'rate_power': 0.7446856631762538}. Best is trial 1 with value: 0.607412760969493.
[I 2026-05-22 17:55:23,873] Trial 9 finished with value: 0.6043697296371527 and parameters: {'WG_amp': 0.4464147131038176, 'WG_Phalf': 1296.5100908438585, 'WG_k': 0.2750254173940314, 'WG_c': 0.0010460439979728569, 'rate_power': 1.1753205186113689}. Best is trial 1 with value: 0.607412760969493.
[I 2026-05-22 17:55:24,170] Trial 10 finished with value: 0.6081387682367634 and parameters: {'WG_amp': 0.32388885419889274, 'WG_Phalf': 225.33540864800372, 'WG_k': 31.078634032462347, 'WG_c': 0.6439937171348151, 'rate_power': 1.2657679880489885}. Best is trial 10 with value: 0.6081387682367634.
[I 2026-05-22 17:55:24,467] Trial 11 finished with value: 0.6074247381141397 and parameters: {'WG_amp': 0.10392269011220043, 'WG_Phalf': 177.65075118796437, 'WG_k': 50.91788012289598, 'WG_c': 2.5330422290953947, 'rate_power': 1.293932613914674}. Best is trial 10 with value: 0.6081387682367634.
[I 2026-05-22 17:55:24,764] Trial 12 finished with value: 0.6036188590097895 and parameters: {'WG_amp': 0.22397429391389076, 'WG_Phalf': 140.3340092491338, 'WG_k': 78.696924628571, 'WG_c': 0.0664155177277495, 'rate_power': 1.1015106615824202}. Best is trial 10 with value: 0.6081387682367634.
[I 2026-05-22 17:55:25,059] Trial 13 finished with value: 0.6074807850042762 and parameters: {'WG_amp': 0.16889979399250898, 'WG_Phalf': 123.49282407163398, 'WG_k': 1.7888295252137403, 'WG_c': 1.8245097975382207, 'rate_power': 1.2500641715093745}. Best is trial 10 with value: 0.6081387682367634.
[I 2026-05-22 17:55:25,355] Trial 14 finished with value: 0.6063744751684821 and parameters: {'WG_amp': 0.031575838199673856, 'WG_Phalf': 110.05012354523657, 'WG_k': 0.09421788122664793, 'WG_c': 0.27486558104851977, 'rate_power': 1.146211658021583}. Best is trial 10 with value: 0.6081387682367634.
[I 2026-05-22 17:55:25,650] Trial 15 finished with value: 0.5955081751006074 and parameters: {'WG_amp': 0.38945200417628245, 'WG_Phalf': 105.11584471914644, 'WG_k': 2.995057126464034, 'WG_c': 0.021148078161284684, 'rate_power': 1.276996256427044}. Best is trial 10 with value: 0.6081387682367634.
[I 2026-05-22 17:55:25,940] Trial 16 finished with value: 0.6017297599450723 and parameters: {'WG_amp': 0.17347235666110647, 'WG_Phalf': 518.2737191598485, 'WG_k': 13.8215282142212, 'WG_c': 7.8950300412653736, 'rate_power': 0.9848503627474204}. Best is trial 10 with value: 0.6081387682367634.
[I 2026-05-22 17:55:26,229] Trial 17 finished with value: 0.6035769569965795 and parameters: {'WG_amp': 0.36563336723759965, 'WG_Phalf': 187.6529670210158, 'WG_k': 0.5033299195938619, 'WG_c': 1.5367998338898594, 'rate_power': 1.2644008170665209}. Best is trial 10 with value: 0.6081387682367634.
[I 2026-05-22 17:55:26,513] Trial 18 finished with value: 0.6064941243568807 and parameters: {'WG_amp': 0.7702617125556921, 'WG_Phalf': 673.0949868544151, 'WG_k': 1.4617185250579683, 'WG_c': 1.518016812404379, 'rate_power': 1.1067044277243898}. Best is trial 10 with value: 0.6081387682367634.
[I 2026-05-22 17:55:26,804] Trial 19 finished with value: 0.6074523052601672 and parameters: {'WG_amp': 0.08258856245971474, 'WG_Phalf': 161.61148359107722, 'WG_k': 1.043804666039061, 'WG_c': 5.660246194333768, 'rate_power': 1.238120965689193}. Best is trial 10 with value: 0.6081387682367634.
[I 2026-05-22 17:55:27,094] Trial 20 finished with value: 0.6018289091872829 and parameters: {'WG_amp': 0.38257685922785395, 'WG_Phalf': 783.4454347497419, 'WG_k': 95.68534553187509, 'WG_c': 0.09066663662803078, 'rate_power': 1.2551191021836474}. Best is trial 10 with value: 0.6081387682367634.
[I 2026-05-22 17:55:27,390] Trial 21 finished with value: 0.6043477110161816 and parameters: {'WG_amp': 0.10832100986211074, 'WG_Phalf': 119.88572775969159, 'WG_k': 3.0982782767993524, 'WG_c': 1.5760198399800638, 'rate_power': 1.0391242410942791}. Best is trial 10 with value: 0.6081387682367634.
[I 2026-05-22 17:55:27,688] Trial 22 finished with value: 0.6072890437992965 and parameters: {'WG_amp': 0.027550245526801243, 'WG_Phalf': 334.01410043087304, 'WG_k': 0.10233177181402234, 'WG_c': 8.246294901253549, 'rate_power': 1.2259862314097787}. Best is trial 10 with value: 0.6081387682367634.
[I 2026-05-22 17:55:27,980] Trial 23 finished with value: 0.606172754800894 and parameters: {'WG_amp': 0.1143369494244541, 'WG_Phalf': 124.76737753333711, 'WG_k': 2.1998957670805415, 'WG_c': 0.334338800160281, 'rate_power': 1.2889923368508347}. Best is trial 10 with value: 0.6081387682367634.
[I 2026-05-22 17:55:28,269] Trial 24 finished with value: 0.5960890191600692 and parameters: {'WG_amp': 0.757142534156499, 'WG_Phalf': 114.44832668304593, 'WG_k': 0.012133015486011374, 'WG_c': 0.0009476538855239039, 'rate_power': 1.0061969935829538}. Best is trial 10 with value: 0.6081387682367634.
[I 2026-05-22 17:55:28,559] Trial 25 finished with value: 0.6060346398343105 and parameters: {'WG_amp': 0.20159565884569405, 'WG_Phalf': 493.55323222075526, 'WG_k': 1.3909117423010435, 'WG_c': 0.3371204730735272, 'rate_power': 1.2265950881689767}. Best is trial 10 with value: 0.6081387682367634.
[I 2026-05-22 17:55:28,853] Trial 26 finished with value: 0.6031274740500945 and parameters: {'WG_amp': 0.7691953668671294, 'WG_Phalf': 3386.8247776893445, 'WG_k': 0.06903122625988838, 'WG_c': 0.009142916896868358, 'rate_power': 1.2902113926292595}. Best is trial 10 with value: 0.6081387682367634.
[I 2026-05-22 17:55:29,139] Trial 27 finished with value: 0.6082212799727306 and parameters: {'WG_amp': 0.535941794221026, 'WG_Phalf': 411.38903987682306, 'WG_k': 19.645121408355042, 'WG_c': 1.3103174622449971, 'rate_power': 1.297234594061407}. Best is trial 27 with value: 0.6082212799727306.
[I 2026-05-22 17:55:29,429] Trial 28 finished with value: 0.6078295013328101 and parameters: {'WG_amp': 0.5620763623794246, 'WG_Phalf': 549.6835628579233, 'WG_k': 9.794047616005258, 'WG_c': 0.6660799398224873, 'rate_power': 1.2935053080884478}. Best is trial 27 with value: 0.6082212799727306.
[I 2026-05-22 17:55:29,727] Trial 29 finished with value: 0.6080828018885311 and parameters: {'WG_amp': 0.6693132041751202, 'WG_Phalf': 348.99393489462886, 'WG_k': 20.999207458086513, 'WG_c': 1.4726780638948203, 'rate_power': 1.2386888458984122}. Best is trial 27 with value: 0.6082212799727306.
[I 2026-05-22 17:55:30,023] Trial 30 finished with value: 0.6077891311194838 and parameters: {'WG_amp': 0.8477301577128309, 'WG_Phalf': 455.76133839436125, 'WG_k': 89.39462085609968, 'WG_c': 1.610618272235687, 'rate_power': 1.2356717701732358}. Best is trial 27 with value: 0.6082212799727306.
[I 2026-05-22 17:55:30,318] Trial 31 finished with value: 0.6074565633943338 and parameters: {'WG_amp': 0.5493870125237951, 'WG_Phalf': 2029.6851101232908, 'WG_k': 14.824530622279658, 'WG_c': 7.769996176586011, 'rate_power': 1.2391356465763863}. Best is trial 27 with value: 0.6082212799727306.
[I 2026-05-22 17:55:30,611] Trial 32 finished with value: 0.6091129350493659 and parameters: {'WG_amp': 0.5530973155766513, 'WG_Phalf': 297.8951212858252, 'WG_k': 28.864242026345284, 'WG_c': 0.9862517772244864, 'rate_power': 1.174416519774675}. Best is trial 32 with value: 0.6091129350493659.
[I 2026-05-22 17:55:30,901] Trial 33 finished with value: 0.6052703331177167 and parameters: {'WG_amp': 0.5487681607983543, 'WG_Phalf': 391.4071859692231, 'WG_k': 52.19845583184755, 'WG_c': 5.037238225311031, 'rate_power': 1.081477830942006}. Best is trial 32 with value: 0.6091129350493659.
[I 2026-05-22 17:55:31,191] Trial 34 finished with value: 0.6016384594556757 and parameters: {'WG_amp': 0.5446000887187701, 'WG_Phalf': 194.97052041328516, 'WG_k': 40.01136794360915, 'WG_c': 0.2547077815183441, 'rate_power': 1.1990508638502877}. Best is trial 32 with value: 0.6091129350493659.
[I 2026-05-22 17:55:31,481] Trial 35 finished with value: 0.6074178191472334 and parameters: {'WG_amp': 0.48584592357863143, 'WG_Phalf': 400.97248874228785, 'WG_k': 24.466381742800507, 'WG_c': 7.7410310004422325, 'rate_power': 1.230300450748873}. Best is trial 32 with value: 0.6091129350493659.
[I 2026-05-22 17:55:31,772] Trial 36 finished with value: 0.6083178465076124 and parameters: {'WG_amp': 0.703600677595136, 'WG_Phalf': 188.8131175721206, 'WG_k': 6.671543680182232, 'WG_c': 0.7119983583196433, 'rate_power': 1.2225528477013423}. Best is trial 32 with value: 0.6091129350493659.
[I 2026-05-22 17:55:32,060] Trial 37 finished with value: 0.5952076548851717 and parameters: {'WG_amp': 0.828501512573849, 'WG_Phalf': 189.3135685997944, 'WG_k': 1.1288749940392637, 'WG_c': 0.7199678471712241, 'rate_power': 1.2216931768439054}. Best is trial 32 with value: 0.6091129350493659.
[I 2026-05-22 17:55:32,352] Trial 38 finished with value: 0.6065822429029183 and parameters: {'WG_amp': 0.1530604676823078, 'WG_Phalf': 4653.8121081136815, 'WG_k': 33.947494957026294, 'WG_c': 0.00013992385831528917, 'rate_power': 1.1943892556324267}. Best is trial 32 with value: 0.6091129350493659.
[I 2026-05-22 17:55:32,644] Trial 39 finished with value: 0.5892037133050464 and parameters: {'WG_amp': 0.7987176804015184, 'WG_Phalf': 122.4078534518606, 'WG_k': 15.13496532246003, 'WG_c': 0.22175507894815796, 'rate_power': 1.2319052383609432}. Best is trial 32 with value: 0.6091129350493659.
[I 2026-05-22 17:55:32,940] Trial 40 finished with value: 0.5905583119266431 and parameters: {'WG_amp': 0.8685376119057415, 'WG_Phalf': 820.2740697158387, 'WG_k': 0.04257959597611052, 'WG_c': 0.04843669257669315, 'rate_power': 0.7372099960492389}. Best is trial 32 with value: 0.6091129350493659.
[I 2026-05-22 17:55:33,233] Trial 41 finished with value: 0.5966635739194732 and parameters: {'WG_amp': 0.782458224422512, 'WG_Phalf': 2723.774385102828, 'WG_k': 88.00532020778891, 'WG_c': 0.0005598529036694706, 'rate_power': 0.8560399305934709}. Best is trial 32 with value: 0.6091129350493659.
[I 2026-05-22 17:55:33,525] Trial 42 finished with value: 0.6086981165193197 and parameters: {'WG_amp': 0.6175910660938386, 'WG_Phalf': 215.56710439131365, 'WG_k': 7.009173581085731, 'WG_c': 1.2727348261504023, 'rate_power': 1.2838265903471424}. Best is trial 32 with value: 0.6091129350493659.
[I 2026-05-22 17:55:33,817] Trial 43 finished with value: 0.6065478391386621 and parameters: {'WG_amp': 0.5161844463000567, 'WG_Phalf': 158.98554938874682, 'WG_k': 1.7434953736560042, 'WG_c': 4.766395943352033, 'rate_power': 1.1502049443945213}. Best is trial 32 with value: 0.6091129350493659.
[I 2026-05-22 17:55:34,114] Trial 44 finished with value: 0.6070251723078757 and parameters: {'WG_amp': 0.34270041768421744, 'WG_Phalf': 192.2454810913003, 'WG_k': 56.43230451665268, 'WG_c': 0.40819870797509944, 'rate_power': 1.2010713827903465}. Best is trial 32 with value: 0.6091129350493659.
[I 2026-05-22 17:55:34,408] Trial 45 finished with value: 0.5969796984532443 and parameters: {'WG_amp': 0.5932560044829718, 'WG_Phalf': 317.5247932518455, 'WG_k': 3.3122724081047745, 'WG_c': 0.20391638286429317, 'rate_power': 1.2333791509608065}. Best is trial 32 with value: 0.6091129350493659.
[I 2026-05-22 17:55:34,698] Trial 46 finished with value: 0.6074192361673901 and parameters: {'WG_amp': 0.49512784129716464, 'WG_Phalf': 172.0768468187461, 'WG_k': 7.802054038299524, 'WG_c': 3.0214663677498423, 'rate_power': 1.2850536518320832}. Best is trial 32 with value: 0.6091129350493659.
[I 2026-05-22 17:55:34,987] Trial 47 finished with value: 0.6048048957862819 and parameters: {'WG_amp': 0.18252259814663147, 'WG_Phalf': 345.53349738947526, 'WG_k': 0.034336717872395076, 'WG_c': 0.0008214665900387214, 'rate_power': 1.2777651294004926}. Best is trial 32 with value: 0.6091129350493659.
[I 2026-05-22 17:55:35,275] Trial 48 finished with value: 0.5990552892482376 and parameters: {'WG_amp': 0.4600659735185316, 'WG_Phalf': 1760.8976396328103, 'WG_k': 0.27722268382400667, 'WG_c': 0.0008206152785489183, 'rate_power': 0.9021864948428536}. Best is trial 32 with value: 0.6091129350493659.
[I 2026-05-22 17:55:35,564] Trial 49 finished with value: 0.5893632789524356 and parameters: {'WG_amp': 0.8894374185952838, 'WG_Phalf': 371.9750956412602, 'WG_k': 8.64161011755674, 'WG_c': 0.021785777851968637, 'rate_power': 0.8883663649293968}. Best is trial 32 with value: 0.6091129350493659.
[I 2026-05-22 17:55:35,852] Trial 50 finished with value: 0.5890744525746041 and parameters: {'WG_amp': 0.027797306618274786, 'WG_Phalf': 434.2868955233459, 'WG_k': 10.927295358183486, 'WG_c': 0.00017108134210910397, 'rate_power': 0.794518790190063}. Best is trial 32 with value: 0.6091129350493659.
[I 2026-05-22 17:55:36,141] Trial 51 finished with value: 0.6063845902017169 and parameters: {'WG_amp': 0.716857797394036, 'WG_Phalf': 191.0645205779159, 'WG_k': 13.805264499105338, 'WG_c': 4.602074153955499, 'rate_power': 1.1385570877953264}. Best is trial 32 with value: 0.6091129350493659.
[I 2026-05-22 17:55:36,429] Trial 52 finished with value: 0.5947442184144136 and parameters: {'WG_amp': 0.2890306196321501, 'WG_Phalf': 917.0336712581322, 'WG_k': 42.341459245202365, 'WG_c': 0.05050570090487104, 'rate_power': 0.8316503722606953}. Best is trial 32 with value: 0.6091129350493659.
[I 2026-05-22 17:55:36,718] Trial 53 finished with value: 0.6074291378707768 and parameters: {'WG_amp': 0.612461229208364, 'WG_Phalf': 150.44990417003004, 'WG_k': 83.84714255135458, 'WG_c': 5.186361643022063, 'rate_power': 1.2313252133345711}. Best is trial 32 with value: 0.6091129350493659.
[I 2026-05-22 17:55:37,008] Trial 54 finished with value: 0.6074711905223023 and parameters: {'WG_amp': 0.7098585772060035, 'WG_Phalf': 290.86766870524497, 'WG_k': 4.815304964978344, 'WG_c': 7.046026901259913, 'rate_power': 1.245268975253434}. Best is trial 32 with value: 0.6091129350493659.
[I 2026-05-22 17:55:37,299] Trial 55 finished with value: 0.6036726048754474 and parameters: {'WG_amp': 0.11533305892489132, 'WG_Phalf': 4614.563987161068, 'WG_k': 0.03550256074399305, 'WG_c': 0.011715580470229605, 'rate_power': 1.0260211286370349}. Best is trial 32 with value: 0.6091129350493659.
[I 2026-05-22 17:55:37,587] Trial 56 finished with value: 0.6077794318858416 and parameters: {'WG_amp': 0.399843771659983, 'WG_Phalf': 269.4210027387243, 'WG_k': 21.354976604831943, 'WG_c': 0.5935189453416518, 'rate_power': 1.2797057099776523}. Best is trial 32 with value: 0.6091129350493659.
[I 2026-05-22 17:55:37,874] Trial 57 finished with value: 0.5897664228811776 and parameters: {'WG_amp': 0.503955018807915, 'WG_Phalf': 433.27574114681147, 'WG_k': 10.886024865687787, 'WG_c': 0.01912894158347716, 'rate_power': 1.2920435131476253}. Best is trial 32 with value: 0.6091129350493659.
[I 2026-05-22 17:55:38,164] Trial 58 finished with value: 0.6033556541300735 and parameters: {'WG_amp': 0.6086951171373542, 'WG_Phalf': 285.84924457300707, 'WG_k': 25.42533032571253, 'WG_c': 0.35101301846917243, 'rate_power': 1.2449665131136602}. Best is trial 32 with value: 0.6091129350493659.
[I 2026-05-22 17:55:38,455] Trial 59 finished with value: 0.6076486673509911 and parameters: {'WG_amp': 0.6092434201179356, 'WG_Phalf': 312.04560532226435, 'WG_k': 4.122334740797005, 'WG_c': 1.823644783077731, 'rate_power': 1.297236048942656}. Best is trial 32 with value: 0.6091129350493659.
[I 2026-05-22 17:55:38,744] Trial 60 finished with value: 0.596135845490208 and parameters: {'WG_amp': 0.49476460450569265, 'WG_Phalf': 124.45314050067388, 'WG_k': 0.014196764304075552, 'WG_c': 0.08115610100329103, 'rate_power': 1.2419010680965328}. Best is trial 32 with value: 0.6091129350493659.
[I 2026-05-22 17:55:39,038] Trial 61 finished with value: 0.6055662124158295 and parameters: {'WG_amp': 0.5863739217603017, 'WG_Phalf': 934.6915821435983, 'WG_k': 38.99355693748261, 'WG_c': 0.3060211107026432, 'rate_power': 1.2002771286748393}. Best is trial 32 with value: 0.6091129350493659.
[I 2026-05-22 17:55:39,331] Trial 62 finished with value: 0.5799815756216884 and parameters: {'WG_amp': 0.01982961186025417, 'WG_Phalf': 4367.42525356496, 'WG_k': 1.9736370946026083, 'WG_c': 0.17140080104581834, 'rate_power': 0.7162146379403374}. Best is trial 32 with value: 0.6091129350493659.
[I 2026-05-22 17:55:39,621] Trial 63 finished with value: 0.6089097519332511 and parameters: {'WG_amp': 0.7295871176298055, 'WG_Phalf': 1125.602880686909, 'WG_k': 6.916474164636777, 'WG_c': 0.9418894898100058, 'rate_power': 1.2677646181836806}. Best is trial 32 with value: 0.6091129350493659.
[I 2026-05-22 17:55:39,918] Trial 64 finished with value: 0.6067252680993661 and parameters: {'WG_amp': 0.7418107783404994, 'WG_Phalf': 3301.196436513174, 'WG_k': 3.837811249932602, 'WG_c': 0.5821055769388541, 'rate_power': 1.283106665270323}. Best is trial 32 with value: 0.6091129350493659.
[I 2026-05-22 17:55:40,215] Trial 65 finished with value: 0.6083507648351103 and parameters: {'WG_amp': 0.7352212342702741, 'WG_Phalf': 1403.6502037541447, 'WG_k': 8.213813453746619, 'WG_c': 1.2992024184581417, 'rate_power': 1.258138573435644}. Best is trial 32 with value: 0.6091129350493659.
[I 2026-05-22 17:55:40,509] Trial 66 finished with value: 0.6072389955586729 and parameters: {'WG_amp': 0.6673064251208277, 'WG_Phalf': 1651.7954704574527, 'WG_k': 4.9914937175616965, 'WG_c': 0.5117716011374337, 'rate_power': 1.165187206048158}. Best is trial 32 with value: 0.6091129350493659.
[I 2026-05-22 17:55:40,800] Trial 67 finished with value: 0.6082343818533583 and parameters: {'WG_amp': 0.8364983420833831, 'WG_Phalf': 1875.0634087858152, 'WG_k': 32.142583970737924, 'WG_c': 1.2943222202695284, 'rate_power': 1.209119788609592}. Best is trial 32 with value: 0.6091129350493659.
[I 2026-05-22 17:55:41,096] Trial 68 finished with value: 0.6074863957242748 and parameters: {'WG_amp': 0.8666697422995253, 'WG_Phalf': 1390.1587827217274, 'WG_k': 18.462682328002884, 'WG_c': 6.997871410788125, 'rate_power': 1.2694321332751604}. Best is trial 32 with value: 0.6091129350493659.
[I 2026-05-22 17:55:41,388] Trial 69 finished with value: 0.5976952400408069 and parameters: {'WG_amp': 0.7732744025255635, 'WG_Phalf': 831.1776200926497, 'WG_k': 0.7078498008928136, 'WG_c': 0.2578064519022993, 'rate_power': 1.2182218489910457}. Best is trial 32 with value: 0.6091129350493659.
[I 2026-05-22 17:55:41,684] Trial 70 finished with value: 0.5963580161851684 and parameters: {'WG_amp': 0.8449696518306204, 'WG_Phalf': 2080.098023936316, 'WG_k': 23.780422558652003, 'WG_c': 0.026849013254338795, 'rate_power': 1.2109627824680447}. Best is trial 32 with value: 0.6091129350493659.
[I 2026-05-22 17:55:41,981] Trial 71 finished with value: 0.5797002436560043 and parameters: {'WG_amp': 0.08025078582134954, 'WG_Phalf': 455.9844327883815, 'WG_k': 0.4074869751023915, 'WG_c': 0.7825177815684258, 'rate_power': 0.7047642169814536}. Best is trial 32 with value: 0.6091129350493659.
[I 2026-05-22 17:55:42,273] Trial 72 finished with value: 0.6056281255301457 and parameters: {'WG_amp': 0.7995235119175785, 'WG_Phalf': 3209.7930824051364, 'WG_k': 33.77256736655432, 'WG_c': 1.455684983150838, 'rate_power': 1.0781053762646433}. Best is trial 32 with value: 0.6091129350493659.
[I 2026-05-22 17:55:42,565] Trial 73 finished with value: 0.6059527557241732 and parameters: {'WG_amp': 0.49645460837533184, 'WG_Phalf': 1159.323700982098, 'WG_k': 1.0359223213672888, 'WG_c': 1.2755103102535672, 'rate_power': 1.249541414321601}. Best is trial 32 with value: 0.6091129350493659.
[I 2026-05-22 17:55:42,856] Trial 74 finished with value: 0.5946811755833081 and parameters: {'WG_amp': 0.4173956420570607, 'WG_Phalf': 4832.928073993206, 'WG_k': 0.022190932614010405, 'WG_c': 0.10737332275532205, 'rate_power': 0.8534403623059108}. Best is trial 32 with value: 0.6091129350493659.
[I 2026-05-22 17:55:43,151] Trial 75 finished with value: 0.6002679608603401 and parameters: {'WG_amp': 0.8932115996823837, 'WG_Phalf': 1069.9568023126703, 'WG_k': 30.42592568580937, 'WG_c': 0.2575802484836919, 'rate_power': 1.2673656262219022}. Best is trial 32 with value: 0.6091129350493659.
[I 2026-05-22 17:55:43,442] Trial 76 finished with value: 0.6083020573907173 and parameters: {'WG_amp': 0.6833536427124796, 'WG_Phalf': 2286.1241470251507, 'WG_k': 38.39070011250249, 'WG_c': 0.6367118976847803, 'rate_power': 1.180451004543903}. Best is trial 32 with value: 0.6091129350493659.
[I 2026-05-22 17:55:43,737] Trial 77 finished with value: 0.6023115240657259 and parameters: {'WG_amp': 0.6228261212130821, 'WG_Phalf': 1654.4980458133057, 'WG_k': 27.05030603902281, 'WG_c': 0.1757434348153808, 'rate_power': 1.2995389009111555}. Best is trial 32 with value: 0.6091129350493659.
[I 2026-05-22 17:55:44,029] Trial 78 finished with value: 0.6083055037263542 and parameters: {'WG_amp': 0.8337314752518485, 'WG_Phalf': 3671.0102065472875, 'WG_k': 42.99550447236563, 'WG_c': 0.6744558149149855, 'rate_power': 1.1944944166519427}. Best is trial 32 with value: 0.6091129350493659.
[I 2026-05-22 17:55:44,321] Trial 79 finished with value: 0.6071458504693108 and parameters: {'WG_amp': 0.6293140648282327, 'WG_Phalf': 2481.683970160383, 'WG_k': 78.12713237357681, 'WG_c': 1.265976734606525, 'rate_power': 1.135707833912003}. Best is trial 32 with value: 0.6091129350493659.
[I 2026-05-22 17:55:44,613] Trial 80 finished with value: 0.6049123175036933 and parameters: {'WG_amp': 0.8622180400814231, 'WG_Phalf': 3292.678528398204, 'WG_k': 45.191874822690025, 'WG_c': 0.19712647019665114, 'rate_power': 1.2417125390768127}. Best is trial 32 with value: 0.6091129350493659.
[I 2026-05-22 17:55:44,901] Trial 81 finished with value: 0.6068456269863484 and parameters: {'WG_amp': 0.8898328692618999, 'WG_Phalf': 4052.145793882678, 'WG_k': 87.37316599718802, 'WG_c': 1.7061940030863545, 'rate_power': 1.1643669692707947}. Best is trial 32 with value: 0.6091129350493659.
[I 2026-05-22 17:55:45,193] Trial 82 finished with value: 0.6032964029363899 and parameters: {'WG_amp': 0.8677831861206334, 'WG_Phalf': 3552.841652800355, 'WG_k': 0.06866738187982754, 'WG_c': 0.11970014227578421, 'rate_power': 1.0234170857960052}. Best is trial 32 with value: 0.6091129350493659.
[I 2026-05-22 17:55:45,489] Trial 83 finished with value: 0.6054738581829886 and parameters: {'WG_amp': 0.16452468222466643, 'WG_Phalf': 251.22826654373748, 'WG_k': 3.0922873603489758, 'WG_c': 0.0011914405185136877, 'rate_power': 1.1522910332109622}. Best is trial 32 with value: 0.6091129350493659.
[I 2026-05-22 17:55:45,783] Trial 84 finished with value: 0.604916959484819 and parameters: {'WG_amp': 0.7165895453577705, 'WG_Phalf': 3639.6146334870646, 'WG_k': 7.935280574929964, 'WG_c': 0.11361196261505775, 'rate_power': 1.1138874817295141}. Best is trial 32 with value: 0.6091129350493659.
[I 2026-05-22 17:55:46,079] Trial 85 finished with value: 0.6091243602338557 and parameters: {'WG_amp': 0.715589595696467, 'WG_Phalf': 1097.4946949517907, 'WG_k': 8.901060911800085, 'WG_c': 1.0421161616185848, 'rate_power': 1.2257896170225742}. Best is trial 85 with value: 0.6091243602338557.
[I 2026-05-22 17:55:46,374] Trial 86 finished with value: 0.606918820534865 and parameters: {'WG_amp': 0.8873643782699736, 'WG_Phalf': 1173.8103803256313, 'WG_k': 5.578266365618403, 'WG_c': 2.773656290594968, 'rate_power': 1.1782194933271986}. Best is trial 85 with value: 0.6091243602338557.
[I 2026-05-22 17:55:46,675] Trial 87 finished with value: 0.6061391352172281 and parameters: {'WG_amp': 0.022928547899494056, 'WG_Phalf': 1507.8370551494488, 'WG_k': 90.19054676864516, 'WG_c': 0.16471092371396634, 'rate_power': 1.1174717203659323}. Best is trial 85 with value: 0.6091243602338557.
[I 2026-05-22 17:55:46,969] Trial 88 finished with value: 0.607265814067445 and parameters: {'WG_amp': 0.7023287519378085, 'WG_Phalf': 2185.8779531322566, 'WG_k': 9.881198595813945, 'WG_c': 3.027447175171038, 'rate_power': 1.209683220462146}. Best is trial 85 with value: 0.6091243602338557.
[I 2026-05-22 17:55:47,262] Trial 89 finished with value: 0.5991729138830879 and parameters: {'WG_amp': 0.7798355252507776, 'WG_Phalf': 537.3519373433941, 'WG_k': 0.022448844858629087, 'WG_c': 2.364978993827021, 'rate_power': 1.0541588338722636}. Best is trial 85 with value: 0.6091243602338557.
[I 2026-05-22 17:55:47,555] Trial 90 finished with value: 0.5922011312807173 and parameters: {'WG_amp': 0.6726860702209354, 'WG_Phalf': 118.4949404368533, 'WG_k': 1.740752489406506, 'WG_c': 0.274497287931013, 'rate_power': 1.2218252790312187}. Best is trial 85 with value: 0.6091243602338557.
[I 2026-05-22 17:55:47,852] Trial 91 finished with value: 0.5969879967926703 and parameters: {'WG_amp': 0.5713672794885277, 'WG_Phalf': 691.3932688556916, 'WG_k': 1.0139621672676025, 'WG_c': 3.7385774855248353, 'rate_power': 0.8926707686212589}. Best is trial 85 with value: 0.6091243602338557.
[I 2026-05-22 17:55:48,147] Trial 92 finished with value: 0.6074990866699619 and parameters: {'WG_amp': 0.6916592847136438, 'WG_Phalf': 861.6880817972425, 'WG_k': 21.840415644587306, 'WG_c': 2.0838663136592834, 'rate_power': 1.2739956054797485}. Best is trial 85 with value: 0.6091243602338557.
[I 2026-05-22 17:55:48,437] Trial 93 finished with value: 0.6041749051589927 and parameters: {'WG_amp': 0.18648810981283992, 'WG_Phalf': 697.8068745184542, 'WG_k': 0.013746275109616757, 'WG_c': 0.0001640313455607084, 'rate_power': 1.041045282198387}. Best is trial 85 with value: 0.6091243602338557.
[I 2026-05-22 17:55:48,732] Trial 94 finished with value: 0.6084167481869526 and parameters: {'WG_amp': 0.8154397693720914, 'WG_Phalf': 1114.1875895875655, 'WG_k': 21.61340879182096, 'WG_c': 0.7115391501864105, 'rate_power': 1.0771150330289783}. Best is trial 85 with value: 0.6091243602338557.
[I 2026-05-22 17:55:49,023] Trial 95 finished with value: 0.6050760063845285 and parameters: {'WG_amp': 0.8161624882893761, 'WG_Phalf': 1495.7180852919676, 'WG_k': 7.986072791401942, 'WG_c': 0.4537234373934941, 'rate_power': 0.9703947818635824}. Best is trial 85 with value: 0.6091243602338557.
[I 2026-05-22 17:55:49,319] Trial 96 finished with value: 0.6009243686743772 and parameters: {'WG_amp': 0.7339214685888152, 'WG_Phalf': 1266.396620693234, 'WG_k': 96.2287708137237, 'WG_c': 0.09609777158683275, 'rate_power': 1.020310033125027}. Best is trial 85 with value: 0.6091243602338557.
[I 2026-05-22 17:55:49,615] Trial 97 finished with value: 0.606285492823133 and parameters: {'WG_amp': 0.6353263102227736, 'WG_Phalf': 1543.985406186121, 'WG_k': 3.4677342433174525, 'WG_c': 0.5812032018484166, 'rate_power': 1.2630966839997673}. Best is trial 85 with value: 0.6091243602338557.
[I 2026-05-22 17:55:49,909] Trial 98 finished with value: 0.6063847115161192 and parameters: {'WG_amp': 0.6872914034351643, 'WG_Phalf': 1111.0133904548716, 'WG_k': 81.11039020523116, 'WG_c': 8.815985639778917, 'rate_power': 1.1384668543014673}. Best is trial 85 with value: 0.6091243602338557.
[I 2026-05-22 17:55:50,203] Trial 99 finished with value: 0.5986510128248537 and parameters: {'WG_amp': 0.5911687656303588, 'WG_Phalf': 343.05296191040725, 'WG_k': 5.279123577501687, 'WG_c': 0.0006254098624798283, 'rate_power': 0.9828192740592656}. Best is trial 85 with value: 0.6091243602338557.
[I 2026-05-22 17:55:50,498] Trial 100 finished with value: 0.593799696894257 and parameters: {'WG_amp': 0.8102305255293438, 'WG_Phalf': 719.2078116133827, 'WG_k': 10.85350962334523, 'WG_c': 0.0843587125118075, 'rate_power': 1.1056205265815207}. Best is trial 85 with value: 0.6091243602338557.
[I 2026-05-22 17:55:50,795] Trial 101 finished with value: 0.6059886765039658 and parameters: {'WG_amp': 0.582029709200434, 'WG_Phalf': 454.6328655848357, 'WG_k': 5.8957167533739465, 'WG_c': 1.2374990640910926, 'rate_power': 1.0283270192321823}. Best is trial 85 with value: 0.6091243602338557.
[I 2026-05-22 17:55:51,094] Trial 102 finished with value: 0.6083954876800913 and parameters: {'WG_amp': 0.7259484844409732, 'WG_Phalf': 1041.7018163107919, 'WG_k': 3.5038780279090638, 'WG_c': 1.2854759015762727, 'rate_power': 1.2268094448213396}. Best is trial 85 with value: 0.6091243602338557.
[I 2026-05-22 17:55:51,383] Trial 103 finished with value: 0.583311246207624 and parameters: {'WG_amp': 0.22025608013148953, 'WG_Phalf': 169.56380213678574, 'WG_k': 0.015152748531550997, 'WG_c': 0.15344985976472014, 'rate_power': 0.7090916927709863}. Best is trial 85 with value: 0.6091243602338557.
[I 2026-05-22 17:55:51,675] Trial 104 finished with value: 0.600766669852325 and parameters: {'WG_amp': 0.8089563840574028, 'WG_Phalf': 1219.0237159222206, 'WG_k': 5.316847233551148, 'WG_c': 0.24917175398391744, 'rate_power': 1.2471734385863549}. Best is trial 85 with value: 0.6091243602338557.
[I 2026-05-22 17:55:51,972] Trial 105 finished with value: 0.6054892955724919 and parameters: {'WG_amp': 0.5921409666476933, 'WG_Phalf': 892.5081298569788, 'WG_k': 2.113277874019272, 'WG_c': 7.9234228544113074, 'rate_power': 1.0907278612362523}. Best is trial 85 with value: 0.6091243602338557.
[I 2026-05-22 17:55:52,268] Trial 106 finished with value: 0.6090653681445097 and parameters: {'WG_amp': 0.8341833321385211, 'WG_Phalf': 1050.9905622701276, 'WG_k': 18.328533518838743, 'WG_c': 0.9574266850779708, 'rate_power': 1.1348373280257824}. Best is trial 85 with value: 0.6091243602338557.
[I 2026-05-22 17:55:52,563] Trial 107 finished with value: 0.6078697559303728 and parameters: {'WG_amp': 0.8221875255384616, 'WG_Phalf': 659.8859072370984, 'WG_k': 53.09118187499692, 'WG_c': 0.8866613113406081, 'rate_power': 1.0298619422170734}. Best is trial 85 with value: 0.6091243602338557.
[I 2026-05-22 17:55:52,857] Trial 108 finished with value: 0.603696475350653 and parameters: {'WG_amp': 0.7070534463653952, 'WG_Phalf': 1114.516533925648, 'WG_k': 7.37896211130136, 'WG_c': 0.2459198976974694, 'rate_power': 1.1490000012102388}. Best is trial 85 with value: 0.6091243602338557.
[I 2026-05-22 17:55:53,153] Trial 109 finished with value: 0.6093678241045462 and parameters: {'WG_amp': 0.8065671777068193, 'WG_Phalf': 511.2853738161843, 'WG_k': 5.59318996148842, 'WG_c': 1.0230022445315181, 'rate_power': 1.1967355722207296}. Best is trial 109 with value: 0.6093678241045462.
[I 2026-05-22 17:55:53,448] Trial 110 finished with value: 0.6074101090590873 and parameters: {'WG_amp': 0.8204277514506404, 'WG_Phalf': 600.2247668172267, 'WG_k': 2.510895552027937, 'WG_c': 3.0662370512340873, 'rate_power': 1.2215237723015404}. Best is trial 109 with value: 0.6093678241045462.
[I 2026-05-22 17:55:53,744] Trial 111 finished with value: 0.5989684997326077 and parameters: {'WG_amp': 0.7679821372195808, 'WG_Phalf': 332.7755322312096, 'WG_k': 3.0347944627698804, 'WG_c': 0.26722372236601544, 'rate_power': 1.1002879383933952}. Best is trial 109 with value: 0.6093678241045462.
[I 2026-05-22 17:55:54,036] Trial 112 finished with value: 0.6088842151900169 and parameters: {'WG_amp': 0.868123107436191, 'WG_Phalf': 1101.5973402150269, 'WG_k': 27.069784991875633, 'WG_c': 0.6862309428853453, 'rate_power': 1.140274842524234}. Best is trial 109 with value: 0.6093678241045462.
[I 2026-05-22 17:55:54,331] Trial 113 finished with value: 0.6088926358234902 and parameters: {'WG_amp': 0.8940212025151203, 'WG_Phalf': 1042.3886480048911, 'WG_k': 63.548867943594665, 'WG_c': 1.1200431933850468, 'rate_power': 1.1623510247511837}. Best is trial 109 with value: 0.6093678241045462.
[I 2026-05-22 17:55:54,627] Trial 114 finished with value: 0.6054990032499306 and parameters: {'WG_amp': 0.5877418877764592, 'WG_Phalf': 122.64912306683438, 'WG_k': 31.90628412956573, 'WG_c': 0.3530731145330554, 'rate_power': 1.0313895369486255}. Best is trial 109 with value: 0.6093678241045462.
[I 2026-05-22 17:55:54,920] Trial 115 finished with value: 0.6071238551929962 and parameters: {'WG_amp': 0.7957006352297405, 'WG_Phalf': 944.0341479985028, 'WG_k': 75.76760581137187, 'WG_c': 1.4468656235082056, 'rate_power': 1.139407138832695}. Best is trial 109 with value: 0.6093678241045462.
[I 2026-05-22 17:55:55,216] Trial 116 finished with value: 0.6045431166876037 and parameters: {'WG_amp': 0.8316349348813769, 'WG_Phalf': 803.451915602858, 'WG_k': 7.652593856823011, 'WG_c': 0.3669344015228101, 'rate_power': 1.1423114843042752}. Best is trial 109 with value: 0.6093678241045462.
[I 2026-05-22 17:55:55,509] Trial 117 finished with value: 0.5942891080841842 and parameters: {'WG_amp': 0.6836521042860353, 'WG_Phalf': 151.44621354714133, 'WG_k': 12.246876576685182, 'WG_c': 0.2573355494769258, 'rate_power': 1.2788974940977025}. Best is trial 109 with value: 0.6093678241045462.
[I 2026-05-22 17:55:55,799] Trial 118 finished with value: 0.6079492920575388 and parameters: {'WG_amp': 0.8451457062199459, 'WG_Phalf': 1249.4169311868736, 'WG_k': 14.94938260636456, 'WG_c': 0.5275475899799646, 'rate_power': 1.1279433184584788}. Best is trial 109 with value: 0.6093678241045462.
[I 2026-05-22 17:55:56,092] Trial 119 finished with value: 0.6094587772589308 and parameters: {'WG_amp': 0.752668425591464, 'WG_Phalf': 665.762237286741, 'WG_k': 9.671429777246711, 'WG_c': 0.8716256933063626, 'rate_power': 1.2213922583842838}. Best is trial 119 with value: 0.6094587772589308.
[I 2026-05-22 17:55:56,383] Trial 120 finished with value: 0.606646721168798 and parameters: {'WG_amp': 0.86309803928085, 'WG_Phalf': 527.8945409031222, 'WG_k': 11.758950166981517, 'WG_c': 4.723153425054646, 'rate_power': 1.158362429477697}. Best is trial 119 with value: 0.6094587772589308.
[I 2026-05-22 17:55:56,684] Trial 121 finished with value: 0.5903358698963648 and parameters: {'WG_amp': 0.1831274812356763, 'WG_Phalf': 210.97083140804057, 'WG_k': 17.18129428790619, 'WG_c': 1.2902670386566144, 'rate_power': 0.8060747619788887}. Best is trial 119 with value: 0.6094587772589308.
[I 2026-05-22 17:55:56,979] Trial 122 finished with value: 0.5969581587238845 and parameters: {'WG_amp': 0.6753431744563263, 'WG_Phalf': 458.8643646836191, 'WG_k': 3.9583598423740165, 'WG_c': 0.24002608299280298, 'rate_power': 1.2475998049465495}. Best is trial 119 with value: 0.6094587772589308.
[I 2026-05-22 17:55:57,276] Trial 123 finished with value: 0.6051229662267191 and parameters: {'WG_amp': 0.8634676555616086, 'WG_Phalf': 2077.7660222370996, 'WG_k': 0.6377142747989599, 'WG_c': 1.7631511557924004, 'rate_power': 1.2347944924901741}. Best is trial 119 with value: 0.6094587772589308.
[I 2026-05-22 17:55:57,572] Trial 124 finished with value: 0.6069432345321757 and parameters: {'WG_amp': 0.015580446779311474, 'WG_Phalf': 3998.5298839236384, 'WG_k': 8.554735651699993, 'WG_c': 9.599931496073046, 'rate_power': 1.1812074821413716}. Best is trial 119 with value: 0.6094587772589308.
[I 2026-05-22 17:55:57,867] Trial 125 finished with value: 0.6066464735571692 and parameters: {'WG_amp': 0.6464894467703317, 'WG_Phalf': 557.3964796551401, 'WG_k': 15.277581895316287, 'WG_c': 2.5056030827980162, 'rate_power': 1.158378434204548}. Best is trial 119 with value: 0.6094587772589308.
[I 2026-05-22 17:55:58,162] Trial 126 finished with value: 0.6092697869045705 and parameters: {'WG_amp': 0.8384971301265348, 'WG_Phalf': 467.9693721716984, 'WG_k': 45.846218829182476, 'WG_c': 0.7089493087214602, 'rate_power': 1.1561766203465076}. Best is trial 119 with value: 0.6094587772589308.
[I 2026-05-22 17:55:58,458] Trial 127 finished with value: 0.6096708420449738 and parameters: {'WG_amp': 0.8397038004776787, 'WG_Phalf': 353.1828633774556, 'WG_k': 15.591169432030318, 'WG_c': 0.7560228939405025, 'rate_power': 1.1044663079823838}. Best is trial 127 with value: 0.6096708420449738.
[I 2026-05-22 17:55:58,754] Trial 128 finished with value: 0.6093215090781884 and parameters: {'WG_amp': 0.8204838005376509, 'WG_Phalf': 518.470997065542, 'WG_k': 72.54957298803579, 'WG_c': 0.7481965916576685, 'rate_power': 1.1611773420409817}. Best is trial 127 with value: 0.6096708420449738.
[I 2026-05-22 17:55:59,048] Trial 129 finished with value: 0.5888554599963737 and parameters: {'WG_amp': 0.7936239978127175, 'WG_Phalf': 483.27114421306743, 'WG_k': 13.405054265725562, 'WG_c': 0.08974326200216046, 'rate_power': 1.1454876414570898}. Best is trial 127 with value: 0.6096708420449738.
[I 2026-05-22 17:55:59,346] Trial 130 finished with value: 0.6041389230192746 and parameters: {'WG_amp': 0.8866179016357614, 'WG_Phalf': 282.03663401238657, 'WG_k': 45.05856331027462, 'WG_c': 6.8434888940367875, 'rate_power': 1.04195776635959}. Best is trial 127 with value: 0.6096708420449738.
[I 2026-05-22 17:55:59,644] Trial 131 finished with value: 0.5972843519772315 and parameters: {'WG_amp': 0.7629243694810844, 'WG_Phalf': 282.57283513550914, 'WG_k': 74.34890591311641, 'WG_c': 0.1691715398464533, 'rate_power': 1.0022689806203693}. Best is trial 127 with value: 0.6096708420449738.
[I 2026-05-22 17:55:59,936] Trial 132 finished with value: 0.6068102142323891 and parameters: {'WG_amp': 0.7770581093572949, 'WG_Phalf': 580.9468634607377, 'WG_k': 26.63906848698483, 'WG_c': 0.4952499737701823, 'rate_power': 1.186909197961085}. Best is trial 127 with value: 0.6096708420449738.
[I 2026-05-22 17:56:00,239] Trial 133 finished with value: 0.6091485897639515 and parameters: {'WG_amp': 0.7848183562732121, 'WG_Phalf': 470.13286674233893, 'WG_k': 59.054927086298996, 'WG_c': 0.8798020199992378, 'rate_power': 1.0940952025379467}. Best is trial 127 with value: 0.6096708420449738.
[I 2026-05-22 17:56:00,528] Trial 134 finished with value: 0.6079914431858823 and parameters: {'WG_amp': 0.7581433104882129, 'WG_Phalf': 419.27119468325515, 'WG_k': 65.36816320771348, 'WG_c': 1.226076126229876, 'rate_power': 1.1146546187407902}. Best is trial 127 with value: 0.6096708420449738.
[I 2026-05-22 17:56:00,821] Trial 135 finished with value: 0.6042397102191526 and parameters: {'WG_amp': 0.8507308059139259, 'WG_Phalf': 1335.855039019669, 'WG_k': 49.86352481023191, 'WG_c': 3.0096767123905552, 'rate_power': 1.046019676352482}. Best is trial 127 with value: 0.6096708420449738.
[I 2026-05-22 17:56:01,119] Trial 136 finished with value: 0.604895969355297 and parameters: {'WG_amp': 0.8360078990631393, 'WG_Phalf': 175.293052222461, 'WG_k': 27.608665304290884, 'WG_c': 0.4474822862191452, 'rate_power': 1.0893317983173132}. Best is trial 127 with value: 0.6096708420449738.
[I 2026-05-22 17:56:01,410] Trial 137 finished with value: 0.6041583529114031 and parameters: {'WG_amp': 0.8744798287998822, 'WG_Phalf': 386.68698517910883, 'WG_k': 36.30124933247469, 'WG_c': 0.39115497197837046, 'rate_power': 1.0891184914620478}. Best is trial 127 with value: 0.6096708420449738.
[I 2026-05-22 17:56:01,706] Trial 138 finished with value: 0.6015819467559895 and parameters: {'WG_amp': 0.8867946579292163, 'WG_Phalf': 345.6168295977145, 'WG_k': 21.02739405760506, 'WG_c': 0.3690166014130747, 'rate_power': 1.1824442706444633}. Best is trial 127 with value: 0.6096708420449738.
[I 2026-05-22 17:56:02,004] Trial 139 finished with value: 0.6063733081223264 and parameters: {'WG_amp': 0.8172901523464827, 'WG_Phalf': 671.8643190777585, 'WG_k': 67.17536409746097, 'WG_c': 0.49495532241972073, 'rate_power': 1.2080750626493562}. Best is trial 127 with value: 0.6096708420449738.
[I 2026-05-22 17:56:02,295] Trial 140 finished with value: 0.6082139478071555 and parameters: {'WG_amp': 0.8692712162773808, 'WG_Phalf': 735.9823124280329, 'WG_k': 19.424634932870212, 'WG_c': 1.23088813766353, 'rate_power': 1.1274934526599718}. Best is trial 127 with value: 0.6096708420449738.
[I 2026-05-22 17:56:02,585] Trial 141 finished with value: 0.604761959797471 and parameters: {'WG_amp': 0.8730032598634931, 'WG_Phalf': 1101.0153821574295, 'WG_k': 9.640496290346556, 'WG_c': 1.5661486003289484, 'rate_power': 1.0394664474122188}. Best is trial 127 with value: 0.6096708420449738.
[I 2026-05-22 17:56:02,877] Trial 142 finished with value: 0.6082794001875285 and parameters: {'WG_amp': 0.4747087710034893, 'WG_Phalf': 363.76995685012423, 'WG_k': 15.773241490879377, 'WG_c': 0.6028995598175722, 'rate_power': 1.0963134670307673}. Best is trial 127 with value: 0.6096708420449738.
[I 2026-05-22 17:56:03,169] Trial 143 finished with value: 0.5986646079726394 and parameters: {'WG_amp': 0.8096550116623088, 'WG_Phalf': 636.887203291178, 'WG_k': 3.120283314143269, 'WG_c': 0.41940178979115816, 'rate_power': 1.2993764434033586}. Best is trial 127 with value: 0.6096708420449738.
[I 2026-05-22 17:56:03,465] Trial 144 finished with value: 0.6089683479426005 and parameters: {'WG_amp': 0.8267265869697692, 'WG_Phalf': 592.2224450454614, 'WG_k': 33.931464456672266, 'WG_c': 1.2292433220576326, 'rate_power': 1.2622250821406824}. Best is trial 127 with value: 0.6096708420449738.
[I 2026-05-22 17:56:03,758] Trial 145 finished with value: 0.5914072280590124 and parameters: {'WG_amp': 0.8279231501589261, 'WG_Phalf': 298.60798834558426, 'WG_k': 76.216724770622, 'WG_c': 0.2331691943098098, 'rate_power': 1.2921497624587417}. Best is trial 127 with value: 0.6096708420449738.
[I 2026-05-22 17:56:04,052] Trial 146 finished with value: 0.5910017278451888 and parameters: {'WG_amp': 0.858198067823773, 'WG_Phalf': 591.7577833501057, 'WG_k': 90.07622189109048, 'WG_c': 0.08394268183948665, 'rate_power': 1.0945520400485256}. Best is trial 127 with value: 0.6096708420449738.
[I 2026-05-22 17:56:04,350] Trial 147 finished with value: 0.6066807855340682 and parameters: {'WG_amp': 0.7483004836252369, 'WG_Phalf': 408.01983339230776, 'WG_k': 99.49501820339277, 'WG_c': 7.211171816235572, 'rate_power': 1.1613708900708357}. Best is trial 127 with value: 0.6096708420449738.
[I 2026-05-22 17:56:04,668] Trial 148 finished with value: 0.6053531560874801 and parameters: {'WG_amp': 0.28177511307922, 'WG_Phalf': 1780.851106890692, 'WG_k': 2.0508043966305913, 'WG_c': 0.01062703760389511, 'rate_power': 1.0936318337339557}. Best is trial 127 with value: 0.6096708420449738.
[I 2026-05-22 17:56:04,960] Trial 149 finished with value: 0.6072452817863409 and parameters: {'WG_amp': 0.8590710287126336, 'WG_Phalf': 985.1916918384134, 'WG_k': 50.0869123187538, 'WG_c': 3.4975505957023816, 'rate_power': 1.2066171241110282}. Best is trial 127 with value: 0.6096708420449738.
[I 2026-05-22 17:56:05,248] Trial 150 finished with value: 0.5963910425947841 and parameters: {'WG_amp': 0.8330921838172938, 'WG_Phalf': 172.91582353982668, 'WG_k': 15.063583568237252, 'WG_c': 0.9171875206305157, 'rate_power': 0.7809868294827299}. Best is trial 127 with value: 0.6096708420449738.
[I 2026-05-22 17:56:05,539] Trial 151 finished with value: 0.6055509483123396 and parameters: {'WG_amp': 0.6781745479697512, 'WG_Phalf': 537.3717631498316, 'WG_k': 15.414890364394138, 'WG_c': 0.35760931218278147, 'rate_power': 1.0889787020224218}. Best is trial 127 with value: 0.6096708420449738.
[I 2026-05-22 17:56:05,829] Trial 152 finished with value: 0.6077761465986011 and parameters: {'WG_amp': 0.7375941730984196, 'WG_Phalf': 660.9697435940187, 'WG_k': 17.99053766751794, 'WG_c': 0.5674996863576509, 'rate_power': 1.2305015229753975}. Best is trial 127 with value: 0.6096708420449738.
[I 2026-05-22 17:56:06,117] Trial 153 finished with value: 0.6069470188604044 and parameters: {'WG_amp': 0.867241626333752, 'WG_Phalf': 651.582503896599, 'WG_k': 51.96324907643204, 'WG_c': 1.937080697341114, 'rate_power': 1.1729657715945292}. Best is trial 127 with value: 0.6096708420449738.
[I 2026-05-22 17:56:06,407] Trial 154 finished with value: 0.6079167427591354 and parameters: {'WG_amp': 0.7582417487316232, 'WG_Phalf': 380.75272857418867, 'WG_k': 17.983879017049325, 'WG_c': 1.557419031272297, 'rate_power': 1.2735573395277924}. Best is trial 127 with value: 0.6096708420449738.
[I 2026-05-22 17:56:06,698] Trial 155 finished with value: 0.6061163350076522 and parameters: {'WG_amp': 0.688648429292888, 'WG_Phalf': 1221.1976370809748, 'WG_k': 9.828188281699878, 'WG_c': 3.7757547308964576, 'rate_power': 1.1232224284496712}. Best is trial 127 with value: 0.6096708420449738.
[I 2026-05-22 17:56:06,987] Trial 156 finished with value: 0.5955767084383411 and parameters: {'WG_amp': 0.662561922427852, 'WG_Phalf': 148.28354870235785, 'WG_k': 1.111534512409764, 'WG_c': 0.002327988502038673, 'rate_power': 0.7245070736411052}. Best is trial 127 with value: 0.6096708420449738.
[I 2026-05-22 17:56:07,280] Trial 157 finished with value: 0.6091388012697228 and parameters: {'WG_amp': 0.8221471257976669, 'WG_Phalf': 735.8852210438183, 'WG_k': 9.183859888636364, 'WG_c': 1.1673507733913502, 'rate_power': 1.268780031127462}. Best is trial 127 with value: 0.6096708420449738.
[I 2026-05-22 17:56:07,568] Trial 158 finished with value: 0.5907465199608476 and parameters: {'WG_amp': 0.5511994429533443, 'WG_Phalf': 2426.619824081647, 'WG_k': 7.166509398618856, 'WG_c': 0.668033145399606, 'rate_power': 0.7800143235798015}. Best is trial 127 with value: 0.6096708420449738.
[I 2026-05-22 17:56:07,859] Trial 159 finished with value: 0.607114259630325 and parameters: {'WG_amp': 0.002952747196020955, 'WG_Phalf': 1453.250879229498, 'WG_k': 0.15850510693711703, 'WG_c': 0.03498925015492135, 'rate_power': 1.1956359085922221}. Best is trial 127 with value: 0.6096708420449738.
[I 2026-05-22 17:56:08,147] Trial 160 finished with value: 0.6008600569268576 and parameters: {'WG_amp': 0.8750391115559762, 'WG_Phalf': 1032.7408326769153, 'WG_k': 36.42740691181722, 'WG_c': 0.20818083160142348, 'rate_power': 1.151420042475811}. Best is trial 127 with value: 0.6096708420449738.
[I 2026-05-22 17:56:08,436] Trial 161 finished with value: 0.5873934530655027 and parameters: {'WG_amp': 0.7816517920958288, 'WG_Phalf': 2731.7277524823135, 'WG_k': 0.19430507014239604, 'WG_c': 8.398213514418273, 'rate_power': 0.7698626354484011}. Best is trial 127 with value: 0.6096708420449738.
[I 2026-05-22 17:56:08,724] Trial 162 finished with value: 0.5965803329398522 and parameters: {'WG_amp': 0.5844338636078303, 'WG_Phalf': 128.3357520913274, 'WG_k': 0.3595144523019871, 'WG_c': 7.89576772315807, 'rate_power': 0.8764385698659166}. Best is trial 127 with value: 0.6096708420449738.
[I 2026-05-22 17:56:09,015] Trial 163 finished with value: 0.5955224475351013 and parameters: {'WG_amp': 0.7830914961429549, 'WG_Phalf': 507.2860452346067, 'WG_k': 0.14519251755046134, 'WG_c': 0.0009161952103840664, 'rate_power': 1.1542260146098}. Best is trial 127 with value: 0.6096708420449738.
[I 2026-05-22 17:56:09,306] Trial 164 finished with value: 0.6074764347018338 and parameters: {'WG_amp': 0.8303981707908815, 'WG_Phalf': 473.8391240474602, 'WG_k': 7.219496363950267, 'WG_c': 2.9029423184962635, 'rate_power': 1.27806879783058}. Best is trial 127 with value: 0.6096708420449738.
[I 2026-05-22 17:56:09,593] Trial 165 finished with value: 0.6075462965341027 and parameters: {'WG_amp': 0.8384254879712176, 'WG_Phalf': 1309.3722447028606, 'WG_k': 4.567816189245203, 'WG_c': 1.8688639260333604, 'rate_power': 1.2134058516978787}. Best is trial 127 with value: 0.6096708420449738.
[I 2026-05-22 17:56:09,885] Trial 166 finished with value: 0.6074607438374978 and parameters: {'WG_amp': 0.5388009091241149, 'WG_Phalf': 782.3559963783351, 'WG_k': 1.1978036665621155, 'WG_c': 6.969105747543226, 'rate_power': 1.2563921839632226}. Best is trial 127 with value: 0.6096708420449738.
[I 2026-05-22 17:56:10,175] Trial 167 finished with value: 0.6071234503961958 and parameters: {'WG_amp': 0.6864164826264127, 'WG_Phalf': 746.2642372279114, 'WG_k': 12.306768435735018, 'WG_c': 2.7281281358806058, 'rate_power': 1.195530800183648}. Best is trial 127 with value: 0.6096708420449738.
[I 2026-05-22 17:56:10,471] Trial 168 finished with value: 0.6091790177231923 and parameters: {'WG_amp': 0.8619077759546913, 'WG_Phalf': 946.5023598514401, 'WG_k': 34.04676898752224, 'WG_c': 1.022651523620326, 'rate_power': 1.2928359296940048}. Best is trial 127 with value: 0.6096708420449738.
[I 2026-05-22 17:56:10,766] Trial 169 finished with value: 0.6042516140844856 and parameters: {'WG_amp': 0.016687851818244837, 'WG_Phalf': 540.5372698407418, 'WG_k': 85.92202826982803, 'WG_c': 0.003175821797351462, 'rate_power': 1.0429773444994048}. Best is trial 127 with value: 0.6096708420449738.
[I 2026-05-22 17:56:11,059] Trial 170 finished with value: 0.6062053498005616 and parameters: {'WG_amp': 0.7746796187781316, 'WG_Phalf': 1636.7648854683428, 'WG_k': 37.38090078606584, 'WG_c': 0.4299923821239666, 'rate_power': 1.2729309286234147}. Best is trial 127 with value: 0.6096708420449738.
[I 2026-05-22 17:56:11,352] Trial 171 finished with value: 0.6042320854973556 and parameters: {'WG_amp': 0.859837219459333, 'WG_Phalf': 805.1920179973375, 'WG_k': 10.315602334096095, 'WG_c': 0.43933925140424496, 'rate_power': 1.2682129023193909}. Best is trial 127 with value: 0.6096708420449738.
[I 2026-05-22 17:56:11,644] Trial 172 finished with value: 0.5945065191325238 and parameters: {'WG_amp': 0.1674510966957206, 'WG_Phalf': 2402.1662279358625, 'WG_k': 64.67440705215945, 'WG_c': 0.0004552460046462864, 'rate_power': 0.8475730990996474}. Best is trial 127 with value: 0.6096708420449738.
[I 2026-05-22 17:56:11,933] Trial 173 finished with value: 0.6047042696087089 and parameters: {'WG_amp': 0.4556034586190052, 'WG_Phalf': 2452.6859508979474, 'WG_k': 0.035601867506664754, 'WG_c': 0.06863343696332118, 'rate_power': 1.2712964021544162}. Best is trial 127 with value: 0.6096708420449738.
[I 2026-05-22 17:56:12,225] Trial 174 finished with value: 0.6084549881445341 and parameters: {'WG_amp': 0.6011215768468404, 'WG_Phalf': 976.6045783290796, 'WG_k': 8.52874895171372, 'WG_c': 0.8284783380849327, 'rate_power': 1.2956395630800066}. Best is trial 127 with value: 0.6096708420449738.
[I 2026-05-22 17:56:12,517] Trial 175 finished with value: 0.6073960234895607 and parameters: {'WG_amp': 0.45337932366583633, 'WG_Phalf': 815.7688733453639, 'WG_k': 9.1879106062767, 'WG_c': 4.421983395732433, 'rate_power': 1.2998803262662706}. Best is trial 127 with value: 0.6096708420449738.
[I 2026-05-22 17:56:12,810] Trial 176 finished with value: 0.5894987822542969 and parameters: {'WG_amp': 0.24019461861963354, 'WG_Phalf': 3358.993009989549, 'WG_k': 0.043631423787146684, 'WG_c': 0.0006146136505680231, 'rate_power': 0.7964039215126497}. Best is trial 127 with value: 0.6096708420449738.
[I 2026-05-22 17:56:13,104] Trial 177 finished with value: 0.6074757958961984 and parameters: {'WG_amp': 0.8064406249919311, 'WG_Phalf': 712.9374529629465, 'WG_k': 22.149470004118424, 'WG_c': 3.10523177245276, 'rate_power': 1.2742796351297005}. Best is trial 127 with value: 0.6096708420449738.
[I 2026-05-22 17:56:13,396] Trial 178 finished with value: 0.6063583966113921 and parameters: {'WG_amp': 0.867002526036337, 'WG_Phalf': 867.5560627106905, 'WG_k': 91.05872650919652, 'WG_c': 0.4463211498984666, 'rate_power': 1.047500284914844}. Best is trial 127 with value: 0.6096708420449738.
[I 2026-05-22 17:56:13,694] Trial 179 finished with value: 0.5975044827567899 and parameters: {'WG_amp': 0.26509157638888725, 'WG_Phalf': 119.96144703602889, 'WG_k': 84.22772706555773, 'WG_c': 0.007116550116207682, 'rate_power': 0.8542052710500952}. Best is trial 127 with value: 0.6096708420449738.
[I 2026-05-22 17:56:13,991] Trial 180 finished with value: 0.6036412272676295 and parameters: {'WG_amp': 0.7084879600298666, 'WG_Phalf': 2370.2256830343354, 'WG_k': 3.3056013048056276, 'WG_c': 0.0004063083089554922, 'rate_power': 1.1045447968320525}. Best is trial 127 with value: 0.6096708420449738.
[I 2026-05-22 17:56:14,283] Trial 181 finished with value: 0.6084380648376634 and parameters: {'WG_amp': 0.7382290586742248, 'WG_Phalf': 1225.0386669912316, 'WG_k': 15.465579564584623, 'WG_c': 0.6637434131893769, 'rate_power': 1.2581916622461609}. Best is trial 127 with value: 0.6096708420449738.
[I 2026-05-22 17:56:14,578] Trial 182 finished with value: 0.6015006805637662 and parameters: {'WG_amp': 0.7301466424774362, 'WG_Phalf': 1161.7980123709401, 'WG_k': 13.84150804124653, 'WG_c': 0.23437496325423846, 'rate_power': 1.2713925062463138}. Best is trial 127 with value: 0.6096708420449738.
[I 2026-05-22 17:56:14,876] Trial 183 finished with value: 0.5942904993916697 and parameters: {'WG_amp': 0.7608439974692895, 'WG_Phalf': 580.9376147798446, 'WG_k': 0.012280595661680157, 'WG_c': 0.03245475457403953, 'rate_power': 1.2290421924199522}. Best is trial 127 with value: 0.6096708420449738.
[I 2026-05-22 17:56:15,173] Trial 184 finished with value: 0.6087648029617272 and parameters: {'WG_amp': 0.534228764617876, 'WG_Phalf': 315.18813440284777, 'WG_k': 47.2116389340206, 'WG_c': 0.6900211180503377, 'rate_power': 1.1905343884322803}. Best is trial 127 with value: 0.6096708420449738.
[I 2026-05-22 17:56:15,464] Trial 185 finished with value: 0.6003146104817907 and parameters: {'WG_amp': 0.5668576804848795, 'WG_Phalf': 328.8067608240507, 'WG_k': 98.71468882569825, 'WG_c': 0.2649916017906656, 'rate_power': 1.2907518089278338}. Best is trial 127 with value: 0.6096708420449738.
[I 2026-05-22 17:56:15,761] Trial 186 finished with value: 0.5930500179194634 and parameters: {'WG_amp': 0.6368170293797104, 'WG_Phalf': 280.6789808241469, 'WG_k': 20.89053918296395, 'WG_c': 0.09860215303467892, 'rate_power': 1.1236669349667505}. Best is trial 127 with value: 0.6096708420449738.
[I 2026-05-22 17:56:16,056] Trial 187 finished with value: 0.607497091789968 and parameters: {'WG_amp': 0.6618936915063958, 'WG_Phalf': 346.6243306671681, 'WG_k': 36.78754537880399, 'WG_c': 1.4323520258982936, 'rate_power': 1.1639773047920619}. Best is trial 127 with value: 0.6096708420449738.
[I 2026-05-22 17:56:16,351] Trial 188 finished with value: 0.6022253039287693 and parameters: {'WG_amp': 0.46833405699525316, 'WG_Phalf': 1043.4120888588907, 'WG_k': 1.9652888579991001, 'WG_c': 0.14165393515661437, 'rate_power': 1.269679888742267}. Best is trial 127 with value: 0.6096708420449738.
[I 2026-05-22 17:56:16,647] Trial 189 finished with value: 0.604588110604441 and parameters: {'WG_amp': 0.8520208810762957, 'WG_Phalf': 866.7992692326138, 'WG_k': 57.94746990155233, 'WG_c': 0.4040739732405447, 'rate_power': 1.2404312776772137}. Best is trial 127 with value: 0.6096708420449738.
[I 2026-05-22 17:56:16,946] Trial 190 finished with value: 0.5832868112082874 and parameters: {'WG_amp': 0.24435272542443884, 'WG_Phalf': 816.1106012157521, 'WG_k': 0.010226762673243144, 'WG_c': 2.1426124173781016, 'rate_power': 0.7214638514833054}. Best is trial 127 with value: 0.6096708420449738.
[I 2026-05-22 17:56:17,271] Trial 191 finished with value: 0.6057282714672321 and parameters: {'WG_amp': 0.5015295386470855, 'WG_Phalf': 461.52514225991075, 'WG_k': 48.02787118318764, 'WG_c': 0.33407374865717737, 'rate_power': 1.1647063013031085}. Best is trial 127 with value: 0.6096708420449738.
[I 2026-05-22 17:56:17,643] Trial 192 finished with value: 0.6069441276814901 and parameters: {'WG_amp': 0.4257814795851843, 'WG_Phalf': 207.1812423799133, 'WG_k': 26.365532454425164, 'WG_c': 1.8784038229131523, 'rate_power': 1.1742978340148025}. Best is trial 127 with value: 0.6096708420449738.
[I 2026-05-22 17:56:17,934] Trial 193 finished with value: 0.6014252546737012 and parameters: {'WG_amp': 0.44434054905397496, 'WG_Phalf': 247.9407154636229, 'WG_k': 0.02575330494687227, 'WG_c': 0.0009595830463008284, 'rate_power': 0.9408185076237008}. Best is trial 127 with value: 0.6096708420449738.
[I 2026-05-22 17:56:18,236] Trial 194 finished with value: 0.6088044957614098 and parameters: {'WG_amp': 0.5955121313318544, 'WG_Phalf': 1162.2462364260714, 'WG_k': 10.393519987828025, 'WG_c': 0.7959019976643682, 'rate_power': 1.2438552561163716}. Best is trial 127 with value: 0.6096708420449738.
[I 2026-05-22 17:56:18,530] Trial 195 finished with value: 0.6074601237801606 and parameters: {'WG_amp': 0.6075108275903206, 'WG_Phalf': 1504.7982028562842, 'WG_k': 3.7399298401000047, 'WG_c': 3.8791718804020916, 'rate_power': 1.2624060461749296}. Best is trial 127 with value: 0.6096708420449738.
[I 2026-05-22 17:56:18,823] Trial 196 finished with value: 0.5953909460788002 and parameters: {'WG_amp': 0.5899071323085379, 'WG_Phalf': 788.6486891583404, 'WG_k': 9.995786385359622, 'WG_c': 0.059394334286124666, 'rate_power': 1.2454211877757313}. Best is trial 127 with value: 0.6096708420449738.
[I 2026-05-22 17:56:19,115] Trial 197 finished with value: 0.609162268507692 and parameters: {'WG_amp': 0.6486199531774309, 'WG_Phalf': 498.31128223725165, 'WG_k': 10.005380491174037, 'WG_c': 1.1052404796179403, 'rate_power': 1.260862834835884}. Best is trial 127 with value: 0.6096708420449738.
[I 2026-05-22 17:56:19,414] Trial 198 finished with value: 0.6035730338250747 and parameters: {'WG_amp': 0.5127749398814541, 'WG_Phalf': 230.89910449391297, 'WG_k': 1.5089335370892831, 'WG_c': 0.8543728438982452, 'rate_power': 1.2604091595345814}. Best is trial 127 with value: 0.6096708420449738.
[I 2026-05-22 17:56:19,710] Trial 199 finished with value: 0.6086957808674067 and parameters: {'WG_amp': 0.5544990644264214, 'WG_Phalf': 548.1503578890782, 'WG_k': 4.791341704333517, 'WG_c': 0.9341452461925218, 'rate_power': 1.2368291452001459}. Best is trial 127 with value: 0.6096708420449738.
[I 2026-05-22 17:56:20,004] Trial 200 finished with value: 0.6067514717438296 and parameters: {'WG_amp': 0.5805407368743959, 'WG_Phalf': 485.07688790414767, 'WG_k': 12.039113105649513, 'WG_c': 2.031043903152574, 'rate_power': 1.1636527440223094}. Best is trial 127 with value: 0.6096708420449738.
[I 2026-05-22 17:56:20,300] Trial 201 finished with value: 0.6076390199324428 and parameters: {'WG_amp': 0.725941691931509, 'WG_Phalf': 452.35923031866974, 'WG_k': 2.630199621590619, 'WG_c': 2.0180911964246913, 'rate_power': 1.2869429598118778}. Best is trial 127 with value: 0.6096708420449738.
[I 2026-05-22 17:56:20,605] Trial 202 finished with value: 0.6087696282295596 and parameters: {'WG_amp': 0.594349349346841, 'WG_Phalf': 1184.3697343201943, 'WG_k': 9.100826507834542, 'WG_c': 1.1162091553906404, 'rate_power': 1.2406122574560086}. Best is trial 127 with value: 0.6096708420449738.
[I 2026-05-22 17:56:20,905] Trial 203 finished with value: 0.5991774799966818 and parameters: {'WG_amp': 0.783199951963424, 'WG_Phalf': 430.206903357143, 'WG_k': 3.304479585806164, 'WG_c': 0.3089189400238219, 'rate_power': 1.159173845297918}. Best is trial 127 with value: 0.6096708420449738.
[I 2026-05-22 17:56:21,196] Trial 204 finished with value: 0.6064572609640493 and parameters: {'WG_amp': 0.5619321126387977, 'WG_Phalf': 1021.196251568753, 'WG_k': 10.056643008467075, 'WG_c': 0.38846513558346035, 'rate_power': 1.2221366313987887}. Best is trial 127 with value: 0.6096708420449738.
[I 2026-05-22 17:56:21,483] Trial 205 finished with value: 0.6074381283332304 and parameters: {'WG_amp': 0.6509239749686337, 'WG_Phalf': 428.04362626048714, 'WG_k': 26.309193947801244, 'WG_c': 2.7920354350713708, 'rate_power': 1.2931819467116772}. Best is trial 127 with value: 0.6096708420449738.
[I 2026-05-22 17:56:21,770] Trial 206 finished with value: 0.6076219169007915 and parameters: {'WG_amp': 0.4188673588321923, 'WG_Phalf': 370.44408419333394, 'WG_k': 6.093988109517131, 'WG_c': 1.5148301687309764, 'rate_power': 1.1898185425702024}. Best is trial 127 with value: 0.6096708420449738.
[I 2026-05-22 17:56:22,058] Trial 207 finished with value: 0.6065509233352357 and parameters: {'WG_amp': 0.8390564711801198, 'WG_Phalf': 238.06368921272684, 'WG_k': 7.398552188696772, 'WG_c': 2.367819350972287, 'rate_power': 1.1497209074849797}. Best is trial 127 with value: 0.6096708420449738.
[I 2026-05-22 17:56:22,348] Trial 208 finished with value: 0.6088876242846197 and parameters: {'WG_amp': 0.7035827128253579, 'WG_Phalf': 861.024990924558, 'WG_k': 72.38945480699064, 'WG_c': 0.752581488747696, 'rate_power': 1.2469041066779438}. Best is trial 127 with value: 0.6096708420449738.
[I 2026-05-22 17:56:22,635] Trial 209 finished with value: 0.6015693423936797 and parameters: {'WG_amp': 0.5999786032927539, 'WG_Phalf': 817.585246933898, 'WG_k': 89.43023767813268, 'WG_c': 0.14535451444291822, 'rate_power': 1.1679758331215293}. Best is trial 127 with value: 0.6096708420449738.
[I 2026-05-22 17:56:22,924] Trial 210 finished with value: 0.5974467751066754 and parameters: {'WG_amp': 0.898557541326427, 'WG_Phalf': 1675.3271759042618, 'WG_k': 0.5502415404605951, 'WG_c': 0.013669912161378457, 'rate_power': 0.840748911367739}. Best is trial 127 with value: 0.6096708420449738.
[I 2026-05-22 17:56:23,211] Trial 211 finished with value: 0.6074623900759455 and parameters: {'WG_amp': 0.651038944470077, 'WG_Phalf': 713.1288884179208, 'WG_k': 3.1191013130470284, 'WG_c': 0.8078467303709277, 'rate_power': 1.187757160371587}. Best is trial 127 with value: 0.6096708420449738.
[I 2026-05-22 17:56:23,498] Trial 212 finished with value: 0.6082762826570324 and parameters: {'WG_amp': 0.7743867187732872, 'WG_Phalf': 278.62350947561185, 'WG_k': 91.26996748345371, 'WG_c': 0.6201829241348826, 'rate_power': 1.114932591363182}. Best is trial 127 with value: 0.6096708420449738.
[I 2026-05-22 17:56:23,788] Trial 213 finished with value: 0.6062354278613904 and parameters: {'WG_amp': 0.45064801816048294, 'WG_Phalf': 1392.607281528963, 'WG_k': 6.778975733871987, 'WG_c': 0.3065308932133341, 'rate_power': 1.1339870342083502}. Best is trial 127 with value: 0.6096708420449738.
[I 2026-05-22 17:56:24,074] Trial 214 finished with value: 0.6073559709348885 and parameters: {'WG_amp': 0.012257459551324956, 'WG_Phalf': 1451.381007255673, 'WG_k': 0.05727735695673943, 'WG_c': 4.0491671462841, 'rate_power': 1.2838929964934847}. Best is trial 127 with value: 0.6096708420449738.
[I 2026-05-22 17:56:24,357] Trial 215 finished with value: 0.6074704534340902 and parameters: {'WG_amp': 0.7445484772704902, 'WG_Phalf': 787.9123154019334, 'WG_k': 79.56719534905619, 'WG_c': 2.7138624126625643, 'rate_power': 1.2457034033043797}. Best is trial 127 with value: 0.6096708420449738.
[I 2026-05-22 17:56:24,646] Trial 216 finished with value: 0.6092328373466505 and parameters: {'WG_amp': 0.7512803208017359, 'WG_Phalf': 652.7613100591763, 'WG_k': 85.22337612223596, 'WG_c': 0.9399928123538045, 'rate_power': 1.2793873759493335}. Best is trial 127 with value: 0.6096708420449738.
[I 2026-05-22 17:56:24,937] Trial 217 finished with value: 0.6090927162669681 and parameters: {'WG_amp': 0.8409708532392736, 'WG_Phalf': 1246.663192312129, 'WG_k': 78.72577615856544, 'WG_c': 1.0607265548938984, 'rate_power': 1.1894412239611396}. Best is trial 127 with value: 0.6096708420449738.
[I 2026-05-22 17:56:25,225] Trial 218 finished with value: 0.6074649053937959 and parameters: {'WG_amp': 0.6760117401017975, 'WG_Phalf': 887.1140695031261, 'WG_k': 95.3700478521382, 'WG_c': 2.443590994160279, 'rate_power': 1.2523513034561367}. Best is trial 127 with value: 0.6096708420449738.
[I 2026-05-22 17:56:25,512] Trial 219 finished with value: 0.5955463877280944 and parameters: {'WG_amp': 0.7386221916311565, 'WG_Phalf': 901.8985204705144, 'WG_k': 54.37345647133466, 'WG_c': 0.13446601098623387, 'rate_power': 1.2904779928125756}. Best is trial 127 with value: 0.6096708420449738.
[I 2026-05-22 17:56:25,798] Trial 220 finished with value: 0.6074712323888833 and parameters: {'WG_amp': 0.8921989437796379, 'WG_Phalf': 561.4355822442317, 'WG_k': 47.14045092184029, 'WG_c': 3.6108005863684425, 'rate_power': 1.2480459859734365}. Best is trial 127 with value: 0.6096708420449738.
[I 2026-05-22 17:56:26,086] Trial 221 finished with value: 0.6063127623043504 and parameters: {'WG_amp': 0.8207764352825127, 'WG_Phalf': 724.4500230430199, 'WG_k': 23.79997360068177, 'WG_c': 0.4457167564751736, 'rate_power': 1.1630096134951682}. Best is trial 127 with value: 0.6096708420449738.
[I 2026-05-22 17:56:26,371] Trial 222 finished with value: 0.5912465631485976 and parameters: {'WG_amp': 0.012920613844396467, 'WG_Phalf': 958.5071560225122, 'WG_k': 0.4609315216198757, 'WG_c': 0.0008532343895875496, 'rate_power': 0.8243364588100776}. Best is trial 127 with value: 0.6096708420449738.
[I 2026-05-22 17:56:26,654] Trial 223 finished with value: 0.6090360721698386 and parameters: {'WG_amp': 0.8583082194795736, 'WG_Phalf': 1011.9542804809274, 'WG_k': 42.1224497726975, 'WG_c': 0.7233330607327838, 'rate_power': 1.229330715026534}. Best is trial 127 with value: 0.6096708420449738.
[I 2026-05-22 17:56:26,938] Trial 224 finished with value: 0.5948822009065967 and parameters: {'WG_amp': 0.6381271565670432, 'WG_Phalf': 109.24711347525563, 'WG_k': 0.015943900207179135, 'WG_c': 0.0004034790436640415, 'rate_power': 0.7636729940213017}. Best is trial 127 with value: 0.6096708420449738.
[I 2026-05-22 17:56:27,221] Trial 225 finished with value: 0.6048606159410815 and parameters: {'WG_amp': 0.729617435966915, 'WG_Phalf': 891.8585826169547, 'WG_k': 93.94126677757205, 'WG_c': 0.32422792421071106, 'rate_power': 1.1690325699201847}. Best is trial 127 with value: 0.6096708420449738.
[I 2026-05-22 17:56:27,506] Trial 226 finished with value: 0.6051146922627818 and parameters: {'WG_amp': 0.8036775051172866, 'WG_Phalf': 738.601516217864, 'WG_k': 39.545058821334166, 'WG_c': 0.45847490377781047, 'rate_power': 1.2720895728187285}. Best is trial 127 with value: 0.6096708420449738.
[I 2026-05-22 17:56:27,793] Trial 227 finished with value: 0.6086204934766705 and parameters: {'WG_amp': 0.8736941140053921, 'WG_Phalf': 1470.7069371259229, 'WG_k': 40.63104758899542, 'WG_c': 0.7277631497370518, 'rate_power': 1.2732106619827248}. Best is trial 127 with value: 0.6096708420449738.
[I 2026-05-22 17:56:28,081] Trial 228 finished with value: 0.6043165282054087 and parameters: {'WG_amp': 0.8985643668225209, 'WG_Phalf': 2164.246707864314, 'WG_k': 18.58321234914893, 'WG_c': 0.21361631726571123, 'rate_power': 1.1313902298875065}. Best is trial 127 with value: 0.6096708420449738.
[I 2026-05-22 17:56:28,368] Trial 229 finished with value: 0.6062459212489009 and parameters: {'WG_amp': 0.401049235229781, 'WG_Phalf': 1227.7791454964122, 'WG_k': 61.08179602703843, 'WG_c': 2.4698902782670626, 'rate_power': 1.1304675451964654}. Best is trial 127 with value: 0.6096708420449738.
[I 2026-05-22 17:56:28,657] Trial 230 finished with value: 0.6089066853298728 and parameters: {'WG_amp': 0.692118077145058, 'WG_Phalf': 1238.439107294605, 'WG_k': 46.451874229609665, 'WG_c': 1.0205069056549705, 'rate_power': 1.192112742765134}. Best is trial 127 with value: 0.6096708420449738.
[I 2026-05-22 17:56:28,944] Trial 231 finished with value: 0.6085213622965817 and parameters: {'WG_amp': 0.6953672070436103, 'WG_Phalf': 1126.1883788258483, 'WG_k': 31.167724621410688, 'WG_c': 1.1862068567872452, 'rate_power': 1.2017197870344245}. Best is trial 127 with value: 0.6096708420449738.
[I 2026-05-22 17:56:29,230] Trial 232 finished with value: 0.606333606562997 and parameters: {'WG_amp': 0.8961732322991175, 'WG_Phalf': 1145.0713578802913, 'WG_k': 39.307177489306554, 'WG_c': 9.369106722132958, 'rate_power': 1.135114278723312}. Best is trial 127 with value: 0.6096708420449738.
[I 2026-05-22 17:56:29,519] Trial 233 finished with value: 0.5954849984173466 and parameters: {'WG_amp': 0.7997906278197505, 'WG_Phalf': 413.8312568528489, 'WG_k': 90.93665830120725, 'WG_c': 0.2040303881691151, 'rate_power': 1.1937579136583192}. Best is trial 127 with value: 0.6096708420449738.
[I 2026-05-22 17:56:29,808] Trial 234 finished with value: 0.5953139653526647 and parameters: {'WG_amp': 0.7006623576120123, 'WG_Phalf': 167.2626817432971, 'WG_k': 0.04522792140832505, 'WG_c': 6.2390440716304045, 'rate_power': 1.1767296740552333}. Best is trial 127 with value: 0.6096708420449738.
[I 2026-05-22 17:56:30,096] Trial 235 finished with value: 0.6084823846979132 and parameters: {'WG_amp': 0.7232559312231778, 'WG_Phalf': 1102.5227516682392, 'WG_k': 32.15311347997971, 'WG_c': 1.150095905112971, 'rate_power': 1.1684760907789713}. Best is trial 127 with value: 0.6096708420449738.
[I 2026-05-22 17:56:30,384] Trial 236 finished with value: 0.6088670995078816 and parameters: {'WG_amp': 0.5656787755089583, 'WG_Phalf': 1146.1589566880723, 'WG_k': 20.59726755974327, 'WG_c': 0.9306577457712712, 'rate_power': 1.1992502718288813}. Best is trial 127 with value: 0.6096708420449738.
[I 2026-05-22 17:56:30,671] Trial 237 finished with value: 0.6055697139290664 and parameters: {'WG_amp': 0.46518817137412316, 'WG_Phalf': 3653.125737906089, 'WG_k': 4.686588104122191, 'WG_c': 8.327396009666712, 'rate_power': 1.0950170250538405}. Best is trial 127 with value: 0.6096708420449738.
[I 2026-05-22 17:56:30,958] Trial 238 finished with value: 0.6074149167866301 and parameters: {'WG_amp': 0.7638147320438412, 'WG_Phalf': 1990.788818605801, 'WG_k': 81.61329087379244, 'WG_c': 3.9478277239587936, 'rate_power': 1.2247147428184881}. Best is trial 127 with value: 0.6096708420449738.
[I 2026-05-22 17:56:31,247] Trial 239 finished with value: 0.6080650052686136 and parameters: {'WG_amp': 0.5023254677202005, 'WG_Phalf': 1283.113726003052, 'WG_k': 27.51690178212415, 'WG_c': 0.5774032674818728, 'rate_power': 1.1868341450304043}. Best is trial 127 with value: 0.6096708420449738.
[I 2026-05-22 17:56:31,534] Trial 240 finished with value: 0.6095067886846877 and parameters: {'WG_amp': 0.8994894786190486, 'WG_Phalf': 1109.008445197431, 'WG_k': 38.838527684733755, 'WG_c': 0.9653614702735962, 'rate_power': 1.2118026577861452}. Best is trial 127 with value: 0.6096708420449738.
[I 2026-05-22 17:56:31,823] Trial 241 finished with value: 0.6079402769755349 and parameters: {'WG_amp': 0.8114539476850696, 'WG_Phalf': 1430.519090445232, 'WG_k': 21.275278379697372, 'WG_c': 1.4667457651256184, 'rate_power': 1.2834400449875674}. Best is trial 127 with value: 0.6096708420449738.
[I 2026-05-22 17:56:32,110] Trial 242 finished with value: 0.604241414989323 and parameters: {'WG_amp': 0.24709262375044938, 'WG_Phalf': 1987.8675966288572, 'WG_k': 0.026835643586292226, 'WG_c': 1.6074510234003347, 'rate_power': 1.0462828572344574}. Best is trial 127 with value: 0.6096708420449738.
[I 2026-05-22 17:56:32,398] Trial 243 finished with value: 0.6085834775786632 and parameters: {'WG_amp': 0.7643730118828985, 'WG_Phalf': 1155.5191871506358, 'WG_k': 20.82523741021401, 'WG_c': 0.6416248348736769, 'rate_power': 1.1321746785184026}. Best is trial 127 with value: 0.6096708420449738.
[I 2026-05-22 17:56:32,687] Trial 244 finished with value: 0.6073304792587144 and parameters: {'WG_amp': 0.8671091063237053, 'WG_Phalf': 1145.3645641018875, 'WG_k': 39.179588068507734, 'WG_c': 1.592179723635925, 'rate_power': 1.184304512549342}. Best is trial 127 with value: 0.6096708420449738.
[I 2026-05-22 17:56:32,975] Trial 245 finished with value: 0.6078558904236473 and parameters: {'WG_amp': 0.881149660336552, 'WG_Phalf': 1336.3377021360366, 'WG_k': 18.495821296833864, 'WG_c': 0.5337361879156606, 'rate_power': 1.1956465085901637}. Best is trial 127 with value: 0.6096708420449738.
[I 2026-05-22 17:56:33,272] Trial 246 finished with value: 0.6068195633029747 and parameters: {'WG_amp': 0.5707836714902298, 'WG_Phalf': 2788.7625332496023, 'WG_k': 13.214664860894723, 'WG_c': 0.31275571099567834, 'rate_power': 1.2301961687006189}. Best is trial 127 with value: 0.6096708420449738.
[I 2026-05-22 17:56:33,561] Trial 247 finished with value: 0.6058996561969051 and parameters: {'WG_amp': 0.8238639505417599, 'WG_Phalf': 425.42637463813776, 'WG_k': 12.789607096162294, 'WG_c': 1.830937636282793, 'rate_power': 1.100938970444539}. Best is trial 127 with value: 0.6096708420449738.
[I 2026-05-22 17:56:33,848] Trial 248 finished with value: 0.6081268366762035 and parameters: {'WG_amp': 0.6784161978906349, 'WG_Phalf': 653.0049608266365, 'WG_k': 15.580933564844281, 'WG_c': 1.397374809049382, 'rate_power': 1.2965039781591485}. Best is trial 127 with value: 0.6096708420449738.
[I 2026-05-22 17:56:34,132] Trial 249 finished with value: 0.6074656930924641 and parameters: {'WG_amp': 0.8993869636706924, 'WG_Phalf': 1113.9214202059882, 'WG_k': 13.560904201948869, 'WG_c': 2.6346381025214307, 'rate_power': 1.2494264470495604}. Best is trial 127 with value: 0.6096708420449738.
[I 2026-05-22 17:56:34,415] Trial 250 finished with value: 0.6076176816817742 and parameters: {'WG_amp': 0.7674718770338065, 'WG_Phalf': 698.8457566909818, 'WG_k': 4.043397355171365, 'WG_c': 1.5032427238642667, 'rate_power': 1.142625425989745}. Best is trial 127 with value: 0.6096708420449738.
[I 2026-05-22 17:56:34,704] Trial 251 finished with value: 0.60105788993142 and parameters: {'WG_amp': 0.8976719667781088, 'WG_Phalf': 832.2819602639727, 'WG_k': 21.527012898215236, 'WG_c': 0.3102632606206583, 'rate_power': 1.2585758545088237}. Best is trial 127 with value: 0.6096708420449738.
[I 2026-05-22 17:56:34,992] Trial 252 finished with value: 0.6095436316693943 and parameters: {'WG_amp': 0.817122968601814, 'WG_Phalf': 782.4541196267512, 'WG_k': 90.77785844573393, 'WG_c': 0.9608933890119139, 'rate_power': 1.2257256420678506}. Best is trial 127 with value: 0.6096708420449738.
[I 2026-05-22 17:56:35,280] Trial 253 finished with value: 0.601929868201747 and parameters: {'WG_amp': 0.8882545256427762, 'WG_Phalf': 1151.4305147889484, 'WG_k': 91.17525907952032, 'WG_c': 0.2127075999392556, 'rate_power': 1.127328735433709}. Best is trial 127 with value: 0.6096708420449738.
[I 2026-05-22 17:56:35,567] Trial 254 finished with value: 0.6077638779169554 and parameters: {'WG_amp': 0.8706092275394048, 'WG_Phalf': 1320.4777159197947, 'WG_k': 99.82932070634948, 'WG_c': 1.459150697733698, 'rate_power': 1.2025715240050605}. Best is trial 127 with value: 0.6096708420449738.
[I 2026-05-22 17:56:35,855] Trial 255 finished with value: 0.6091338759211428 and parameters: {'WG_amp': 0.6678475274853338, 'WG_Phalf': 598.9030123559305, 'WG_k': 33.1164880190533, 'WG_c': 0.7888623025860264, 'rate_power': 1.170470608416192}. Best is trial 127 with value: 0.6096708420449738.
[I 2026-05-22 17:56:36,142] Trial 256 finished with value: 0.6075620178177927 and parameters: {'WG_amp': 0.8736317542532263, 'WG_Phalf': 588.1908879475154, 'WG_k': 67.53214142847938, 'WG_c': 1.5832649133839334, 'rate_power': 1.1995366749995466}. Best is trial 127 with value: 0.6096708420449738.
[I 2026-05-22 17:56:36,429] Trial 257 finished with value: 0.6079121086089608 and parameters: {'WG_amp': 0.6247727577150752, 'WG_Phalf': 880.5419491624209, 'WG_k': 83.16697498933729, 'WG_c': 1.3371938366076028, 'rate_power': 1.1871378833233024}. Best is trial 127 with value: 0.6096708420449738.
[I 2026-05-22 17:56:36,717] Trial 258 finished with value: 0.6051597886843607 and parameters: {'WG_amp': 0.597504928557695, 'WG_Phalf': 1205.3852832577095, 'WG_k': 27.340198855654165, 'WG_c': 0.9735162300188885, 'rate_power': 0.9981240627105942}. Best is trial 127 with value: 0.6096708420449738.
[I 2026-05-22 17:56:37,005] Trial 259 finished with value: 0.6009203243178889 and parameters: {'WG_amp': 0.712791021900508, 'WG_Phalf': 387.867066391768, 'WG_k': 47.776102896113954, 'WG_c': 0.31716441183318866, 'rate_power': 1.266087073514923}. Best is trial 127 with value: 0.6096708420449738.
[I 2026-05-22 17:56:37,293] Trial 260 finished with value: 0.6055835815799199 and parameters: {'WG_amp': 0.8854839720047206, 'WG_Phalf': 555.6232700062899, 'WG_k': 82.07027822031088, 'WG_c': 1.9573209917303225, 'rate_power': 1.091371601115681}. Best is trial 127 with value: 0.6096708420449738.
[I 2026-05-22 17:56:37,578] Trial 261 finished with value: 0.6045506629145082 and parameters: {'WG_amp': 0.7034857994209645, 'WG_Phalf': 510.94866258006226, 'WG_k': 19.413291732674686, 'WG_c': 3.503401001122275, 'rate_power': 1.0563649519412595}. Best is trial 127 with value: 0.6096708420449738.
[I 2026-05-22 17:56:37,865] Trial 262 finished with value: 0.6095195628815864 and parameters: {'WG_amp': 0.7247074063477402, 'WG_Phalf': 450.5044452648502, 'WG_k': 63.54557418900714, 'WG_c': 0.8980321838439169, 'rate_power': 1.1942870239983039}. Best is trial 127 with value: 0.6096708420449738.
[I 2026-05-22 17:56:38,153] Trial 263 finished with value: 0.6095253477816098 and parameters: {'WG_amp': 0.7366615813901605, 'WG_Phalf': 345.5221617694175, 'WG_k': 13.575549516040747, 'WG_c': 0.7975281085927541, 'rate_power': 1.1778860157644482}. Best is trial 127 with value: 0.6096708420449738.
[I 2026-05-22 17:56:38,442] Trial 264 finished with value: 0.6097993995450355 and parameters: {'WG_amp': 0.8655321231527356, 'WG_Phalf': 325.2584756194133, 'WG_k': 12.337304018027341, 'WG_c': 1.0657150936421296, 'rate_power': 1.20250566444462}. Best is trial 264 with value: 0.6097993995450355.
[I 2026-05-22 17:56:38,728] Trial 265 finished with value: 0.5854415085934372 and parameters: {'WG_amp': 0.7966401756892155, 'WG_Phalf': 337.245599108203, 'WG_k': 13.097129824343263, 'WG_c': 0.09493608493130248, 'rate_power': 1.1477395201561924}. Best is trial 264 with value: 0.6097993995450355.
[I 2026-05-22 17:56:39,016] Trial 266 finished with value: 0.6077917396072686 and parameters: {'WG_amp': 0.814091090461683, 'WG_Phalf': 314.92692764535786, 'WG_k': 19.405387386534645, 'WG_c': 0.6578326776213957, 'rate_power': 1.267857927980321}. Best is trial 264 with value: 0.6097993995450355.
[I 2026-05-22 17:56:39,304] Trial 267 finished with value: 0.6094597547108578 and parameters: {'WG_amp': 0.7511062025938482, 'WG_Phalf': 374.7464368193895, 'WG_k': 15.59480307990308, 'WG_c': 0.747792156768507, 'rate_power': 1.1500973096105132}. Best is trial 264 with value: 0.6097993995450355.
[I 2026-05-22 17:56:39,592] Trial 268 finished with value: 0.6010416037726486 and parameters: {'WG_amp': 0.8613313927286415, 'WG_Phalf': 286.05203697468266, 'WG_k': 53.7684665636146, 'WG_c': 0.35634147481412104, 'rate_power': 1.1700241816988772}. Best is trial 264 with value: 0.6097993995450355.
[I 2026-05-22 17:56:39,880] Trial 269 finished with value: 0.5804181006120254 and parameters: {'WG_amp': 0.06510927423643115, 'WG_Phalf': 237.36032375619817, 'WG_k': 0.2881080542069025, 'WG_c': 0.0006906791654821467, 'rate_power': 0.7098018477484513}. Best is trial 264 with value: 0.6097993995450355.
[I 2026-05-22 17:56:40,167] Trial 270 finished with value: 0.6071265006952353 and parameters: {'WG_amp': 0.8259035667644586, 'WG_Phalf': 259.7847010901334, 'WG_k': 3.3002905074651885, 'WG_c': 1.2325267888336031, 'rate_power': 1.0234386496964343}. Best is trial 264 with value: 0.6097993995450355.
[I 2026-05-22 17:56:40,456] Trial 271 finished with value: 0.6066127786239781 and parameters: {'WG_amp': 0.805511345712058, 'WG_Phalf': 325.8805327504134, 'WG_k': 7.188946221415365, 'WG_c': 2.1872888347386494, 'rate_power': 1.1524237746662107}. Best is trial 264 with value: 0.6097993995450355.
[I 2026-05-22 17:56:40,739] Trial 272 finished with value: 0.6093459992342785 and parameters: {'WG_amp': 0.8380006296064425, 'WG_Phalf': 446.900029115204, 'WG_k': 6.792059895719628, 'WG_c': 1.1418363760802788, 'rate_power': 1.176022683445687}. Best is trial 264 with value: 0.6097993995450355.
[I 2026-05-22 17:56:41,022] Trial 273 finished with value: 0.6070548355075771 and parameters: {'WG_amp': 0.6584436849461245, 'WG_Phalf': 298.5524491738432, 'WG_k': 11.426189933233363, 'WG_c': 2.999814624949619, 'rate_power': 1.1864542504164417}. Best is trial 264 with value: 0.6097993995450355.
[I 2026-05-22 17:56:41,305] Trial 274 finished with value: 0.5960441489312497 and parameters: {'WG_amp': 0.8667884244606913, 'WG_Phalf': 240.0512835573805, 'WG_k': 15.6009701928419, 'WG_c': 0.2531539369384588, 'rate_power': 1.1288571946556816}. Best is trial 264 with value: 0.6097993995450355.
[I 2026-05-22 17:56:41,588] Trial 275 finished with value: 0.6021893791864303 and parameters: {'WG_amp': 0.6653534236368055, 'WG_Phalf': 280.0025606347461, 'WG_k': 8.202617740931961, 'WG_c': 0.2822554682407558, 'rate_power': 1.1008652926093283}. Best is trial 264 with value: 0.6097993995450355.
[I 2026-05-22 17:56:41,876] Trial 276 finished with value: 0.6044225068777822 and parameters: {'WG_amp': 0.8682813883151665, 'WG_Phalf': 431.94429171126086, 'WG_k': 8.085223901129135, 'WG_c': 0.5418329535019222, 'rate_power': 1.283080705817063}. Best is trial 264 with value: 0.6097993995450355.
[I 2026-05-22 17:56:42,164] Trial 277 finished with value: 0.6032666366413311 and parameters: {'WG_amp': 0.862415118176137, 'WG_Phalf': 515.5619774068799, 'WG_k': 0.8338931723578183, 'WG_c': 1.5313083396403702, 'rate_power': 1.1769976271057347}. Best is trial 264 with value: 0.6097993995450355.
[I 2026-05-22 17:56:42,448] Trial 278 finished with value: 0.5912569537107328 and parameters: {'WG_amp': 0.6671836877501782, 'WG_Phalf': 133.7244900626761, 'WG_k': 19.64969318126233, 'WG_c': 0.00011472790965829601, 'rate_power': 0.8218665076682148}. Best is trial 264 with value: 0.6097993995450355.
[I 2026-05-22 17:56:42,733] Trial 279 finished with value: 0.6094594979192617 and parameters: {'WG_amp': 0.8061033381482269, 'WG_Phalf': 426.6713893735593, 'WG_k': 5.566893539427957, 'WG_c': 0.9751725375783786, 'rate_power': 1.180881900067979}. Best is trial 264 with value: 0.6097993995450355.
[I 2026-05-22 17:56:43,021] Trial 280 finished with value: 0.609385370245754 and parameters: {'WG_amp': 0.8311039473504703, 'WG_Phalf': 358.5516382719274, 'WG_k': 7.9257029106877335, 'WG_c': 0.8211801770554858, 'rate_power': 1.226071690672322}. Best is trial 264 with value: 0.6097993995450355.
[I 2026-05-22 17:56:43,305] Trial 281 finished with value: 0.6080787838596552 and parameters: {'WG_amp': 0.7566128659962332, 'WG_Phalf': 365.4685337365558, 'WG_k': 6.1663169305068495, 'WG_c': 0.6733926558274266, 'rate_power': 1.2022870864673971}. Best is trial 264 with value: 0.6097993995450355.
[I 2026-05-22 17:56:43,587] Trial 282 finished with value: 0.605543772033214 and parameters: {'WG_amp': 0.8503103763799983, 'WG_Phalf': 381.9429170778351, 'WG_k': 2.794510484403555, 'WG_c': 8.58881489601017, 'rate_power': 1.0929247253300918}. Best is trial 264 with value: 0.6097993995450355.
[I 2026-05-22 17:56:43,871] Trial 283 finished with value: 0.6066908307176125 and parameters: {'WG_amp': 0.8469713453636081, 'WG_Phalf': 226.42636151401226, 'WG_k': 51.3154832479573, 'WG_c': 2.858259206353693, 'rate_power': 1.162450520039927}. Best is trial 264 with value: 0.6097993995450355.
[I 2026-05-22 17:56:44,155] Trial 284 finished with value: 0.6095754751525789 and parameters: {'WG_amp': 0.8567592110975627, 'WG_Phalf': 562.112812932749, 'WG_k': 9.778809566069725, 'WG_c': 0.8208190665972845, 'rate_power': 1.1710302112568853}. Best is trial 264 with value: 0.6097993995450355.
[I 2026-05-22 17:56:44,443] Trial 285 finished with value: 0.6055827146609065 and parameters: {'WG_amp': 0.15343671183959445, 'WG_Phalf': 106.08777181897271, 'WG_k': 0.01603079447910607, 'WG_c': 0.00010383709521691328, 'rate_power': 1.1328195679648463}. Best is trial 264 with value: 0.6097993995450355.
[I 2026-05-22 17:56:44,728] Trial 286 finished with value: 0.6098689676621489 and parameters: {'WG_amp': 0.7974221478097676, 'WG_Phalf': 312.5980677021008, 'WG_k': 12.100218522774371, 'WG_c': 0.8242441123902148, 'rate_power': 1.1403799218641588}. Best is trial 286 with value: 0.6098689676621489.
[I 2026-05-22 17:56:45,016] Trial 287 finished with value: 0.6078075054186597 and parameters: {'WG_amp': 0.8352002582701376, 'WG_Phalf': 493.8423476597422, 'WG_k': 3.816111447387546, 'WG_c': 0.7442649363586873, 'rate_power': 1.1171982788688966}. Best is trial 286 with value: 0.6098689676621489.
[I 2026-05-22 17:56:45,301] Trial 288 finished with value: 0.6092798927962237 and parameters: {'WG_amp': 0.8613051761352009, 'WG_Phalf': 418.4764721217576, 'WG_k': 11.667336758834606, 'WG_c': 0.6947581546376946, 'rate_power': 1.165647136672162}. Best is trial 286 with value: 0.6098689676621489.
[I 2026-05-22 17:56:45,588] Trial 289 finished with value: 0.6032706077318093 and parameters: {'WG_amp': 0.10655279645408439, 'WG_Phalf': 377.6292862329654, 'WG_k': 0.6918438730427536, 'WG_c': 0.007871994256660552, 'rate_power': 1.0007849192045681}. Best is trial 286 with value: 0.6098689676621489.
[I 2026-05-22 17:56:45,872] Trial 290 finished with value: 0.6096761790052524 and parameters: {'WG_amp': 0.8493560528767642, 'WG_Phalf': 368.60429535651474, 'WG_k': 9.265311141416698, 'WG_c': 0.7614469802093475, 'rate_power': 1.1419753922136051}. Best is trial 286 with value: 0.6098689676621489.
[I 2026-05-22 17:56:46,159] Trial 291 finished with value: 0.5853625203357825 and parameters: {'WG_amp': 0.7962944744093136, 'WG_Phalf': 317.87307369462445, 'WG_k': 4.0829389100578855, 'WG_c': 0.13592224611610382, 'rate_power': 1.2360461670477565}. Best is trial 286 with value: 0.6098689676621489.
[I 2026-05-22 17:56:46,446] Trial 292 finished with value: 0.6043397188393199 and parameters: {'WG_amp': 0.8972280230738324, 'WG_Phalf': 325.73195743881286, 'WG_k': 4.846266687550964, 'WG_c': 0.5192569331253674, 'rate_power': 1.1622312545869113}. Best is trial 286 with value: 0.6098689676621489.
[I 2026-05-22 17:56:46,736] Trial 293 finished with value: 0.5972070796152399 and parameters: {'WG_amp': 0.8960663417161373, 'WG_Phalf': 693.9559164320505, 'WG_k': 3.6224291477822987, 'WG_c': 0.08705562703167082, 'rate_power': 1.02772089018928}. Best is trial 286 with value: 0.6098689676621489.
[I 2026-05-22 17:56:47,027] Trial 294 finished with value: 0.6030510086148112 and parameters: {'WG_amp': 0.7654031878589629, 'WG_Phalf': 414.70577691531764, 'WG_k': 17.76446935509882, 'WG_c': 0.3049391050020464, 'rate_power': 1.110598284606294}. Best is trial 286 with value: 0.6098689676621489.
[I 2026-05-22 17:56:47,315] Trial 295 finished with value: 0.6093644858001537 and parameters: {'WG_amp': 0.7103110555055765, 'WG_Phalf': 389.1266945859402, 'WG_k': 15.782291609530503, 'WG_c': 0.7799365200986296, 'rate_power': 1.1389559598941161}. Best is trial 286 with value: 0.6098689676621489.
[I 2026-05-22 17:56:47,605] Trial 296 finished with value: 0.6097496485801397 and parameters: {'WG_amp': 0.7652200367023042, 'WG_Phalf': 295.5987950661213, 'WG_k': 19.74844797465898, 'WG_c': 0.7911815547117595, 'rate_power': 1.1239066116457819}. Best is trial 286 with value: 0.6098689676621489.
[I 2026-05-22 17:56:47,892] Trial 297 finished with value: 0.6086809409320252 and parameters: {'WG_amp': 0.8715587561003968, 'WG_Phalf': 258.1670085475206, 'WG_k': 5.386428392071997, 'WG_c': 0.8436247754140012, 'rate_power': 1.2377904075358988}. Best is trial 286 with value: 0.6098689676621489.
[I 2026-05-22 17:56:48,181] Trial 298 finished with value: 0.6065342013897137 and parameters: {'WG_amp': 0.8429803359874817, 'WG_Phalf': 302.1228212231375, 'WG_k': 11.616446283736842, 'WG_c': 2.1369940837350807, 'rate_power': 1.1472094622063653}. Best is trial 286 with value: 0.6098689676621489.
[I 2026-05-22 17:56:48,463] Trial 299 finished with value: 0.6094219017872585 and parameters: {'WG_amp': 0.7038059946637566, 'WG_Phalf': 166.05213111450456, 'WG_k': 7.591120608030017, 'WG_c': 1.0386850634734999, 'rate_power': 1.1455721131836631}. Best is trial 286 with value: 0.6098689676621489.
[I 2026-05-22 17:56:48,747] Trial 300 finished with value: 0.6062470168002779 and parameters: {'WG_amp': 0.7139706987822108, 'WG_Phalf': 158.12613707834575, 'WG_k': 6.76265167380095, 'WG_c': 2.943604290618159, 'rate_power': 1.1305626967762195}. Best is trial 286 with value: 0.6098689676621489.
[I 2026-05-22 17:56:49,030] Trial 301 finished with value: 0.6091726193252716 and parameters: {'WG_amp': 0.6570509361697143, 'WG_Phalf': 192.43490394467432, 'WG_k': 46.14952739076948, 'WG_c': 0.7069593834377084, 'rate_power': 1.1301566993553716}. Best is trial 286 with value: 0.6098689676621489.
[I 2026-05-22 17:56:49,314] Trial 302 finished with value: 0.5824955011462468 and parameters: {'WG_amp': 0.4835888598539344, 'WG_Phalf': 1281.280632941976, 'WG_k': 0.01906594039072741, 'WG_c': 0.00022648748010101929, 'rate_power': 0.700742583137654}. Best is trial 286 with value: 0.6098689676621489.
[I 2026-05-22 17:56:49,598] Trial 303 finished with value: 0.604010323393605 and parameters: {'WG_amp': 0.7548971913863696, 'WG_Phalf': 110.40406588187248, 'WG_k': 14.814845978433393, 'WG_c': 0.3989636633317725, 'rate_power': 1.1174233864237544}. Best is trial 286 with value: 0.6098689676621489.
[I 2026-05-22 17:56:49,882] Trial 304 finished with value: 0.6087124578154303 and parameters: {'WG_amp': 0.7092142199360816, 'WG_Phalf': 229.45872189775767, 'WG_k': 19.409765948962992, 'WG_c': 0.6532595303258575, 'rate_power': 1.1888985149050082}. Best is trial 286 with value: 0.6098689676621489.
[I 2026-05-22 17:56:50,166] Trial 305 finished with value: 0.603388158790716 and parameters: {'WG_amp': 0.6496249014274496, 'WG_Phalf': 182.70678424857888, 'WG_k': 3.101040254783152, 'WG_c': 0.4056879127592925, 'rate_power': 1.0928046704159253}. Best is trial 286 with value: 0.6098689676621489.
[I 2026-05-22 17:56:50,450] Trial 306 finished with value: 0.6086235975321167 and parameters: {'WG_amp': 0.7744148225314359, 'WG_Phalf': 350.44531121775896, 'WG_k': 8.09480729369636, 'WG_c': 0.6479001539532667, 'rate_power': 1.063156621301442}. Best is trial 286 with value: 0.6098689676621489.
[I 2026-05-22 17:56:50,733] Trial 307 finished with value: 0.6091991354522625 and parameters: {'WG_amp': 0.6342750613052675, 'WG_Phalf': 219.080985049501, 'WG_k': 19.356558683697937, 'WG_c': 0.9266288682321876, 'rate_power': 1.1117885430744348}. Best is trial 286 with value: 0.6098689676621489.
[I 2026-05-22 17:56:51,016] Trial 308 finished with value: 0.6034117597021074 and parameters: {'WG_amp': 0.7539228874281829, 'WG_Phalf': 228.6755001737316, 'WG_k': 41.636955235068115, 'WG_c': 0.33569303032587366, 'rate_power': 1.0768755479870642}. Best is trial 286 with value: 0.6098689676621489.
[I 2026-05-22 17:56:51,299] Trial 309 finished with value: 0.5632693885946055 and parameters: {'WG_amp': 0.8956694139233436, 'WG_Phalf': 281.9731876804707, 'WG_k': 5.0018513668022475, 'WG_c': 0.0037852855832760266, 'rate_power': 1.2358296195204137}. Best is trial 286 with value: 0.6098689676621489.
[I 2026-05-22 17:56:51,594] Trial 310 finished with value: 0.6029482488325093 and parameters: {'WG_amp': 0.5909766588146249, 'WG_Phalf': 130.218174679074, 'WG_k': 5.883080568746919, 'WG_c': 4.88285488598782, 'rate_power': 1.0135280009439827}. Best is trial 286 with value: 0.6098689676621489.
[I 2026-05-22 17:56:51,880] Trial 311 finished with value: 0.603143519490392 and parameters: {'WG_amp': 0.5945728503665217, 'WG_Phalf': 1728.5145324630819, 'WG_k': 0.4039071748913244, 'WG_c': 0.09098286826017288, 'rate_power': 1.0040356037250724}. Best is trial 286 with value: 0.6098689676621489.
[I 2026-05-22 17:56:52,166] Trial 312 finished with value: 0.6077451992447805 and parameters: {'WG_amp': 0.6089847031839946, 'WG_Phalf': 100.58239727432873, 'WG_k': 17.02002423554046, 'WG_c': 1.280300925967556, 'rate_power': 1.113542102349098}. Best is trial 286 with value: 0.6098689676621489.
[I 2026-05-22 17:56:52,454] Trial 313 finished with value: 0.6096436041227654 and parameters: {'WG_amp': 0.7021969380298189, 'WG_Phalf': 229.50468100812512, 'WG_k': 12.64196882085125, 'WG_c': 0.7906459765574494, 'rate_power': 1.172399783195635}. Best is trial 286 with value: 0.6098689676621489.
[I 2026-05-22 17:56:52,740] Trial 314 finished with value: 0.609784109568684 and parameters: {'WG_amp': 0.8958932206031556, 'WG_Phalf': 513.629039208146, 'WG_k': 8.900407042697235, 'WG_c': 0.9076270379983099, 'rate_power': 1.161210309187327}. Best is trial 286 with value: 0.6098689676621489.
[I 2026-05-22 17:56:53,028] Trial 315 finished with value: 0.5935598528652234 and parameters: {'WG_amp': 0.7437527451822844, 'WG_Phalf': 288.7704593098843, 'WG_k': 1.632524175269041, 'WG_c': 0.09045320831057846, 'rate_power': 1.133840879850525}. Best is trial 286 with value: 0.6098689676621489.
[I 2026-05-22 17:56:53,316] Trial 316 finished with value: 0.6071084343037748 and parameters: {'WG_amp': 0.8557465833878688, 'WG_Phalf': 515.0767726523276, 'WG_k': 5.561246331764289, 'WG_c': 1.8447531587612362, 'rate_power': 1.1628208416002352}. Best is trial 286 with value: 0.6098689676621489.
[I 2026-05-22 17:56:53,607] Trial 317 finished with value: 0.5873969020864002 and parameters: {'WG_amp': 0.8679626837544115, 'WG_Phalf': 520.2991001991053, 'WG_k': 7.31016019722, 'WG_c': 0.11146468501252672, 'rate_power': 1.182432809191531}. Best is trial 286 with value: 0.6098689676621489.
[I 2026-05-22 17:56:53,897] Trial 318 finished with value: 0.6007146304061167 and parameters: {'WG_amp': 0.5692097923226631, 'WG_Phalf': 265.4404813401335, 'WG_k': 3.3802982965680397, 'WG_c': 0.03243583176876897, 'rate_power': 0.8625288541091611}. Best is trial 286 with value: 0.6098689676621489.
[I 2026-05-22 17:56:54,187] Trial 319 finished with value: 0.6095980976880804 and parameters: {'WG_amp': 0.8889415304818343, 'WG_Phalf': 393.239277654109, 'WG_k': 10.852360395795388, 'WG_c': 0.9416665498112974, 'rate_power': 1.1027286198894783}. Best is trial 286 with value: 0.6098689676621489.
[I 2026-05-22 17:56:54,476] Trial 320 finished with value: 0.6081767664598321 and parameters: {'WG_amp': 0.73866965647068, 'WG_Phalf': 222.99481758418068, 'WG_k': 3.51662928243784, 'WG_c': 0.8908249456831232, 'rate_power': 1.1637336105989056}. Best is trial 286 with value: 0.6098689676621489.
[I 2026-05-22 17:56:54,766] Trial 321 finished with value: 0.6012073804440947 and parameters: {'WG_amp': 0.8699947993764301, 'WG_Phalf': 226.2546443542997, 'WG_k': 12.824977923923756, 'WG_c': 0.30586272406165144, 'rate_power': 1.0021306683766422}. Best is trial 286 with value: 0.6098689676621489.
[I 2026-05-22 17:56:55,053] Trial 322 finished with value: 0.6093816157484726 and parameters: {'WG_amp': 0.7041400313236971, 'WG_Phalf': 442.54728611274953, 'WG_k': 24.363940954264336, 'WG_c': 0.7987355702701656, 'rate_power': 1.1780363316226268}. Best is trial 286 with value: 0.6098689676621489.
[I 2026-05-22 17:56:55,341] Trial 323 finished with value: 0.6005549850494452 and parameters: {'WG_amp': 0.7513868782091849, 'WG_Phalf': 400.429947408654, 'WG_k': 11.624712210454451, 'WG_c': 0.27172874659825386, 'rate_power': 1.1549236473647029}. Best is trial 286 with value: 0.6098689676621489.
[I 2026-05-22 17:56:55,629] Trial 324 finished with value: 0.6090465598501329 and parameters: {'WG_amp': 0.8456106563384101, 'WG_Phalf': 297.38454824023086, 'WG_k': 12.534966042408662, 'WG_c': 0.6668615656457607, 'rate_power': 1.16246516866475}. Best is trial 286 with value: 0.6098689676621489.
[I 2026-05-22 17:56:55,918] Trial 325 finished with value: 0.6038220134775694 and parameters: {'WG_amp': 0.6546547924873126, 'WG_Phalf': 324.72174907479666, 'WG_k': 1.3469720830533336, 'WG_c': 0.7357579389085098, 'rate_power': 1.1238379320438039}. Best is trial 286 with value: 0.6098689676621489.
[I 2026-05-22 17:56:56,207] Trial 326 finished with value: 0.6098051278839859 and parameters: {'WG_amp': 0.8613339200954288, 'WG_Phalf': 374.8618166417823, 'WG_k': 17.53908529149884, 'WG_c': 0.7989822119349076, 'rate_power': 1.0968724713187918}. Best is trial 286 with value: 0.6098689676621489.
[I 2026-05-22 17:56:56,493] Trial 327 finished with value: 0.6062051282084064 and parameters: {'WG_amp': 0.8753312964795029, 'WG_Phalf': 403.9766170761279, 'WG_k': 22.519046902722128, 'WG_c': 4.384311219810582, 'rate_power': 1.127856557684112}. Best is trial 286 with value: 0.6098689676621489.
[I 2026-05-22 17:56:56,782] Trial 328 finished with value: 0.5912343901157235 and parameters: {'WG_amp': 0.896274174669181, 'WG_Phalf': 200.6192273777462, 'WG_k': 0.8864635085395434, 'WG_c': 0.182942911650681, 'rate_power': 1.0667490300227112}. Best is trial 286 with value: 0.6098689676621489.
[I 2026-05-22 17:56:57,071] Trial 329 finished with value: 0.6067497890997267 and parameters: {'WG_amp': 0.7337079669994804, 'WG_Phalf': 626.0106655446964, 'WG_k': 3.7317336617409427, 'WG_c': 1.4493547932127067, 'rate_power': 1.080805096336421}. Best is trial 286 with value: 0.6098689676621489.
[I 2026-05-22 17:56:57,361] Trial 330 finished with value: 0.5908818255004995 and parameters: {'WG_amp': 0.8747908726935589, 'WG_Phalf': 515.7226868924505, 'WG_k': 2.0121570658588834, 'WG_c': 2.847722082100296, 'rate_power': 0.8168096657194281}. Best is trial 286 with value: 0.6098689676621489.
[I 2026-05-22 17:56:57,657] Trial 331 finished with value: 0.608989282725158 and parameters: {'WG_amp': 0.8610209770487696, 'WG_Phalf': 345.02187595775, 'WG_k': 8.049074587562236, 'WG_c': 1.0628439394373055, 'rate_power': 1.0871200316600353}. Best is trial 286 with value: 0.6098689676621489.
[I 2026-05-22 17:56:57,946] Trial 332 finished with value: 0.6072465575764461 and parameters: {'WG_amp': 0.8494592686910952, 'WG_Phalf': 156.35180298676022, 'WG_k': 14.057327572875066, 'WG_c': 2.2516331195403976, 'rate_power': 1.2052136055340712}. Best is trial 286 with value: 0.6098689676621489.
[I 2026-05-22 17:56:58,235] Trial 333 finished with value: 0.6072772373770334 and parameters: {'WG_amp': 0.8674866717997952, 'WG_Phalf': 392.97691682453905, 'WG_k': 3.0587083185961803, 'WG_c': 4.984007687340724, 'rate_power': 1.212734513269328}. Best is trial 286 with value: 0.6098689676621489.
[I 2026-05-22 17:56:58,523] Trial 334 finished with value: 0.6058303710702195 and parameters: {'WG_amp': 0.6789224920599723, 'WG_Phalf': 484.78023536422717, 'WG_k': 16.22851645549189, 'WG_c': 2.9951864779543578, 'rate_power': 1.1074171908850756}. Best is trial 286 with value: 0.6098689676621489.
[I 2026-05-22 17:56:58,812] Trial 335 finished with value: 0.6069136900964142 and parameters: {'WG_amp': 0.6670423860984204, 'WG_Phalf': 319.2924824321742, 'WG_k': 27.897703539953408, 'WG_c': 0.977867801659776, 'rate_power': 1.0095445162781127}. Best is trial 286 with value: 0.6098689676621489.
[I 2026-05-22 17:56:59,101] Trial 336 finished with value: 0.6067090416628376 and parameters: {'WG_amp': 0.6941835134536456, 'WG_Phalf': 419.54275122944466, 'WG_k': 16.782501549994013, 'WG_c': 0.4398993188866768, 'rate_power': 1.0813693291762256}. Best is trial 286 with value: 0.6098689676621489.
[I 2026-05-22 17:56:59,389] Trial 337 finished with value: 0.5992546157422038 and parameters: {'WG_amp': 0.8331898740354419, 'WG_Phalf': 544.1387933724385, 'WG_k': 5.351438109865549, 'WG_c': 0.2713129037302349, 'rate_power': 1.1523921144123719}. Best is trial 286 with value: 0.6098689676621489.
[I 2026-05-22 17:56:59,678] Trial 338 finished with value: 0.6081299033684215 and parameters: {'WG_amp': 0.7856951771056415, 'WG_Phalf': 390.0102603247673, 'WG_k': 4.3411183954344015, 'WG_c': 0.7694167791410729, 'rate_power': 1.1675139405815262}. Best is trial 286 with value: 0.6098689676621489.
[I 2026-05-22 17:56:59,965] Trial 339 finished with value: 0.5997759196231806 and parameters: {'WG_amp': 0.6264072314782281, 'WG_Phalf': 129.75227479219012, 'WG_k': 0.3794370272075658, 'WG_c': 0.0006527481031925336, 'rate_power': 0.9959186783004168}. Best is trial 286 with value: 0.6098689676621489.
[I 2026-05-22 17:57:00,254] Trial 340 finished with value: 0.6044533495459358 and parameters: {'WG_amp': 0.40046207437139403, 'WG_Phalf': 3943.215566594207, 'WG_k': 0.011503961898036492, 'WG_c': 0.013121662619120112, 'rate_power': 1.0569382921201385}. Best is trial 286 with value: 0.6098689676621489.
[I 2026-05-22 17:57:00,541] Trial 341 finished with value: 0.5945338420507337 and parameters: {'WG_amp': 0.8383422899568744, 'WG_Phalf': 428.3810823456155, 'WG_k': 14.948968895558965, 'WG_c': 0.2006101081259928, 'rate_power': 1.178020939421563}. Best is trial 286 with value: 0.6098689676621489.
[I 2026-05-22 17:57:00,831] Trial 342 finished with value: 0.6079329999956996 and parameters: {'WG_amp': 0.8989327678547663, 'WG_Phalf': 321.01839528118836, 'WG_k': 15.350658436506057, 'WG_c': 1.4554686865672506, 'rate_power': 1.167886720077914}. Best is trial 286 with value: 0.6098689676621489.
[I 2026-05-22 17:57:01,118] Trial 343 finished with value: 0.6098553290160513 and parameters: {'WG_amp': 0.770467728718995, 'WG_Phalf': 295.13271849537415, 'WG_k': 14.297418861456476, 'WG_c': 1.0076307288868218, 'rate_power': 1.2140215304688307}. Best is trial 286 with value: 0.6098689676621489.
[I 2026-05-22 17:57:01,407] Trial 344 finished with value: 0.6089942599356749 and parameters: {'WG_amp': 0.7513013942188509, 'WG_Phalf': 319.203687473648, 'WG_k': 22.669710578448857, 'WG_c': 1.1506009287776153, 'rate_power': 1.154987657023976}. Best is trial 286 with value: 0.6098689676621489.
[I 2026-05-22 17:57:01,694] Trial 345 finished with value: 0.6070614147278253 and parameters: {'WG_amp': 0.64842730946131, 'WG_Phalf': 220.46856260658257, 'WG_k': 48.60909750240214, 'WG_c': 3.4097205017992627, 'rate_power': 1.1873146367830734}. Best is trial 286 with value: 0.6098689676621489.
[I 2026-05-22 17:57:01,983] Trial 346 finished with value: 0.587425821783564 and parameters: {'WG_amp': 0.2727084388647469, 'WG_Phalf': 732.38744310023, 'WG_k': 0.19637890581724385, 'WG_c': 0.055368497560908246, 'rate_power': 0.753343831061895}. Best is trial 286 with value: 0.6098689676621489.
[I 2026-05-22 17:57:02,270] Trial 347 finished with value: 0.6074696710646501 and parameters: {'WG_amp': 0.7031319468167392, 'WG_Phalf': 227.46768737029217, 'WG_k': 14.145526894811125, 'WG_c': 7.510337612018854, 'rate_power': 1.2630487493448985}. Best is trial 286 with value: 0.6098689676621489.
[I 2026-05-22 17:57:02,558] Trial 348 finished with value: 0.606593652840501 and parameters: {'WG_amp': 0.661098891799286, 'WG_Phalf': 319.89603518491384, 'WG_k': 2.6448962219313956, 'WG_c': 2.9365626950132415, 'rate_power': 1.1516704162529892}. Best is trial 286 with value: 0.6098689676621489.
[I 2026-05-22 17:57:02,843] Trial 349 finished with value: 0.5947793490317833 and parameters: {'WG_amp': 0.8757326564106226, 'WG_Phalf': 196.3991699100537, 'WG_k': 2.219989332901749, 'WG_c': 0.5263981309445039, 'rate_power': 1.2479300673707832}. Best is trial 286 with value: 0.6098689676621489.
[I 2026-05-22 17:57:03,132] Trial 350 finished with value: 0.5819836217268087 and parameters: {'WG_amp': 0.6854808789856106, 'WG_Phalf': 156.2800202773786, 'WG_k': 5.456792879019401, 'WG_c': 0.018880569124985425, 'rate_power': 1.1550344670401391}. Best is trial 286 with value: 0.6098689676621489.
[I 2026-05-22 17:57:03,422] Trial 351 finished with value: 0.6073901196734945 and parameters: {'WG_amp': 0.7046662144850466, 'WG_Phalf': 412.00473968996835, 'WG_k': 18.88298062575316, 'WG_c': 1.7210303245477174, 'rate_power': 1.2023556332741756}. Best is trial 286 with value: 0.6098689676621489.
[I 2026-05-22 17:57:03,705] Trial 352 finished with value: 0.6037072044562679 and parameters: {'WG_amp': 0.8470505013622229, 'WG_Phalf': 579.2818276293498, 'WG_k': 12.32247282956365, 'WG_c': 2.202256597392673, 'rate_power': 1.029467595022711}. Best is trial 286 with value: 0.6098689676621489.
[I 2026-05-22 17:57:03,989] Trial 353 finished with value: 0.6048136009389209 and parameters: {'WG_amp': 0.6593497534966247, 'WG_Phalf': 229.8852188368949, 'WG_k': 7.122231567566772, 'WG_c': 0.45354327517903714, 'rate_power': 1.2094575142777635}. Best is trial 286 with value: 0.6098689676621489.
[I 2026-05-22 17:57:04,276] Trial 354 finished with value: 0.6055415647832783 and parameters: {'WG_amp': 0.5291057881689947, 'WG_Phalf': 3639.960972260338, 'WG_k': 0.3863300470891839, 'WG_c': 0.0003812956003140957, 'rate_power': 1.227882547118368}. Best is trial 286 with value: 0.6098689676621489.
[I 2026-05-22 17:57:04,560] Trial 355 finished with value: 0.5864326211628423 and parameters: {'WG_amp': 0.7224702838555603, 'WG_Phalf': 241.82998944481696, 'WG_k': 10.206516205382323, 'WG_c': 0.12493469913383567, 'rate_power': 1.2053120307929133}. Best is trial 286 with value: 0.6098689676621489.
[I 2026-05-22 17:57:04,845] Trial 356 finished with value: 0.6033010777447745 and parameters: {'WG_amp': 0.8925357678929183, 'WG_Phalf': 563.6901577785696, 'WG_k': 2.786885563399824, 'WG_c': 0.6280694648523761, 'rate_power': 1.220808602315104}. Best is trial 286 with value: 0.6098689676621489.
[I 2026-05-22 17:57:05,134] Trial 357 finished with value: 0.6071885236549348 and parameters: {'WG_amp': 0.6790562428286105, 'WG_Phalf': 288.62759122544026, 'WG_k': 13.556169249868919, 'WG_c': 1.6263820578953578, 'rate_power': 1.1670906237068819}. Best is trial 286 with value: 0.6098689676621489.
[I 2026-05-22 17:57:05,418] Trial 358 finished with value: 0.60570414881674 and parameters: {'WG_amp': 0.857005905911006, 'WG_Phalf': 141.6054951451488, 'WG_k': 6.683392051038695, 'WG_c': 1.9205224332589377, 'rate_power': 1.0886227883063886}. Best is trial 286 with value: 0.6098689676621489.
[I 2026-05-22 17:57:05,702] Trial 359 finished with value: 0.6079179772220697 and parameters: {'WG_amp': 0.8782355972528683, 'WG_Phalf': 491.15111911848265, 'WG_k': 15.053975298750698, 'WG_c': 0.5760515108561425, 'rate_power': 1.1500514818490604}. Best is trial 286 with value: 0.6098689676621489.
[I 2026-05-22 17:57:05,989] Trial 360 finished with value: 0.5954439256363414 and parameters: {'WG_amp': 0.6901391005110803, 'WG_Phalf': 126.53336878877252, 'WG_k': 0.011869148111918564, 'WG_c': 3.0081758077038407, 'rate_power': 0.7710189749712915}. Best is trial 286 with value: 0.6098689676621489.
[I 2026-05-22 17:57:06,272] Trial 361 finished with value: 0.6086433200037726 and parameters: {'WG_amp': 0.6716078008087776, 'WG_Phalf': 420.4523167472169, 'WG_k': 79.70136752762976, 'WG_c': 1.1221139804289755, 'rate_power': 1.1425800721253765}. Best is trial 286 with value: 0.6098689676621489.
[I 2026-05-22 17:57:06,557] Trial 362 finished with value: 0.6023474471327046 and parameters: {'WG_amp': 0.6442850664702973, 'WG_Phalf': 382.44760534658667, 'WG_k': 15.529697310757513, 'WG_c': 0.27661524183945724, 'rate_power': 1.1730428084906515}. Best is trial 286 with value: 0.6098689676621489.
[I 2026-05-22 17:57:06,846] Trial 363 finished with value: 0.6068946975009308 and parameters: {'WG_amp': 0.16603502656584546, 'WG_Phalf': 3550.555435390869, 'WG_k': 0.06065999532699675, 'WG_c': 0.0014081677356583046, 'rate_power': 1.2564205797410803}. Best is trial 286 with value: 0.6098689676621489.
[I 2026-05-22 17:57:07,135] Trial 364 finished with value: 0.6033684054053573 and parameters: {'WG_amp': 0.8253699030924905, 'WG_Phalf': 332.0450272914476, 'WG_k': 12.90495406168542, 'WG_c': 0.3191548369832404, 'rate_power': 1.017413847637605}. Best is trial 286 with value: 0.6098689676621489.
[I 2026-05-22 17:57:07,423] Trial 365 finished with value: 0.6090523316617575 and parameters: {'WG_amp': 0.7311969788532117, 'WG_Phalf': 360.6706710641016, 'WG_k': 12.345702337386632, 'WG_c': 0.690570536143678, 'rate_power': 1.1650130314419969}. Best is trial 286 with value: 0.6098689676621489.
[I 2026-05-22 17:57:07,712] Trial 366 finished with value: 0.6001452225318612 and parameters: {'WG_amp': 0.18815827049563583, 'WG_Phalf': 2531.1087308652955, 'WG_k': 2.035691337526938, 'WG_c': 0.20178966516954128, 'rate_power': 0.9357229827130764}. Best is trial 286 with value: 0.6098689676621489.
[I 2026-05-22 17:57:08,000] Trial 367 finished with value: 0.6092317284023875 and parameters: {'WG_amp': 0.7689293548981958, 'WG_Phalf': 645.4105522212782, 'WG_k': 8.61072786073979, 'WG_c': 0.9514391800416795, 'rate_power': 1.1423460472511635}. Best is trial 286 with value: 0.6098689676621489.
[I 2026-05-22 17:57:08,288] Trial 368 finished with value: 0.5820999492887177 and parameters: {'WG_amp': 0.6721032578732106, 'WG_Phalf': 326.9205548256584, 'WG_k': 87.22730037939498, 'WG_c': 0.024534781626496537, 'rate_power': 1.1435883223557906}. Best is trial 286 with value: 0.6098689676621489.
[I 2026-05-22 17:57:08,577] Trial 369 finished with value: 0.606327430642148 and parameters: {'WG_amp': 0.8762835066349113, 'WG_Phalf': 597.6830169867987, 'WG_k': 12.990113047955782, 'WG_c': 0.4398130287133853, 'rate_power': 1.0929490594249966}. Best is trial 286 with value: 0.6098689676621489.
[I 2026-05-22 17:57:08,865] Trial 370 finished with value: 0.5808134933467908 and parameters: {'WG_amp': 0.028084888255964113, 'WG_Phalf': 3361.8692574816378, 'WG_k': 4.695553469205865, 'WG_c': 0.0015474527452138541, 'rate_power': 0.7218534059101936}. Best is trial 286 with value: 0.6098689676621489.
[I 2026-05-22 17:57:09,148] Trial 371 finished with value: 0.5890351540566051 and parameters: {'WG_amp': 0.7682387747584128, 'WG_Phalf': 182.12843772501614, 'WG_k': 43.1336154357419, 'WG_c': 0.1530459485749491, 'rate_power': 1.1779957103205951}. Best is trial 286 with value: 0.6098689676621489.
[I 2026-05-22 17:57:09,436] Trial 372 finished with value: 0.6073894700409618 and parameters: {'WG_amp': 0.7393342171039547, 'WG_Phalf': 405.0141478654985, 'WG_k': 20.241674834349794, 'WG_c': 1.6971661208446256, 'rate_power': 1.1979492591936762}. Best is trial 286 with value: 0.6098689676621489.
[I 2026-05-22 17:57:09,726] Trial 373 finished with value: 0.6077323762241413 and parameters: {'WG_amp': 0.8185847738148082, 'WG_Phalf': 248.3088143137007, 'WG_k': 3.3098084728387565, 'WG_c': 0.8050237956023105, 'rate_power': 1.0815412210342958}. Best is trial 286 with value: 0.6098689676621489.
[I 2026-05-22 17:57:10,017] Trial 374 finished with value: 0.6003422767884505 and parameters: {'WG_amp': 0.4584876840298862, 'WG_Phalf': 498.9351947891263, 'WG_k': 0.021955692550354386, 'WG_c': 0.6829358392305539, 'rate_power': 0.9191979593648906}. Best is trial 286 with value: 0.6098689676621489.
[I 2026-05-22 17:57:10,312] Trial 375 finished with value: 0.602563023972734 and parameters: {'WG_amp': 0.8780387892674035, 'WG_Phalf': 489.1703131664211, 'WG_k': 1.866886978051741, 'WG_c': 0.49880626398812566, 'rate_power': 1.0578794596888867}. Best is trial 286 with value: 0.6098689676621489.
[I 2026-05-22 17:57:10,602] Trial 376 finished with value: 0.609693136562051 and parameters: {'WG_amp': 0.8160068406758026, 'WG_Phalf': 312.41088810950055, 'WG_k': 15.202214032183894, 'WG_c': 0.7840705567554238, 'rate_power': 1.2115279615273826}. Best is trial 286 with value: 0.6098689676621489.
[I 2026-05-22 17:57:10,893] Trial 377 finished with value: 0.5915002076277538 and parameters: {'WG_amp': 0.5515080197783515, 'WG_Phalf': 2051.2717357170795, 'WG_k': 2.741899900129784, 'WG_c': 0.008564023393773051, 'rate_power': 0.7734800426717643}. Best is trial 286 with value: 0.6098689676621489.
[I 2026-05-22 17:57:11,183] Trial 378 finished with value: 0.6093318468683818 and parameters: {'WG_amp': 0.7440800938416626, 'WG_Phalf': 184.50278922909305, 'WG_k': 38.09442504316833, 'WG_c': 0.7821387369687783, 'rate_power': 1.2475632505588583}. Best is trial 286 with value: 0.6098689676621489.
[I 2026-05-22 17:57:11,472] Trial 379 finished with value: 0.6082132211856518 and parameters: {'WG_amp': 0.702977547780778, 'WG_Phalf': 428.2698938422416, 'WG_k': 4.9083457664905605, 'WG_c': 0.7150356235079329, 'rate_power': 1.1407520303991001}. Best is trial 286 with value: 0.6098689676621489.
[I 2026-05-22 17:57:11,760] Trial 380 finished with value: 0.60712659141247 and parameters: {'WG_amp': 0.7854977122373261, 'WG_Phalf': 603.3467085910777, 'WG_k': 6.898242735933204, 'WG_c': 5.607885258600981, 'rate_power': 1.1961778482705405}. Best is trial 286 with value: 0.6098689676621489.
[I 2026-05-22 17:57:12,053] Trial 381 finished with value: 0.6055709624044985 and parameters: {'WG_amp': 0.767631269201112, 'WG_Phalf': 368.51105456038295, 'WG_k': 10.177672659077775, 'WG_c': 0.5530789115938823, 'rate_power': 1.2874380156919922}. Best is trial 286 with value: 0.6098689676621489.
[I 2026-05-22 17:57:12,444] Trial 382 finished with value: 0.607501286328811 and parameters: {'WG_amp': 0.8450348265375319, 'WG_Phalf': 296.17934980221395, 'WG_k': 30.439365303040503, 'WG_c': 2.0451344264009985, 'rate_power': 1.2671021668475673}. Best is trial 286 with value: 0.6098689676621489.
[I 2026-05-22 17:57:12,735] Trial 383 finished with value: 0.6056551982880557 and parameters: {'WG_amp': 0.7108476687804842, 'WG_Phalf': 235.43958955515362, 'WG_k': 7.7827249340664455, 'WG_c': 0.46128692669097754, 'rate_power': 1.1437515277100778}. Best is trial 286 with value: 0.6098689676621489.
[I 2026-05-22 17:57:13,028] Trial 384 finished with value: 0.6065199706071152 and parameters: {'WG_amp': 0.8777832114982597, 'WG_Phalf': 484.5287297716848, 'WG_k': 3.6297588455757035, 'WG_c': 0.7015404572423466, 'rate_power': 1.1892091793944284}. Best is trial 286 with value: 0.6098689676621489.
[I 2026-05-22 17:57:13,321] Trial 385 finished with value: 0.591105884647983 and parameters: {'WG_amp': 0.8303292241946932, 'WG_Phalf': 469.0466232445448, 'WG_k': 0.023224079042905264, 'WG_c': 0.00016609601163175913, 'rate_power': 0.7293492065031114}. Best is trial 286 with value: 0.6098689676621489.
[I 2026-05-22 17:57:13,615] Trial 386 finished with value: 0.6091798192995648 and parameters: {'WG_amp': 0.8859897530286689, 'WG_Phalf': 408.8018185843843, 'WG_k': 10.377689682549356, 'WG_c': 1.242723742322617, 'rate_power': 1.194703611505656}. Best is trial 286 with value: 0.6098689676621489.
[I 2026-05-22 17:57:13,902] Trial 387 finished with value: 0.6003194006314838 and parameters: {'WG_amp': 0.6197599796907087, 'WG_Phalf': 638.4067942110851, 'WG_k': 8.44004662351417, 'WG_c': 0.06474228613702726, 'rate_power': 0.9883727356192241}. Best is trial 286 with value: 0.6098689676621489.
[I 2026-05-22 17:57:14,199] Trial 388 finished with value: 0.6028539673903941 and parameters: {'WG_amp': 0.8103628447295161, 'WG_Phalf': 220.74874854926298, 'WG_k': 7.760336674244431, 'WG_c': 5.773236190489582, 'rate_power': 1.0105815270603062}. Best is trial 286 with value: 0.6098689676621489.
[I 2026-05-22 17:57:14,487] Trial 389 finished with value: 0.6054394934840404 and parameters: {'WG_amp': 0.7637119797653987, 'WG_Phalf': 295.68927081670694, 'WG_k': 21.22244573095192, 'WG_c': 2.929309501720389, 'rate_power': 1.0878539698867455}. Best is trial 286 with value: 0.6098689676621489.
[I 2026-05-22 17:57:14,775] Trial 390 finished with value: 0.6099649093853025 and parameters: {'WG_amp': 0.886908642093633, 'WG_Phalf': 207.80869499745936, 'WG_k': 28.58831343865656, 'WG_c': 0.914759452375594, 'rate_power': 1.0989671219615122}. Best is trial 390 with value: 0.6099649093853025.
[I 2026-05-22 17:57:15,073] Trial 391 finished with value: 0.5685367211122683 and parameters: {'WG_amp': 0.8803218951665763, 'WG_Phalf': 230.6598594370471, 'WG_k': 8.88872838374069, 'WG_c': 0.02987845138631265, 'rate_power': 1.126079911607403}. Best is trial 390 with value: 0.6099649093853025.
[I 2026-05-22 17:57:15,359] Trial 392 finished with value: 0.6086145534905378 and parameters: {'WG_amp': 0.8032550040428217, 'WG_Phalf': 143.72440094087602, 'WG_k': 57.85682635392921, 'WG_c': 0.6758871990954762, 'rate_power': 1.1659638597895448}. Best is trial 390 with value: 0.6099649093853025.
[I 2026-05-22 17:57:15,647] Trial 393 finished with value: 0.608929126912797 and parameters: {'WG_amp': 0.8523409372181768, 'WG_Phalf': 358.5264608261139, 'WG_k': 14.061686043463741, 'WG_c': 0.6385797837223998, 'rate_power': 1.1253134774819986}. Best is trial 390 with value: 0.6099649093853025.
[I 2026-05-22 17:57:15,934] Trial 394 finished with value: 0.5880387880222806 and parameters: {'WG_amp': 0.7641919405201623, 'WG_Phalf': 182.38334223551195, 'WG_k': 8.596589592045303, 'WG_c': 0.1807514615133128, 'rate_power': 1.20805849779017}. Best is trial 390 with value: 0.6099649093853025.
[I 2026-05-22 17:57:16,221] Trial 395 finished with value: 0.6046295218901474 and parameters: {'WG_amp': 0.7455248965750751, 'WG_Phalf': 232.91135982500683, 'WG_k': 22.29916185284795, 'WG_c': 0.38137328703395496, 'rate_power': 1.1010099034059624}. Best is trial 390 with value: 0.6099649093853025.
[I 2026-05-22 17:57:16,518] Trial 396 finished with value: 0.6042317650035032 and parameters: {'WG_amp': 0.8962461763161418, 'WG_Phalf': 287.30977369548935, 'WG_k': 47.52377434279476, 'WG_c': 4.344968307839084, 'rate_power': 1.0457470995817533}. Best is trial 390 with value: 0.6099649093853025.
[I 2026-05-22 17:57:16,820] Trial 397 finished with value: 0.6049672452427013 and parameters: {'WG_amp': 0.6895546583300247, 'WG_Phalf': 4769.15449370714, 'WG_k': 0.33771379217674374, 'WG_c': 5.653188567932356, 'rate_power': 1.0692758968033926}. Best is trial 390 with value: 0.6099649093853025.
[I 2026-05-22 17:57:17,109] Trial 398 finished with value: 0.5999195983154755 and parameters: {'WG_amp': 0.7066577334708849, 'WG_Phalf': 457.8445489918346, 'WG_k': 9.142528445623885, 'WG_c': 0.28363147168300074, 'rate_power': 1.2318061837844647}. Best is trial 390 with value: 0.6099649093853025.
[I 2026-05-22 17:57:17,402] Trial 399 finished with value: 0.5974645925514761 and parameters: {'WG_amp': 0.8032850794976893, 'WG_Phalf': 179.22909728381939, 'WG_k': 0.0173788242370231, 'WG_c': 0.0718062530004184, 'rate_power': 0.9387676194855151}. Best is trial 390 with value: 0.6099649093853025.
[I 2026-05-22 17:57:17,694] Trial 400 finished with value: 0.6061090263606028 and parameters: {'WG_amp': 0.8901121749556686, 'WG_Phalf': 117.07167910250456, 'WG_k': 46.54803864831455, 'WG_c': 2.719510617007819, 'rate_power': 1.1227467865166056}. Best is trial 390 with value: 0.6099649093853025.
[I 2026-05-22 17:57:17,983] Trial 401 finished with value: 0.6045403293183876 and parameters: {'WG_amp': 0.874419533632196, 'WG_Phalf': 191.6075709341313, 'WG_k': 19.28224671788609, 'WG_c': 0.42141810648939865, 'rate_power': 1.0651982356959866}. Best is trial 390 with value: 0.6099649093853025.
[I 2026-05-22 17:57:18,272] Trial 402 finished with value: 0.5919512569048485 and parameters: {'WG_amp': 0.8804253555842647, 'WG_Phalf': 384.78301583038166, 'WG_k': 62.67158465371401, 'WG_c': 0.1393611506418961, 'rate_power': 1.0723780052897331}. Best is trial 390 with value: 0.6099649093853025.
[I 2026-05-22 17:57:18,564] Trial 403 finished with value: 0.5918291148914742 and parameters: {'WG_amp': 0.4158582674703305, 'WG_Phalf': 497.48328362166217, 'WG_k': 0.2158585643534259, 'WG_c': 0.0007622814991291022, 'rate_power': 0.7764858358699994}. Best is trial 390 with value: 0.6099649093853025.
[I 2026-05-22 17:57:18,856] Trial 404 finished with value: 0.6099088109456794 and parameters: {'WG_amp': 0.8777593128084524, 'WG_Phalf': 171.24712338763817, 'WG_k': 15.419711086908126, 'WG_c': 1.0961867419882685, 'rate_power': 1.236240656024355}. Best is trial 390 with value: 0.6099649093853025.
[I 2026-05-22 17:57:19,146] Trial 405 finished with value: 0.6069028800633033 and parameters: {'WG_amp': 0.8633450176270363, 'WG_Phalf': 283.1532241125062, 'WG_k': 40.949631954394604, 'WG_c': 3.386492691021684, 'rate_power': 1.1767144589768954}. Best is trial 390 with value: 0.6099649093853025.
[I 2026-05-22 17:57:19,432] Trial 406 finished with value: 0.6074807101073139 and parameters: {'WG_amp': 0.753827442820804, 'WG_Phalf': 156.21904890109676, 'WG_k': 2.528781639080372, 'WG_c': 6.467789229747585, 'rate_power': 1.2722483210863085}. Best is trial 390 with value: 0.6099649093853025.
[I 2026-05-22 17:57:19,722] Trial 407 finished with value: 0.6073447336825881 and parameters: {'WG_amp': 0.7276156538636445, 'WG_Phalf': 142.42185841325994, 'WG_k': 10.941061846015328, 'WG_c': 2.597731217620345, 'rate_power': 1.2179670448283544}. Best is trial 390 with value: 0.6099649093853025.
[I 2026-05-22 17:57:20,005] Trial 408 finished with value: 0.608890015994598 and parameters: {'WG_amp': 0.8732104606342215, 'WG_Phalf': 181.6845439462506, 'WG_k': 4.822944648745965, 'WG_c': 1.0190232815394964, 'rate_power': 1.2709379950234054}. Best is trial 390 with value: 0.6099649093853025.
[I 2026-05-22 17:57:20,292] Trial 409 finished with value: 0.6100627677461037 and parameters: {'WG_amp': 0.8840206814505118, 'WG_Phalf': 253.4791360093154, 'WG_k': 21.137406120724798, 'WG_c': 1.0081681259164423, 'rate_power': 1.2491094600075583}. Best is trial 409 with value: 0.6100627677461037.
[I 2026-05-22 17:57:20,579] Trial 410 finished with value: 0.609562384585097 and parameters: {'WG_amp': 0.8203276475404336, 'WG_Phalf': 210.21553956353063, 'WG_k': 22.58155764355729, 'WG_c': 0.7748558821529885, 'rate_power': 1.2366884071473303}. Best is trial 409 with value: 0.6100627677461037.
[I 2026-05-22 17:57:20,868] Trial 411 finished with value: 0.6074429378145749 and parameters: {'WG_amp': 0.8578376420691058, 'WG_Phalf': 131.62493817869512, 'WG_k': 31.36456640185862, 'WG_c': 2.364944572329013, 'rate_power': 1.291245022017736}. Best is trial 409 with value: 0.6100627677461037.
[I 2026-05-22 17:57:21,150] Trial 412 finished with value: 0.6034149971794721 and parameters: {'WG_amp': 0.8298259756816105, 'WG_Phalf': 149.6201130512422, 'WG_k': 33.550458692941504, 'WG_c': 0.5023028440744153, 'rate_power': 1.2594179367659781}. Best is trial 409 with value: 0.6100627677461037.
[I 2026-05-22 17:57:21,439] Trial 413 finished with value: 0.6069646606061008 and parameters: {'WG_amp': 0.8817931160898074, 'WG_Phalf': 161.46000490269333, 'WG_k': 5.606658261333887, 'WG_c': 1.6686687152067714, 'rate_power': 1.1165715882525007}. Best is trial 409 with value: 0.6100627677461037.
[I 2026-05-22 17:57:21,727] Trial 414 finished with value: 0.5923385936248549 and parameters: {'WG_amp': 0.05438778718612036, 'WG_Phalf': 122.49497626089153, 'WG_k': 0.02455632909524355, 'WG_c': 0.00035196269266471903, 'rate_power': 0.8277749812063717}. Best is trial 409 with value: 0.6100627677461037.
[I 2026-05-22 17:57:22,015] Trial 415 finished with value: 0.6074716704796236 and parameters: {'WG_amp': 0.8072638434608727, 'WG_Phalf': 271.4710163007012, 'WG_k': 25.489227875601234, 'WG_c': 3.5935680949801214, 'rate_power': 1.2455176299731785}. Best is trial 409 with value: 0.6100627677461037.
[I 2026-05-22 17:57:22,304] Trial 416 finished with value: 0.6018915643593411 and parameters: {'WG_amp': 0.3930051013116369, 'WG_Phalf': 1184.9983402245332, 'WG_k': 29.233996489446596, 'WG_c': 0.0008604227902033199, 'rate_power': 1.1311787180737878}. Best is trial 409 with value: 0.6100627677461037.
[I 2026-05-22 17:57:22,591] Trial 417 finished with value: 0.6101767982311472 and parameters: {'WG_amp': 0.8777041706003612, 'WG_Phalf': 190.61877404034914, 'WG_k': 44.9385880939157, 'WG_c': 0.9263426069331004, 'rate_power': 1.1935388622474175}. Best is trial 417 with value: 0.6101767982311472.
[I 2026-05-22 17:57:22,879] Trial 418 finished with value: 0.5970530482160936 and parameters: {'WG_amp': 0.8942380718393775, 'WG_Phalf': 324.1953079874303, 'WG_k': 47.56031027690011, 'WG_c': 0.28756703197756306, 'rate_power': 1.186266485280629}. Best is trial 417 with value: 0.6101767982311472.
[I 2026-05-22 17:57:23,168] Trial 419 finished with value: 0.5867752790408507 and parameters: {'WG_amp': 0.26305093093184695, 'WG_Phalf': 4626.456959654188, 'WG_k': 8.058226453820396, 'WG_c': 4.498618531832044, 'rate_power': 0.7788192640305357}. Best is trial 417 with value: 0.6101767982311472.
[I 2026-05-22 17:57:23,456] Trial 420 finished with value: 0.6090498052084486 and parameters: {'WG_amp': 0.8461729144268655, 'WG_Phalf': 196.67558829836707, 'WG_k': 74.08217732901704, 'WG_c': 0.7733000764048769, 'rate_power': 1.2529677370658654}. Best is trial 417 with value: 0.6101767982311472.
[I 2026-05-22 17:57:23,743] Trial 421 finished with value: 0.606951205966957 and parameters: {'WG_amp': 0.0867242863261038, 'WG_Phalf': 817.6979432818529, 'WG_k': 55.864103408508235, 'WG_c': 4.8326477529628145, 'rate_power': 1.1821496558372262}. Best is trial 417 with value: 0.6101767982311472.
[I 2026-05-22 17:57:24,026] Trial 422 finished with value: 0.5430275679174934 and parameters: {'WG_amp': 0.871532390344751, 'WG_Phalf': 158.04328793238935, 'WG_k': 28.531784347131126, 'WG_c': 0.023185036438428393, 'rate_power': 1.2510404906364532}. Best is trial 417 with value: 0.6101767982311472.
[I 2026-05-22 17:57:24,315] Trial 423 finished with value: 0.5970544169630833 and parameters: {'WG_amp': 0.0880066293299126, 'WG_Phalf': 255.89328278052545, 'WG_k': 0.13039742936429316, 'WG_c': 0.17679829158636032, 'rate_power': 0.886060516042014}. Best is trial 417 with value: 0.6101767982311472.
[I 2026-05-22 17:57:24,607] Trial 424 finished with value: 0.6040653197550123 and parameters: {'WG_amp': 0.8954047853487246, 'WG_Phalf': 151.80947864706985, 'WG_k': 25.540814497466034, 'WG_c': 0.4952696253481384, 'rate_power': 1.1810353697568954}. Best is trial 417 with value: 0.6101767982311472.
[I 2026-05-22 17:57:24,918] Trial 425 finished with value: 0.607717709107258 and parameters: {'WG_amp': 0.8549039140355029, 'WG_Phalf': 185.04937191593174, 'WG_k': 11.282615721521905, 'WG_c': 0.5850755330758577, 'rate_power': 1.134299066917556}. Best is trial 417 with value: 0.6101767982311472.
[I 2026-05-22 17:57:25,224] Trial 426 finished with value: 0.6084420893891694 and parameters: {'WG_amp': 0.8863360991436302, 'WG_Phalf': 214.89878043243974, 'WG_k': 86.0254129787462, 'WG_c': 1.0515090746495264, 'rate_power': 1.0431254487099486}. Best is trial 417 with value: 0.6101767982311472.
[I 2026-05-22 17:57:25,522] Trial 427 finished with value: 0.609463746799287 and parameters: {'WG_amp': 0.89009746065338, 'WG_Phalf': 257.41718865792194, 'WG_k': 6.77610322962667, 'WG_c': 1.1313922912333745, 'rate_power': 1.1324627477375806}. Best is trial 417 with value: 0.6101767982311472.
[I 2026-05-22 17:57:25,812] Trial 428 finished with value: 0.5787879333113225 and parameters: {'WG_amp': 0.8151024633497769, 'WG_Phalf': 144.84372680411786, 'WG_k': 13.228657104305206, 'WG_c': 0.16738804135337235, 'rate_power': 1.2994015157822474}. Best is trial 417 with value: 0.6101767982311472.
[I 2026-05-22 17:57:26,107] Trial 429 finished with value: 0.6074753044314342 and parameters: {'WG_amp': 0.8767637762596401, 'WG_Phalf': 197.50758582319435, 'WG_k': 15.087699187389292, 'WG_c': 4.689910048469049, 'rate_power': 1.250570886306611}. Best is trial 417 with value: 0.6101767982311472.
[I 2026-05-22 17:57:26,398] Trial 430 finished with value: 0.6064950880134705 and parameters: {'WG_amp': 0.8376465931721054, 'WG_Phalf': 227.5293640351022, 'WG_k': 6.494751294380576, 'WG_c': 7.488597375479306, 'rate_power': 1.146947926966603}. Best is trial 417 with value: 0.6101767982311472.
[I 2026-05-22 17:57:26,700] Trial 431 finished with value: 0.5833240073070175 and parameters: {'WG_amp': 0.8888798162082527, 'WG_Phalf': 381.3182036363714, 'WG_k': 21.91290955998608, 'WG_c': 0.09842689097283226, 'rate_power': 1.1420477776374398}. Best is trial 417 with value: 0.6101767982311472.
[I 2026-05-22 17:57:26,998] Trial 432 finished with value: 0.5862186205992154 and parameters: {'WG_amp': 0.839322966656361, 'WG_Phalf': 306.79514242386495, 'WG_k': 23.843101595802356, 'WG_c': 0.17327677462275154, 'rate_power': 1.2804045185112594}. Best is trial 417 with value: 0.6101767982311472.
[I 2026-05-22 17:57:27,318] Trial 433 finished with value: 0.6024713392793493 and parameters: {'WG_amp': 0.8960713914801911, 'WG_Phalf': 206.83121170972188, 'WG_k': 9.047049209855242, 'WG_c': 0.4028356889328374, 'rate_power': 1.1167157884268664}. Best is trial 417 with value: 0.6101767982311472.
[I 2026-05-22 17:57:27,610] Trial 434 finished with value: 0.5822997737120571 and parameters: {'WG_amp': 0.15050570349429182, 'WG_Phalf': 2106.9255866187627, 'WG_k': 0.08272978404223597, 'WG_c': 7.472567128196475, 'rate_power': 0.7306794443727224}. Best is trial 417 with value: 0.6101767982311472.
[I 2026-05-22 17:57:27,903] Trial 435 finished with value: 0.6071687570697336 and parameters: {'WG_amp': 0.8969649960917014, 'WG_Phalf': 277.1671255758142, 'WG_k': 1.7747003266542134, 'WG_c': 2.416410064465401, 'rate_power': 1.1553853503561522}. Best is trial 417 with value: 0.6101767982311472.
[I 2026-05-22 17:57:28,194] Trial 436 finished with value: 0.6030063006128142 and parameters: {'WG_amp': 0.8884822270778813, 'WG_Phalf': 247.4869822674077, 'WG_k': 41.50527894526542, 'WG_c': 0.46076417397024577, 'rate_power': 1.2160814621558271}. Best is trial 417 with value: 0.6101767982311472.
[I 2026-05-22 17:57:28,488] Trial 437 finished with value: 0.6049680916680605 and parameters: {'WG_amp': 0.8702406989223777, 'WG_Phalf': 186.08725330271469, 'WG_k': 5.386980573870188, 'WG_c': 0.5915478841894715, 'rate_power': 1.2181371209819647}. Best is trial 417 with value: 0.6101767982311472.
[I 2026-05-22 17:57:28,779] Trial 438 finished with value: 0.6073592977738955 and parameters: {'WG_amp': 0.8722847019215381, 'WG_Phalf': 406.03903123645995, 'WG_k': 4.959683868662362, 'WG_c': 1.1849261669832318, 'rate_power': 1.0316501799485283}. Best is trial 417 with value: 0.6101767982311472.
[I 2026-05-22 17:57:29,070] Trial 439 finished with value: 0.6091759372519697 and parameters: {'WG_amp': 0.610908436204965, 'WG_Phalf': 148.45297386955443, 'WG_k': 20.81585688972851, 'WG_c': 0.76524344627216, 'rate_power': 1.2464059466156725}. Best is trial 417 with value: 0.6101767982311472.
[I 2026-05-22 17:57:29,364] Trial 440 finished with value: 0.6084191755754974 and parameters: {'WG_amp': 0.8755878630725709, 'WG_Phalf': 525.7163832862145, 'WG_k': 10.872413266538153, 'WG_c': 0.712853643505471, 'rate_power': 1.015914547081059}. Best is trial 417 with value: 0.6101767982311472.
[I 2026-05-22 17:57:29,656] Trial 441 finished with value: 0.6073739678602877 and parameters: {'WG_amp': 0.8563177677366316, 'WG_Phalf': 344.5519732082991, 'WG_k': 15.049913277555907, 'WG_c': 1.9303266016778988, 'rate_power': 1.2098293010608208}. Best is trial 417 with value: 0.6101767982311472.
[I 2026-05-22 17:57:29,942] Trial 442 finished with value: 0.6087213694237417 and parameters: {'WG_amp': 0.895356479279942, 'WG_Phalf': 267.3012972909006, 'WG_k': 29.454148921162275, 'WG_c': 1.2724250451355548, 'rate_power': 1.163725757961383}. Best is trial 417 with value: 0.6101767982311472.
[I 2026-05-22 17:57:30,229] Trial 443 finished with value: 0.60359295846089 and parameters: {'WG_amp': 0.7206642605264508, 'WG_Phalf': 215.80048087151363, 'WG_k': 17.801267542957888, 'WG_c': 0.3834927397433337, 'rate_power': 1.18404396562099}. Best is trial 417 with value: 0.6101767982311472.
[I 2026-05-22 17:57:30,531] Trial 444 finished with value: 0.6092764466168 and parameters: {'WG_amp': 0.8954983225466899, 'WG_Phalf': 251.8312223303666, 'WG_k': 8.64372756198356, 'WG_c': 0.9651950527838888, 'rate_power': 1.2997032366181394}. Best is trial 417 with value: 0.6101767982311472.
[I 2026-05-22 17:57:30,827] Trial 445 finished with value: 0.591280594890797 and parameters: {'WG_amp': 0.8589790646796099, 'WG_Phalf': 235.6112898923506, 'WG_k': 16.728147855434017, 'WG_c': 0.22099226188859358, 'rate_power': 1.1990824452375228}. Best is trial 417 with value: 0.6101767982311472.
[I 2026-05-22 17:57:31,119] Trial 446 finished with value: 0.6008189355065294 and parameters: {'WG_amp': 0.6256371109223096, 'WG_Phalf': 766.5378280530639, 'WG_k': 2.309955061713004, 'WG_c': 0.052479570569576875, 'rate_power': 1.13343236968967}. Best is trial 417 with value: 0.6101767982311472.
[I 2026-05-22 17:57:31,409] Trial 447 finished with value: 0.609663140163111 and parameters: {'WG_amp': 0.8823806977441183, 'WG_Phalf': 263.2182301053258, 'WG_k': 13.444652569256567, 'WG_c': 0.7125377088523117, 'rate_power': 1.1192794273645583}. Best is trial 417 with value: 0.6101767982311472.
[I 2026-05-22 17:57:31,705] Trial 448 finished with value: 0.6052073378286698 and parameters: {'WG_amp': 0.8871364406428451, 'WG_Phalf': 575.0915736585015, 'WG_k': 7.288650644322733, 'WG_c': 6.806371181743623, 'rate_power': 1.0790580807047099}. Best is trial 417 with value: 0.6101767982311472.
[I 2026-05-22 17:57:32,001] Trial 449 finished with value: 0.5928914865868071 and parameters: {'WG_amp': 0.8837877892176469, 'WG_Phalf': 114.1263172562612, 'WG_k': 52.725647031626444, 'WG_c': 0.24774021642512145, 'rate_power': 1.108287907223186}. Best is trial 417 with value: 0.6101767982311472.
[I 2026-05-22 17:57:32,308] Trial 450 finished with value: 0.5919598462270728 and parameters: {'WG_amp': 0.8362490428296147, 'WG_Phalf': 339.7175667335998, 'WG_k': 5.2815285368966896, 'WG_c': 0.13861144292432553, 'rate_power': 1.0865597695731717}. Best is trial 417 with value: 0.6101767982311472.
[I 2026-05-22 17:57:32,610] Trial 451 finished with value: 0.5920690170246693 and parameters: {'WG_amp': 0.8668138605336162, 'WG_Phalf': 219.9339055016375, 'WG_k': 3.6880345306545155, 'WG_c': 0.2312730677482699, 'rate_power': 1.1186411014323583}. Best is trial 417 with value: 0.6101767982311472.
[I 2026-05-22 17:57:32,927] Trial 452 finished with value: 0.6087022535420256 and parameters: {'WG_amp': 0.729457435822922, 'WG_Phalf': 298.01083583994097, 'WG_k': 9.521612119594542, 'WG_c': 1.0669997221523577, 'rate_power': 1.0915010437250972}. Best is trial 417 with value: 0.6101767982311472.
[I 2026-05-22 17:57:33,216] Trial 453 finished with value: 0.604780073670263 and parameters: {'WG_amp': 0.19476244233534984, 'WG_Phalf': 128.60796256873203, 'WG_k': 0.7234668735647753, 'WG_c': 0.00010944365079858024, 'rate_power': 1.0497194512460393}. Best is trial 417 with value: 0.6101767982311472.
[I 2026-05-22 17:57:33,507] Trial 454 finished with value: 0.6082414849173555 and parameters: {'WG_amp': 0.7949971697984946, 'WG_Phalf': 397.01012873352545, 'WG_k': 22.344197280605762, 'WG_c': 1.295004745811991, 'rate_power': 1.1457625439778392}. Best is trial 417 with value: 0.6101767982311472.
[I 2026-05-22 17:57:33,797] Trial 455 finished with value: 0.5971014431230693 and parameters: {'WG_amp': 0.7017119048459554, 'WG_Phalf': 276.9835069152318, 'WG_k': 71.86034532651077, 'WG_c': 0.21759812869584022, 'rate_power': 1.1932277454916942}. Best is trial 417 with value: 0.6101767982311472.
[I 2026-05-22 17:57:34,092] Trial 456 finished with value: 0.6024149537499449 and parameters: {'WG_amp': 0.35034027057499467, 'WG_Phalf': 389.1088347044244, 'WG_k': 0.05982434997344557, 'WG_c': 1.177022056823491, 'rate_power': 1.2529281125320808}. Best is trial 417 with value: 0.6101767982311472.
[I 2026-05-22 17:57:34,381] Trial 457 finished with value: 0.606573939401251 and parameters: {'WG_amp': 0.8324364938624313, 'WG_Phalf': 182.09550200320516, 'WG_k': 27.129373290488893, 'WG_c': 3.864716961995465, 'rate_power': 1.153008394518791}. Best is trial 417 with value: 0.6101767982311472.
[I 2026-05-22 17:57:34,671] Trial 458 finished with value: 0.6070209170721828 and parameters: {'WG_amp': 0.793004086872223, 'WG_Phalf': 276.0380799869045, 'WG_k': 14.96889760734176, 'WG_c': 1.6558386378590386, 'rate_power': 1.1570555534403808}. Best is trial 417 with value: 0.6101767982311472.
[I 2026-05-22 17:57:34,955] Trial 459 finished with value: 0.607351870514462 and parameters: {'WG_amp': 0.8825427303597873, 'WG_Phalf': 302.2692694266967, 'WG_k': 68.17755172370259, 'WG_c': 1.9307560172809546, 'rate_power': 1.2088649405256382}. Best is trial 417 with value: 0.6101767982311472.
[I 2026-05-22 17:57:35,244] Trial 460 finished with value: 0.6024076800919022 and parameters: {'WG_amp': 0.07730465203490128, 'WG_Phalf': 4580.818279339276, 'WG_k': 82.727148072334, 'WG_c': 0.2413767088523544, 'rate_power': 0.9908672601869916}. Best is trial 417 with value: 0.6101767982311472.
[I 2026-05-22 17:57:35,563] Trial 461 finished with value: 0.609417823328493 and parameters: {'WG_amp': 0.735373029440046, 'WG_Phalf': 192.81560059653404, 'WG_k': 25.703430844845393, 'WG_c': 0.7737433120062296, 'rate_power': 1.073203815534477}. Best is trial 417 with value: 0.6101767982311472.
[I 2026-05-22 17:57:35,853] Trial 462 finished with value: 0.6101526804262497 and parameters: {'WG_amp': 0.8975379686955257, 'WG_Phalf': 290.30700226473266, 'WG_k': 25.806410148900483, 'WG_c': 0.9668844142688672, 'rate_power': 1.2365997967494917}. Best is trial 417 with value: 0.6101767982311472.
[I 2026-05-22 17:57:36,141] Trial 463 finished with value: 0.6081960061322883 and parameters: {'WG_amp': 0.8915868675546628, 'WG_Phalf': 300.5299138148071, 'WG_k': 3.1481468208748167, 'WG_c': 1.3195807503689816, 'rate_power': 1.0939509915224706}. Best is trial 417 with value: 0.6101767982311472.
[I 2026-05-22 17:57:36,431] Trial 464 finished with value: 0.6020075773389124 and parameters: {'WG_amp': 0.8869594085540092, 'WG_Phalf': 257.3476488742458, 'WG_k': 46.89436263573622, 'WG_c': 0.46698646312922115, 'rate_power': 1.270873574924613}. Best is trial 417 with value: 0.6101767982311472.
[I 2026-05-22 17:57:36,722] Trial 465 finished with value: 0.6099374917319607 and parameters: {'WG_amp': 0.8695372074349058, 'WG_Phalf': 161.81495963048127, 'WG_k': 13.110610516118577, 'WG_c': 0.7574143828789976, 'rate_power': 1.152855629338033}. Best is trial 417 with value: 0.6101767982311472.
[I 2026-05-22 17:57:37,008] Trial 466 finished with value: 0.6098580459689388 and parameters: {'WG_amp': 0.825523520039206, 'WG_Phalf': 169.3541342738322, 'WG_k': 12.982504457507511, 'WG_c': 1.0631049353186977, 'rate_power': 1.2019759811417812}. Best is trial 417 with value: 0.6101767982311472.
[I 2026-05-22 17:57:37,295] Trial 467 finished with value: 0.605067721331617 and parameters: {'WG_amp': 0.8468385268902741, 'WG_Phalf': 143.18232370377228, 'WG_k': 5.306166602073032, 'WG_c': 0.5316639722226588, 'rate_power': 1.139810662955467}. Best is trial 417 with value: 0.6101767982311472.
[I 2026-05-22 17:57:37,578] Trial 468 finished with value: 0.6071819868575306 and parameters: {'WG_amp': 0.7031611661541947, 'WG_Phalf': 179.43451392646318, 'WG_k': 32.67815002143086, 'WG_c': 0.5672294742126576, 'rate_power': 1.1995738177106718}. Best is trial 417 with value: 0.6101767982311472.
[I 2026-05-22 17:57:37,880] Trial 469 finished with value: 0.6071884412127703 and parameters: {'WG_amp': 0.8824983793865956, 'WG_Phalf': 199.5632866706513, 'WG_k': 19.25353804066841, 'WG_c': 2.3637724549106274, 'rate_power': 1.2043105387834163}. Best is trial 417 with value: 0.6101767982311472.
[I 2026-05-22 17:57:38,167] Trial 470 finished with value: 0.606566482000411 and parameters: {'WG_amp': 0.8848001852045204, 'WG_Phalf': 227.2551473365, 'WG_k': 22.282704431430872, 'WG_c': 0.5864067163567159, 'rate_power': 1.2204957947359838}. Best is trial 417 with value: 0.6101767982311472.
[I 2026-05-22 17:57:38,456] Trial 471 finished with value: 0.606706046383842 and parameters: {'WG_amp': 0.8552955972709476, 'WG_Phalf': 109.75598921763641, 'WG_k': 5.673386762453748, 'WG_c': 2.2107958482994943, 'rate_power': 1.1569832565883607}. Best is trial 417 with value: 0.6101767982311472.
[I 2026-05-22 17:57:38,745] Trial 472 finished with value: 0.5989513254045753 and parameters: {'WG_amp': 0.09124563383605422, 'WG_Phalf': 184.86520979615307, 'WG_k': 8.02705568092895, 'WG_c': 0.015854316118678866, 'rate_power': 0.9007975187715489}. Best is trial 417 with value: 0.6101767982311472.
[I 2026-05-22 17:57:39,035] Trial 473 finished with value: 0.6038012239657286 and parameters: {'WG_amp': 0.8344795177669819, 'WG_Phalf': 186.49736117967015, 'WG_k': 21.237416602671072, 'WG_c': 1.2647942379389043, 'rate_power': 0.9627415148465824}. Best is trial 417 with value: 0.6101767982311472.
[I 2026-05-22 17:57:39,323] Trial 474 finished with value: 0.6092317841191409 and parameters: {'WG_amp': 0.7985577408474761, 'WG_Phalf': 216.31030362323784, 'WG_k': 12.865623032069498, 'WG_c': 0.8383850708523035, 'rate_power': 1.2882666023094846}. Best is trial 417 with value: 0.6101767982311472.
[I 2026-05-22 17:57:39,611] Trial 475 finished with value: 0.599233518229425 and parameters: {'WG_amp': 0.87696944279008, 'WG_Phalf': 356.7297800740674, 'WG_k': 27.825059759329054, 'WG_c': 0.2329307183299707, 'rate_power': 1.0017506535516576}. Best is trial 417 with value: 0.6101767982311472.
[I 2026-05-22 17:57:39,901] Trial 476 finished with value: 0.6082245312285175 and parameters: {'WG_amp': 0.8982903655457045, 'WG_Phalf': 494.9218556601259, 'WG_k': 11.641825590634104, 'WG_c': 1.4736360526854393, 'rate_power': 1.2904928061256502}. Best is trial 417 with value: 0.6101767982311472.
[I 2026-05-22 17:57:40,187] Trial 477 finished with value: 0.5951248057391544 and parameters: {'WG_amp': 0.8929365445663188, 'WG_Phalf': 242.80087548752064, 'WG_k': 14.814490177421677, 'WG_c': 0.28515610812230274, 'rate_power': 1.1859967114637395}. Best is trial 417 with value: 0.6101767982311472.
[I 2026-05-22 17:57:40,470] Trial 478 finished with value: 0.564572100866146 and parameters: {'WG_amp': 0.877534049409488, 'WG_Phalf': 108.91309473759348, 'WG_k': 13.80745039036335, 'WG_c': 0.056461977833910444, 'rate_power': 1.1028794834070517}. Best is trial 417 with value: 0.6101767982311472.
[I 2026-05-22 17:57:40,753] Trial 479 finished with value: 0.6071132215579166 and parameters: {'WG_amp': 0.7513615299260215, 'WG_Phalf': 278.5511803962599, 'WG_k': 49.22813160539966, 'WG_c': 2.185479963423287, 'rate_power': 1.1935201053259108}. Best is trial 417 with value: 0.6101767982311472.
[I 2026-05-22 17:57:41,037] Trial 480 finished with value: 0.6074150606711698 and parameters: {'WG_amp': 0.005353101233737945, 'WG_Phalf': 450.6759708311733, 'WG_k': 0.6216278654640565, 'WG_c': 0.0003779174059971916, 'rate_power': 1.2504330803370651}. Best is trial 417 with value: 0.6101767982311472.
[I 2026-05-22 17:57:41,320] Trial 481 finished with value: 0.6074375564315942 and parameters: {'WG_amp': 0.7893655066250671, 'WG_Phalf': 170.3880399666657, 'WG_k': 81.63094575962805, 'WG_c': 7.8831377616191665, 'rate_power': 1.2923625789953888}. Best is trial 417 with value: 0.6101767982311472.
[I 2026-05-22 17:57:41,609] Trial 482 finished with value: 0.6021496989551072 and parameters: {'WG_amp': 0.5411267328982716, 'WG_Phalf': 460.9873743091322, 'WG_k': 0.13627839499444377, 'WG_c': 0.00794573295818524, 'rate_power': 1.0344803923908272}. Best is trial 417 with value: 0.6101767982311472.
[I 2026-05-22 17:57:41,900] Trial 483 finished with value: 0.607756719113747 and parameters: {'WG_amp': 0.8617861782017908, 'WG_Phalf': 487.8378084217084, 'WG_k': 19.80502062105957, 'WG_c': 1.3220424772486241, 'rate_power': 1.1185113715124109}. Best is trial 417 with value: 0.6101767982311472.
[I 2026-05-22 17:57:42,188] Trial 484 finished with value: 0.6018814515456277 and parameters: {'WG_amp': 0.8985532999740995, 'WG_Phalf': 427.2133389905218, 'WG_k': 35.33046262229638, 'WG_c': 0.3978791358271487, 'rate_power': 1.236334808867474}. Best is trial 417 with value: 0.6101767982311472.
[I 2026-05-22 17:57:42,472] Trial 485 finished with value: 0.6102296761406969 and parameters: {'WG_amp': 0.8418072734565423, 'WG_Phalf': 129.9668742298014, 'WG_k': 9.49841512522134, 'WG_c': 0.8764661976222325, 'rate_power': 1.1728713534525752}. Best is trial 485 with value: 0.6102296761406969.
[I 2026-05-22 17:57:42,760] Trial 486 finished with value: 0.6060091405940902 and parameters: {'WG_amp': 0.8992701874666141, 'WG_Phalf': 186.48941244041555, 'WG_k': 19.24766714159424, 'WG_c': 2.6399270113681927, 'rate_power': 1.116666490738945}. Best is trial 485 with value: 0.6102296761406969.
[I 2026-05-22 17:57:43,049] Trial 487 finished with value: 0.6003058163341382 and parameters: {'WG_amp': 0.7083572339256992, 'WG_Phalf': 104.28286578374869, 'WG_k': 1.7330071789544053, 'WG_c': 0.6654112272327959, 'rate_power': 1.2000237814431016}. Best is trial 485 with value: 0.6102296761406969.
[I 2026-05-22 17:57:43,347] Trial 488 finished with value: 0.6069102811949919 and parameters: {'WG_amp': 0.7601398559311321, 'WG_Phalf': 154.4142539708721, 'WG_k': 7.972461577300198, 'WG_c': 3.7455049439705066, 'rate_power': 1.1774526451995597}. Best is trial 485 with value: 0.6102296761406969.
[I 2026-05-22 17:57:43,643] Trial 489 finished with value: 0.6014634161066266 and parameters: {'WG_amp': 0.7331523878682759, 'WG_Phalf': 105.14167552985765, 'WG_k': 6.9292750616658, 'WG_c': 0.37624507611645386, 'rate_power': 1.1568721908726196}. Best is trial 485 with value: 0.6102296761406969.
[I 2026-05-22 17:57:43,934] Trial 490 finished with value: 0.5715920875112264 and parameters: {'WG_amp': 0.8770658846261312, 'WG_Phalf': 123.5334716575879, 'WG_k': 2.713987721991319, 'WG_c': 0.10998024845665923, 'rate_power': 1.2239827269137602}. Best is trial 485 with value: 0.6102296761406969.
[I 2026-05-22 17:57:44,223] Trial 491 finished with value: 0.605660214624604 and parameters: {'WG_amp': 0.7078113025621413, 'WG_Phalf': 149.07783214273329, 'WG_k': 28.62764557341397, 'WG_c': 6.283551547729145, 'rate_power': 1.099572799101735}. Best is trial 485 with value: 0.6102296761406969.
[I 2026-05-22 17:57:44,509] Trial 492 finished with value: 0.6100910248150938 and parameters: {'WG_amp': 0.7794514071301254, 'WG_Phalf': 131.4636250823735, 'WG_k': 12.345874729431467, 'WG_c': 0.8814323372895972, 'rate_power': 1.1290236219257372}. Best is trial 485 with value: 0.6102296761406969.
[I 2026-05-22 17:57:44,964] Trial 493 finished with value: 0.6051625589010454 and parameters: {'WG_amp': 0.782453792968557, 'WG_Phalf': 117.56589315391484, 'WG_k': 16.5585374033536, 'WG_c': 1.640119260085787, 'rate_power': 1.0594599281502273}. Best is trial 485 with value: 0.6102296761406969.
[I 2026-05-22 17:57:45,479] Trial 494 finished with value: 0.5936489258674655 and parameters: {'WG_amp': 0.6916983694462341, 'WG_Phalf': 162.3854881707571, 'WG_k': 16.46651545735565, 'WG_c': 0.14052805845628738, 'rate_power': 1.0724866759619724}. Best is trial 485 with value: 0.6102296761406969.
[I 2026-05-22 17:57:45,773] Trial 495 finished with value: 0.6089090181147294 and parameters: {'WG_amp': 0.8442511616138992, 'WG_Phalf': 203.6808602739194, 'WG_k': 9.724152922083823, 'WG_c': 0.7334597394223454, 'rate_power': 1.2349583798371906}. Best is trial 485 with value: 0.6102296761406969.
[I 2026-05-22 17:57:46,134] Trial 496 finished with value: 0.6014236551893619 and parameters: {'WG_amp': 0.7785221356822811, 'WG_Phalf': 127.0228340112485, 'WG_k': 12.639824798902751, 'WG_c': 0.4131891570220183, 'rate_power': 1.2387557767222188}. Best is trial 485 with value: 0.6102296761406969.
[I 2026-05-22 17:57:46,498] Trial 497 finished with value: 0.5877886193012983 and parameters: {'WG_amp': 0.6568277159360635, 'WG_Phalf': 1869.3010935151365, 'WG_k': 0.1314671778314418, 'WG_c': 0.11842758989916746, 'rate_power': 0.7455101941860387}. Best is trial 485 with value: 0.6102296761406969.
[I 2026-05-22 17:57:46,790] Trial 498 finished with value: 0.6069283872405822 and parameters: {'WG_amp': 0.889311254350325, 'WG_Phalf': 184.6402608763956, 'WG_k': 8.619539971962782, 'WG_c': 2.446254158632739, 'rate_power': 1.1789132289447029}. Best is trial 485 with value: 0.6102296761406969.
[I 2026-05-22 17:57:47,079] Trial 499 finished with value: 0.6072516693881878 and parameters: {'WG_amp': 0.8898359085864076, 'WG_Phalf': 150.62066678627826, 'WG_k': 18.883998830888558, 'WG_c': 5.171176962779283, 'rate_power': 1.207447695178289}. Best is trial 485 with value: 0.6102296761406969.
[I 2026-05-22 17:57:47,406] Trial 500 finished with value: 0.6100086547260927 and parameters: {'WG_amp': 0.8073259341447623, 'WG_Phalf': 144.81914286401695, 'WG_k': 39.328746574078764, 'WG_c': 1.0048258878650622, 'rate_power': 1.157166381241612}. Best is trial 485 with value: 0.6102296761406969.
[I 2026-05-22 17:57:47,702] Trial 501 finished with value: 0.6086200722905767 and parameters: {'WG_amp': 0.7108895296178024, 'WG_Phalf': 180.7239207396818, 'WG_k': 80.5551882329029, 'WG_c': 1.2906746130916416, 'rate_power': 1.1921204332576438}. Best is trial 485 with value: 0.6102296761406969.
[I 2026-05-22 17:57:47,990] Trial 502 finished with value: 0.6034899388592936 and parameters: {'WG_amp': 0.20678578188577157, 'WG_Phalf': 133.46109814465433, 'WG_k': 0.017942686928682068, 'WG_c': 2.186942701687863, 'rate_power': 1.0024976059402375}. Best is trial 485 with value: 0.6102296761406969.
[I 2026-05-22 17:57:48,280] Trial 503 finished with value: 0.6070093793003166 and parameters: {'WG_amp': 0.8835531915727699, 'WG_Phalf': 159.43897494771215, 'WG_k': 14.656396339574252, 'WG_c': 0.6290986829166696, 'rate_power': 1.2370424651659153}. Best is trial 485 with value: 0.6102296761406969.
[I 2026-05-22 17:57:48,571] Trial 504 finished with value: 0.5942218661920569 and parameters: {'WG_amp': 0.4040308908240407, 'WG_Phalf': 279.9269719621298, 'WG_k': 6.4156788026480305, 'WG_c': 0.00044862080990948556, 'rate_power': 0.7591284898921128}. Best is trial 485 with value: 0.6102296761406969.
[I 2026-05-22 17:57:48,936] Trial 505 finished with value: 0.6051487891253343 and parameters: {'WG_amp': 0.852535123340107, 'WG_Phalf': 169.34854793505394, 'WG_k': 24.92660494687336, 'WG_c': 2.0372840103427388, 'rate_power': 1.0743696775203015}. Best is trial 485 with value: 0.6102296761406969.
[I 2026-05-22 17:57:49,259] Trial 506 finished with value: 0.5914842478617841 and parameters: {'WG_amp': 0.8084718774845147, 'WG_Phalf': 110.37863883121817, 'WG_k': 88.3835171455292, 'WG_c': 0.2722587268664893, 'rate_power': 1.269512883040588}. Best is trial 485 with value: 0.6102296761406969.
[I 2026-05-22 17:57:49,552] Trial 507 finished with value: 0.6021137374470035 and parameters: {'WG_amp': 0.7634317351962598, 'WG_Phalf': 190.35385313581241, 'WG_k': 13.369655052652053, 'WG_c': 0.3343697818346094, 'rate_power': 1.1269730407829726}. Best is trial 485 with value: 0.6102296761406969.
[I 2026-05-22 17:57:49,899] Trial 508 finished with value: 0.6074471210450979 and parameters: {'WG_amp': 0.6606516373548378, 'WG_Phalf': 108.10408255497538, 'WG_k': 10.331256537278236, 'WG_c': 2.7769226894788828, 'rate_power': 1.2904423181051372}. Best is trial 485 with value: 0.6102296761406969.
[I 2026-05-22 17:57:50,225] Trial 509 finished with value: 0.5923958748626711 and parameters: {'WG_amp': 0.7080930058452044, 'WG_Phalf': 111.82498275885125, 'WG_k': 33.82477615231024, 'WG_c': 0.1772834662603356, 'rate_power': 1.1548619108134672}. Best is trial 485 with value: 0.6102296761406969.
[I 2026-05-22 17:57:50,514] Trial 510 finished with value: 0.6081461443178168 and parameters: {'WG_amp': 0.7894943862734121, 'WG_Phalf': 101.60943172872052, 'WG_k': 11.513884273061146, 'WG_c': 1.3716660301867156, 'rate_power': 1.1548131887834254}. Best is trial 485 with value: 0.6102296761406969.
[I 2026-05-22 17:57:50,804] Trial 511 finished with value: 0.6066572774623076 and parameters: {'WG_amp': 0.8848487803196008, 'WG_Phalf': 146.49706590834035, 'WG_k': 16.956361468358256, 'WG_c': 0.5227176917258476, 'rate_power': 1.0598162324653941}. Best is trial 485 with value: 0.6102296761406969.
[I 2026-05-22 17:57:51,095] Trial 512 finished with value: 0.6101857747320972 and parameters: {'WG_amp': 0.8235063697997488, 'WG_Phalf': 122.3514709949711, 'WG_k': 14.7602133784468, 'WG_c': 0.9572289831604655, 'rate_power': 1.1862645704657917}. Best is trial 485 with value: 0.6102296761406969.
[I 2026-05-22 17:57:51,384] Trial 513 finished with value: 0.5846340866166652 and parameters: {'WG_amp': 0.528624599181789, 'WG_Phalf': 592.9783781956479, 'WG_k': 61.00045028357666, 'WG_c': 8.939971390977085, 'rate_power': 0.7581690171945984}. Best is trial 485 with value: 0.6102296761406969.
[I 2026-05-22 17:57:51,678] Trial 514 finished with value: 0.6082721042133975 and parameters: {'WG_amp': 0.7228352420783274, 'WG_Phalf': 147.31726647801943, 'WG_k': 68.57850697429623, 'WG_c': 1.1772242341419739, 'rate_power': 1.1038439418794794}. Best is trial 485 with value: 0.6102296761406969.
[I 2026-05-22 17:57:51,963] Trial 515 finished with value: 0.5983224862514278 and parameters: {'WG_amp': 0.43871139758383004, 'WG_Phalf': 164.38619994018035, 'WG_k': 0.011059138865091047, 'WG_c': 0.0005822945779491426, 'rate_power': 1.2490841536549238}. Best is trial 485 with value: 0.6102296761406969.
[I 2026-05-22 17:57:52,252] Trial 516 finished with value: 0.5931667695314369 and parameters: {'WG_amp': 0.8260018597049812, 'WG_Phalf': 103.03160100791128, 'WG_k': 12.47414869752276, 'WG_c': 0.2497138170792482, 'rate_power': 1.1420768135452954}. Best is trial 485 with value: 0.6102296761406969.
[I 2026-05-22 17:57:52,541] Trial 517 finished with value: 0.6064799110426915 and parameters: {'WG_amp': 0.7825582089688076, 'WG_Phalf': 102.11228298310405, 'WG_k': 44.732743863381216, 'WG_c': 4.299586526065436, 'rate_power': 1.145827820094149}. Best is trial 485 with value: 0.6102296761406969.
[I 2026-05-22 17:57:52,829] Trial 518 finished with value: 0.6081173387354001 and parameters: {'WG_amp': 0.7459073416087403, 'WG_Phalf': 225.45092845888266, 'WG_k': 5.513657369009876, 'WG_c': 1.4565009642956657, 'rate_power': 1.1698661744686265}. Best is trial 485 with value: 0.6102296761406969.
[I 2026-05-22 17:57:53,118] Trial 519 finished with value: 0.5828386573334933 and parameters: {'WG_amp': 0.8995658606819852, 'WG_Phalf': 250.06834621618574, 'WG_k': 11.48120251075115, 'WG_c': 0.11919037801533323, 'rate_power': 1.096395532185034}. Best is trial 485 with value: 0.6102296761406969.
[I 2026-05-22 17:57:53,409] Trial 520 finished with value: 0.5944811206229449 and parameters: {'WG_amp': 0.897237838027164, 'WG_Phalf': 222.60777419032306, 'WG_k': 35.83151643135544, 'WG_c': 0.23930209504445468, 'rate_power': 1.1112243910653739}. Best is trial 485 with value: 0.6102296761406969.
[I 2026-05-22 17:57:53,705] Trial 521 finished with value: 0.5980058642749396 and parameters: {'WG_amp': 0.7459416812877931, 'WG_Phalf': 1133.1469587484924, 'WG_k': 13.09602726766611, 'WG_c': 0.0001252915016661795, 'rate_power': 1.0004986812483623}. Best is trial 485 with value: 0.6102296761406969.
[I 2026-05-22 17:57:53,992] Trial 522 finished with value: 0.6073387532450697 and parameters: {'WG_amp': 0.7446447526412845, 'WG_Phalf': 103.28679656381517, 'WG_k': 6.781939454795363, 'WG_c': 0.6285766406197573, 'rate_power': 1.1903056177518698}. Best is trial 485 with value: 0.6102296761406969.
[I 2026-05-22 17:57:54,282] Trial 523 finished with value: 0.6100781863185084 and parameters: {'WG_amp': 0.7693731321389906, 'WG_Phalf': 124.38398869826814, 'WG_k': 15.481178238302592, 'WG_c': 0.8644794679577359, 'rate_power': 1.1780539660807336}. Best is trial 485 with value: 0.6102296761406969.
[I 2026-05-22 17:57:54,568] Trial 524 finished with value: 0.6022995043605262 and parameters: {'WG_amp': 0.5838161718849542, 'WG_Phalf': 142.48183343260516, 'WG_k': 3.641955400569474, 'WG_c': 0.3234625705869254, 'rate_power': 1.118851763179622}. Best is trial 485 with value: 0.6102296761406969.
[I 2026-05-22 17:57:54,853] Trial 525 finished with value: 0.6089567568022604 and parameters: {'WG_amp': 0.8101762839423303, 'WG_Phalf': 116.75642074640302, 'WG_k': 83.50847024880439, 'WG_c': 0.6945160151695207, 'rate_power': 1.1382138718719803}. Best is trial 485 with value: 0.6102296761406969.
[I 2026-05-22 17:57:55,141] Trial 526 finished with value: 0.5917933262333887 and parameters: {'WG_amp': 0.8866111347272636, 'WG_Phalf': 140.214370460269, 'WG_k': 11.010952766876466, 'WG_c': 0.28248363042433583, 'rate_power': 1.2064905041553073}. Best is trial 485 with value: 0.6102296761406969.
[I 2026-05-22 17:57:55,432] Trial 527 finished with value: 0.5968528850272593 and parameters: {'WG_amp': 0.43246151620003925, 'WG_Phalf': 542.6856678813868, 'WG_k': 65.6009154392653, 'WG_c': 0.0012815706317310211, 'rate_power': 0.8527510156481991}. Best is trial 485 with value: 0.6102296761406969.
[I 2026-05-22 17:57:55,720] Trial 528 finished with value: 0.606825961460323 and parameters: {'WG_amp': 0.7884407541919114, 'WG_Phalf': 165.90962396269873, 'WG_k': 22.911825263130584, 'WG_c': 1.867635903824067, 'rate_power': 1.1618168570698808}. Best is trial 485 with value: 0.6102296761406969.
[I 2026-05-22 17:57:56,006] Trial 529 finished with value: 0.6020351111953062 and parameters: {'WG_amp': 0.038359377099865866, 'WG_Phalf': 311.6152127953628, 'WG_k': 29.627543473774526, 'WG_c': 1.907921434342398, 'rate_power': 0.9919037632668337}. Best is trial 485 with value: 0.6102296761406969.
[I 2026-05-22 17:57:56,294] Trial 530 finished with value: 0.5813386363341783 and parameters: {'WG_amp': 0.5098790394585132, 'WG_Phalf': 130.5178272780375, 'WG_k': 9.528229919982536, 'WG_c': 0.023227750668962013, 'rate_power': 1.2979042001375563}. Best is trial 485 with value: 0.6102296761406969.
[I 2026-05-22 17:57:56,577] Trial 531 finished with value: 0.6091764644083579 and parameters: {'WG_amp': 0.8763664631123488, 'WG_Phalf': 255.92546174380092, 'WG_k': 16.417034079683276, 'WG_c': 0.6758091853674998, 'rate_power': 1.125698549609864}. Best is trial 485 with value: 0.6102296761406969.
[I 2026-05-22 17:57:56,865] Trial 532 finished with value: 0.5945135574488541 and parameters: {'WG_amp': 0.7646534481490325, 'WG_Phalf': 156.30501511861786, 'WG_k': 3.825134027429708, 'WG_c': 0.2350783804895251, 'rate_power': 1.1227387328314002}. Best is trial 485 with value: 0.6102296761406969.
[I 2026-05-22 17:57:57,157] Trial 533 finished with value: 0.6075632016896753 and parameters: {'WG_amp': 0.709895301594565, 'WG_Phalf': 154.84099979573236, 'WG_k': 2.7788741810455884, 'WG_c': 1.502313957545748, 'rate_power': 1.093787717405284}. Best is trial 485 with value: 0.6102296761406969.
[I 2026-05-22 17:57:57,450] Trial 534 finished with value: 0.6080361962199621 and parameters: {'WG_amp': 0.736906518278867, 'WG_Phalf': 244.8072397647686, 'WG_k': 44.638004589799806, 'WG_c': 1.141938463295878, 'rate_power': 1.0772414600787052}. Best is trial 485 with value: 0.6102296761406969.
[I 2026-05-22 17:57:57,737] Trial 535 finished with value: 0.5921651345461431 and parameters: {'WG_amp': 0.8913374154336329, 'WG_Phalf': 824.2266110579649, 'WG_k': 22.287586234124685, 'WG_c': 0.0025677459167805037, 'rate_power': 0.7806888346639422}. Best is trial 485 with value: 0.6102296761406969.
[I 2026-05-22 17:57:58,034] Trial 536 finished with value: 0.5989433321658437 and parameters: {'WG_amp': 0.8826801656341303, 'WG_Phalf': 166.65391425145995, 'WG_k': 65.93363762408096, 'WG_c': 0.3294784773648427, 'rate_power': 1.1278406642380212}. Best is trial 485 with value: 0.6102296761406969.
[I 2026-05-22 17:57:58,324] Trial 537 finished with value: 0.5777423020882826 and parameters: {'WG_amp': 0.8619703662522226, 'WG_Phalf': 373.64163830709106, 'WG_k': 5.6070117637245955, 'WG_c': 0.06469562513977387, 'rate_power': 1.2186608802939898}. Best is trial 485 with value: 0.6102296761406969.
[I 2026-05-22 17:57:58,620] Trial 538 finished with value: 0.6095307613089915 and parameters: {'WG_amp': 0.679555434344874, 'WG_Phalf': 136.82198502002498, 'WG_k': 18.058092969302134, 'WG_c': 0.7600124249125058, 'rate_power': 1.1907012749512236}. Best is trial 485 with value: 0.6102296761406969.
[I 2026-05-22 17:57:58,911] Trial 539 finished with value: 0.6072110772036194 and parameters: {'WG_amp': 0.8335956400011567, 'WG_Phalf': 110.76654185810024, 'WG_k': 36.783386455297794, 'WG_c': 1.9012023277100394, 'rate_power': 1.1918548613440034}. Best is trial 485 with value: 0.6102296761406969.
[I 2026-05-22 17:57:59,199] Trial 540 finished with value: 0.5997182940395198 and parameters: {'WG_amp': 0.5371721442190507, 'WG_Phalf': 3168.2729413283296, 'WG_k': 38.1050861121507, 'WG_c': 0.0002791014547872636, 'rate_power': 0.9190362678439226}. Best is trial 485 with value: 0.6102296761406969.
[I 2026-05-22 17:57:59,488] Trial 541 finished with value: 0.6038650346082011 and parameters: {'WG_amp': 0.8964232230956437, 'WG_Phalf': 1111.2129244739997, 'WG_k': 2.0802794228740993, 'WG_c': 0.46626017911065193, 'rate_power': 1.1220701286105343}. Best is trial 485 with value: 0.6102296761406969.
[I 2026-05-22 17:57:59,775] Trial 542 finished with value: 0.6074555226010403 and parameters: {'WG_amp': 0.8886650803622658, 'WG_Phalf': 103.31276058270801, 'WG_k': 13.1628945444111, 'WG_c': 3.1995048524298957, 'rate_power': 1.266786887227746}. Best is trial 485 with value: 0.6102296761406969.
[I 2026-05-22 17:58:00,065] Trial 543 finished with value: 0.5947772777630577 and parameters: {'WG_amp': 0.6730608272265459, 'WG_Phalf': 160.8375202122679, 'WG_k': 7.5557490568007655, 'WG_c': 0.07741487887270897, 'rate_power': 0.9760121989795276}. Best is trial 485 with value: 0.6102296761406969.
[I 2026-05-22 17:58:00,357] Trial 544 finished with value: 0.6029033361029293 and parameters: {'WG_amp': 0.35402474469067424, 'WG_Phalf': 103.62651235297564, 'WG_k': 0.2162372457158439, 'WG_c': 0.005250123959479651, 'rate_power': 1.1392661806087199}. Best is trial 485 with value: 0.6102296761406969.
[I 2026-05-22 17:58:00,645] Trial 545 finished with value: 0.6063477208002118 and parameters: {'WG_amp': 0.8624413249800562, 'WG_Phalf': 336.4708575466575, 'WG_k': 17.44195430416214, 'WG_c': 1.4500481767555387, 'rate_power': 1.075937933653025}. Best is trial 485 with value: 0.6102296761406969.
[I 2026-05-22 17:58:00,934] Trial 546 finished with value: 0.6080669899262884 and parameters: {'WG_amp': 0.7366558641663159, 'WG_Phalf': 244.60008987706928, 'WG_k': 9.590059488251313, 'WG_c': 1.559655025168478, 'rate_power': 1.2560223967338677}. Best is trial 485 with value: 0.6102296761406969.
[I 2026-05-22 17:58:01,223] Trial 547 finished with value: 0.6032029322298096 and parameters: {'WG_amp': 0.8519162062755131, 'WG_Phalf': 111.76974415547328, 'WG_k': 16.606272874289594, 'WG_c': 0.43626767653017134, 'rate_power': 1.149083286644581}. Best is trial 485 with value: 0.6102296761406969.
[I 2026-05-22 17:58:01,512] Trial 548 finished with value: 0.5845705464537594 and parameters: {'WG_amp': 0.6664918498406425, 'WG_Phalf': 403.13233381577584, 'WG_k': 9.854056395079793, 'WG_c': 0.0002322314257967551, 'rate_power': 1.1861012633106753}. Best is trial 485 with value: 0.6102296761406969.
[I 2026-05-22 17:58:01,812] Trial 549 finished with value: 0.6062810621384642 and parameters: {'WG_amp': 0.8429296408035464, 'WG_Phalf': 100.78426138062949, 'WG_k': 8.371055312949453, 'WG_c': 0.5551127262659711, 'rate_power': 1.152435038841734}. Best is trial 485 with value: 0.6102296761406969.
[I 2026-05-22 17:58:02,102] Trial 550 finished with value: 0.607158952777646 and parameters: {'WG_amp': 0.6729883801807953, 'WG_Phalf': 181.59025868304045, 'WG_k': 4.509446202372797, 'WG_c': 2.058662991187747, 'rate_power': 1.1814272406915485}. Best is trial 485 with value: 0.6102296761406969.
[I 2026-05-22 17:58:02,390] Trial 551 finished with value: 0.6077428835102293 and parameters: {'WG_amp': 0.8977982293604477, 'WG_Phalf': 543.3873962019561, 'WG_k': 11.076806350893683, 'WG_c': 1.5379925411186766, 'rate_power': 1.1783245975556855}. Best is trial 485 with value: 0.6102296761406969.
[I 2026-05-22 17:58:02,679] Trial 552 finished with value: 0.6078592812147893 and parameters: {'WG_amp': 0.6966572287759671, 'WG_Phalf': 303.8506038924, 'WG_k': 13.444326298421851, 'WG_c': 0.8855554819261441, 'rate_power': 1.0207184293101785}. Best is trial 485 with value: 0.6102296761406969.
[I 2026-05-22 17:58:02,965] Trial 553 finished with value: 0.607405104900515 and parameters: {'WG_amp': 0.8847808085690442, 'WG_Phalf': 258.10905396930104, 'WG_k': 3.293592776497603, 'WG_c': 7.355289553615831, 'rate_power': 1.2224138544906027}. Best is trial 485 with value: 0.6102296761406969.
[I 2026-05-22 17:58:03,255] Trial 554 finished with value: 0.6048201091861514 and parameters: {'WG_amp': 0.7415631473211576, 'WG_Phalf': 118.33041026381301, 'WG_k': 3.197561940934855, 'WG_c': 0.4652671027380779, 'rate_power': 0.9550875241598197}. Best is trial 485 with value: 0.6102296761406969.
[I 2026-05-22 17:58:03,546] Trial 555 finished with value: 0.6083761312708597 and parameters: {'WG_amp': 0.8878827639831668, 'WG_Phalf': 150.67953628492324, 'WG_k': 3.767029868673731, 'WG_c': 0.909260847188851, 'rate_power': 1.176668620229676}. Best is trial 485 with value: 0.6102296761406969.
[I 2026-05-22 17:58:03,837] Trial 556 finished with value: 0.6101179676982084 and parameters: {'WG_amp': 0.8855743412112147, 'WG_Phalf': 311.8346517695992, 'WG_k': 14.641612261068186, 'WG_c': 0.8218850649072056, 'rate_power': 1.1155176608285717}. Best is trial 485 with value: 0.6102296761406969.
[I 2026-05-22 17:58:04,127] Trial 557 finished with value: 0.6061053374133869 and parameters: {'WG_amp': 0.8236415340935938, 'WG_Phalf': 257.24402700496523, 'WG_k': 40.66227652675935, 'WG_c': 5.469399502274467, 'rate_power': 1.1226094722895479}. Best is trial 485 with value: 0.6102296761406969.
[I 2026-05-22 17:58:04,416] Trial 558 finished with value: 0.5988205220158614 and parameters: {'WG_amp': 0.8888929147263804, 'WG_Phalf': 433.8836382598973, 'WG_k': 20.83630509791656, 'WG_c': 2.8536641166348384, 'rate_power': 0.9298173557904338}. Best is trial 485 with value: 0.6102296761406969.
[I 2026-05-22 17:58:04,855] Trial 559 finished with value: 0.6040065462097801 and parameters: {'WG_amp': 0.28711236658263994, 'WG_Phalf': 1520.2818791051461, 'WG_k': 0.17320914966424075, 'WG_c': 0.012315995829888262, 'rate_power': 1.0350251130012955}. Best is trial 485 with value: 0.6102296761406969.
[I 2026-05-22 17:58:05,260] Trial 560 finished with value: 0.6062952866937072 and parameters: {'WG_amp': 0.8901834506500839, 'WG_Phalf': 175.2070735076907, 'WG_k': 23.40180458772609, 'WG_c': 0.5551437513981322, 'rate_power': 1.162400759577701}. Best is trial 485 with value: 0.6102296761406969.
[I 2026-05-22 17:58:05,686] Trial 561 finished with value: 0.5937400175258395 and parameters: {'WG_amp': 0.6469318319743803, 'WG_Phalf': 241.60854218565277, 'WG_k': 1.1898019286904453, 'WG_c': 0.3142124420825782, 'rate_power': 1.2620940264136018}. Best is trial 485 with value: 0.6102296761406969.
[I 2026-05-22 17:58:06,035] Trial 562 finished with value: 0.6052185913817273 and parameters: {'WG_amp': 0.891694970319763, 'WG_Phalf': 517.3703099102383, 'WG_k': 10.111081740327473, 'WG_c': 0.41176733696092305, 'rate_power': 1.0992125198424745}. Best is trial 485 with value: 0.6102296761406969.
[I 2026-05-22 17:58:06,361] Trial 563 finished with value: 0.6056974903695627 and parameters: {'WG_amp': 0.7135316494030004, 'WG_Phalf': 277.9176283656312, 'WG_k': 12.860144874860735, 'WG_c': 6.594693450267579, 'rate_power': 1.1011375140238768}. Best is trial 485 with value: 0.6102296761406969.
[I 2026-05-22 17:58:06,710] Trial 564 finished with value: 0.6004864651423506 and parameters: {'WG_amp': 0.8478179754116204, 'WG_Phalf': 111.5967205653943, 'WG_k': 1.3121844636753675, 'WG_c': 0.6732012018329884, 'rate_power': 1.060721715290399}. Best is trial 485 with value: 0.6102296761406969.
[I 2026-05-22 17:58:07,185] Trial 565 finished with value: 0.6088655800652976 and parameters: {'WG_amp': 0.7795899306831804, 'WG_Phalf': 232.83619749390124, 'WG_k': 6.615576310583199, 'WG_c': 0.7119210990529814, 'rate_power': 1.1768955402470775}. Best is trial 485 with value: 0.6102296761406969.
[I 2026-05-22 17:58:07,561] Trial 566 finished with value: 0.6074908740165254 and parameters: {'WG_amp': 0.8949030857060659, 'WG_Phalf': 383.7496791108057, 'WG_k': 29.08379418059003, 'WG_c': 1.2561554554794485, 'rate_power': 1.0735455258413333}. Best is trial 485 with value: 0.6102296761406969.
[I 2026-05-22 17:58:07,865] Trial 567 finished with value: 0.5883344285406793 and parameters: {'WG_amp': 0.8962579415040983, 'WG_Phalf': 401.0146263992403, 'WG_k': 9.548908060720976, 'WG_c': 0.09738248810797803, 'rate_power': 1.0446493031829094}. Best is trial 485 with value: 0.6102296761406969.
[I 2026-05-22 17:58:08,205] Trial 568 finished with value: 0.6047837355607772 and parameters: {'WG_amp': 0.8777810457622277, 'WG_Phalf': 267.0467982953744, 'WG_k': 6.6819955294943725, 'WG_c': 2.3956370262710194, 'rate_power': 1.0627806806798636}. Best is trial 485 with value: 0.6102296761406969.
[I 2026-05-22 17:58:08,520] Trial 569 finished with value: 0.5949456470160929 and parameters: {'WG_amp': 0.7089995805413829, 'WG_Phalf': 216.36119544441212, 'WG_k': 26.857593590857853, 'WG_c': 0.2039981483205649, 'rate_power': 1.2005360555341291}. Best is trial 485 with value: 0.6102296761406969.
[I 2026-05-22 17:58:08,959] Trial 570 finished with value: 0.6075022244880403 and parameters: {'WG_amp': 0.7806915785084555, 'WG_Phalf': 100.4798568507661, 'WG_k': 16.496346629900334, 'WG_c': 1.204639278878028, 'rate_power': 1.05007537505711}. Best is trial 485 with value: 0.6102296761406969.
[I 2026-05-22 17:58:09,344] Trial 571 finished with value: 0.5827563218155919 and parameters: {'WG_amp': 0.8154351052661316, 'WG_Phalf': 167.27477411374684, 'WG_k': 79.9282539143588, 'WG_c': 0.0593137065389477, 'rate_power': 1.0004627147562146}. Best is trial 485 with value: 0.6102296761406969.
[I 2026-05-22 17:58:09,679] Trial 572 finished with value: 0.607480690109941 and parameters: {'WG_amp': 0.8584474325065735, 'WG_Phalf': 351.4265069018605, 'WG_k': 14.124379143317833, 'WG_c': 6.610419530515461, 'rate_power': 1.2719054596655448}. Best is trial 485 with value: 0.6102296761406969.
[I 2026-05-22 17:58:10,058] Trial 573 finished with value: 0.6048124665451089 and parameters: {'WG_amp': 0.7391255304312554, 'WG_Phalf': 250.88798882727673, 'WG_k': 14.88512841108599, 'WG_c': 0.41762762708326684, 'rate_power': 1.1686930429756637}. Best is trial 485 with value: 0.6102296761406969.
[I 2026-05-22 17:58:10,417] Trial 574 finished with value: 0.6078359312676782 and parameters: {'WG_amp': 0.8749022585473472, 'WG_Phalf': 206.7801451670266, 'WG_k': 85.79478758202198, 'WG_c': 0.6427294620168105, 'rate_power': 1.175258550636744}. Best is trial 485 with value: 0.6102296761406969.
[I 2026-05-22 17:58:10,786] Trial 575 finished with value: 0.5991842099621549 and parameters: {'WG_amp': 0.898740774450105, 'WG_Phalf': 233.9390715749821, 'WG_k': 10.446335733973468, 'WG_c': 0.3255386058560126, 'rate_power': 1.1157108382741252}. Best is trial 485 with value: 0.6102296761406969.
[I 2026-05-22 17:58:11,149] Trial 576 finished with value: 0.6042250512254264 and parameters: {'WG_amp': 0.6005229554254745, 'WG_Phalf': 1984.2003582218626, 'WG_k': 0.012214998700757098, 'WG_c': 1.1953719566537075, 'rate_power': 1.1271687941982915}. Best is trial 485 with value: 0.6102296761406969.
[I 2026-05-22 17:58:11,562] Trial 577 finished with value: 0.5978913301897674 and parameters: {'WG_amp': 0.8737424426134012, 'WG_Phalf': 123.89957441865032, 'WG_k': 2.1114923364925877, 'WG_c': 0.7412892521681407, 'rate_power': 1.2809152532812715}. Best is trial 485 with value: 0.6102296761406969.
[I 2026-05-22 17:58:11,916] Trial 578 finished with value: 0.5860325837555783 and parameters: {'WG_amp': 0.212158382699165, 'WG_Phalf': 1050.959764445841, 'WG_k': 1.6723795600403233, 'WG_c': 0.00015431118618023667, 'rate_power': 0.7411011853397736}. Best is trial 485 with value: 0.6102296761406969.
[I 2026-05-22 17:58:12,288] Trial 579 finished with value: 0.6102826150053956 and parameters: {'WG_amp': 0.8691728201932767, 'WG_Phalf': 195.57476635795558, 'WG_k': 13.490563748862929, 'WG_c': 0.8762453489497044, 'rate_power': 1.1645003750044711}. Best is trial 579 with value: 0.6102826150053956.
[I 2026-05-22 17:58:12,656] Trial 580 finished with value: 0.6069550149801397 and parameters: {'WG_amp': 0.8896739554227695, 'WG_Phalf': 183.70670246703628, 'WG_k': 21.596348184367294, 'WG_c': 3.229621723814205, 'rate_power': 1.1825991174049277}. Best is trial 579 with value: 0.6102826150053956.
[I 2026-05-22 17:58:12,993] Trial 581 finished with value: 0.604397216258038 and parameters: {'WG_amp': 0.8626906901424481, 'WG_Phalf': 124.99491769584712, 'WG_k': 3.2381909765262256, 'WG_c': 9.401715037049751, 'rate_power': 1.0511309152806012}. Best is trial 579 with value: 0.6102826150053956.
[I 2026-05-22 17:58:13,365] Trial 582 finished with value: 0.5969373759402561 and parameters: {'WG_amp': 0.7606496235782149, 'WG_Phalf': 282.0773856953319, 'WG_k': 10.421941042549182, 'WG_c': 0.2780661619988106, 'rate_power': 1.2342104171655113}. Best is trial 579 with value: 0.6102826150053956.
[I 2026-05-22 17:58:13,693] Trial 583 finished with value: 0.6089057364168989 and parameters: {'WG_amp': 0.7235460619166718, 'WG_Phalf': 159.76686232838478, 'WG_k': 21.032575584729535, 'WG_c': 0.6547534555209801, 'rate_power': 1.1392109239789467}. Best is trial 579 with value: 0.6102826150053956.
[I 2026-05-22 17:58:14,061] Trial 584 finished with value: 0.6098036315489002 and parameters: {'WG_amp': 0.7213339976705722, 'WG_Phalf': 115.19813580301768, 'WG_k': 18.486601578931705, 'WG_c': 0.8158569012041216, 'rate_power': 1.2119358935854851}. Best is trial 579 with value: 0.6102826150053956.
[I 2026-05-22 17:58:14,511] Trial 585 finished with value: 0.6082497258885703 and parameters: {'WG_amp': 0.8046087537427205, 'WG_Phalf': 162.81844397607367, 'WG_k': 6.047016783870961, 'WG_c': 1.5077862412502414, 'rate_power': 1.200533595671908}. Best is trial 579 with value: 0.6102826150053956.
[I 2026-05-22 17:58:14,888] Trial 586 finished with value: 0.6068449379044691 and parameters: {'WG_amp': 0.6576893895523366, 'WG_Phalf': 168.65739802012283, 'WG_k': 20.092923211526674, 'WG_c': 2.050718040875031, 'rate_power': 1.167390824100341}. Best is trial 579 with value: 0.6102826150053956.
[I 2026-05-22 17:58:15,176] Trial 587 finished with value: 0.5911610027142044 and parameters: {'WG_amp': 0.5651000636156853, 'WG_Phalf': 107.90790414224386, 'WG_k': 16.517703347362872, 'WG_c': 0.09449155687118997, 'rate_power': 1.1525058919239706}. Best is trial 579 with value: 0.6102826150053956.
[I 2026-05-22 17:58:15,464] Trial 588 finished with value: 0.5837388786244684 and parameters: {'WG_amp': 0.6581720415632144, 'WG_Phalf': 150.41812799484487, 'WG_k': 22.132293458962955, 'WG_c': 0.11175219813487328, 'rate_power': 1.2730118045923555}. Best is trial 579 with value: 0.6102826150053956.
[I 2026-05-22 17:58:15,747] Trial 589 finished with value: 0.6071224541427487 and parameters: {'WG_amp': 0.7641426790567805, 'WG_Phalf': 132.4799496542652, 'WG_k': 9.565101426658334, 'WG_c': 4.174116375320693, 'rate_power': 1.1952719670817393}. Best is trial 579 with value: 0.6102826150053956.
[I 2026-05-22 17:58:16,035] Trial 590 finished with value: 0.604684604874236 and parameters: {'WG_amp': 0.40473180889131705, 'WG_Phalf': 1263.9281433218814, 'WG_k': 1.8060563969158536, 'WG_c': 0.0002091508978508353, 'rate_power': 1.1272679865087665}. Best is trial 579 with value: 0.6102826150053956.
[I 2026-05-22 17:58:16,323] Trial 591 finished with value: 0.6050442381757644 and parameters: {'WG_amp': 0.891592906365772, 'WG_Phalf': 161.10976102025364, 'WG_k': 23.701566401027794, 'WG_c': 0.5019490275284507, 'rate_power': 1.1456187925234733}. Best is trial 579 with value: 0.6102826150053956.
[I 2026-05-22 17:58:16,612] Trial 592 finished with value: 0.6095879740887217 and parameters: {'WG_amp': 0.8881249083945526, 'WG_Phalf': 128.5143164524593, 'WG_k': 47.42775276607401, 'WG_c': 0.9495110544738388, 'rate_power': 1.289917376961696}. Best is trial 579 with value: 0.6102826150053956.
[I 2026-05-22 17:58:16,899] Trial 593 finished with value: 0.5835612355911348 and parameters: {'WG_amp': 0.8894773801129732, 'WG_Phalf': 192.4452924311182, 'WG_k': 5.353986976476836, 'WG_c': 0.20605192948687512, 'rate_power': 1.2095059569682307}. Best is trial 579 with value: 0.6102826150053956.
[I 2026-05-22 17:58:17,185] Trial 594 finished with value: 0.6071499294055743 and parameters: {'WG_amp': 0.026417032672862106, 'WG_Phalf': 375.048747344686, 'WG_k': 3.0196405781633398, 'WG_c': 0.0711583916029101, 'rate_power': 1.211931433634992}. Best is trial 579 with value: 0.6102826150053956.
[I 2026-05-22 17:58:17,473] Trial 595 finished with value: 0.5988918235924393 and parameters: {'WG_amp': 0.6054649903702387, 'WG_Phalf': 136.29806404336327, 'WG_k': 0.010612354851102127, 'WG_c': 0.015368554106965141, 'rate_power': 1.0596463197635717}. Best is trial 579 with value: 0.6102826150053956.
[I 2026-05-22 17:58:17,760] Trial 596 finished with value: 0.5934040230977289 and parameters: {'WG_amp': 0.7383888070478057, 'WG_Phalf': 102.83132087152651, 'WG_k': 14.827618235613429, 'WG_c': 0.21832214523534196, 'rate_power': 1.1662144800389707}. Best is trial 579 with value: 0.6102826150053956.
[I 2026-05-22 17:58:18,051] Trial 597 finished with value: 0.5939769459125307 and parameters: {'WG_amp': 0.8351388826095678, 'WG_Phalf': 114.35517475043476, 'WG_k': 9.949635161435673, 'WG_c': 0.3329257218250119, 'rate_power': 1.2700325401068377}. Best is trial 579 with value: 0.6102826150053956.
[I 2026-05-22 17:58:18,341] Trial 598 finished with value: 0.6089661855109908 and parameters: {'WG_amp': 0.8199490887120174, 'WG_Phalf': 181.45715395543277, 'WG_k': 9.60213698692613, 'WG_c': 1.2226631302941342, 'rate_power': 1.1345068901546889}. Best is trial 579 with value: 0.6102826150053956.
[I 2026-05-22 17:58:18,632] Trial 599 finished with value: 0.604531676987361 and parameters: {'WG_amp': 0.859827293839896, 'WG_Phalf': 283.98382307918405, 'WG_k': 32.11226062772213, 'WG_c': 0.49671515427998875, 'rate_power': 1.22726754441648}. Best is trial 579 with value: 0.6102826150053956.
[I 2026-05-22 17:58:18,920] Trial 600 finished with value: 0.6074658122606884 and parameters: {'WG_amp': 0.815550007856551, 'WG_Phalf': 123.95168678253134, 'WG_k': 25.748175857504073, 'WG_c': 1.773389785530762, 'rate_power': 1.2096208063937575}. Best is trial 579 with value: 0.6102826150053956.
[I 2026-05-22 17:58:19,214] Trial 601 finished with value: 0.6081794274544019 and parameters: {'WG_amp': 0.8889611186475076, 'WG_Phalf': 246.14690495463805, 'WG_k': 7.793540220978613, 'WG_c': 0.6716747759034892, 'rate_power': 1.196395769643367}. Best is trial 579 with value: 0.6102826150053956.
[I 2026-05-22 17:58:19,502] Trial 602 finished with value: 0.6065363362646639 and parameters: {'WG_amp': 0.6950704727131681, 'WG_Phalf': 103.44604247090552, 'WG_k': 26.136135955182212, 'WG_c': 2.2600769847791953, 'rate_power': 1.1495067514010044}. Best is trial 579 with value: 0.6102826150053956.
[I 2026-05-22 17:58:19,787] Trial 603 finished with value: 0.5971884780894264 and parameters: {'WG_amp': 0.8439891499148685, 'WG_Phalf': 353.8558140663335, 'WG_k': 0.9731987489468654, 'WG_c': 0.005688524807344384, 'rate_power': 0.9813689142302258}. Best is trial 579 with value: 0.6102826150053956.
[I 2026-05-22 17:58:20,081] Trial 604 finished with value: 0.6069143637634759 and parameters: {'WG_amp': 0.8673441551745582, 'WG_Phalf': 257.76764876529177, 'WG_k': 85.91095144869014, 'WG_c': 0.5482565182314255, 'rate_power': 1.1035634548381992}. Best is trial 579 with value: 0.6102826150053956.
[I 2026-05-22 17:58:20,366] Trial 605 finished with value: 0.593180201173063 and parameters: {'WG_amp': 0.792940989250374, 'WG_Phalf': 4695.276173059211, 'WG_k': 16.271136671058734, 'WG_c': 0.002237911669541289, 'rate_power': 0.8039854557577347}. Best is trial 579 with value: 0.6102826150053956.
[I 2026-05-22 17:58:20,655] Trial 606 finished with value: 0.6085403265913977 and parameters: {'WG_amp': 0.7105345858095381, 'WG_Phalf': 163.29620146304728, 'WG_k': 48.24184342037903, 'WG_c': 1.3565246505299549, 'rate_power': 1.243516891601119}. Best is trial 579 with value: 0.6102826150053956.
[I 2026-05-22 17:58:20,942] Trial 607 finished with value: 0.5982212581767031 and parameters: {'WG_amp': 0.7582716668605822, 'WG_Phalf': 281.50807795705674, 'WG_k': 31.24550419761186, 'WG_c': 0.25079307306503845, 'rate_power': 1.1693493623432876}. Best is trial 579 with value: 0.6102826150053956.
[I 2026-05-22 17:58:21,232] Trial 608 finished with value: 0.608610768771768 and parameters: {'WG_amp': 0.8971143153286438, 'WG_Phalf': 116.15002030519294, 'WG_k': 14.185702439887988, 'WG_c': 0.7133322393412488, 'rate_power': 1.2189550706284833}. Best is trial 579 with value: 0.6102826150053956.
[I 2026-05-22 17:58:21,522] Trial 609 finished with value: 0.6068567520937479 and parameters: {'WG_amp': 0.8757468352282557, 'WG_Phalf': 286.99240683062845, 'WG_k': 12.722751296732794, 'WG_c': 4.880792363869391, 'rate_power': 1.1724371320692617}. Best is trial 579 with value: 0.6102826150053956.
[I 2026-05-22 17:58:21,851] Trial 610 finished with value: 0.605176816838764 and parameters: {'WG_amp': 0.8949527855743336, 'WG_Phalf': 134.52746307396845, 'WG_k': 82.91374303737459, 'WG_c': 1.5854808173070307, 'rate_power': 1.055853252557204}. Best is trial 579 with value: 0.6102826150053956.
[I 2026-05-22 17:58:22,150] Trial 611 finished with value: 0.5878251649569585 and parameters: {'WG_amp': 0.05540481208669873, 'WG_Phalf': 465.104815750607, 'WG_k': 6.2809711735488305, 'WG_c': 0.028143862080337773, 'rate_power': 0.7745886390073248}. Best is trial 579 with value: 0.6102826150053956.
[I 2026-05-22 17:58:22,435] Trial 612 finished with value: 0.6069817779057565 and parameters: {'WG_amp': 0.8735497258369374, 'WG_Phalf': 104.3568183266859, 'WG_k': 5.049009914155645, 'WG_c': 3.5787379186699075, 'rate_power': 1.185493491194687}. Best is trial 579 with value: 0.6102826150053956.
[I 2026-05-22 17:58:22,732] Trial 613 finished with value: 0.5988061181894343 and parameters: {'WG_amp': 0.8426605400465992, 'WG_Phalf': 185.124955642938, 'WG_k': 9.626652256906954, 'WG_c': 0.25593797496202375, 'rate_power': 1.0183230566861523}. Best is trial 579 with value: 0.6102826150053956.
[I 2026-05-22 17:58:23,028] Trial 614 finished with value: 0.6015685989255313 and parameters: {'WG_amp': 0.6600908608542696, 'WG_Phalf': 109.10269037070658, 'WG_k': 74.55605914319484, 'WG_c': 0.29507363083640337, 'rate_power': 1.1337663180804722}. Best is trial 579 with value: 0.6102826150053956.
[I 2026-05-22 17:58:23,315] Trial 615 finished with value: 0.6080453452656559 and parameters: {'WG_amp': 0.6955778951744894, 'WG_Phalf': 121.10350251992698, 'WG_k': 29.305368410092917, 'WG_c': 1.4961628557521083, 'rate_power': 1.2542649680553728}. Best is trial 579 with value: 0.6102826150053956.
[I 2026-05-22 17:58:23,603] Trial 616 finished with value: 0.5866578705511967 and parameters: {'WG_amp': 0.8875023808329158, 'WG_Phalf': 306.26383211747435, 'WG_k': 3.1151309567740717, 'WG_c': 0.20755711142648908, 'rate_power': 1.21870228609884}. Best is trial 579 with value: 0.6102826150053956.
[I 2026-05-22 17:58:23,893] Trial 617 finished with value: 0.6072911815694333 and parameters: {'WG_amp': 0.8954431221582813, 'WG_Phalf': 346.22108259531086, 'WG_k': 39.893584635710084, 'WG_c': 0.5522187502488856, 'rate_power': 1.101442122201329}. Best is trial 579 with value: 0.6102826150053956.
[I 2026-05-22 17:58:24,178] Trial 618 finished with value: 0.5552481010611219 and parameters: {'WG_amp': 0.866330328825012, 'WG_Phalf': 227.44053632002465, 'WG_k': 49.14188848290627, 'WG_c': 0.02535915448835241, 'rate_power': 1.2031965998048229}. Best is trial 579 with value: 0.6102826150053956.
[I 2026-05-22 17:58:24,467] Trial 619 finished with value: 0.592039271610199 and parameters: {'WG_amp': 0.7003680914384334, 'WG_Phalf': 381.3382863143193, 'WG_k': 0.03528015727330552, 'WG_c': 0.00013930186743726418, 'rate_power': 1.2545291966008032}. Best is trial 579 with value: 0.6102826150053956.
[I 2026-05-22 17:58:24,753] Trial 620 finished with value: 0.599621927944885 and parameters: {'WG_amp': 0.755387692485033, 'WG_Phalf': 264.55800496358364, 'WG_k': 19.87964904595777, 'WG_c': 0.24217098893769193, 'rate_power': 1.0858263998665687}. Best is trial 579 with value: 0.6102826150053956.
[I 2026-05-22 17:58:25,046] Trial 621 finished with value: 0.6067057626930329 and parameters: {'WG_amp': 0.8915213780537559, 'WG_Phalf': 173.90371683090603, 'WG_k': 74.36725600404199, 'WG_c': 5.31945336649901, 'rate_power': 1.1636945318678829}. Best is trial 579 with value: 0.6102826150053956.
[I 2026-05-22 17:58:25,337] Trial 622 finished with value: 0.6042859965039398 and parameters: {'WG_amp': 0.7938895382283313, 'WG_Phalf': 207.29335254441284, 'WG_k': 3.717326384278112, 'WG_c': 0.5280344885512233, 'rate_power': 1.1336735150103352}. Best is trial 579 with value: 0.6102826150053956.
[I 2026-05-22 17:58:25,628] Trial 623 finished with value: 0.6089201513900891 and parameters: {'WG_amp': 0.7112374075904548, 'WG_Phalf': 318.8510138302976, 'WG_k': 15.265319978005381, 'WG_c': 0.763821384390858, 'rate_power': 1.2726646013756322}. Best is trial 579 with value: 0.6102826150053956.
[I 2026-05-22 17:58:25,920] Trial 624 finished with value: 0.5702423497437652 and parameters: {'WG_amp': 0.8601447770448267, 'WG_Phalf': 119.81339639363979, 'WG_k': 40.00667517474604, 'WG_c': 0.08005874007402813, 'rate_power': 1.185184887385169}. Best is trial 579 with value: 0.6102826150053956.
[I 2026-05-22 17:58:26,212] Trial 625 finished with value: 0.5959746328198452 and parameters: {'WG_amp': 0.6508762790439326, 'WG_Phalf': 451.99399015598516, 'WG_k': 20.858575610605264, 'WG_c': 0.09974818775882258, 'rate_power': 1.0973303861895303}. Best is trial 579 with value: 0.6102826150053956.
[I 2026-05-22 17:58:26,505] Trial 626 finished with value: 0.610175035198672 and parameters: {'WG_amp': 0.8887037962525478, 'WG_Phalf': 183.62424275401685, 'WG_k': 88.02408913849611, 'WG_c': 0.9287019673569686, 'rate_power': 1.210558160261488}. Best is trial 579 with value: 0.6102826150053956.
[I 2026-05-22 17:58:26,797] Trial 627 finished with value: 0.6074555147091414 and parameters: {'WG_amp': 0.8649755397517785, 'WG_Phalf': 305.26700749072575, 'WG_k': 68.50680393824118, 'WG_c': 7.880585472744592, 'rate_power': 1.2382751640117546}. Best is trial 579 with value: 0.6102826150053956.
[I 2026-05-22 17:58:27,085] Trial 628 finished with value: 0.5871670364630541 and parameters: {'WG_amp': 0.8684662674230336, 'WG_Phalf': 224.2409165752708, 'WG_k': 70.87324290553661, 'WG_c': 0.17189846958168442, 'rate_power': 1.1948933405802165}. Best is trial 579 with value: 0.6102826150053956.
[I 2026-05-22 17:58:27,377] Trial 629 finished with value: 0.6003237109722289 and parameters: {'WG_amp': 0.8102978424711583, 'WG_Phalf': 137.03666076362296, 'WG_k': 59.20141240637805, 'WG_c': 0.376005543439873, 'rate_power': 1.1914305568825945}. Best is trial 579 with value: 0.6102826150053956.
[I 2026-05-22 17:58:27,666] Trial 630 finished with value: 0.6072409712740705 and parameters: {'WG_amp': 0.7146344008195522, 'WG_Phalf': 204.23489606703203, 'WG_k': 14.303999266469432, 'WG_c': 5.619000472386305, 'rate_power': 1.2057595821762737}. Best is trial 579 with value: 0.6102826150053956.
[I 2026-05-22 17:58:27,958] Trial 631 finished with value: 0.6085740333144707 and parameters: {'WG_amp': 0.6304111648338415, 'WG_Phalf': 182.12261260319252, 'WG_k': 7.9784488484048905, 'WG_c': 0.7602407182590156, 'rate_power': 1.2638611684120489}. Best is trial 579 with value: 0.6102826150053956.
[I 2026-05-22 17:58:28,247] Trial 632 finished with value: 0.608831134327816 and parameters: {'WG_amp': 0.8592900829411104, 'WG_Phalf': 198.75919838221233, 'WG_k': 26.48603378068921, 'WG_c': 1.1908417926504387, 'rate_power': 1.125525836157705}. Best is trial 579 with value: 0.6102826150053956.
[I 2026-05-22 17:58:28,536] Trial 633 finished with value: 0.6056105397960446 and parameters: {'WG_amp': 0.7383973027651232, 'WG_Phalf': 344.3599578641353, 'WG_k': 60.55912581250114, 'WG_c': 0.5305394425235049, 'rate_power': 1.2769310248706154}. Best is trial 579 with value: 0.6102826150053956.
[I 2026-05-22 17:58:28,823] Trial 634 finished with value: 0.6064052059328053 and parameters: {'WG_amp': 0.848940366518929, 'WG_Phalf': 273.48428312930986, 'WG_k': 10.999000272859794, 'WG_c': 0.6125222652757634, 'rate_power': 1.2802486688651464}. Best is trial 579 with value: 0.6102826150053956.
[I 2026-05-22 17:58:29,112] Trial 635 finished with value: 0.6058658189247079 and parameters: {'WG_amp': 0.8144266051567924, 'WG_Phalf': 179.86663947400802, 'WG_k': 99.42163187167104, 'WG_c': 0.5269560587746561, 'rate_power': 1.1618845439928611}. Best is trial 579 with value: 0.6102826150053956.
[I 2026-05-22 17:58:29,402] Trial 636 finished with value: 0.6090501186241919 and parameters: {'WG_amp': 0.8799610462886431, 'WG_Phalf': 435.50521462555696, 'WG_k': 98.65275200696205, 'WG_c': 1.2049923326180862, 'rate_power': 1.1883987380569527}. Best is trial 579 with value: 0.6102826150053956.
[I 2026-05-22 17:58:29,693] Trial 637 finished with value: 0.6064622709209064 and parameters: {'WG_amp': 0.2604651828698945, 'WG_Phalf': 4980.236620741481, 'WG_k': 3.337961835363794, 'WG_c': 0.009483079003520046, 'rate_power': 1.2867970930096615}. Best is trial 579 with value: 0.6102826150053956.
[I 2026-05-22 17:58:29,983] Trial 638 finished with value: 0.6091529460006305 and parameters: {'WG_amp': 0.8294456523146465, 'WG_Phalf': 244.4232138209568, 'WG_k': 83.11074673709159, 'WG_c': 0.7462326599526348, 'rate_power': 1.2226370655152854}. Best is trial 579 with value: 0.6102826150053956.
[I 2026-05-22 17:58:30,270] Trial 639 finished with value: 0.5942166829182629 and parameters: {'WG_amp': 0.8965569158622019, 'WG_Phalf': 197.1305119031856, 'WG_k': 17.06855759355961, 'WG_c': 0.32814264613659716, 'rate_power': 1.2790805024686391}. Best is trial 579 with value: 0.6102826150053956.
[I 2026-05-22 17:58:30,558] Trial 640 finished with value: 0.6068682178955905 and parameters: {'WG_amp': 0.8974397849272393, 'WG_Phalf': 302.21825332110757, 'WG_k': 18.177611938217456, 'WG_c': 3.1691685204215734, 'rate_power': 1.1734146327467014}. Best is trial 579 with value: 0.6102826150053956.
[I 2026-05-22 17:58:30,847] Trial 641 finished with value: 0.6090422699233426 and parameters: {'WG_amp': 0.6427900607287463, 'WG_Phalf': 157.11568875267312, 'WG_k': 12.324070614632502, 'WG_c': 0.6822307095780384, 'rate_power': 1.0946872151592912}. Best is trial 579 with value: 0.6102826150053956.
[I 2026-05-22 17:58:31,134] Trial 642 finished with value: 0.6069604277864296 and parameters: {'WG_amp': 0.7098060918213246, 'WG_Phalf': 116.65100916898116, 'WG_k': 5.338344905143357, 'WG_c': 0.6008614679672242, 'rate_power': 1.1488313909115466}. Best is trial 579 with value: 0.6102826150053956.
[I 2026-05-22 17:58:31,424] Trial 643 finished with value: 0.6071056105248287 and parameters: {'WG_amp': 0.8802281297235465, 'WG_Phalf': 182.7085932363059, 'WG_k': 53.32998728460344, 'WG_c': 2.2371127140095695, 'rate_power': 1.1926883436788442}. Best is trial 579 with value: 0.6102826150053956.
[I 2026-05-22 17:58:31,714] Trial 644 finished with value: 0.6084764514385401 and parameters: {'WG_amp': 0.8910395253653455, 'WG_Phalf': 240.65659319616572, 'WG_k': 6.334027496721447, 'WG_c': 1.4611657794293325, 'rate_power': 1.2053630708201155}. Best is trial 579 with value: 0.6102826150053956.
[I 2026-05-22 17:58:32,005] Trial 645 finished with value: 0.5897696873761857 and parameters: {'WG_amp': 0.878058491008873, 'WG_Phalf': 354.1181795602278, 'WG_k': 16.50309628485537, 'WG_c': 0.18430615631157476, 'rate_power': 1.1995608083921099}. Best is trial 579 with value: 0.6102826150053956.
[I 2026-05-22 17:58:32,295] Trial 646 finished with value: 0.6026688614870882 and parameters: {'WG_amp': 0.6517268360293955, 'WG_Phalf': 2473.395080148332, 'WG_k': 0.10822090140915781, 'WG_c': 0.004813219068744652, 'rate_power': 0.991346811182634}. Best is trial 579 with value: 0.6102826150053956.
[I 2026-05-22 17:58:32,584] Trial 647 finished with value: 0.6094865421475938 and parameters: {'WG_amp': 0.7395617851896115, 'WG_Phalf': 111.98184240146371, 'WG_k': 20.463357565099994, 'WG_c': 1.0753933496396704, 'rate_power': 1.2781268043181546}. Best is trial 579 with value: 0.6102826150053956.
[I 2026-05-22 17:58:32,869] Trial 648 finished with value: 0.5995955237897629 and parameters: {'WG_amp': 0.7669039458143697, 'WG_Phalf': 101.03771257443074, 'WG_k': 25.088646867046865, 'WG_c': 0.2552149389965863, 'rate_power': 1.013356303668725}. Best is trial 579 with value: 0.6102826150053956.
[I 2026-05-22 17:58:33,153] Trial 649 finished with value: 0.6057119216097827 and parameters: {'WG_amp': 0.7568715274515355, 'WG_Phalf': 292.03338119095645, 'WG_k': 36.38561901559226, 'WG_c': 3.0037378096892717, 'rate_power': 1.1016965835876769}. Best is trial 579 with value: 0.6102826150053956.
[I 2026-05-22 17:58:33,437] Trial 650 finished with value: 0.5995849633811989 and parameters: {'WG_amp': 0.8720925940712163, 'WG_Phalf': 826.4343762776238, 'WG_k': 0.029212538153072166, 'WG_c': 0.00027323305554682317, 'rate_power': 1.0353025354678282}. Best is trial 579 with value: 0.6102826150053956.
[I 2026-05-22 17:58:33,723] Trial 651 finished with value: 0.5823633937153934 and parameters: {'WG_amp': 0.8955890362617401, 'WG_Phalf': 108.55171694795747, 'WG_k': 4.473982149611257, 'WG_c': 0.174597699601639, 'rate_power': 1.1196549101265156}. Best is trial 579 with value: 0.6102826150053956.
[I 2026-05-22 17:58:34,012] Trial 652 finished with value: 0.610008358068257 and parameters: {'WG_amp': 0.7397680713691721, 'WG_Phalf': 102.00553716214066, 'WG_k': 25.28541756925471, 'WG_c': 0.9810614619673282, 'rate_power': 1.2125028514183969}. Best is trial 579 with value: 0.6102826150053956.
[I 2026-05-22 17:58:34,297] Trial 653 finished with value: 0.6058239604256404 and parameters: {'WG_amp': 0.7074858920658138, 'WG_Phalf': 150.96695761153342, 'WG_k': 14.121392864820521, 'WG_c': 2.956215178235587, 'rate_power': 1.1071515379670944}. Best is trial 579 with value: 0.6102826150053956.
[I 2026-05-22 17:58:34,582] Trial 654 finished with value: 0.6096258944528028 and parameters: {'WG_amp': 0.6436159766436951, 'WG_Phalf': 153.45004618425395, 'WG_k': 40.66448075952585, 'WG_c': 0.8148307329709951, 'rate_power': 1.217957950017624}. Best is trial 579 with value: 0.6102826150053956.
[I 2026-05-22 17:58:34,868] Trial 655 finished with value: 0.5806947718301986 and parameters: {'WG_amp': 0.8988553704444501, 'WG_Phalf': 150.18852549004913, 'WG_k': 83.52113574270413, 'WG_c': 0.15353920186795889, 'rate_power': 1.2187365101686984}. Best is trial 579 with value: 0.6102826150053956.
[I 2026-05-22 17:58:35,152] Trial 656 finished with value: 0.6088847008382499 and parameters: {'WG_amp': 0.4219045699120745, 'WG_Phalf': 145.7264954739732, 'WG_k': 7.420238109723504, 'WG_c': 0.7514055632957524, 'rate_power': 1.1659590951720769}. Best is trial 579 with value: 0.6102826150053956.
[I 2026-05-22 17:58:35,437] Trial 657 finished with value: 0.6088581910202501 and parameters: {'WG_amp': 0.8994068618595694, 'WG_Phalf': 118.11544935343589, 'WG_k': 39.47281666622299, 'WG_c': 0.7199795627525633, 'rate_power': 1.1904876979377483}. Best is trial 579 with value: 0.6102826150053956.
[I 2026-05-22 17:58:35,727] Trial 658 finished with value: 0.6098287336545908 and parameters: {'WG_amp': 0.8828320410925368, 'WG_Phalf': 266.96321926894734, 'WG_k': 75.65414729974232, 'WG_c': 1.071101394167313, 'rate_power': 1.2221842391179987}. Best is trial 579 with value: 0.6102826150053956.
[I 2026-05-22 17:58:36,022] Trial 659 finished with value: 0.6076773258131394 and parameters: {'WG_amp': 0.8604638223227749, 'WG_Phalf': 274.3396076223642, 'WG_k': 42.465860112605945, 'WG_c': 1.6370216608397532, 'rate_power': 1.2189285719290033}. Best is trial 579 with value: 0.6102826150053956.
[I 2026-05-22 17:58:36,310] Trial 660 finished with value: 0.5957770803828621 and parameters: {'WG_amp': 0.6393147347090189, 'WG_Phalf': 123.0518539204823, 'WG_k': 31.486991752457932, 'WG_c': 0.22563659366197233, 'rate_power': 1.2388291971185939}. Best is trial 579 with value: 0.6102826150053956.
[I 2026-05-22 17:58:36,599] Trial 661 finished with value: 0.6064783925122225 and parameters: {'WG_amp': 0.660559030522923, 'WG_Phalf': 180.1253732106913, 'WG_k': 98.83002918141605, 'WG_c': 1.8718586598201679, 'rate_power': 1.137617340257383}. Best is trial 579 with value: 0.6102826150053956.
[I 2026-05-22 17:58:36,888] Trial 662 finished with value: 0.6063188983328971 and parameters: {'WG_amp': 0.7288786459749289, 'WG_Phalf': 105.59979699098346, 'WG_k': 27.12375247732127, 'WG_c': 6.133254164758706, 'rate_power': 1.1342734057922887}. Best is trial 579 with value: 0.6102826150053956.
[I 2026-05-22 17:58:37,178] Trial 663 finished with value: 0.6084327384023185 and parameters: {'WG_amp': 0.8097975193749525, 'WG_Phalf': 274.6986977412825, 'WG_k': 84.68009273472424, 'WG_c': 1.3895248151616768, 'rate_power': 1.2212678715109748}. Best is trial 579 with value: 0.6102826150053956.
[I 2026-05-22 17:58:37,467] Trial 664 finished with value: 0.6070205863967214 and parameters: {'WG_amp': 0.7748340624684574, 'WG_Phalf': 214.04032592381913, 'WG_k': 32.34285727540014, 'WG_c': 0.5747168263673996, 'rate_power': 1.2037897040513474}. Best is trial 579 with value: 0.6102826150053956.
[I 2026-05-22 17:58:37,759] Trial 665 finished with value: 0.6075241707694259 and parameters: {'WG_amp': 0.7728318903386139, 'WG_Phalf': 145.868054660931, 'WG_k': 10.908099273407695, 'WG_c': 1.8290229355314347, 'rate_power': 1.2146387647761665}. Best is trial 579 with value: 0.6102826150053956.
[I 2026-05-22 17:58:38,054] Trial 666 finished with value: 0.606637255432453 and parameters: {'WG_amp': 0.8805681134477626, 'WG_Phalf': 109.39404584883013, 'WG_k': 59.13252649248109, 'WG_c': 0.6128627282333234, 'rate_power': 1.1929193252388726}. Best is trial 579 with value: 0.6102826150053956.
[I 2026-05-22 17:58:38,349] Trial 667 finished with value: 0.6008974038472377 and parameters: {'WG_amp': 0.42421080392601046, 'WG_Phalf': 1538.7337904856086, 'WG_k': 0.07360413288946208, 'WG_c': 7.695790370218455, 'rate_power': 0.9514717825886825}. Best is trial 579 with value: 0.6102826150053956.
[I 2026-05-22 17:58:38,643] Trial 668 finished with value: 0.6096556726356119 and parameters: {'WG_amp': 0.7899023800321845, 'WG_Phalf': 192.1123637261462, 'WG_k': 57.17940618180067, 'WG_c': 1.0707627111330138, 'rate_power': 1.2410963939534099}. Best is trial 579 with value: 0.6102826150053956.
[I 2026-05-22 17:58:38,937] Trial 669 finished with value: 0.6084029815203201 and parameters: {'WG_amp': 0.6700611737776873, 'WG_Phalf': 103.45153694515817, 'WG_k': 12.270147230275457, 'WG_c': 0.670250234051446, 'rate_power': 1.238271984978737}. Best is trial 579 with value: 0.6102826150053956.
[I 2026-05-22 17:58:39,227] Trial 670 finished with value: 0.6074301231737715 and parameters: {'WG_amp': 0.880685424851277, 'WG_Phalf': 199.0198632457948, 'WG_k': 4.886829246162551, 'WG_c': 5.267936407634862, 'rate_power': 1.2925527598131705}. Best is trial 579 with value: 0.6102826150053956.
[I 2026-05-22 17:58:39,519] Trial 671 finished with value: 0.6053512243390917 and parameters: {'WG_amp': 0.7775829427546683, 'WG_Phalf': 103.56614445224253, 'WG_k': 3.370041081430611, 'WG_c': 0.8121281478941935, 'rate_power': 1.2712745895790292}. Best is trial 579 with value: 0.6102826150053956.
[I 2026-05-22 17:58:39,810] Trial 672 finished with value: 0.5964936816612674 and parameters: {'WG_amp': 0.765955888498877, 'WG_Phalf': 107.20221042551678, 'WG_k': 42.3541468112099, 'WG_c': 0.30001132815398524, 'rate_power': 1.2341758177613733}. Best is trial 579 with value: 0.6102826150053956.
[I 2026-05-22 17:58:40,097] Trial 673 finished with value: 0.6086530810842571 and parameters: {'WG_amp': 0.7757752495658273, 'WG_Phalf': 102.7597053503129, 'WG_k': 16.95132200578193, 'WG_c': 1.2634289675805905, 'rate_power': 1.1505237805439397}. Best is trial 579 with value: 0.6102826150053956.
[I 2026-05-22 17:58:40,388] Trial 674 finished with value: 0.6074061537068404 and parameters: {'WG_amp': 0.7017920320780723, 'WG_Phalf': 192.39078810144107, 'WG_k': 16.096277322793192, 'WG_c': 4.157187881404883, 'rate_power': 1.2966809988573205}. Best is trial 579 with value: 0.6102826150053956.
[I 2026-05-22 17:58:40,675] Trial 675 finished with value: 0.5921568710657535 and parameters: {'WG_amp': 0.8994578210884407, 'WG_Phalf': 100.70271340163559, 'WG_k': 18.050397351019203, 'WG_c': 0.3077802621483921, 'rate_power': 1.2464050656562335}. Best is trial 579 with value: 0.6102826150053956.
[I 2026-05-22 17:58:40,964] Trial 676 finished with value: 0.6083828666974405 and parameters: {'WG_amp': 0.8994286021180606, 'WG_Phalf': 285.47240524084805, 'WG_k': 74.83300114324001, 'WG_c': 0.7032800405689196, 'rate_power': 1.235706112735803}. Best is trial 579 with value: 0.6102826150053956.
[I 2026-05-22 17:58:41,254] Trial 677 finished with value: 0.6067063752082456 and parameters: {'WG_amp': 0.019728030413864506, 'WG_Phalf': 338.88040998990465, 'WG_k': 17.070442684934047, 'WG_c': 0.0002755233876636268, 'rate_power': 1.163788265656244}. Best is trial 579 with value: 0.6102826150053956.
[I 2026-05-22 17:58:41,542] Trial 678 finished with value: 0.5920425856048172 and parameters: {'WG_amp': 0.709317307967944, 'WG_Phalf': 224.3022483010607, 'WG_k': 4.2517546370254315, 'WG_c': 0.277871466211153, 'rate_power': 1.293843323508805}. Best is trial 579 with value: 0.6102826150053956.
[I 2026-05-22 17:58:41,833] Trial 679 finished with value: 0.6074752664067258 and parameters: {'WG_amp': 0.6651706727092007, 'WG_Phalf': 111.02419488379155, 'WG_k': 58.959443834853595, 'WG_c': 5.42822377350416, 'rate_power': 1.250521903091619}. Best is trial 579 with value: 0.6102826150053956.
[I 2026-05-22 17:58:42,122] Trial 680 finished with value: 0.5775465974902798 and parameters: {'WG_amp': 0.8933465468205339, 'WG_Phalf': 222.30610804993793, 'WG_k': 13.606363297957788, 'WG_c': 0.13140595043891806, 'rate_power': 1.2110770879974704}. Best is trial 579 with value: 0.6102826150053956.
[I 2026-05-22 17:58:42,411] Trial 681 finished with value: 0.5740836916471992 and parameters: {'WG_amp': 0.8989155067188097, 'WG_Phalf': 677.5208791316536, 'WG_k': 14.901260678047699, 'WG_c': 0.02325275981904233, 'rate_power': 1.2481340092957316}. Best is trial 579 with value: 0.6102826150053956.
[I 2026-05-22 17:58:42,700] Trial 682 finished with value: 0.609789773110779 and parameters: {'WG_amp': 0.8992861886910583, 'WG_Phalf': 168.0898116471241, 'WG_k': 7.4603095977057725, 'WG_c': 0.8969908763392546, 'rate_power': 1.0539778491622633}. Best is trial 579 with value: 0.6102826150053956.
[I 2026-05-22 17:58:42,991] Trial 683 finished with value: 0.604248035859679 and parameters: {'WG_amp': 0.36008598231894867, 'WG_Phalf': 4408.2901360523265, 'WG_k': 0.7211101998092618, 'WG_c': 0.0006171316331368607, 'rate_power': 1.0362709024235965}. Best is trial 579 with value: 0.6102826150053956.
[I 2026-05-22 17:58:43,278] Trial 684 finished with value: 0.597258636283868 and parameters: {'WG_amp': 0.5539986847894632, 'WG_Phalf': 367.5523837855913, 'WG_k': 0.029205156820597333, 'WG_c': 0.034501993520335894, 'rate_power': 0.8371293268240902}. Best is trial 579 with value: 0.6102826150053956.
[I 2026-05-22 17:58:43,569] Trial 685 finished with value: 0.6062040020711733 and parameters: {'WG_amp': 0.6694691212367885, 'WG_Phalf': 134.82470433586423, 'WG_k': 0.7812936066797903, 'WG_c': 8.181513172310508, 'rate_power': 1.12808757453676}. Best is trial 579 with value: 0.6102826150053956.
[I 2026-05-22 17:58:43,858] Trial 686 finished with value: 0.6032580267137825 and parameters: {'WG_amp': 0.8790364086404084, 'WG_Phalf': 133.53754665344422, 'WG_k': 1.0275627353798384, 'WG_c': 1.3785580734367293, 'rate_power': 1.132558491930344}. Best is trial 579 with value: 0.6102826150053956.
[I 2026-05-22 17:58:44,144] Trial 687 finished with value: 0.5878243453078023 and parameters: {'WG_amp': 0.31427402208001853, 'WG_Phalf': 4991.758294115255, 'WG_k': 0.2688211128125778, 'WG_c': 0.008407674588922368, 'rate_power': 0.7778101185325351}. Best is trial 579 with value: 0.6102826150053956.
[I 2026-05-22 17:58:44,428] Trial 688 finished with value: 0.598278046250352 and parameters: {'WG_amp': 0.8588839457019564, 'WG_Phalf': 186.08863694274368, 'WG_k': 6.330655887340634, 'WG_c': 0.26031874134747135, 'rate_power': 1.0151563729833333}. Best is trial 579 with value: 0.6102826150053956.
[I 2026-05-22 17:58:44,718] Trial 689 finished with value: 0.5990290200983314 and parameters: {'WG_amp': 0.8086156631518928, 'WG_Phalf': 245.34562707595038, 'WG_k': 0.14518905371692536, 'WG_c': 1.6873350809306098, 'rate_power': 0.9927921198413093}. Best is trial 579 with value: 0.6102826150053956.
[I 2026-05-22 17:58:45,009] Trial 690 finished with value: 0.586211856264539 and parameters: {'WG_amp': 0.8932538521918266, 'WG_Phalf': 511.5856794933978, 'WG_k': 77.36699320862368, 'WG_c': 0.1436306178608342, 'rate_power': 1.28557254713217}. Best is trial 579 with value: 0.6102826150053956.
[I 2026-05-22 17:58:45,297] Trial 691 finished with value: 0.6090362731024744 and parameters: {'WG_amp': 0.8972390333738267, 'WG_Phalf': 284.92680067444553, 'WG_k': 29.872977530774172, 'WG_c': 1.284860343931307, 'rate_power': 1.2512701217734234}. Best is trial 579 with value: 0.6102826150053956.
[I 2026-05-22 17:58:45,587] Trial 692 finished with value: 0.6049879402257483 and parameters: {'WG_amp': 0.7655694344495545, 'WG_Phalf': 4997.026789694003, 'WG_k': 0.027042608570102423, 'WG_c': 0.007909541850634817, 'rate_power': 1.1153043578409094}. Best is trial 579 with value: 0.6102826150053956.
[I 2026-05-22 17:58:45,876] Trial 693 finished with value: 0.6054057141388968 and parameters: {'WG_amp': 0.8566335545446954, 'WG_Phalf': 128.78668565699283, 'WG_k': 2.8194462449812283, 'WG_c': 1.72684113555309, 'rate_power': 1.0179379688138945}. Best is trial 579 with value: 0.6102826150053956.
[I 2026-05-22 17:58:46,170] Trial 694 finished with value: 0.6056240616660374 and parameters: {'WG_amp': 0.7903698167506755, 'WG_Phalf': 153.5265746743761, 'WG_k': 7.577585207210014, 'WG_c': 1.4172322284942305, 'rate_power': 1.02586214544167}. Best is trial 579 with value: 0.6102826150053956.
[I 2026-05-22 17:58:46,463] Trial 695 finished with value: 0.6076794699561916 and parameters: {'WG_amp': 0.8620799244482606, 'WG_Phalf': 122.93470045932175, 'WG_k': 4.491719601136382, 'WG_c': 1.4698632326133112, 'rate_power': 1.0922766391697316}. Best is trial 579 with value: 0.6102826150053956.
[I 2026-05-22 17:58:46,752] Trial 696 finished with value: 0.6032752177115015 and parameters: {'WG_amp': 0.8538557843820797, 'WG_Phalf': 123.39405672968341, 'WG_k': 28.385366046598687, 'WG_c': 3.302877850498171, 'rate_power': 1.0202931387045004}. Best is trial 579 with value: 0.6102826150053956.
[I 2026-05-22 17:58:47,045] Trial 697 finished with value: 0.5773093353426916 and parameters: {'WG_amp': 0.7222369923095606, 'WG_Phalf': 143.9596123245872, 'WG_k': 5.231945756534693, 'WG_c': 0.05768881894728732, 'rate_power': 1.2120667116516737}. Best is trial 579 with value: 0.6102826150053956.
[I 2026-05-22 17:58:47,334] Trial 698 finished with value: 0.5945197278570431 and parameters: {'WG_amp': 0.36954763035023525, 'WG_Phalf': 106.40605953443144, 'WG_k': 2.354969835267271, 'WG_c': 0.07769363675536414, 'rate_power': 0.7569842871869089}. Best is trial 579 with value: 0.6102826150053956.
[I 2026-05-22 17:58:47,624] Trial 699 finished with value: 0.5806102205599936 and parameters: {'WG_amp': 0.8958203999208809, 'WG_Phalf': 721.0547350081833, 'WG_k': 41.14280234623275, 'WG_c': 0.002863985327823093, 'rate_power': 1.0636762797683694}. Best is trial 579 with value: 0.6102826150053956.
[I 2026-05-22 17:58:47,909] Trial 700 finished with value: 0.6079806521456671 and parameters: {'WG_amp': 0.8873068933913323, 'WG_Phalf': 142.1784460405752, 'WG_k': 92.12680114159211, 'WG_c': 1.5298995178819075, 'rate_power': 1.2511277432566654}. Best is trial 579 with value: 0.6102826150053956.
[I 2026-05-22 17:58:48,199] Trial 701 finished with value: 0.581724463981108 and parameters: {'WG_amp': 0.16639438622821878, 'WG_Phalf': 1158.0724797601872, 'WG_k': 82.51788000877305, 'WG_c': 0.20592459014454878, 'rate_power': 0.7093366405170183}. Best is trial 579 with value: 0.6102826150053956.
[I 2026-05-22 17:58:48,488] Trial 702 finished with value: 0.6044886127627592 and parameters: {'WG_amp': 0.8830530131478158, 'WG_Phalf': 147.51412170736194, 'WG_k': 9.287380666703482, 'WG_c': 4.093743871827144, 'rate_power': 1.0542448445726167}. Best is trial 579 with value: 0.6102826150053956.
[I 2026-05-22 17:58:48,778] Trial 703 finished with value: 0.6066510319241447 and parameters: {'WG_amp': 0.6972266177217166, 'WG_Phalf': 133.60321445452755, 'WG_k': 7.557620361670393, 'WG_c': 4.283623460836012, 'rate_power': 1.1586092865014228}. Best is trial 579 with value: 0.6102826150053956.
[I 2026-05-22 17:58:49,070] Trial 704 finished with value: 0.6089122032012612 and parameters: {'WG_amp': 0.7808467011407229, 'WG_Phalf': 247.0222599073072, 'WG_k': 37.35924269616338, 'WG_c': 0.661834439478204, 'rate_power': 1.1220295083518843}. Best is trial 579 with value: 0.6102826150053956.
[I 2026-05-22 17:58:49,364] Trial 705 finished with value: 0.5995698521097272 and parameters: {'WG_amp': 0.02528804225415593, 'WG_Phalf': 4898.574881970067, 'WG_k': 4.517569986458481, 'WG_c': 0.003742808055007787, 'rate_power': 0.9419549381874635}. Best is trial 579 with value: 0.6102826150053956.
[I 2026-05-22 17:58:49,661] Trial 706 finished with value: 0.5986073806841878 and parameters: {'WG_amp': 0.8873345927993609, 'WG_Phalf': 176.3633793315113, 'WG_k': 5.008469251484781, 'WG_c': 0.3305793203516631, 'rate_power': 1.0810857760694714}. Best is trial 579 with value: 0.6102826150053956.
[I 2026-05-22 17:58:49,954] Trial 707 finished with value: 0.603004427133695 and parameters: {'WG_amp': 0.3963932442629277, 'WG_Phalf': 461.11051557756207, 'WG_k': 0.21063912947837563, 'WG_c': 0.0010052389712031378, 'rate_power': 1.1695415986871764}. Best is trial 579 with value: 0.6102826150053956.
[I 2026-05-22 17:58:50,243] Trial 708 finished with value: 0.6059002392186943 and parameters: {'WG_amp': 0.8285245087604132, 'WG_Phalf': 233.1625627415475, 'WG_k': 99.77954421570645, 'WG_c': 1.8285316109239411, 'rate_power': 1.1023663374509534}. Best is trial 579 with value: 0.6102826150053956.
[I 2026-05-22 17:58:50,534] Trial 709 finished with value: 0.6069252694500877 and parameters: {'WG_amp': 0.8787096703865113, 'WG_Phalf': 112.24631971971498, 'WG_k': 12.595714679727305, 'WG_c': 2.0929687135770862, 'rate_power': 1.1737817889626776}. Best is trial 579 with value: 0.6102826150053956.
[I 2026-05-22 17:58:50,827] Trial 710 finished with value: 0.5797713808748093 and parameters: {'WG_amp': 0.7881348064535102, 'WG_Phalf': 177.1772740371502, 'WG_k': 11.288692688000133, 'WG_c': 0.08302239127781301, 'rate_power': 1.1296568266798104}. Best is trial 579 with value: 0.6102826150053956.
[I 2026-05-22 17:58:51,116] Trial 711 finished with value: 0.6061290258428996 and parameters: {'WG_amp': 0.670249099723333, 'WG_Phalf': 165.1861170950617, 'WG_k': 21.544369878548483, 'WG_c': 0.48044948244336094, 'rate_power': 1.1871277944094076}. Best is trial 579 with value: 0.6102826150053956.
[I 2026-05-22 17:58:51,405] Trial 712 finished with value: 0.6093728754124477 and parameters: {'WG_amp': 0.8747832096875269, 'WG_Phalf': 205.69347741063675, 'WG_k': 14.239685832389938, 'WG_c': 0.685314743535472, 'rate_power': 1.099959317241891}. Best is trial 579 with value: 0.6102826150053956.
[I 2026-05-22 17:58:51,696] Trial 713 finished with value: 0.5928348110897866 and parameters: {'WG_amp': 0.4577778343269938, 'WG_Phalf': 466.6929221945855, 'WG_k': 0.1215531982324837, 'WG_c': 6.483898341549097, 'rate_power': 0.8053312754051358}. Best is trial 579 with value: 0.6102826150053956.
[I 2026-05-22 17:58:51,986] Trial 714 finished with value: 0.6082594747224516 and parameters: {'WG_amp': 0.723498693851651, 'WG_Phalf': 234.6460582375508, 'WG_k': 10.598379975488033, 'WG_c': 1.150117780744909, 'rate_power': 1.0835117589981005}. Best is trial 579 with value: 0.6102826150053956.
[I 2026-05-22 17:58:52,277] Trial 715 finished with value: 0.5924968128974796 and parameters: {'WG_amp': 0.7809068773711281, 'WG_Phalf': 114.84162073145959, 'WG_k': 30.90857680471245, 'WG_c': 0.1802941098145249, 'rate_power': 1.085653468805833}. Best is trial 579 with value: 0.6102826150053956.
[I 2026-05-22 17:58:52,565] Trial 716 finished with value: 0.6028067075118302 and parameters: {'WG_amp': 0.6571832455846319, 'WG_Phalf': 1657.734464820226, 'WG_k': 0.03794402091465957, 'WG_c': 0.00033731318198608224, 'rate_power': 1.195235041325883}. Best is trial 579 with value: 0.6102826150053956.
[I 2026-05-22 17:58:52,855] Trial 717 finished with value: 0.6079294228844782 and parameters: {'WG_amp': 0.7207129419576422, 'WG_Phalf': 138.28938375476895, 'WG_k': 15.618005816987944, 'WG_c': 1.3542006069601686, 'rate_power': 1.1424296519780275}. Best is trial 579 with value: 0.6102826150053956.
[I 2026-05-22 17:58:53,143] Trial 718 finished with value: 0.6093175716115041 and parameters: {'WG_amp': 0.7515022667863015, 'WG_Phalf': 217.38843578306427, 'WG_k': 14.138708435130061, 'WG_c': 0.7597368491549547, 'rate_power': 1.2363054615044515}. Best is trial 579 with value: 0.6102826150053956.
[I 2026-05-22 17:58:53,432] Trial 719 finished with value: 0.6074236640919679 and parameters: {'WG_amp': 0.828751796007136, 'WG_Phalf': 121.2500698308609, 'WG_k': 26.69917104570721, 'WG_c': 1.5184897007324651, 'rate_power': 1.1617098975414955}. Best is trial 579 with value: 0.6102826150053956.
[I 2026-05-22 17:58:53,716] Trial 720 finished with value: 0.602676944716701 and parameters: {'WG_amp': 0.8296527330284427, 'WG_Phalf': 3906.128182442853, 'WG_k': 1.986556779167643, 'WG_c': 0.0017600367565721, 'rate_power': 1.2889276497471207}. Best is trial 579 with value: 0.6102826150053956.
[I 2026-05-22 17:58:54,007] Trial 721 finished with value: 0.5982893090431968 and parameters: {'WG_amp': 0.7384556519864913, 'WG_Phalf': 225.17665409220487, 'WG_k': 79.49205417224516, 'WG_c': 0.22553739332801356, 'rate_power': 1.103591251717085}. Best is trial 579 with value: 0.6102826150053956.
[I 2026-05-22 17:58:54,298] Trial 722 finished with value: 0.6065964608049991 and parameters: {'WG_amp': 0.8451468759160087, 'WG_Phalf': 184.2381626992895, 'WG_k': 12.452076761358235, 'WG_c': 2.650312603060159, 'rate_power': 1.1550061298998886}. Best is trial 579 with value: 0.6102826150053956.
[I 2026-05-22 17:58:54,588] Trial 723 finished with value: 0.5918789259094318 and parameters: {'WG_amp': 0.8953264978253688, 'WG_Phalf': 143.7317886899821, 'WG_k': 11.571454523658426, 'WG_c': 0.26801322306769165, 'rate_power': 1.170924358021101}. Best is trial 579 with value: 0.6102826150053956.
[I 2026-05-22 17:58:54,875] Trial 724 finished with value: 0.6065255051476617 and parameters: {'WG_amp': 0.07580208263462135, 'WG_Phalf': 252.44062373803692, 'WG_k': 0.04389742666755187, 'WG_c': 0.0070254637773966575, 'rate_power': 1.1907939667159988}. Best is trial 579 with value: 0.6102826150053956.
[I 2026-05-22 17:58:55,165] Trial 725 finished with value: 0.6045873671836719 and parameters: {'WG_amp': 0.690571361573123, 'WG_Phalf': 530.6272796880519, 'WG_k': 7.485348020795261, 'WG_c': 0.5931229830173376, 'rate_power': 0.9167991244988398}. Best is trial 579 with value: 0.6102826150053956.
[I 2026-05-22 17:58:55,455] Trial 726 finished with value: 0.6077234368359793 and parameters: {'WG_amp': 0.7589419093306757, 'WG_Phalf': 237.32219038694666, 'WG_k': 4.907348310540317, 'WG_c': 0.6834247801206187, 'rate_power': 1.1652269793099546}. Best is trial 579 with value: 0.6102826150053956.
[I 2026-05-22 17:58:55,744] Trial 727 finished with value: 0.6079662030497132 and parameters: {'WG_amp': 0.7423105742741419, 'WG_Phalf': 234.3140102081397, 'WG_k': 9.250867211871158, 'WG_c': 1.5989351623170982, 'rate_power': 1.230204698468281}. Best is trial 579 with value: 0.6102826150053956.
[I 2026-05-22 17:58:56,035] Trial 728 finished with value: 0.6051345463269989 and parameters: {'WG_amp': 0.0061693214812890695, 'WG_Phalf': 2346.0367620201905, 'WG_k': 1.6230572642597556, 'WG_c': 0.6529277047123937, 'rate_power': 1.0766015394635775}. Best is trial 579 with value: 0.6102826150053956.
[I 2026-05-22 17:58:56,324] Trial 729 finished with value: 0.6073359972426013 and parameters: {'WG_amp': 0.8997453731857069, 'WG_Phalf': 273.1070794591621, 'WG_k': 44.648794492258546, 'WG_c': 1.807706548883527, 'rate_power': 1.2004805633773834}. Best is trial 579 with value: 0.6102826150053956.
[I 2026-05-22 17:58:56,613] Trial 730 finished with value: 0.6056229246629351 and parameters: {'WG_amp': 0.8972309610919257, 'WG_Phalf': 106.3854573230953, 'WG_k': 16.895694715124378, 'WG_c': 0.4744676552954751, 'rate_power': 1.0219118587163774}. Best is trial 579 with value: 0.6102826150053956.
[I 2026-05-22 17:58:56,903] Trial 731 finished with value: 0.580488436854311 and parameters: {'WG_amp': 0.7632876092900636, 'WG_Phalf': 232.91500121180061, 'WG_k': 35.10375835030919, 'WG_c': 0.11295744871663523, 'rate_power': 1.2972454867539307}. Best is trial 579 with value: 0.6102826150053956.
[I 2026-05-22 17:58:57,191] Trial 732 finished with value: 0.6074308729928278 and parameters: {'WG_amp': 0.8496580194745941, 'WG_Phalf': 299.33056388524057, 'WG_k': 75.91572996751671, 'WG_c': 4.207320918893216, 'rate_power': 1.2949206084740588}. Best is trial 579 with value: 0.6102826150053956.
[I 2026-05-22 17:58:57,482] Trial 733 finished with value: 0.5994135049061358 and parameters: {'WG_amp': 0.6804011957527893, 'WG_Phalf': 249.26789868351838, 'WG_k': 2.942173900401885, 'WG_c': 0.1723947888087751, 'rate_power': 1.0494361415303226}. Best is trial 579 with value: 0.6102826150053956.
[I 2026-05-22 17:58:57,774] Trial 734 finished with value: 0.6027177813317375 and parameters: {'WG_amp': 0.5115709235169736, 'WG_Phalf': 331.6625808607192, 'WG_k': 98.27084872535762, 'WG_c': 1.5857497143134385, 'rate_power': 0.9973735816118534}. Best is trial 579 with value: 0.6102826150053956.
[I 2026-05-22 17:58:58,063] Trial 735 finished with value: 0.6025517870396988 and parameters: {'WG_amp': 0.8982671294477543, 'WG_Phalf': 248.12653292385824, 'WG_k': 50.05317465890463, 'WG_c': 0.5062178017670586, 'rate_power': 1.2922315806025206}. Best is trial 579 with value: 0.6102826150053956.
[I 2026-05-22 17:58:58,352] Trial 736 finished with value: 0.6016543157231049 and parameters: {'WG_amp': 0.6032266563221851, 'WG_Phalf': 576.8682703840395, 'WG_k': 0.06169763375334989, 'WG_c': 5.46872747962599, 'rate_power': 1.1729359746597998}. Best is trial 579 with value: 0.6102826150053956.
[I 2026-05-22 17:58:58,643] Trial 737 finished with value: 0.6068475722279912 and parameters: {'WG_amp': 0.7831036193105456, 'WG_Phalf': 166.24148541644558, 'WG_k': 92.61206838874025, 'WG_c': 7.238330733360873, 'rate_power': 1.171470531419612}. Best is trial 579 with value: 0.6102826150053956.
[I 2026-05-22 17:58:58,934] Trial 738 finished with value: 0.6098426311509288 and parameters: {'WG_amp': 0.7781240543120965, 'WG_Phalf': 119.32587584589305, 'WG_k': 95.4950605953952, 'WG_c': 0.853849417309618, 'rate_power': 1.2168020133079596}. Best is trial 579 with value: 0.6102826150053956.
[I 2026-05-22 17:58:59,222] Trial 739 finished with value: 0.607521609295458 and parameters: {'WG_amp': 0.7961602853105577, 'WG_Phalf': 106.73439714481832, 'WG_k': 20.14159231969781, 'WG_c': 1.8845596389045367, 'rate_power': 1.2202345786962046}. Best is trial 579 with value: 0.6102826150053956.
[I 2026-05-22 17:58:59,510] Trial 740 finished with value: 0.6057660589128672 and parameters: {'WG_amp': 0.441618341959759, 'WG_Phalf': 153.12018843223387, 'WG_k': 70.84195980982794, 'WG_c': 4.873845600372105, 'rate_power': 1.104225450504532}. Best is trial 579 with value: 0.6102826150053956.
[I 2026-05-22 17:58:59,798] Trial 741 finished with value: 0.6074230756013598 and parameters: {'WG_amp': 0.6873431212151124, 'WG_Phalf': 178.12491577969703, 'WG_k': 87.42492342232589, 'WG_c': 2.338483869772887, 'rate_power': 1.2295663394134744}. Best is trial 579 with value: 0.6102826150053956.
[I 2026-05-22 17:59:00,086] Trial 742 finished with value: 0.6074683025104534 and parameters: {'WG_amp': 0.8739840217607555, 'WG_Phalf': 133.36747531081747, 'WG_k': 50.70617549749138, 'WG_c': 7.599459211335506, 'rate_power': 1.2432341275169252}. Best is trial 579 with value: 0.6102826150053956.
[I 2026-05-22 17:59:00,376] Trial 743 finished with value: 0.5976726015825807 and parameters: {'WG_amp': 0.28250062363165773, 'WG_Phalf': 585.5983766765171, 'WG_k': 0.8513512695691932, 'WG_c': 0.6950340073530761, 'rate_power': 0.8732098015980525}. Best is trial 579 with value: 0.6102826150053956.
[I 2026-05-22 17:59:00,674] Trial 744 finished with value: 0.6071536365607059 and parameters: {'WG_amp': 0.7550943963527957, 'WG_Phalf': 101.87339047765103, 'WG_k': 59.43430123299915, 'WG_c': 1.9958411017457685, 'rate_power': 1.1925235356909454}. Best is trial 579 with value: 0.6102826150053956.
[I 2026-05-22 17:59:00,965] Trial 745 finished with value: 0.6058125108256323 and parameters: {'WG_amp': 0.8826658763172044, 'WG_Phalf': 110.16783928118755, 'WG_k': 89.59247636031333, 'WG_c': 0.5470033739992003, 'rate_power': 1.1326819222894395}. Best is trial 579 with value: 0.6102826150053956.
[I 2026-05-22 17:59:01,251] Trial 746 finished with value: 0.6053374671389681 and parameters: {'WG_amp': 0.02839603253198525, 'WG_Phalf': 3290.981482789714, 'WG_k': 33.19320919987918, 'WG_c': 0.000941242619045827, 'rate_power': 1.0833129965549415}. Best is trial 579 with value: 0.6102826150053956.
[I 2026-05-22 17:59:01,535] Trial 747 finished with value: 0.6067137778244003 and parameters: {'WG_amp': 0.7081415529207282, 'WG_Phalf': 118.46125209808315, 'WG_k': 32.41476719554243, 'WG_c': 0.587240967091542, 'rate_power': 1.2479013522009936}. Best is trial 579 with value: 0.6102826150053956.
[I 2026-05-22 17:59:01,821] Trial 748 finished with value: 0.6007183879910978 and parameters: {'WG_amp': 0.23300656877952164, 'WG_Phalf': 1170.3931516722594, 'WG_k': 0.020710620817899237, 'WG_c': 0.10494458073698608, 'rate_power': 0.9494948110394267}. Best is trial 579 with value: 0.6102826150053956.
[I 2026-05-22 17:59:02,109] Trial 749 finished with value: 0.6057729628632132 and parameters: {'WG_amp': 0.23322861699096195, 'WG_Phalf': 2739.20738609113, 'WG_k': 0.2988038914041461, 'WG_c': 0.2433953029027456, 'rate_power': 1.1273913241674647}. Best is trial 579 with value: 0.6102826150053956.
[I 2026-05-22 17:59:02,399] Trial 750 finished with value: 0.6063865003436193 and parameters: {'WG_amp': 0.883155823836209, 'WG_Phalf': 499.82420004999614, 'WG_k': 15.223135181987242, 'WG_c': 9.619165259460663, 'rate_power': 1.138743581677568}. Best is trial 579 with value: 0.6102826150053956.
[I 2026-05-22 17:59:02,690] Trial 751 finished with value: 0.5880209533928645 and parameters: {'WG_amp': 0.7010868252068948, 'WG_Phalf': 107.05610983818369, 'WG_k': 4.367930180858617, 'WG_c': 0.1413956719560284, 'rate_power': 1.1675540478663022}. Best is trial 579 with value: 0.6102826150053956.
[I 2026-05-22 17:59:02,980] Trial 752 finished with value: 0.6085001977710012 and parameters: {'WG_amp': 0.8950516437281336, 'WG_Phalf': 292.14050544747573, 'WG_k': 23.564685634080963, 'WG_c': 1.2762941037936821, 'rate_power': 1.138883462332399}. Best is trial 579 with value: 0.6102826150053956.
[I 2026-05-22 17:59:03,270] Trial 753 finished with value: 0.6088247672524909 and parameters: {'WG_amp': 0.609497860591423, 'WG_Phalf': 109.2621657353941, 'WG_k': 87.4166954602859, 'WG_c': 0.7082001442493735, 'rate_power': 1.2132027411724802}. Best is trial 579 with value: 0.6102826150053956.
[I 2026-05-22 17:59:03,559] Trial 754 finished with value: 0.5851954511887357 and parameters: {'WG_amp': 0.725549086735018, 'WG_Phalf': 100.73493398869002, 'WG_k': 14.62829250599122, 'WG_c': 0.1335142994885265, 'rate_power': 1.1704736676809082}. Best is trial 579 with value: 0.6102826150053956.
[I 2026-05-22 17:59:03,850] Trial 755 finished with value: 0.589150134777834 and parameters: {'WG_amp': 0.8501053121814776, 'WG_Phalf': 364.9348308070776, 'WG_k': 0.6047816486971304, 'WG_c': 0.6775713424857888, 'rate_power': 1.2947479438438507}. Best is trial 579 with value: 0.6102826150053956.
[I 2026-05-22 17:59:04,140] Trial 756 finished with value: 0.572609917004713 and parameters: {'WG_amp': 0.7533230360511329, 'WG_Phalf': 144.86162774248638, 'WG_k': 73.11209228111409, 'WG_c': 0.058027324571473776, 'rate_power': 1.2302443860162957}. Best is trial 579 with value: 0.6102826150053956.
[I 2026-05-22 17:59:04,430] Trial 757 finished with value: 0.6014322262167705 and parameters: {'WG_amp': 0.7743980214855323, 'WG_Phalf': 183.35658435542385, 'WG_k': 30.192402885944464, 'WG_c': 0.35847267443173947, 'rate_power': 1.188447973450725}. Best is trial 579 with value: 0.6102826150053956.
[I 2026-05-22 17:59:04,722] Trial 758 finished with value: 0.6081408451234336 and parameters: {'WG_amp': 0.7308012307255607, 'WG_Phalf': 197.87151246152757, 'WG_k': 34.05708738336063, 'WG_c': 1.4422923151472447, 'rate_power': 1.2935859491239314}. Best is trial 579 with value: 0.6102826150053956.
[I 2026-05-22 17:59:05,013] Trial 759 finished with value: 0.6085533475582439 and parameters: {'WG_amp': 0.7525708681307715, 'WG_Phalf': 171.9777643853237, 'WG_k': 3.099132562599055, 'WG_c': 1.2148093894393353, 'rate_power': 1.2144695493317095}. Best is trial 579 with value: 0.6102826150053956.
[I 2026-05-22 17:59:05,304] Trial 760 finished with value: 0.6101537684374603 and parameters: {'WG_amp': 0.8799255095052811, 'WG_Phalf': 164.20405136954577, 'WG_k': 19.197226570924244, 'WG_c': 0.9251906446302909, 'rate_power': 1.2366531516305448}. Best is trial 579 with value: 0.6102826150053956.
[I 2026-05-22 17:59:05,590] Trial 761 finished with value: 0.6046913273290074 and parameters: {'WG_amp': 0.7623421688523004, 'WG_Phalf': 104.83315065171632, 'WG_k': 97.58076478700164, 'WG_c': 0.46233677080196683, 'rate_power': 1.1393235344589148}. Best is trial 579 with value: 0.6102826150053956.
[I 2026-05-22 17:59:05,875] Trial 762 finished with value: 0.6083948725610084 and parameters: {'WG_amp': 0.8698719845099199, 'WG_Phalf': 171.75881988775075, 'WG_k': 13.08078990416362, 'WG_c': 1.3826632697911434, 'rate_power': 1.177899528347972}. Best is trial 579 with value: 0.6102826150053956.
[I 2026-05-22 17:59:06,160] Trial 763 finished with value: 0.5791121424068941 and parameters: {'WG_amp': 0.8958381691079692, 'WG_Phalf': 188.71132972048616, 'WG_k': 15.087475026245317, 'WG_c': 0.14129648145452783, 'rate_power': 1.189562249675201}. Best is trial 579 with value: 0.6102826150053956.
[I 2026-05-22 17:59:06,445] Trial 764 finished with value: 0.6012968290388072 and parameters: {'WG_amp': 0.8732406364396317, 'WG_Phalf': 117.9038841998056, 'WG_k': 6.0168484740377295, 'WG_c': 0.5186953731480798, 'rate_power': 1.2588228187146322}. Best is trial 579 with value: 0.6102826150053956.
[I 2026-05-22 17:59:06,730] Trial 765 finished with value: 0.6074270708191923 and parameters: {'WG_amp': 0.8286207654062925, 'WG_Phalf': 147.3609360555294, 'WG_k': 9.796585379744267, 'WG_c': 2.2673464687225486, 'rate_power': 1.2977617828558652}. Best is trial 579 with value: 0.6102826150053956.
[I 2026-05-22 17:59:07,020] Trial 766 finished with value: 0.6071865625886608 and parameters: {'WG_amp': 0.6456214867550653, 'WG_Phalf': 118.51088809558024, 'WG_k': 2.9271097044523997, 'WG_c': 6.6375312503168, 'rate_power': 1.204308446197926}. Best is trial 579 with value: 0.6102826150053956.
[I 2026-05-22 17:59:07,304] Trial 767 finished with value: 0.6074543625247569 and parameters: {'WG_amp': 0.806605412039394, 'WG_Phalf': 128.2467119226128, 'WG_k': 88.31825464682476, 'WG_c': 1.6648824379745712, 'rate_power': 1.2009665155222378}. Best is trial 579 with value: 0.6102826150053956.
[I 2026-05-22 17:59:07,588] Trial 768 finished with value: 0.6063686389753126 and parameters: {'WG_amp': 0.8998011652535074, 'WG_Phalf': 172.43482771706397, 'WG_k': 6.166768856556269, 'WG_c': 2.381454290929689, 'rate_power': 1.1356400801911535}. Best is trial 579 with value: 0.6102826150053956.
[I 2026-05-22 17:59:07,872] Trial 769 finished with value: 0.5789460483517325 and parameters: {'WG_amp': 0.7412950731970123, 'WG_Phalf': 103.77166139881479, 'WG_k': 28.42109563713717, 'WG_c': 0.12198942601493622, 'rate_power': 1.279551676653696}. Best is trial 579 with value: 0.6102826150053956.
[I 2026-05-22 17:59:08,157] Trial 770 finished with value: 0.6066187850375143 and parameters: {'WG_amp': 0.8746699706596196, 'WG_Phalf': 109.75809857788624, 'WG_k': 6.476421336802811, 'WG_c': 0.6236195330844498, 'rate_power': 1.188958816003344}. Best is trial 579 with value: 0.6102826150053956.
[I 2026-05-22 17:59:08,441] Trial 771 finished with value: 0.6033672162839316 and parameters: {'WG_amp': 0.5747805661136827, 'WG_Phalf': 117.45051181729593, 'WG_k': 7.11373145620264, 'WG_c': 0.38429505610014403, 'rate_power': 1.2065278445396725}. Best is trial 579 with value: 0.6102826150053956.
[I 2026-05-22 17:59:08,727] Trial 772 finished with value: 0.6050379958963124 and parameters: {'WG_amp': 0.7346946453743108, 'WG_Phalf': 131.88866658303698, 'WG_k': 16.90089364038369, 'WG_c': 0.41905589740448584, 'rate_power': 1.120727561596332}. Best is trial 579 with value: 0.6102826150053956.
[I 2026-05-22 17:59:09,018] Trial 773 finished with value: 0.6060596342195727 and parameters: {'WG_amp': 0.6689955934370723, 'WG_Phalf': 101.21862875674003, 'WG_k': 31.643490479449813, 'WG_c': 0.48228536200700023, 'rate_power': 1.1593169418438154}. Best is trial 579 with value: 0.6102826150053956.
[I 2026-05-22 17:59:09,304] Trial 774 finished with value: 0.6075476846779458 and parameters: {'WG_amp': 0.8829758091554301, 'WG_Phalf': 122.96502258414745, 'WG_k': 34.41073215782922, 'WG_c': 1.9517688411286098, 'rate_power': 1.2415067745850903}. Best is trial 579 with value: 0.6102826150053956.
[I 2026-05-22 17:59:09,589] Trial 775 finished with value: 0.6070110138348661 and parameters: {'WG_amp': 0.8494024812979136, 'WG_Phalf': 225.58488042686326, 'WG_k': 23.10412737349696, 'WG_c': 0.5770096755723876, 'rate_power': 1.185473308208653}. Best is trial 579 with value: 0.6102826150053956.
[I 2026-05-22 17:59:09,883] Trial 776 finished with value: 0.5991997994663595 and parameters: {'WG_amp': 0.5958024913150681, 'WG_Phalf': 106.0338018128245, 'WG_k': 44.90532650262265, 'WG_c': 1.4978554235726038, 'rate_power': 0.9188553522395215}. Best is trial 579 with value: 0.6102826150053956.
[I 2026-05-22 17:59:10,192] Trial 777 finished with value: 0.59301828053736 and parameters: {'WG_amp': 0.7140055792681694, 'WG_Phalf': 231.7863200395513, 'WG_k': 86.46857506116146, 'WG_c': 0.17217281748659832, 'rate_power': 1.1947618198597536}. Best is trial 579 with value: 0.6102826150053956.
[I 2026-05-22 17:59:10,482] Trial 778 finished with value: 0.6095947816687439 and parameters: {'WG_amp': 0.7827940050991788, 'WG_Phalf': 210.816140620544, 'WG_k': 88.1031586686906, 'WG_c': 1.041325568916477, 'rate_power': 1.2609458215056697}. Best is trial 579 with value: 0.6102826150053956.
[I 2026-05-22 17:59:10,771] Trial 779 finished with value: 0.6073933223416084 and parameters: {'WG_amp': 0.8955024174527157, 'WG_Phalf': 214.67375540364128, 'WG_k': 26.875131851180765, 'WG_c': 7.993074411453175, 'rate_power': 1.299545275134454}. Best is trial 579 with value: 0.6102826150053956.
[I 2026-05-22 17:59:11,058] Trial 780 finished with value: 0.5772891389124937 and parameters: {'WG_amp': 0.8803000238152833, 'WG_Phalf': 278.2262408194421, 'WG_k': 6.364677354197306, 'WG_c': 0.15944807489206672, 'rate_power': 1.2901167424935072}. Best is trial 579 with value: 0.6102826150053956.
[I 2026-05-22 17:59:11,348] Trial 781 finished with value: 0.6074315460967349 and parameters: {'WG_amp': 0.8033804892808101, 'WG_Phalf': 104.19677721427571, 'WG_k': 85.5132602943071, 'WG_c': 2.21223561758983, 'rate_power': 1.2927931374145285}. Best is trial 579 with value: 0.6102826150053956.
[I 2026-05-22 17:59:11,638] Trial 782 finished with value: 0.6009150433281353 and parameters: {'WG_amp': 0.5812852291582226, 'WG_Phalf': 756.3274746636583, 'WG_k': 0.01641943004853517, 'WG_c': 0.002882185433998307, 'rate_power': 0.9432487899188229}. Best is trial 579 with value: 0.6102826150053956.
[I 2026-05-22 17:59:11,927] Trial 783 finished with value: 0.6100163549541273 and parameters: {'WG_amp': 0.8347104984761468, 'WG_Phalf': 220.67730251326134, 'WG_k': 76.20721096435044, 'WG_c': 0.8504949785280023, 'rate_power': 1.1379447718117344}. Best is trial 579 with value: 0.6102826150053956.
[I 2026-05-22 17:59:12,216] Trial 784 finished with value: 0.6063546442458796 and parameters: {'WG_amp': 0.8576431902740094, 'WG_Phalf': 253.56576885120737, 'WG_k': 55.78859343590681, 'WG_c': 2.4885416954549964, 'rate_power': 1.1365949618668112}. Best is trial 579 with value: 0.6102826150053956.
[I 2026-05-22 17:59:12,506] Trial 785 finished with value: 0.5885626079091181 and parameters: {'WG_amp': 0.7851932431910388, 'WG_Phalf': 218.76812659749137, 'WG_k': 71.74201083759942, 'WG_c': 0.15098853458542782, 'rate_power': 1.1914802617482176}. Best is trial 579 with value: 0.6102826150053956.
[I 2026-05-22 17:59:12,796] Trial 786 finished with value: 0.5828129057342244 and parameters: {'WG_amp': 0.8706602929346046, 'WG_Phalf': 353.41670221365894, 'WG_k': 54.21878224069053, 'WG_c': 0.08753948760154333, 'rate_power': 1.1533924311907773}. Best is trial 579 with value: 0.6102826150053956.
[I 2026-05-22 17:59:13,086] Trial 787 finished with value: 0.6062212537177759 and parameters: {'WG_amp': 0.8686836728946895, 'WG_Phalf': 195.25906189018514, 'WG_k': 88.8502422820355, 'WG_c': 2.5152209159781544, 'rate_power': 1.1287311911084545}. Best is trial 579 with value: 0.6102826150053956.
[I 2026-05-22 17:59:13,369] Trial 788 finished with value: 0.6071634854046344 and parameters: {'WG_amp': 0.5455393897242411, 'WG_Phalf': 224.8149303321974, 'WG_k': 12.422906929357506, 'WG_c': 2.8143313751307626, 'rate_power': 1.200627807057693}. Best is trial 579 with value: 0.6102826150053956.
[I 2026-05-22 17:59:13,665] Trial 789 finished with value: 0.6075058446058186 and parameters: {'WG_amp': 0.8960539852103883, 'WG_Phalf': 421.98721857660996, 'WG_k': 86.65955337585508, 'WG_c': 0.849405137514853, 'rate_power': 0.9845031426140718}. Best is trial 579 with value: 0.6102826150053956.
[I 2026-05-22 17:59:13,955] Trial 790 finished with value: 0.601477839633886 and parameters: {'WG_amp': 0.3700955321453635, 'WG_Phalf': 378.91679591519073, 'WG_k': 7.333308341292751, 'WG_c': 0.0027908905779368445, 'rate_power': 1.100546127051472}. Best is trial 579 with value: 0.6102826150053956.
[I 2026-05-22 17:59:14,245] Trial 791 finished with value: 0.5845817101243527 and parameters: {'WG_amp': 0.009629994241910633, 'WG_Phalf': 161.02774705154604, 'WG_k': 24.33756212237193, 'WG_c': 0.130090936510261, 'rate_power': 0.7543232080955731}. Best is trial 579 with value: 0.6102826150053956.
[I 2026-05-22 17:59:14,534] Trial 792 finished with value: 0.609882293829747 and parameters: {'WG_amp': 0.7396391317710632, 'WG_Phalf': 197.20577925860474, 'WG_k': 20.473047728078225, 'WG_c': 0.9882169298725959, 'rate_power': 1.1701194548343854}. Best is trial 579 with value: 0.6102826150053956.
[I 2026-05-22 17:59:14,828] Trial 793 finished with value: 0.6066071417366242 and parameters: {'WG_amp': 0.6917254477254084, 'WG_Phalf': 273.6252747960171, 'WG_k': 70.88075434705276, 'WG_c': 5.662100560486392, 'rate_power': 1.1557486708375906}. Best is trial 579 with value: 0.6102826150053956.
[I 2026-05-22 17:59:15,118] Trial 794 finished with value: 0.5872939755694848 and parameters: {'WG_amp': 0.8904184121625914, 'WG_Phalf': 204.61757945233796, 'WG_k': 53.9758071908808, 'WG_c': 0.12924133504659027, 'rate_power': 1.0493284082126633}. Best is trial 579 with value: 0.6102826150053956.
[I 2026-05-22 17:59:15,408] Trial 795 finished with value: 0.6067035769570585 and parameters: {'WG_amp': 0.6929106059562483, 'WG_Phalf': 169.05556066850014, 'WG_k': 45.682430441299026, 'WG_c': 1.6130340614965983, 'rate_power': 1.1343194986600675}. Best is trial 579 with value: 0.6102826150053956.
[I 2026-05-22 17:59:15,695] Trial 796 finished with value: 0.6012323651240389 and parameters: {'WG_amp': 0.7286955192338825, 'WG_Phalf': 241.95667330364464, 'WG_k': 98.19356712848833, 'WG_c': 0.3392969454695183, 'rate_power': 1.213636897347986}. Best is trial 579 with value: 0.6102826150053956.
[I 2026-05-22 17:59:15,980] Trial 797 finished with value: 0.6059543142483789 and parameters: {'WG_amp': 0.8930017403462865, 'WG_Phalf': 208.15813216605318, 'WG_k': 42.40905692210383, 'WG_c': 0.5233464748658181, 'rate_power': 1.128093681824081}. Best is trial 579 with value: 0.6102826150053956.
[I 2026-05-22 17:59:16,265] Trial 798 finished with value: 0.6077299379561911 and parameters: {'WG_amp': 0.7321135727301641, 'WG_Phalf': 161.64353813056655, 'WG_k': 10.356323510480053, 'WG_c': 1.4587845992352377, 'rate_power': 1.1564916258877396}. Best is trial 579 with value: 0.6102826150053956.
[I 2026-05-22 17:59:16,552] Trial 799 finished with value: 0.6081096091201854 and parameters: {'WG_amp': 0.7934121811734118, 'WG_Phalf': 108.2070065348195, 'WG_k': 16.38137830555771, 'WG_c': 1.4500124018470968, 'rate_power': 1.1911842423015215}. Best is trial 579 with value: 0.6102826150053956.
[I 2026-05-22 17:59:16,842] Trial 800 finished with value: 0.5970695788695926 and parameters: {'WG_amp': 0.8918866995651269, 'WG_Phalf': 231.77325935521105, 'WG_k': 54.05412750655315, 'WG_c': 0.3319290555489594, 'rate_power': 1.2313724536281065}. Best is trial 579 with value: 0.6102826150053956.
[I 2026-05-22 17:59:17,128] Trial 801 finished with value: 0.6092600192361447 and parameters: {'WG_amp': 0.8952519236462415, 'WG_Phalf': 210.48514745203167, 'WG_k': 14.28953250970959, 'WG_c': 1.2543203169190469, 'rate_power': 1.2158165994077275}. Best is trial 579 with value: 0.6102826150053956.
[I 2026-05-22 17:59:17,417] Trial 802 finished with value: 0.5992797405595851 and parameters: {'WG_amp': 0.6450136318553725, 'WG_Phalf': 196.7539276234734, 'WG_k': 7.340076001788418, 'WG_c': 0.27593919891688856, 'rate_power': 1.1922665466108031}. Best is trial 579 with value: 0.6102826150053956.
[I 2026-05-22 17:59:17,707] Trial 803 finished with value: 0.6023840038818201 and parameters: {'WG_amp': 0.7545115750047917, 'WG_Phalf': 195.61449007733742, 'WG_k': 71.64697896668036, 'WG_c': 1.6656942566867206, 'rate_power': 0.9897671519765471}. Best is trial 579 with value: 0.6102826150053956.
[I 2026-05-22 17:59:17,998] Trial 804 finished with value: 0.6034893606039566 and parameters: {'WG_amp': 0.7601252013893323, 'WG_Phalf': 111.65079597999319, 'WG_k': 11.086774881606713, 'WG_c': 0.46967545213402906, 'rate_power': 1.2357071374227777}. Best is trial 579 with value: 0.6102826150053956.
[I 2026-05-22 17:59:18,289] Trial 805 finished with value: 0.6062297328078914 and parameters: {'WG_amp': 0.7040803111614052, 'WG_Phalf': 303.15548897774903, 'WG_k': 4.495940296626904, 'WG_c': 8.378358424452626, 'rate_power': 1.1292625265670022}. Best is trial 579 with value: 0.6102826150053956.
[I 2026-05-22 17:59:18,575] Trial 806 finished with value: 0.6060421837590739 and parameters: {'WG_amp': 0.5869363105633367, 'WG_Phalf': 108.8939379748918, 'WG_k': 3.9630105963804505, 'WG_c': 2.1328777989936807, 'rate_power': 1.1066074116323998}. Best is trial 579 with value: 0.6102826150053956.
[I 2026-05-22 17:59:18,860] Trial 807 finished with value: 0.6076629051547549 and parameters: {'WG_amp': 0.7533583595189717, 'WG_Phalf': 165.84125455938064, 'WG_k': 8.803665723847836, 'WG_c': 0.6237591114848329, 'rate_power': 1.2123244459781117}. Best is trial 579 with value: 0.6102826150053956.
[I 2026-05-22 17:59:19,146] Trial 808 finished with value: 0.5826050304731369 and parameters: {'WG_amp': 0.3880275260833807, 'WG_Phalf': 2662.4153450887557, 'WG_k': 35.33656447680146, 'WG_c': 0.00010076572631192631, 'rate_power': 0.7049368198895218}. Best is trial 579 with value: 0.6102826150053956.
[I 2026-05-22 17:59:19,436] Trial 809 finished with value: 0.5995601327603098 and parameters: {'WG_amp': 0.6609709980442051, 'WG_Phalf': 205.27639114414583, 'WG_k': 72.53629489015181, 'WG_c': 0.20495331741451636, 'rate_power': 1.0785741823006265}. Best is trial 579 with value: 0.6102826150053956.
[I 2026-05-22 17:59:19,727] Trial 810 finished with value: 0.602124309457873 and parameters: {'WG_amp': 0.43811302356376863, 'WG_Phalf': 108.82797724786863, 'WG_k': 0.2719573282984613, 'WG_c': 0.27164343878253294, 'rate_power': 1.0991422097955637}. Best is trial 579 with value: 0.6102826150053956.
[I 2026-05-22 17:59:20,013] Trial 811 finished with value: 0.6063445949193849 and parameters: {'WG_amp': 0.8830411037095793, 'WG_Phalf': 121.68989932035937, 'WG_k': 81.7899467353637, 'WG_c': 3.085640090544076, 'rate_power': 1.1358300659332659}. Best is trial 579 with value: 0.6102826150053956.
[I 2026-05-22 17:59:20,305] Trial 812 finished with value: 0.6077076056448553 and parameters: {'WG_amp': 0.7523496622004328, 'WG_Phalf': 303.8291693701899, 'WG_k': 38.44738327665933, 'WG_c': 1.3694736073985605, 'rate_power': 1.1470165615882868}. Best is trial 579 with value: 0.6102826150053956.
[I 2026-05-22 17:59:20,602] Trial 813 finished with value: 0.6074228660193048 and parameters: {'WG_amp': 0.5728805216758617, 'WG_Phalf': 307.40679446943324, 'WG_k': 80.74370058724894, 'WG_c': 2.7056989386859835, 'rate_power': 1.2278594122563524}. Best is trial 579 with value: 0.6102826150053956.
[I 2026-05-22 17:59:20,893] Trial 814 finished with value: 0.6089444323056714 and parameters: {'WG_amp': 0.8838394447603362, 'WG_Phalf': 227.28554626946053, 'WG_k': 90.1167168264772, 'WG_c': 1.3045654682438963, 'rate_power': 1.233396677262661}. Best is trial 579 with value: 0.6102826150053956.
[I 2026-05-22 17:59:21,183] Trial 815 finished with value: 0.6095760771443393 and parameters: {'WG_amp': 0.7125480916238996, 'WG_Phalf': 246.64615437636286, 'WG_k': 19.797225460839723, 'WG_c': 1.0222660378614359, 'rate_power': 1.1892967219419164}. Best is trial 579 with value: 0.6102826150053956.
[I 2026-05-22 17:59:21,473] Trial 816 finished with value: 0.6083282961021979 and parameters: {'WG_amp': 0.7260744403193462, 'WG_Phalf': 218.67483322583826, 'WG_k': 95.71770871566083, 'WG_c': 0.6253984233168426, 'rate_power': 1.0992286905361892}. Best is trial 579 with value: 0.6102826150053956.
[I 2026-05-22 17:59:21,763] Trial 817 finished with value: 0.6064205287110946 and parameters: {'WG_amp': 0.7424511208209115, 'WG_Phalf': 104.3525128618423, 'WG_k': 11.014335423081238, 'WG_c': 8.959330679491611, 'rate_power': 1.1410611380838445}. Best is trial 579 with value: 0.6102826150053956.
[I 2026-05-22 17:59:22,052] Trial 818 finished with value: 0.6086890509589427 and parameters: {'WG_amp': 0.8586060600490707, 'WG_Phalf': 114.15970221134822, 'WG_k': 17.589947468676513, 'WG_c': 0.661717568067596, 'rate_power': 1.1438405547908703}. Best is trial 579 with value: 0.6102826150053956.
[I 2026-05-22 17:59:22,342] Trial 819 finished with value: 0.607468998902584 and parameters: {'WG_amp': 0.7570502529198833, 'WG_Phalf': 162.11020504236515, 'WG_k': 20.08849758954642, 'WG_c': 1.7404007769246583, 'rate_power': 1.205639083226375}. Best is trial 579 with value: 0.6102826150053956.
[I 2026-05-22 17:59:22,634] Trial 820 finished with value: 0.6042463424015247 and parameters: {'WG_amp': 0.7271427356352947, 'WG_Phalf': 180.07870599103754, 'WG_k': 96.21188219047302, 'WG_c': 0.44977101464528074, 'rate_power': 1.2174289561056797}. Best is trial 579 with value: 0.6102826150053956.
[I 2026-05-22 17:59:22,932] Trial 821 finished with value: 0.587273320547662 and parameters: {'WG_amp': 0.8661251116859428, 'WG_Phalf': 109.47974439612958, 'WG_k': 47.57951059452946, 'WG_c': 0.23342326631820196, 'rate_power': 1.2487078467524664}. Best is trial 579 with value: 0.6102826150053956.
[I 2026-05-22 17:59:23,224] Trial 822 finished with value: 0.5984293771220666 and parameters: {'WG_amp': 0.4213032276534184, 'WG_Phalf': 114.18547139428362, 'WG_k': 62.31016260690822, 'WG_c': 0.1287308124255359, 'rate_power': 1.2332135775273143}. Best is trial 579 with value: 0.6102826150053956.
[I 2026-05-22 17:59:23,513] Trial 823 finished with value: 0.6060538842944926 and parameters: {'WG_amp': 0.7229782365767017, 'WG_Phalf': 173.28816197199257, 'WG_k': 20.85705553801626, 'WG_c': 1.672498869767451, 'rate_power': 1.1019315188759284}. Best is trial 579 with value: 0.6102826150053956.
[I 2026-05-22 17:59:23,803] Trial 824 finished with value: 0.6097169221926645 and parameters: {'WG_amp': 0.8797201402231215, 'WG_Phalf': 200.69853419398552, 'WG_k': 6.366229260822363, 'WG_c': 0.9851767570337954, 'rate_power': 1.2386295365191282}. Best is trial 579 with value: 0.6102826150053956.
[I 2026-05-22 17:59:24,092] Trial 825 finished with value: 0.5856776851865392 and parameters: {'WG_amp': 0.765983582731721, 'WG_Phalf': 152.6189362093645, 'WG_k': 17.01152543401937, 'WG_c': 0.14879215875912777, 'rate_power': 1.1941167368350867}. Best is trial 579 with value: 0.6102826150053956.
[I 2026-05-22 17:59:24,383] Trial 826 finished with value: 0.6070174148136918 and parameters: {'WG_amp': 0.7798524433241153, 'WG_Phalf': 200.13148247735006, 'WG_k': 34.63301572764787, 'WG_c': 0.5384330151608044, 'rate_power': 1.1287716435291473}. Best is trial 579 with value: 0.6102826150053956.
[I 2026-05-22 17:59:24,674] Trial 827 finished with value: 0.6073323816286829 and parameters: {'WG_amp': 0.7405891959426306, 'WG_Phalf': 272.6023068450474, 'WG_k': 26.198082763981088, 'WG_c': 2.2901186844111625, 'rate_power': 1.2149386107569098}. Best is trial 579 with value: 0.6102826150053956.
[I 2026-05-22 17:59:24,965] Trial 828 finished with value: 0.5919238435722924 and parameters: {'WG_amp': 0.8818986497736316, 'WG_Phalf': 164.06353682979994, 'WG_k': 68.55151648405192, 'WG_c': 0.26257866328734447, 'rate_power': 1.2050480776517207}. Best is trial 579 with value: 0.6102826150053956.
[I 2026-05-22 17:59:25,254] Trial 829 finished with value: 0.6093837651244302 and parameters: {'WG_amp': 0.5492782165135082, 'WG_Phalf': 104.3112641107721, 'WG_k': 19.40253206487392, 'WG_c': 0.8544679980538358, 'rate_power': 1.141666225130257}. Best is trial 579 with value: 0.6102826150053956.
[I 2026-05-22 17:59:25,538] Trial 830 finished with value: 0.5983179390635096 and parameters: {'WG_amp': 0.22420097243784062, 'WG_Phalf': 2642.0802187938352, 'WG_k': 29.76441091380619, 'WG_c': 0.0199135066091769, 'rate_power': 0.9003904859169055}. Best is trial 579 with value: 0.6102826150053956.
[I 2026-05-22 17:59:25,833] Trial 831 finished with value: 0.6067578580381787 and parameters: {'WG_amp': 0.8780688764656794, 'WG_Phalf': 156.35956296643815, 'WG_k': 20.54023138861244, 'WG_c': 1.9755850210331927, 'rate_power': 1.1604888971125364}. Best is trial 579 with value: 0.6102826150053956.
[I 2026-05-22 17:59:26,126] Trial 832 finished with value: 0.5916691986504331 and parameters: {'WG_amp': 0.60069060731199, 'WG_Phalf': 1731.2506558783534, 'WG_k': 0.019334994610980517, 'WG_c': 0.011190648967332285, 'rate_power': 0.7921663984669732}. Best is trial 579 with value: 0.6102826150053956.
[I 2026-05-22 17:59:26,418] Trial 833 finished with value: 0.6092083935431236 and parameters: {'WG_amp': 0.76270971962925, 'WG_Phalf': 118.64868732505313, 'WG_k': 84.5904598802648, 'WG_c': 0.748130467996587, 'rate_power': 1.1930018314544597}. Best is trial 579 with value: 0.6102826150053956.
[I 2026-05-22 17:59:26,709] Trial 834 finished with value: 0.6100982482464368 and parameters: {'WG_amp': 0.893402647252458, 'WG_Phalf': 159.07377570159525, 'WG_k': 22.10005060231396, 'WG_c': 0.8497649846216666, 'rate_power': 1.2201925061279435}. Best is trial 579 with value: 0.6102826150053956.
[I 2026-05-22 17:59:27,000] Trial 835 finished with value: 0.6062615670724563 and parameters: {'WG_amp': 0.8911130915193227, 'WG_Phalf': 188.0401934076878, 'WG_k': 63.32523636608956, 'WG_c': 0.5574099443790317, 'rate_power': 1.1484926667159723}. Best is trial 579 with value: 0.6102826150053956.
[I 2026-05-22 17:59:27,290] Trial 836 finished with value: 0.6099430676852671 and parameters: {'WG_amp': 0.8633125224450078, 'WG_Phalf': 127.27369809404935, 'WG_k': 21.90512809794034, 'WG_c': 0.946168158512242, 'rate_power': 1.088658494428173}. Best is trial 579 with value: 0.6102826150053956.
[I 2026-05-22 17:59:27,580] Trial 837 finished with value: 0.6071410738635964 and parameters: {'WG_amp': 0.8907732216527738, 'WG_Phalf': 203.48775799858862, 'WG_k': 13.103007152538995, 'WG_c': 3.648686802733327, 'rate_power': 1.1981193092187918}. Best is trial 579 with value: 0.6102826150053956.
[I 2026-05-22 17:59:27,870] Trial 838 finished with value: 0.6102190537317779 and parameters: {'WG_amp': 0.8989025470362831, 'WG_Phalf': 110.69120520606157, 'WG_k': 16.658525497235598, 'WG_c': 0.8096626344754804, 'rate_power': 1.0599226681274838}. Best is trial 579 with value: 0.6102826150053956.
[I 2026-05-22 17:59:28,160] Trial 839 finished with value: 0.6078945639160498 and parameters: {'WG_amp': 0.8912370074503893, 'WG_Phalf': 134.0262378720275, 'WG_k': 12.993526573446042, 'WG_c': 1.2044421477129261, 'rate_power': 1.0508046104377147}. Best is trial 579 with value: 0.6102826150053956.
[I 2026-05-22 17:59:28,451] Trial 840 finished with value: 0.6021967591476084 and parameters: {'WG_amp': 0.3156726560751597, 'WG_Phalf': 1004.59637969814, 'WG_k': 11.521359434039292, 'WG_c': 0.004148352024482142, 'rate_power': 0.9717573716016761}. Best is trial 579 with value: 0.6102826150053956.
[I 2026-05-22 17:59:28,737] Trial 841 finished with value: 0.604246690352516 and parameters: {'WG_amp': 0.874575304380877, 'WG_Phalf': 165.8133400165239, 'WG_k': 85.17621310789798, 'WG_c': 0.4290588691868163, 'rate_power': 1.0034961493432049}. Best is trial 579 with value: 0.6102826150053956.
[I 2026-05-22 17:59:29,027] Trial 842 finished with value: 0.5799663181713267 and parameters: {'WG_amp': 0.8990847809362009, 'WG_Phalf': 194.7448618497369, 'WG_k': 35.96474294778242, 'WG_c': 0.10287952259970697, 'rate_power': 1.1069212628326905}. Best is trial 579 with value: 0.6102826150053956.
[I 2026-05-22 17:59:29,316] Trial 843 finished with value: 0.6043305420099458 and parameters: {'WG_amp': 0.8114666652097147, 'WG_Phalf': 209.38686262309238, 'WG_k': 23.86217263223458, 'WG_c': 7.343000397793379, 'rate_power': 1.0489694347578071}. Best is trial 579 with value: 0.6102826150053956.
[I 2026-05-22 17:59:29,604] Trial 844 finished with value: 0.580790496839122 and parameters: {'WG_amp': 0.8558713433859614, 'WG_Phalf': 186.1422899673078, 'WG_k': 0.07867481643563715, 'WG_c': 0.0027158265518752345, 'rate_power': 1.2287430235626093}. Best is trial 579 with value: 0.6102826150053956.
[I 2026-05-22 17:59:29,894] Trial 845 finished with value: 0.6042823438675188 and parameters: {'WG_amp': 0.7091766157738189, 'WG_Phalf': 116.82814304419448, 'WG_k': 34.776922932764606, 'WG_c': 3.890825055128036, 'rate_power': 1.047384002005361}. Best is trial 579 with value: 0.6102826150053956.
[I 2026-05-22 17:59:30,186] Trial 846 finished with value: 0.6098795424995762 and parameters: {'WG_amp': 0.7867051926740236, 'WG_Phalf': 104.71813937963208, 'WG_k': 13.741263972156368, 'WG_c': 0.7904996007263773, 'rate_power': 1.0751293217298725}. Best is trial 579 with value: 0.6102826150053956.
[I 2026-05-22 17:59:30,472] Trial 847 finished with value: 0.604392073863569 and parameters: {'WG_amp': 0.7491884375250926, 'WG_Phalf': 122.06429655485246, 'WG_k': 18.077196096258543, 'WG_c': 2.180417420354735, 'rate_power': 1.0506004585844229}. Best is trial 579 with value: 0.6102826150053956.
[I 2026-05-22 17:59:30,761] Trial 848 finished with value: 0.6035513269028966 and parameters: {'WG_amp': 0.8493520025903127, 'WG_Phalf': 120.93223375041686, 'WG_k': 44.44032582169738, 'WG_c': 2.7031588747270723, 'rate_power': 1.0253489165082479}. Best is trial 579 with value: 0.6102826150053956.
[I 2026-05-22 17:59:31,048] Trial 849 finished with value: 0.5705191356894067 and parameters: {'WG_amp': 0.8705505774706421, 'WG_Phalf': 111.18104986400574, 'WG_k': 12.723480418283385, 'WG_c': 0.0950058378786108, 'rate_power': 1.1498085655427541}. Best is trial 579 with value: 0.6102826150053956.
[I 2026-05-22 17:59:31,338] Trial 850 finished with value: 0.6059880951785169 and parameters: {'WG_amp': 0.7696733407200442, 'WG_Phalf': 130.97667031115836, 'WG_k': 2.6991025221089973, 'WG_c': 0.6925897000167437, 'rate_power': 1.081011101256402}. Best is trial 579 with value: 0.6102826150053956.
[I 2026-05-22 17:59:31,624] Trial 851 finished with value: 0.6063739088991413 and parameters: {'WG_amp': 0.8866067829797071, 'WG_Phalf': 105.33065551120866, 'WG_k': 6.0805726026698705, 'WG_c': 4.496324954801795, 'rate_power': 1.1376983505115068}. Best is trial 579 with value: 0.6102826150053956.
[I 2026-05-22 17:59:31,915] Trial 852 finished with value: 0.6087431957259507 and parameters: {'WG_amp': 0.810754059983607, 'WG_Phalf': 107.3196056565884, 'WG_k': 8.060617856381587, 'WG_c': 0.708767696470886, 'rate_power': 0.9822667636301482}. Best is trial 579 with value: 0.6102826150053956.
[I 2026-05-22 17:59:32,205] Trial 853 finished with value: 0.6036224268580526 and parameters: {'WG_amp': 0.7142681383458418, 'WG_Phalf': 201.38874280747473, 'WG_k': 7.42598906169408, 'WG_c': 1.5483182268017708, 'rate_power': 0.9991199110357145}. Best is trial 579 with value: 0.6102826150053956.
[I 2026-05-22 17:59:32,491] Trial 854 finished with value: 0.6091784601485917 and parameters: {'WG_amp': 0.8993239413137027, 'WG_Phalf': 237.81508717452596, 'WG_k': 38.00553807908199, 'WG_c': 0.9364064086862313, 'rate_power': 1.0434661170531778}. Best is trial 579 with value: 0.6102826150053956.
[I 2026-05-22 17:59:32,780] Trial 855 finished with value: 0.6060514691555835 and parameters: {'WG_amp': 0.8131864667691324, 'WG_Phalf': 109.7512948827445, 'WG_k': 11.946833440653023, 'WG_c': 0.8845671755380836, 'rate_power': 0.9216279730865196}. Best is trial 579 with value: 0.6102826150053956.
[I 2026-05-22 17:59:33,070] Trial 856 finished with value: 0.6061274528388374 and parameters: {'WG_amp': 0.16858669097410645, 'WG_Phalf': 984.0012016940161, 'WG_k': 6.668498858525387, 'WG_c': 0.2569190989252297, 'rate_power': 1.2971288086151338}. Best is trial 579 with value: 0.6102826150053956.
[I 2026-05-22 17:59:33,360] Trial 857 finished with value: 0.6023905386129554 and parameters: {'WG_amp': 0.895174751059641, 'WG_Phalf': 111.4142327771724, 'WG_k': 6.2349900848378805, 'WG_c': 0.38941163748238067, 'rate_power': 1.0293939070858782}. Best is trial 579 with value: 0.6102826150053956.
[I 2026-05-22 17:59:33,650] Trial 858 finished with value: 0.5912878735720957 and parameters: {'WG_amp': 0.015747379797039607, 'WG_Phalf': 719.9996869138431, 'WG_k': 0.06505893009971729, 'WG_c': 0.11659735761109709, 'rate_power': 0.8244701747832965}. Best is trial 579 with value: 0.6102826150053956.
[I 2026-05-22 17:59:33,942] Trial 859 finished with value: 0.607767614556208 and parameters: {'WG_amp': 0.7390926705233052, 'WG_Phalf': 119.27373303072099, 'WG_k': 7.80810820572056, 'WG_c': 0.5648475005270581, 'rate_power': 1.0812704239347468}. Best is trial 579 with value: 0.6102826150053956.
[I 2026-05-22 17:59:34,233] Trial 860 finished with value: 0.6085608236803485 and parameters: {'WG_amp': 0.8997826396464759, 'WG_Phalf': 121.09400607938387, 'WG_k': 24.78974147531011, 'WG_c': 1.2914297619478303, 'rate_power': 1.1430437229030368}. Best is trial 579 with value: 0.6102826150053956.
[I 2026-05-22 17:59:34,522] Trial 861 finished with value: 0.5969037884352543 and parameters: {'WG_amp': 0.692675953416653, 'WG_Phalf': 186.1462630018213, 'WG_k': 18.011807113716856, 'WG_c': 0.18905474386597143, 'rate_power': 1.0987167461766143}. Best is trial 579 with value: 0.6102826150053956.
[I 2026-05-22 17:59:34,812] Trial 862 finished with value: 0.6095577771255719 and parameters: {'WG_amp': 0.892800995754933, 'WG_Phalf': 147.1632297584624, 'WG_k': 9.876046545593946, 'WG_c': 0.706430730921123, 'rate_power': 1.0430177838458774}. Best is trial 579 with value: 0.6102826150053956.
[I 2026-05-22 17:59:35,103] Trial 863 finished with value: 0.6058839548475897 and parameters: {'WG_amp': 0.536116382134706, 'WG_Phalf': 106.58423038047655, 'WG_k': 42.684644473620274, 'WG_c': 0.3831621356589594, 'rate_power': 1.0159907415579101}. Best is trial 579 with value: 0.6102826150053956.
[I 2026-05-22 17:59:35,393] Trial 864 finished with value: 0.5913354613820794 and parameters: {'WG_amp': 0.7029579685543216, 'WG_Phalf': 495.4421042657762, 'WG_k': 0.8985941259858017, 'WG_c': 0.00029795413991180796, 'rate_power': 1.2764798917209137}. Best is trial 579 with value: 0.6102826150053956.
[I 2026-05-22 17:59:35,684] Trial 865 finished with value: 0.602120521449311 and parameters: {'WG_amp': 0.7575933147358158, 'WG_Phalf': 3604.338427412975, 'WG_k': 56.15597442866627, 'WG_c': 0.00015173235545029852, 'rate_power': 1.0837436771813416}. Best is trial 579 with value: 0.6102826150053956.
[I 2026-05-22 17:59:35,974] Trial 866 finished with value: 0.5856156577750733 and parameters: {'WG_amp': 0.8060144364414041, 'WG_Phalf': 183.92062802170366, 'WG_k': 2.949229272159679, 'WG_c': 0.12726471008441959, 'rate_power': 1.1625359643529816}. Best is trial 579 with value: 0.6102826150053956.
[I 2026-05-22 17:59:36,265] Trial 867 finished with value: 0.5997781841177656 and parameters: {'WG_amp': 0.1393369643063616, 'WG_Phalf': 100.94962351809944, 'WG_k': 0.3085964023890777, 'WG_c': 0.019350660300486083, 'rate_power': 0.9152026107272442}. Best is trial 579 with value: 0.6102826150053956.
[I 2026-05-22 17:59:36,554] Trial 868 finished with value: 0.6073518548826398 and parameters: {'WG_amp': 0.8824037396669648, 'WG_Phalf': 177.38500449728338, 'WG_k': 16.21249096341764, 'WG_c': 1.3530303164524142, 'rate_power': 1.0869433985329167}. Best is trial 579 with value: 0.6102826150053956.
[I 2026-05-22 17:59:36,844] Trial 869 finished with value: 0.6094996812505479 and parameters: {'WG_amp': 0.7943778959833532, 'WG_Phalf': 105.04796178331792, 'WG_k': 5.192669779915539, 'WG_c': 0.9576678339592801, 'rate_power': 1.0895508056452787}. Best is trial 579 with value: 0.6102826150053956.
[I 2026-05-22 17:59:37,133] Trial 870 finished with value: 0.584894913950285 and parameters: {'WG_amp': 0.7626266277895424, 'WG_Phalf': 142.78007629693136, 'WG_k': 29.560347834544952, 'WG_c': 0.10525102070485007, 'rate_power': 1.1113230832256351}. Best is trial 579 with value: 0.6102826150053956.
[I 2026-05-22 17:59:37,423] Trial 871 finished with value: 0.6054819348106669 and parameters: {'WG_amp': 0.8998407490537782, 'WG_Phalf': 124.45335997497543, 'WG_k': 5.560679913845498, 'WG_c': 0.5652265811327656, 'rate_power': 1.1460341920640742}. Best is trial 579 with value: 0.6102826150053956.
[I 2026-05-22 17:59:37,712] Trial 872 finished with value: 0.6082477441360216 and parameters: {'WG_amp': 0.7461146739933833, 'WG_Phalf': 180.9299110759479, 'WG_k': 34.54294638933569, 'WG_c': 0.6351246305112144, 'rate_power': 1.0257077679161521}. Best is trial 579 with value: 0.6102826150053956.
[I 2026-05-22 17:59:38,002] Trial 873 finished with value: 0.6001617358487898 and parameters: {'WG_amp': 0.7473348527017829, 'WG_Phalf': 195.5031639369579, 'WG_k': 7.647420049521292, 'WG_c': 0.4028185835089976, 'rate_power': 1.2741919341577348}. Best is trial 579 with value: 0.6102826150053956.
[I 2026-05-22 17:59:38,291] Trial 874 finished with value: 0.5961650964587115 and parameters: {'WG_amp': 0.895820763267834, 'WG_Phalf': 135.81957810004076, 'WG_k': 4.745313902276409, 'WG_c': 0.44692787771912823, 'rate_power': 1.2586361561352315}. Best is trial 579 with value: 0.6102826150053956.
[I 2026-05-22 17:59:38,581] Trial 875 finished with value: 0.5945789658054268 and parameters: {'WG_amp': 0.7813587192427291, 'WG_Phalf': 156.71339615141622, 'WG_k': 12.09879516684523, 'WG_c': 0.22822465902791314, 'rate_power': 1.1421436221939243}. Best is trial 579 with value: 0.6102826150053956.
[I 2026-05-22 17:59:38,871] Trial 876 finished with value: 0.6043923411013408 and parameters: {'WG_amp': 0.2784466241006265, 'WG_Phalf': 1624.3881947547427, 'WG_k': 64.95783884991359, 'WG_c': 0.03961286869642953, 'rate_power': 1.1886832076004852}. Best is trial 579 with value: 0.6102826150053956.
[I 2026-05-22 17:59:39,160] Trial 877 finished with value: 0.6104607256224537 and parameters: {'WG_amp': 0.8961189908975622, 'WG_Phalf': 115.2577724439232, 'WG_k': 23.547110749210646, 'WG_c': 0.9263679918657868, 'rate_power': 1.1420412669916542}. Best is trial 877 with value: 0.6104607256224537.
[I 2026-05-22 17:59:39,451] Trial 878 finished with value: 0.5958342351959436 and parameters: {'WG_amp': 0.49440488628643786, 'WG_Phalf': 648.1262640383895, 'WG_k': 1.107147401761874, 'WG_c': 0.058399301161439605, 'rate_power': 0.8105183010880822}. Best is trial 877 with value: 0.6104607256224537.
[I 2026-05-22 17:59:39,741] Trial 879 finished with value: 0.5960595753135012 and parameters: {'WG_amp': 0.7314863784701294, 'WG_Phalf': 185.35115800160833, 'WG_k': 11.374224229867252, 'WG_c': 0.19491717976711534, 'rate_power': 1.090497682159615}. Best is trial 877 with value: 0.6104607256224537.
[I 2026-05-22 17:59:40,031] Trial 880 finished with value: 0.606693242688552 and parameters: {'WG_amp': 0.8221732069122181, 'WG_Phalf': 132.5396504233118, 'WG_k': 45.19376837907809, 'WG_c': 0.5270076385266702, 'rate_power': 1.0229714386920028}. Best is trial 877 with value: 0.6104607256224537.
[I 2026-05-22 17:59:40,321] Trial 881 finished with value: 0.5939308291532305 and parameters: {'WG_amp': 0.8381250129540839, 'WG_Phalf': 337.3670148119156, 'WG_k': 92.90655480043948, 'WG_c': 0.12400581391336611, 'rate_power': 0.8122032264532861}. Best is trial 877 with value: 0.6104607256224537.
[I 2026-05-22 17:59:40,610] Trial 882 finished with value: 0.5941862007539377 and parameters: {'WG_amp': 0.8980508637615142, 'WG_Phalf': 132.00826781405004, 'WG_k': 20.799652238098712, 'WG_c': 0.2601352620960205, 'rate_power': 1.1007131917977866}. Best is trial 877 with value: 0.6104607256224537.
[I 2026-05-22 17:59:40,899] Trial 883 finished with value: 0.6080440236152431 and parameters: {'WG_amp': 0.8492203683285963, 'WG_Phalf': 113.25459538561188, 'WG_k': 42.33935157066869, 'WG_c': 0.624388053861268, 'rate_power': 1.0731352322463252}. Best is trial 877 with value: 0.6104607256224537.
[I 2026-05-22 17:59:41,185] Trial 884 finished with value: 0.6091652315700445 and parameters: {'WG_amp': 0.7544545440890085, 'WG_Phalf': 101.23827904440408, 'WG_k': 52.3402800884229, 'WG_c': 0.786726700226047, 'rate_power': 1.037594118451775}. Best is trial 877 with value: 0.6104607256224537.
[I 2026-05-22 17:59:41,476] Trial 885 finished with value: 0.6062445777525248 and parameters: {'WG_amp': 0.8755629354864728, 'WG_Phalf': 146.59586888997893, 'WG_k': 20.109014088878226, 'WG_c': 2.7217926708047795, 'rate_power': 1.1303832614122205}. Best is trial 877 with value: 0.6104607256224537.
[I 2026-05-22 17:59:41,766] Trial 886 finished with value: 0.5831357988823589 and parameters: {'WG_amp': 0.018368773401194805, 'WG_Phalf': 261.250832865424, 'WG_k': 0.21136975644048334, 'WG_c': 6.481881857385331, 'rate_power': 0.743382829404498}. Best is trial 877 with value: 0.6104607256224537.
[I 2026-05-22 17:59:42,054] Trial 887 finished with value: 0.606720049693648 and parameters: {'WG_amp': 0.2600489457853662, 'WG_Phalf': 4763.125887531676, 'WG_k': 0.013091030151493684, 'WG_c': 0.18104348303113102, 'rate_power': 1.2679690035333453}. Best is trial 877 with value: 0.6104607256224537.
[I 2026-05-22 17:59:42,341] Trial 888 finished with value: 0.6023131292980023 and parameters: {'WG_amp': 0.8330469606508777, 'WG_Phalf': 114.68713838792749, 'WG_k': 21.631892649228686, 'WG_c': 0.3688859330542936, 'rate_power': 1.0881567650471813}. Best is trial 877 with value: 0.6104607256224537.
[I 2026-05-22 17:59:42,631] Trial 889 finished with value: 0.6031316607815351 and parameters: {'WG_amp': 0.8900054247819044, 'WG_Phalf': 207.51784302353, 'WG_k': 8.285048463918434, 'WG_c': 0.5039788122448334, 'rate_power': 1.2383721681610609}. Best is trial 877 with value: 0.6104607256224537.
[I 2026-05-22 17:59:42,922] Trial 890 finished with value: 0.6064185054007656 and parameters: {'WG_amp': 0.8048273442384509, 'WG_Phalf': 109.06435579926412, 'WG_k': 20.365418422672988, 'WG_c': 2.586715166442708, 'rate_power': 1.1408115865363213}. Best is trial 877 with value: 0.6104607256224537.
[I 2026-05-22 17:59:43,211] Trial 891 finished with value: 0.5708844639711343 and parameters: {'WG_amp': 0.8814264404651256, 'WG_Phalf': 202.2385343667146, 'WG_k': 16.245080914967502, 'WG_c': 0.11993006493116706, 'rate_power': 1.2888746569920688}. Best is trial 877 with value: 0.6104607256224537.
[I 2026-05-22 17:59:43,502] Trial 892 finished with value: 0.6060864867212726 and parameters: {'WG_amp': 0.745530222777581, 'WG_Phalf': 123.93931572070179, 'WG_k': 10.246365543007448, 'WG_c': 0.4528597126605541, 'rate_power': 1.083607202255024}. Best is trial 877 with value: 0.6104607256224537.
[I 2026-05-22 17:59:43,792] Trial 893 finished with value: 0.6034410950139288 and parameters: {'WG_amp': 0.893983079959358, 'WG_Phalf': 196.64548547888424, 'WG_k': 25.888776890774047, 'WG_c': 0.5476563887517065, 'rate_power': 1.2987122219431948}. Best is trial 877 with value: 0.6104607256224537.
[I 2026-05-22 17:59:44,080] Trial 894 finished with value: 0.6037183347362352 and parameters: {'WG_amp': 0.8522485152694133, 'WG_Phalf': 122.12140103583869, 'WG_k': 7.098132927145264, 'WG_c': 0.4545594467566881, 'rate_power': 1.1261386954411825}. Best is trial 877 with value: 0.6104607256224537.
[I 2026-05-22 17:59:44,370] Trial 895 finished with value: 0.6082029791291976 and parameters: {'WG_amp': 0.7842644113723071, 'WG_Phalf': 112.26399957986493, 'WG_k': 15.781478380208808, 'WG_c': 1.2570102237376521, 'rate_power': 1.1082290846865523}. Best is trial 877 with value: 0.6104607256224537.
[I 2026-05-22 17:59:44,661] Trial 896 finished with value: 0.6074015834680143 and parameters: {'WG_amp': 0.21184201143307912, 'WG_Phalf': 612.9204871543848, 'WG_k': 0.46382181041003395, 'WG_c': 8.801886214072, 'rate_power': 1.2723672497848009}. Best is trial 877 with value: 0.6104607256224537.
[I 2026-05-22 17:59:44,952] Trial 897 finished with value: 0.5795736701527854 and parameters: {'WG_amp': 0.8532198943016343, 'WG_Phalf': 141.75327827744348, 'WG_k': 9.073009394587444, 'WG_c': 0.03833234516604279, 'rate_power': 0.9622417079514406}. Best is trial 877 with value: 0.6104607256224537.
[I 2026-05-22 17:59:45,243] Trial 898 finished with value: 0.6082094665623249 and parameters: {'WG_amp': 0.8136691665171143, 'WG_Phalf': 100.03413950040871, 'WG_k': 13.536434820287795, 'WG_c': 1.2557810290893785, 'rate_power': 1.0977999561775678}. Best is trial 877 with value: 0.6104607256224537.
[I 2026-05-22 17:59:45,532] Trial 899 finished with value: 0.6011415784058387 and parameters: {'WG_amp': 0.8492555231146911, 'WG_Phalf': 2718.0641376005356, 'WG_k': 0.015055139586232412, 'WG_c': 0.005616014057800575, 'rate_power': 0.9527972411603114}. Best is trial 877 with value: 0.6104607256224537.
[I 2026-05-22 17:59:45,821] Trial 900 finished with value: 0.5990014917010364 and parameters: {'WG_amp': 0.5910457681598847, 'WG_Phalf': 578.2591085837789, 'WG_k': 2.2035459065868133, 'WG_c': 0.00027018903446155557, 'rate_power': 0.829777085276885}. Best is trial 877 with value: 0.6104607256224537.
[I 2026-05-22 17:59:46,112] Trial 901 finished with value: 0.6007186361274213 and parameters: {'WG_amp': 0.08924526622297607, 'WG_Phalf': 1251.3656185888751, 'WG_k': 8.56061321354798, 'WG_c': 0.0005189576551512966, 'rate_power': 0.9511595278427052}. Best is trial 877 with value: 0.6104607256224537.
[I 2026-05-22 17:59:46,400] Trial 902 finished with value: 0.5581905507557987 and parameters: {'WG_amp': 0.8377125848873741, 'WG_Phalf': 216.13923951189855, 'WG_k': 39.930912169456185, 'WG_c': 0.0004974391927577256, 'rate_power': 1.0708692480708035}. Best is trial 877 with value: 0.6104607256224537.
[I 2026-05-22 17:59:46,689] Trial 903 finished with value: 0.6052815659737828 and parameters: {'WG_amp': 0.8238927163237253, 'WG_Phalf': 236.99249501453087, 'WG_k': 11.262427479776083, 'WG_c': 8.926116344079013, 'rate_power': 1.0819823358731375}. Best is trial 877 with value: 0.6104607256224537.
[I 2026-05-22 17:59:46,980] Trial 904 finished with value: 0.5776290817471845 and parameters: {'WG_amp': 0.8132839563427086, 'WG_Phalf': 106.47724384505544, 'WG_k': 86.36324547495647, 'WG_c': 0.07236653069173943, 'rate_power': 1.1000019762576925}. Best is trial 877 with value: 0.6104607256224537.
[I 2026-05-22 17:59:47,266] Trial 905 finished with value: 0.6074045842412426 and parameters: {'WG_amp': 0.8780567264598612, 'WG_Phalf': 113.46110495433938, 'WG_k': 21.66344156181485, 'WG_c': 0.7111001631097591, 'rate_power': 1.2871668182936544}. Best is trial 877 with value: 0.6104607256224537.
[I 2026-05-22 17:59:47,558] Trial 906 finished with value: 0.6080061096314502 and parameters: {'WG_amp': 0.8881907149265812, 'WG_Phalf': 127.20297068105502, 'WG_k': 20.272829980347815, 'WG_c': 1.5322031148974713, 'rate_power': 1.2172778756289455}. Best is trial 877 with value: 0.6104607256224537.
[I 2026-05-22 17:59:47,849] Trial 907 finished with value: 0.6044185586011543 and parameters: {'WG_amp': 0.8858649088229399, 'WG_Phalf': 117.11339136876214, 'WG_k': 42.708924997679745, 'WG_c': 0.5086214817252158, 'rate_power': 1.1548970536592886}. Best is trial 877 with value: 0.6104607256224537.
[I 2026-05-22 17:59:48,141] Trial 908 finished with value: 0.6099374364699948 and parameters: {'WG_amp': 0.7326148519939241, 'WG_Phalf': 102.0302955367121, 'WG_k': 8.451166580927367, 'WG_c': 0.8760393054951873, 'rate_power': 1.149153991427218}. Best is trial 877 with value: 0.6104607256224537.
[I 2026-05-22 17:59:48,432] Trial 909 finished with value: 0.6084374465186636 and parameters: {'WG_amp': 0.7156197888059984, 'WG_Phalf': 143.06501462248627, 'WG_k': 13.56173866465406, 'WG_c': 0.5913795512663067, 'rate_power': 1.1068338700378977}. Best is trial 877 with value: 0.6104607256224537.
[I 2026-05-22 17:59:48,719] Trial 910 finished with value: 0.6076976162838315 and parameters: {'WG_amp': 0.7363506304952503, 'WG_Phalf': 289.3917528761659, 'WG_k': 2.743049428580948, 'WG_c': 1.1518461966304345, 'rate_power': 1.0724363710302338}. Best is trial 877 with value: 0.6104607256224537.
[I 2026-05-22 17:59:49,011] Trial 911 finished with value: 0.6010184778609264 and parameters: {'WG_amp': 0.6255296048936155, 'WG_Phalf': 109.47216197039873, 'WG_k': 1.485080764590756, 'WG_c': 0.5018033083686618, 'rate_power': 1.133187563339193}. Best is trial 877 with value: 0.6104607256224537.
[I 2026-05-22 17:59:49,306] Trial 912 finished with value: 0.6032653324467329 and parameters: {'WG_amp': 0.8921371698346495, 'WG_Phalf': 129.17349296941563, 'WG_k': 11.207378945907204, 'WG_c': 4.821153114511236, 'rate_power': 1.0200014357385359}. Best is trial 877 with value: 0.6104607256224537.
[I 2026-05-22 17:59:49,601] Trial 913 finished with value: 0.5824787344159044 and parameters: {'WG_amp': 0.8579015309420911, 'WG_Phalf': 100.67512302345037, 'WG_k': 1.309685080640925, 'WG_c': 0.19426281901836354, 'rate_power': 1.1718015390942564}. Best is trial 877 with value: 0.6104607256224537.
[I 2026-05-22 17:59:49,896] Trial 914 finished with value: 0.6102508779257274 and parameters: {'WG_amp': 0.8919632972940369, 'WG_Phalf': 207.11072092655832, 'WG_k': 14.112740734573817, 'WG_c': 0.9581714964861489, 'rate_power': 1.1822784487829376}. Best is trial 877 with value: 0.6104607256224537.
[I 2026-05-22 17:59:50,190] Trial 915 finished with value: 0.6061524995277274 and parameters: {'WG_amp': 0.893225746035166, 'WG_Phalf': 172.19292330457125, 'WG_k': 5.285655676045951, 'WG_c': 2.8586205465237446, 'rate_power': 1.1251040416460611}. Best is trial 877 with value: 0.6104607256224537.
[I 2026-05-22 17:59:50,482] Trial 916 finished with value: 0.598515854452559 and parameters: {'WG_amp': 0.8739267375784668, 'WG_Phalf': 142.20174688573275, 'WG_k': 15.702993764275636, 'WG_c': 0.3414022928881246, 'rate_power': 1.1645649605283868}. Best is trial 877 with value: 0.6104607256224537.
[I 2026-05-22 17:59:50,778] Trial 917 finished with value: 0.5975837060955138 and parameters: {'WG_amp': 0.8973546513370776, 'WG_Phalf': 153.22035856564003, 'WG_k': 24.397081795170205, 'WG_c': 0.35602871675148146, 'rate_power': 1.2164785709091954}. Best is trial 877 with value: 0.6104607256224537.
[I 2026-05-22 17:59:51,071] Trial 918 finished with value: 0.6081117256324157 and parameters: {'WG_amp': 0.6851577583781421, 'WG_Phalf': 106.00312348599567, 'WG_k': 3.228103211053153, 'WG_c': 0.9545619182887349, 'rate_power': 1.1638455393038178}. Best is trial 877 with value: 0.6104607256224537.
[I 2026-05-22 17:59:51,365] Trial 919 finished with value: 0.5855801661020767 and parameters: {'WG_amp': 0.8886927187753132, 'WG_Phalf': 105.77555966427515, 'WG_k': 12.233279994172833, 'WG_c': 0.14373273450662197, 'rate_power': 1.013908034977385}. Best is trial 877 with value: 0.6104607256224537.
[I 2026-05-22 17:59:51,651] Trial 920 finished with value: 0.592394585830737 and parameters: {'WG_amp': 0.7395733553767541, 'WG_Phalf': 4566.570208160807, 'WG_k': 0.7319773688562424, 'WG_c': 0.003518233203026397, 'rate_power': 0.8059232014674846}. Best is trial 877 with value: 0.6104607256224537.
[I 2026-05-22 17:59:51,941] Trial 921 finished with value: 0.6088799452034909 and parameters: {'WG_amp': 0.6172398189611767, 'WG_Phalf': 114.80512066824647, 'WG_k': 7.176637531245086, 'WG_c': 0.750372924503934, 'rate_power': 1.0672866967328807}. Best is trial 877 with value: 0.6104607256224537.
[I 2026-05-22 17:59:52,233] Trial 922 finished with value: 0.6008984812316099 and parameters: {'WG_amp': 0.8101184582465214, 'WG_Phalf': 869.3309646714765, 'WG_k': 0.11106660880408378, 'WG_c': 0.2540368424921715, 'rate_power': 0.9884292731737885}. Best is trial 877 with value: 0.6104607256224537.
[I 2026-05-22 17:59:52,523] Trial 923 finished with value: 0.605368730532777 and parameters: {'WG_amp': 0.2537912455721657, 'WG_Phalf': 741.6006519487136, 'WG_k': 0.18114418178129588, 'WG_c': 0.29493684712976836, 'rate_power': 1.161630602377985}. Best is trial 877 with value: 0.6104607256224537.
[I 2026-05-22 17:59:52,814] Trial 924 finished with value: 0.5976158850419908 and parameters: {'WG_amp': 0.8327474917082536, 'WG_Phalf': 213.8170082880305, 'WG_k': 6.343981400891927, 'WG_c': 0.31569972064526597, 'rate_power': 1.160968925259909}. Best is trial 877 with value: 0.6104607256224537.
[I 2026-05-22 17:59:53,102] Trial 925 finished with value: 0.6065713670404843 and parameters: {'WG_amp': 0.7904045989319252, 'WG_Phalf': 100.93525364668548, 'WG_k': 9.016288971383323, 'WG_c': 5.459356441988395, 'rate_power': 1.1513461687615734}. Best is trial 877 with value: 0.6104607256224537.
[I 2026-05-22 17:59:53,395] Trial 926 finished with value: 0.6096633724170992 and parameters: {'WG_amp': 0.7186800389779184, 'WG_Phalf': 127.8463866511145, 'WG_k': 14.013248928374088, 'WG_c': 0.9327207928412437, 'rate_power': 1.114427509434036}. Best is trial 877 with value: 0.6104607256224537.
[I 2026-05-22 17:59:53,684] Trial 927 finished with value: 0.6070912194531122 and parameters: {'WG_amp': 0.8890063736599682, 'WG_Phalf': 210.50264626028374, 'WG_k': 41.56790707632168, 'WG_c': 1.4072071346292663, 'rate_power': 1.1016634184780734}. Best is trial 877 with value: 0.6104607256224537.
[I 2026-05-22 17:59:53,977] Trial 928 finished with value: 0.6030050817718032 and parameters: {'WG_amp': 0.31772681936494235, 'WG_Phalf': 102.13164135036087, 'WG_k': 0.025917793245223412, 'WG_c': 0.0002738103573297356, 'rate_power': 0.9817756225163285}. Best is trial 877 with value: 0.6104607256224537.
[I 2026-05-22 17:59:54,267] Trial 929 finished with value: 0.6025185701850986 and parameters: {'WG_amp': 0.8991935039369303, 'WG_Phalf': 118.94337953588547, 'WG_k': 41.638640001413535, 'WG_c': 2.05705493140511, 'rate_power': 1.0015711622376344}. Best is trial 877 with value: 0.6104607256224537.
[I 2026-05-22 17:59:54,561] Trial 930 finished with value: 0.5938553832500522 and parameters: {'WG_amp': 0.6296908360678375, 'WG_Phalf': 103.73909575711215, 'WG_k': 5.130463984560555, 'WG_c': 0.07372470254501122, 'rate_power': 1.0529934677943913}. Best is trial 877 with value: 0.6104607256224537.
[I 2026-05-22 17:59:54,851] Trial 931 finished with value: 0.6104367373498364 and parameters: {'WG_amp': 0.8723580992733625, 'WG_Phalf': 106.72354713990617, 'WG_k': 11.570966244445282, 'WG_c': 0.9127848929298435, 'rate_power': 1.1615370065793846}. Best is trial 877 with value: 0.6104607256224537.
[I 2026-05-22 17:59:55,137] Trial 932 finished with value: 0.6021997846885212 and parameters: {'WG_amp': 0.8932182091623494, 'WG_Phalf': 183.83081837488552, 'WG_k': 1.2823487056883462, 'WG_c': 1.0540717701638713, 'rate_power': 1.1544224160581467}. Best is trial 877 with value: 0.6104607256224537.
[I 2026-05-22 17:59:55,423] Trial 933 finished with value: 0.6068672031464888 and parameters: {'WG_amp': 0.8925724912438341, 'WG_Phalf': 227.25425725161486, 'WG_k': 9.707515853965708, 'WG_c': 6.460355382425185, 'rate_power': 1.1732103854056077}. Best is trial 877 with value: 0.6104607256224537.
[I 2026-05-22 17:59:55,710] Trial 934 finished with value: 0.5895401227175091 and parameters: {'WG_amp': 0.8692882383701568, 'WG_Phalf': 193.43219003674022, 'WG_k': 8.273143355044814, 'WG_c': 0.0006359095956374192, 'rate_power': 0.7244862460208389}. Best is trial 877 with value: 0.6104607256224537.
[I 2026-05-22 17:59:55,995] Trial 935 finished with value: 0.6012747490766893 and parameters: {'WG_amp': 0.8972465374387342, 'WG_Phalf': 191.62657431722636, 'WG_k': 11.785227130633777, 'WG_c': 0.35583114436951097, 'rate_power': 1.0904938218663944}. Best is trial 877 with value: 0.6104607256224537.
[I 2026-05-22 17:59:56,280] Trial 936 finished with value: 0.6065933113669539 and parameters: {'WG_amp': 0.8913021362874534, 'WG_Phalf': 114.4623846794599, 'WG_k': 24.855116098853227, 'WG_c': 6.70853268298796, 'rate_power': 1.154682150450917}. Best is trial 877 with value: 0.6104607256224537.
[I 2026-05-22 17:59:56,565] Trial 937 finished with value: 0.5924508976231164 and parameters: {'WG_amp': 0.6974568921433222, 'WG_Phalf': 4194.181929070859, 'WG_k': 14.710767410595432, 'WG_c': 3.276493153382421, 'rate_power': 0.8395373706860736}. Best is trial 877 with value: 0.6104607256224537.
[I 2026-05-22 17:59:56,851] Trial 938 finished with value: 0.6091401356255793 and parameters: {'WG_amp': 0.7875395474603416, 'WG_Phalf': 118.9542896988134, 'WG_k': 5.818287248206876, 'WG_c': 0.86083911716783, 'rate_power': 1.2191442555770777}. Best is trial 877 with value: 0.6104607256224537.
[I 2026-05-22 17:59:57,137] Trial 939 finished with value: 0.6006258728246131 and parameters: {'WG_amp': 0.8823983774650394, 'WG_Phalf': 124.26087296952156, 'WG_k': 10.015059463170013, 'WG_c': 0.3848423129927597, 'rate_power': 1.1363341401266103}. Best is trial 877 with value: 0.6104607256224537.
[I 2026-05-22 17:59:57,427] Trial 940 finished with value: 0.586957876272652 and parameters: {'WG_amp': 0.8955931373353494, 'WG_Phalf': 109.24204916153094, 'WG_k': 18.211721081995684, 'WG_c': 0.2018081109403323, 'rate_power': 1.1334755540383374}. Best is trial 877 with value: 0.6104607256224537.
[I 2026-05-22 17:59:57,723] Trial 941 finished with value: 0.6074050415177398 and parameters: {'WG_amp': 0.7510494820160258, 'WG_Phalf': 110.77850179321314, 'WG_k': 1.9189103560704424, 'WG_c': 7.262961120885299, 'rate_power': 1.2215304040388824}. Best is trial 877 with value: 0.6104607256224537.
[I 2026-05-22 17:59:58,013] Trial 942 finished with value: 0.6057791490997699 and parameters: {'WG_amp': 0.8872707113517546, 'WG_Phalf': 185.4803118549423, 'WG_k': 16.930680091519356, 'WG_c': 0.5533874568326771, 'rate_power': 1.2070667590689552}. Best is trial 877 with value: 0.6104607256224537.
[I 2026-05-22 17:59:58,304] Trial 943 finished with value: 0.6074563713465174 and parameters: {'WG_amp': 0.7445139409743118, 'WG_Phalf': 212.74387399592987, 'WG_k': 1.8038034919864958, 'WG_c': 1.6176384807552593, 'rate_power': 1.1982366972483303}. Best is trial 877 with value: 0.6104607256224537.
[I 2026-05-22 17:59:58,596] Trial 944 finished with value: 0.5563504085435799 and parameters: {'WG_amp': 0.8551558509540214, 'WG_Phalf': 103.15253925104433, 'WG_k': 5.696066173711508, 'WG_c': 0.02223764290900387, 'rate_power': 1.2129854383476724}. Best is trial 877 with value: 0.6104607256224537.
[I 2026-05-22 17:59:58,888] Trial 945 finished with value: 0.6003409576884606 and parameters: {'WG_amp': 0.780851540346277, 'WG_Phalf': 167.34410564615195, 'WG_k': 24.060399885436638, 'WG_c': 0.3177223086550716, 'rate_power': 1.1566905499965319}. Best is trial 877 with value: 0.6104607256224537.
[I 2026-05-22 17:59:59,179] Trial 946 finished with value: 0.6074164732753792 and parameters: {'WG_amp': 0.8709404496722593, 'WG_Phalf': 110.19472195827275, 'WG_k': 2.849216682144835, 'WG_c': 2.360554835993054, 'rate_power': 1.201429926140058}. Best is trial 877 with value: 0.6104607256224537.
[I 2026-05-22 17:59:59,472] Trial 947 finished with value: 0.6074159664349829 and parameters: {'WG_amp': 0.7911963442055292, 'WG_Phalf': 109.96133633436398, 'WG_k': 12.705607174372272, 'WG_c': 3.4830368977386397, 'rate_power': 1.2301382878754525}. Best is trial 877 with value: 0.6104607256224537.
[I 2026-05-22 17:59:59,765] Trial 948 finished with value: 0.5988697852206222 and parameters: {'WG_amp': 0.8688314024126698, 'WG_Phalf': 101.8052529895473, 'WG_k': 28.23870803139405, 'WG_c': 0.38388041403001233, 'rate_power': 1.2147441288090879}. Best is trial 877 with value: 0.6104607256224537.
[I 2026-05-22 18:00:00,054] Trial 949 finished with value: 0.6083858483658016 and parameters: {'WG_amp': 0.6819778016965378, 'WG_Phalf': 105.47793052037873, 'WG_k': 20.54763910281809, 'WG_c': 1.3234714900728923, 'rate_power': 1.1836185391159606}. Best is trial 877 with value: 0.6104607256224537.
[I 2026-05-22 18:00:00,343] Trial 950 finished with value: 0.6043370501048748 and parameters: {'WG_amp': 0.7777042049023559, 'WG_Phalf': 174.8967963218596, 'WG_k': 11.195908603748352, 'WG_c': 0.4671732380437465, 'rate_power': 1.205187362656051}. Best is trial 877 with value: 0.6104607256224537.
[I 2026-05-22 18:00:00,636] Trial 951 finished with value: 0.6030071822076021 and parameters: {'WG_amp': 0.8848967834258763, 'WG_Phalf': 102.33952977022301, 'WG_k': 10.602742594904798, 'WG_c': 0.4424193168294195, 'rate_power': 1.1309422344496276}. Best is trial 877 with value: 0.6104607256224537.
[I 2026-05-22 18:00:00,933] Trial 952 finished with value: 0.6101706018860432 and parameters: {'WG_amp': 0.8918439938506306, 'WG_Phalf': 178.93039459729522, 'WG_k': 40.103939119918735, 'WG_c': 0.951162765325286, 'rate_power': 1.1184595760220006}. Best is trial 877 with value: 0.6104607256224537.
[I 2026-05-22 18:00:01,226] Trial 953 finished with value: 0.5942862446198873 and parameters: {'WG_amp': 0.2026544840190982, 'WG_Phalf': 537.8314637381912, 'WG_k': 0.05461943223607089, 'WG_c': 0.0002550532538417444, 'rate_power': 0.8355896251770493}. Best is trial 877 with value: 0.6104607256224537.
[I 2026-05-22 18:00:01,514] Trial 954 finished with value: 0.5861292660737789 and parameters: {'WG_amp': 0.7536423824104689, 'WG_Phalf': 101.43034207528913, 'WG_k': 4.939648957810352, 'WG_c': 0.174972660236983, 'rate_power': 1.1846870854883849}. Best is trial 877 with value: 0.6104607256224537.
[I 2026-05-22 18:00:01,805] Trial 955 finished with value: 0.5901765080143778 and parameters: {'WG_amp': 0.8250870505218242, 'WG_Phalf': 4605.118073932927, 'WG_k': 0.01044946951652448, 'WG_c': 0.00012823544908497391, 'rate_power': 0.7867489109554943}. Best is trial 877 with value: 0.6104607256224537.
[I 2026-05-22 18:00:02,096] Trial 956 finished with value: 0.6043082476110446 and parameters: {'WG_amp': 0.8836848009064702, 'WG_Phalf': 3607.404361573403, 'WG_k': 0.10692036840416028, 'WG_c': 0.0005226975739654089, 'rate_power': 1.1257492096672164}. Best is trial 877 with value: 0.6104607256224537.
[I 2026-05-22 18:00:02,389] Trial 957 finished with value: 0.6059984672410168 and parameters: {'WG_amp': 0.7459114377571534, 'WG_Phalf': 233.58722748994836, 'WG_k': 76.7609175773178, 'WG_c': 1.367359148064454, 'rate_power': 1.0544383627827434}. Best is trial 877 with value: 0.6104607256224537.
[I 2026-05-22 18:00:02,681] Trial 958 finished with value: 0.6071749268407284 and parameters: {'WG_amp': 0.8992199899329234, 'WG_Phalf': 137.48071077380615, 'WG_k': 34.36222778386683, 'WG_c': 7.164761074475104, 'rate_power': 1.2025164910717174}. Best is trial 877 with value: 0.6104607256224537.
[I 2026-05-22 18:00:02,969] Trial 959 finished with value: 0.607444498241025 and parameters: {'WG_amp': 0.8673615924866565, 'WG_Phalf': 261.0994313953872, 'WG_k': 13.389931645482799, 'WG_c': 2.265143695937324, 'rate_power': 1.2906509117962521}. Best is trial 877 with value: 0.6104607256224537.
[I 2026-05-22 18:00:03,259] Trial 960 finished with value: 0.6066667345749964 and parameters: {'WG_amp': 0.8111082739020927, 'WG_Phalf': 199.4181464784822, 'WG_k': 49.70792196008342, 'WG_c': 1.810455238495268, 'rate_power': 1.1466215892508373}. Best is trial 877 with value: 0.6104607256224537.
[I 2026-05-22 18:00:03,545] Trial 961 finished with value: 0.6085267660423902 and parameters: {'WG_amp': 0.8743560417721841, 'WG_Phalf': 275.30704009607075, 'WG_k': 15.585730541352937, 'WG_c': 1.347455289098692, 'rate_power': 1.1874481521695543}. Best is trial 877 with value: 0.6104607256224537.
[I 2026-05-22 18:00:03,836] Trial 962 finished with value: 0.5911328699498115 and parameters: {'WG_amp': 0.8557283204424384, 'WG_Phalf': 145.59819773760938, 'WG_k': 86.81538885661612, 'WG_c': 0.19602583443031205, 'rate_power': 1.100553696376808}. Best is trial 877 with value: 0.6104607256224537.
[I 2026-05-22 18:00:04,127] Trial 963 finished with value: 0.6012820273676647 and parameters: {'WG_amp': 0.28530208990418154, 'WG_Phalf': 384.5607525181433, 'WG_k': 93.88166247826204, 'WG_c': 0.0005782701705330964, 'rate_power': 1.0066495717685329}. Best is trial 877 with value: 0.6104607256224537.
[I 2026-05-22 18:00:04,418] Trial 964 finished with value: 0.6065544221620176 and parameters: {'WG_amp': 0.8845903909922622, 'WG_Phalf': 181.9178807508061, 'WG_k': 83.48099020221846, 'WG_c': 3.905608004465154, 'rate_power': 1.1512172842442674}. Best is trial 877 with value: 0.6104607256224537.
[I 2026-05-22 18:00:04,711] Trial 965 finished with value: 0.6071637573458035 and parameters: {'WG_amp': 0.8829284497502836, 'WG_Phalf': 108.02274173539752, 'WG_k': 64.03043298795717, 'WG_c': 1.9596512298731514, 'rate_power': 1.1898943624727871}. Best is trial 877 with value: 0.6104607256224537.
[I 2026-05-22 18:00:04,996] Trial 966 finished with value: 0.5952700773958122 and parameters: {'WG_amp': 0.7761232422479981, 'WG_Phalf': 117.4696059044478, 'WG_k': 0.47030941772655865, 'WG_c': 0.04337745717935614, 'rate_power': 1.0055249388382583}. Best is trial 877 with value: 0.6104607256224537.
[I 2026-05-22 18:00:05,286] Trial 967 finished with value: 0.6101003350406418 and parameters: {'WG_amp': 0.8955389575447693, 'WG_Phalf': 304.38151375579787, 'WG_k': 14.554685648509087, 'WG_c': 0.922096794409459, 'rate_power': 1.1423503943750006}. Best is trial 877 with value: 0.6104607256224537.
[I 2026-05-22 18:00:05,576] Trial 968 finished with value: 0.6052277513324188 and parameters: {'WG_amp': 0.8936262721204298, 'WG_Phalf': 368.3443139575137, 'WG_k': 46.142198245900985, 'WG_c': 2.0365607259939598, 'rate_power': 1.0779267152098813}. Best is trial 877 with value: 0.6104607256224537.
[I 2026-05-22 18:00:05,865] Trial 969 finished with value: 0.5960786650309347 and parameters: {'WG_amp': 0.8041550057490017, 'WG_Phalf': 297.9706314351664, 'WG_k': 33.28740303593757, 'WG_c': 0.22435669855912588, 'rate_power': 1.1553131632075506}. Best is trial 877 with value: 0.6104607256224537.
[I 2026-05-22 18:00:06,157] Trial 970 finished with value: 0.5928844427122905 and parameters: {'WG_amp': 0.8785519826927112, 'WG_Phalf': 283.29573470169305, 'WG_k': 1.5622317137056754, 'WG_c': 0.36925205811897605, 'rate_power': 1.1763082691021838}. Best is trial 877 with value: 0.6104607256224537.
[I 2026-05-22 18:00:06,446] Trial 971 finished with value: 0.6097947118219704 and parameters: {'WG_amp': 0.8863734422284864, 'WG_Phalf': 283.56114893111095, 'WG_k': 25.707241803761864, 'WG_c': 0.9832222983186325, 'rate_power': 1.1085557249129219}. Best is trial 877 with value: 0.6104607256224537.
[I 2026-05-22 18:00:06,738] Trial 972 finished with value: 0.6057283352420857 and parameters: {'WG_amp': 0.1355597946701556, 'WG_Phalf': 103.39253940314224, 'WG_k': 0.475586291378957, 'WG_c': 0.00023972227789854247, 'rate_power': 1.2412078034496536}. Best is trial 877 with value: 0.6104607256224537.
[I 2026-05-22 18:00:07,029] Trial 973 finished with value: 0.6047418653543383 and parameters: {'WG_amp': 0.8665995883173562, 'WG_Phalf': 346.70689095575364, 'WG_k': 24.42979190501088, 'WG_c': 0.41447587915240275, 'rate_power': 1.0859631257735742}. Best is trial 877 with value: 0.6104607256224537.
[I 2026-05-22 18:00:07,321] Trial 974 finished with value: 0.6089725936222782 and parameters: {'WG_amp': 0.8442772514519853, 'WG_Phalf': 250.04873907838493, 'WG_k': 99.93360736760917, 'WG_c': 0.6894268328572452, 'rate_power': 1.0820866575451953}. Best is trial 877 with value: 0.6104607256224537.
[I 2026-05-22 18:00:07,612] Trial 975 finished with value: 0.5999352182480525 and parameters: {'WG_amp': 0.8242842465765532, 'WG_Phalf': 249.49579027485703, 'WG_k': 9.073207371054776, 'WG_c': 0.31607559388286766, 'rate_power': 1.1370024057117525}. Best is trial 877 with value: 0.6104607256224537.
[I 2026-05-22 18:00:07,903] Trial 976 finished with value: 0.6064878845723317 and parameters: {'WG_amp': 0.5379161658147438, 'WG_Phalf': 108.15603733835523, 'WG_k': 17.247397822563432, 'WG_c': 4.400309613896307, 'rate_power': 1.1464220690944111}. Best is trial 877 with value: 0.6104607256224537.
[I 2026-05-22 18:00:08,190] Trial 977 finished with value: 0.6085109940403426 and parameters: {'WG_amp': 0.8835282150432655, 'WG_Phalf': 192.80879889310808, 'WG_k': 10.51847034970691, 'WG_c': 1.0593289993423702, 'rate_power': 1.037266494647657}. Best is trial 877 with value: 0.6104607256224537.
[I 2026-05-22 18:00:08,481] Trial 978 finished with value: 0.5795583539858574 and parameters: {'WG_amp': 0.7152852008109458, 'WG_Phalf': 243.15768119228537, 'WG_k': 13.53395759508102, 'WG_c': 0.029575209786016993, 'rate_power': 1.1382674572908351}. Best is trial 877 with value: 0.6104607256224537.
[I 2026-05-22 18:00:08,771] Trial 979 finished with value: 0.605856629998328 and parameters: {'WG_amp': 0.8569637362909109, 'WG_Phalf': 204.46341358789456, 'WG_k': 26.192390710609956, 'WG_c': 8.769640886119348, 'rate_power': 1.1090996039853223}. Best is trial 877 with value: 0.6104607256224537.
[I 2026-05-22 18:00:09,055] Trial 980 finished with value: 0.5987049749081604 and parameters: {'WG_amp': 0.8932221885537924, 'WG_Phalf': 211.0923182246258, 'WG_k': 11.373944422384122, 'WG_c': 0.33382451302870614, 'rate_power': 1.1452282608851425}. Best is trial 877 with value: 0.6104607256224537.
[I 2026-05-22 18:00:09,347] Trial 981 finished with value: 0.5912553287741183 and parameters: {'WG_amp': 0.8202120078496438, 'WG_Phalf': 245.29927484518757, 'WG_k': 16.135885966305796, 'WG_c': 0.12680155056667025, 'rate_power': 1.0162279812838417}. Best is trial 877 with value: 0.6104607256224537.
[I 2026-05-22 18:00:09,633] Trial 982 finished with value: 0.6095409563604989 and parameters: {'WG_amp': 0.840212418865654, 'WG_Phalf': 238.53594585562908, 'WG_k': 6.96296493212205, 'WG_c': 1.116369540112521, 'rate_power': 1.1564827407640828}. Best is trial 877 with value: 0.6104607256224537.
[I 2026-05-22 18:00:09,917] Trial 983 finished with value: 0.6044586154743083 and parameters: {'WG_amp': 0.8975932121837585, 'WG_Phalf': 126.5048464640015, 'WG_k': 60.47628423357971, 'WG_c': 3.0674713862081675, 'rate_power': 1.0532892126718894}. Best is trial 877 with value: 0.6104607256224537.
[I 2026-05-22 18:00:10,203] Trial 984 finished with value: 0.6093845415341985 and parameters: {'WG_amp': 0.7862011169778419, 'WG_Phalf': 222.73920173762275, 'WG_k': 7.90010471391457, 'WG_c': 1.0449698887167909, 'rate_power': 1.1227448874729882}. Best is trial 877 with value: 0.6104607256224537.
[I 2026-05-22 18:00:10,494] Trial 985 finished with value: 0.5991947901297479 and parameters: {'WG_amp': 0.5511144504936851, 'WG_Phalf': 522.2679751868673, 'WG_k': 0.07539190043480523, 'WG_c': 0.020613057218034126, 'rate_power': 1.2220893068878738}. Best is trial 877 with value: 0.6104607256224537.
[I 2026-05-22 18:00:10,786] Trial 986 finished with value: 0.6100120387747258 and parameters: {'WG_amp': 0.8588476179347054, 'WG_Phalf': 140.8319040980762, 'WG_k': 45.368321112236856, 'WG_c': 0.9581711016225972, 'rate_power': 1.105018665915296}. Best is trial 877 with value: 0.6104607256224537.
[I 2026-05-22 18:00:11,080] Trial 987 finished with value: 0.6063194149217909 and parameters: {'WG_amp': 0.8338454455784495, 'WG_Phalf': 129.4331120985844, 'WG_k': 65.28926659517766, 'WG_c': 0.5454611421908399, 'rate_power': 1.1353564298343952}. Best is trial 877 with value: 0.6104607256224537.
[I 2026-05-22 18:00:11,376] Trial 988 finished with value: 0.6094042799811134 and parameters: {'WG_amp': 0.8954758089456407, 'WG_Phalf': 304.32581612683725, 'WG_k': 7.333463820044331, 'WG_c': 1.114432888033758, 'rate_power': 1.126001774967376}. Best is trial 877 with value: 0.6104607256224537.
[I 2026-05-22 18:00:11,668] Trial 989 finished with value: 0.6072362169049419 and parameters: {'WG_amp': 0.8988544265354079, 'WG_Phalf': 118.19604302801223, 'WG_k': 6.36800320771964, 'WG_c': 2.176167305624179, 'rate_power': 1.2007919234062219}. Best is trial 877 with value: 0.6104607256224537.
[I 2026-05-22 18:00:11,959] Trial 990 finished with value: 0.6046627150368585 and parameters: {'WG_amp': 0.8977551344128915, 'WG_Phalf': 124.70295425857594, 'WG_k': 24.358971032016296, 'WG_c': 2.657814286619097, 'rate_power': 1.0595572286464077}. Best is trial 877 with value: 0.6104607256224537.
[I 2026-05-22 18:00:12,251] Trial 991 finished with value: 0.6098699545936384 and parameters: {'WG_amp': 0.8804535709534075, 'WG_Phalf': 167.0614237158905, 'WG_k': 19.720644807996514, 'WG_c': 0.8981926664115494, 'rate_power': 1.0746344325012298}. Best is trial 877 with value: 0.6104607256224537.
[I 2026-05-22 18:00:12,540] Trial 992 finished with value: 0.6050512916529414 and parameters: {'WG_amp': 0.8946684821438315, 'WG_Phalf': 184.09676876168427, 'WG_k': 40.08144841726381, 'WG_c': 0.459741719769737, 'rate_power': 1.0425158108807493}. Best is trial 877 with value: 0.6104607256224537.
[I 2026-05-22 18:00:12,869] Trial 993 finished with value: 0.6055415282159491 and parameters: {'WG_amp': 0.8885973579985739, 'WG_Phalf': 103.84640571682868, 'WG_k': 71.13407781782935, 'WG_c': 1.6658912799426346, 'rate_power': 1.0760226554978016}. Best is trial 877 with value: 0.6104607256224537.
[I 2026-05-22 18:00:13,223] Trial 994 finished with value: 0.6093449727613997 and parameters: {'WG_amp': 0.8996947419383344, 'WG_Phalf': 212.55309316608222, 'WG_k': 46.930264068430425, 'WG_c': 1.2201981434223896, 'rate_power': 1.2259420789958744}. Best is trial 877 with value: 0.6104607256224537.
[I 2026-05-22 18:00:13,530] Trial 995 finished with value: 0.6082106740057808 and parameters: {'WG_amp': 0.8956566442863002, 'WG_Phalf': 258.3684211853961, 'WG_k': 81.06394182675334, 'WG_c': 0.6422120548231584, 'rate_power': 1.1430410365569406}. Best is trial 877 with value: 0.6104607256224537.
[I 2026-05-22 18:00:13,818] Trial 996 finished with value: 0.6006017731024161 and parameters: {'WG_amp': 0.8350121859833342, 'WG_Phalf': 356.95935712342583, 'WG_k': 71.57004408759875, 'WG_c': 0.2992480750302651, 'rate_power': 1.1449054071486435}. Best is trial 877 with value: 0.6104607256224537.
[I 2026-05-22 18:00:14,109] Trial 997 finished with value: 0.6059866861857869 and parameters: {'WG_amp': 0.8542392852309437, 'WG_Phalf': 113.23441483987949, 'WG_k': 18.40591019891439, 'WG_c': 1.7558536618552052, 'rate_power': 1.1009912978092267}. Best is trial 877 with value: 0.6104607256224537.
[I 2026-05-22 18:00:14,397] Trial 998 finished with value: 0.5842146262516147 and parameters: {'WG_amp': 0.2514686623281279, 'WG_Phalf': 3513.4039983804373, 'WG_k': 0.012327187842587043, 'WG_c': 0.021626006666388673, 'rate_power': 0.7438934255381314}. Best is trial 877 with value: 0.6104607256224537.
[I 2026-05-22 18:00:14,690] Trial 999 finished with value: 0.6043557176880741 and parameters: {'WG_amp': 0.8801313135348104, 'WG_Phalf': 435.7319621054207, 'WG_k': 17.542962022878307, 'WG_c': 0.48182385190180416, 'rate_power': 1.2575143748901718}. Best is trial 877 with value: 0.6104607256224537.
[best] 0.6104607256224537 {'overall': 0.6318292937678752, 'bias': 0.7159983387567392, 'rmse': 0.38321809285193664, 'seas': 0.8539259796097578, 'spatial': 0.7386169197801424} {'bona': {'overall': 0.633081163609483, 'bias': 0.8493327869456075, 'rmse': 0.3416513993076227, 'seas': 0.7811310404743316, 'spatial': 0.6353875686761052}, 'tena': {'overall': 0.5122398798231592, 'bias': 0.6754572382329922, 'rmse': 0.2739757893427926, 'seas': 0.7333700688302133, 'spatial': 0.4412031549571721}, 'tropics': {'overall': 0.6294732004593083, 'bias': 0.7160768043793078, 'rmse': 0.3970006636689782, 'seas': 0.8759370782691166, 'spatial': 0.6747471883901616}, 'sh': {'overall': 0.5379517488187454, 'bias': 0.6822653982879723, 'rmse': 0.3030767982810196, 'seas': 0.6466580280200137, 'spatial': 0.610368071754475}} {'WG_amp': 0.8961189908975622, 'WG_Phalf': 115.2577724439232, 'WG_k': 23.547110749210646, 'WG_c': 0.9263679918657868, 'rate_power': 1.1420412669916542}
[write] /Users/adithyasrinivasan/Projects/creativity-docs/exp-workspaces/exp_04/hermes/base/models/research/ED-C2-wet_gpp_amp/params.json
[write] /Users/adithyasrinivasan/Projects/creativity-docs/exp-workspaces/exp_04/hermes/base/ilamb/MODELS/ED-C2-wet_gpp_amp/burntArea.nc
