[setup] targeted family=annual_wet_amp model=ED-C2-annual_wet_amp trials=1000
[baseline] 0.6103502735484728 {'overall': 0.6295495002593263, 'bias': 0.7070857028352947, 'rmse': 0.3790544420749578, 'seas': 0.8506061694600666, 'spatial': 0.7544105422753865} {'bona': {'overall': 0.6380885404837499, 'bias': 0.8266567561867596, 'rmse': 0.3211562360062949, 'seas': 0.7797091235325466, 'spatial': 0.7531961349838437}, 'tena': {'overall': 0.47889289658687106, 'bias': 0.6256589426778316, 'rmse': 0.2541252018733317, 'seas': 0.7283824372245481, 'spatial': 0.38540665319435186}, 'tropics': {'overall': 0.6277756025324356, 'bias': 0.7134731917453241, 'rmse': 0.395193788045546, 'seas': 0.875400942730105, 'spatial': 0.6739187128827683}, 'sh': {'overall': 0.498937513734702, 'bias': 0.6419405911472694, 'rmse': 0.28960875792486046, 'seas': 0.6009038105573065, 'spatial': 0.5296225737066459}}
/Users/adithyasrinivasan/Projects/creativity-docs/exp-workspaces/exp_04/hermes/base/scripts/search_targeted_mechanisms.py:82: ExperimentalWarning: Argument ``multivariate`` is an experimental feature. The interface can change in the future.
  sampler=optuna.samplers.TPESampler(seed=SEED,multivariate=True)
[I 2026-05-22 17:50:19,286] A new study created in memory with name: no-name-0500cc57-b01d-4233-a4a9-186e4f474317
[I 2026-05-22 17:50:19,515] Trial 0 finished with value: 0.6023992823420549 and parameters: {'P_amp': 0.0, 'P_wet': 1500.0, 'P_pow': 2.0, 'rate_power': 1.0}. Best is trial 0 with value: 0.6023992823420549.
[I 2026-05-22 17:50:19,801] Trial 1 finished with value: 0.5965761916301295 and parameters: {'P_amp': 0.201785561990664, 'P_wet': 661.7041125167399, 'P_pow': 5.868694686314717, 'rate_power': 1.295762419979885}. Best is trial 0 with value: 0.6023992823420549.
[I 2026-05-22 17:50:20,089] Trial 2 finished with value: 0.5912809485512605 and parameters: {'P_amp': 0.89549289174046, 'P_wet': 1661.9887181944362, 'P_pow': 3.6777205952758876, 'rate_power': 0.7685950475477733}. Best is trial 0 with value: 0.6023992823420549.
[I 2026-05-22 17:50:20,377] Trial 3 finished with value: 0.5537933214882789 and parameters: {'P_amp': 0.72902135861883, 'P_wet': 600.8739972749912, 'P_pow': 5.948052573477521, 'rate_power': 1.0315792738167218}. Best is trial 0 with value: 0.6023992823420549.
[I 2026-05-22 17:50:20,664] Trial 4 finished with value: 0.5814179329177847 and parameters: {'P_amp': 0.3948914629710927, 'P_wet': 389.3157814117028, 'P_pow': 2.74250450163735, 'rate_power': 1.2237065470663608}. Best is trial 0 with value: 0.6023992823420549.
[I 2026-05-22 17:50:20,959] Trial 5 finished with value: 0.6048481316430587 and parameters: {'P_amp': 0.37010020465480914, 'P_wet': 2780.555917619306, 'P_pow': 1.4664027242934405, 'rate_power': 1.2226774379138143}. Best is trial 5 with value: 0.6048481316430587.
[I 2026-05-22 17:50:21,253] Trial 6 finished with value: 0.5797681106976599 and parameters: {'P_amp': 0.4973552446122327, 'P_wet': 535.9307115998552, 'P_pow': 2.704370321054075, 'rate_power': 1.1526448496400323}. Best is trial 5 with value: 0.6048481316430587.
[I 2026-05-22 17:50:21,548] Trial 7 finished with value: 0.5915891703571277 and parameters: {'P_amp': 0.4181589087810248, 'P_wet': 700.7935230411535, 'P_pow': 5.316808856243231, 'rate_power': 0.9062720943630949}. Best is trial 5 with value: 0.6048481316430587.
[I 2026-05-22 17:50:21,846] Trial 8 finished with value: 0.5911707237868462 and parameters: {'P_amp': 0.8256909249282759, 'P_wet': 3359.6248629709116, 'P_pow': 2.4425544306025655, 'rate_power': 0.8013611062563358}. Best is trial 5 with value: 0.6048481316430587.
[I 2026-05-22 17:50:22,141] Trial 9 finished with value: 0.5990858329270741 and parameters: {'P_amp': 0.159193320891898, 'P_wet': 326.39653109676203, 'P_pow': 0.4189774198998787, 'rate_power': 0.8941331646129321}. Best is trial 5 with value: 0.6048481316430587.
[I 2026-05-22 17:50:22,432] Trial 10 finished with value: 0.6047747052252574 and parameters: {'P_amp': 0.41556085301662904, 'P_wet': 5049.1261656451425, 'P_pow': 1.0632922768066, 'rate_power': 1.0942534715814627}. Best is trial 5 with value: 0.6048481316430587.
[I 2026-05-22 17:50:22,721] Trial 11 finished with value: 0.603954361726943 and parameters: {'P_amp': 0.3620552522366578, 'P_wet': 2457.6992344160585, 'P_pow': 0.9724546728813944, 'rate_power': 1.1571596613957793}. Best is trial 5 with value: 0.6048481316430587.
[I 2026-05-22 17:50:23,017] Trial 12 finished with value: 0.603600541292852 and parameters: {'P_amp': 0.569861039230852, 'P_wet': 5701.725481038895, 'P_pow': 1.8227696398944986, 'rate_power': 1.0207128016373435}. Best is trial 5 with value: 0.6048481316430587.
[I 2026-05-22 17:50:23,310] Trial 13 finished with value: 0.5978733371250283 and parameters: {'P_amp': 0.4742747432605377, 'P_wet': 5044.411696785147, 'P_pow': 0.3396313264617554, 'rate_power': 1.2918430636766622}. Best is trial 5 with value: 0.6048481316430587.
[I 2026-05-22 17:50:23,598] Trial 14 finished with value: 0.6067273261452873 and parameters: {'P_amp': 0.1331380355102395, 'P_wet': 1816.7508056226911, 'P_pow': 3.3833276766017337, 'rate_power': 1.2610556718377508}. Best is trial 14 with value: 0.6067273261452873.
[I 2026-05-22 17:50:23,892] Trial 15 finished with value: 0.6061627666586219 and parameters: {'P_amp': 0.2802954953525172, 'P_wet': 4414.505335800433, 'P_pow': 4.262474479271077, 'rate_power': 1.1215314005807284}. Best is trial 14 with value: 0.6067273261452873.
[I 2026-05-22 17:50:24,187] Trial 16 finished with value: 0.6054550915802945 and parameters: {'P_amp': 0.05946104999247165, 'P_wet': 5076.322231226311, 'P_pow': 3.984434954895978, 'rate_power': 1.0886646749753552}. Best is trial 14 with value: 0.6067273261452873.
[I 2026-05-22 17:50:24,482] Trial 17 finished with value: 0.6054110613051877 and parameters: {'P_amp': 0.14886361475095533, 'P_wet': 1338.5339168608623, 'P_pow': 3.2470423773134933, 'rate_power': 1.25271948559899}. Best is trial 14 with value: 0.6067273261452873.
[I 2026-05-22 17:50:24,778] Trial 18 finished with value: 0.5954527349368715 and parameters: {'P_amp': 0.19991169988210927, 'P_wet': 2356.746425609583, 'P_pow': 4.546278625865765, 'rate_power': 0.8685220810554171}. Best is trial 14 with value: 0.6067273261452873.
[I 2026-05-22 17:50:25,066] Trial 19 finished with value: 0.6049899101419658 and parameters: {'P_amp': 0.4321954683827669, 'P_wet': 5039.121579130318, 'P_pow': 5.022595226410446, 'rate_power': 1.068421170238393}. Best is trial 14 with value: 0.6067273261452873.
[I 2026-05-22 17:50:25,353] Trial 20 finished with value: 0.6073755129186107 and parameters: {'P_amp': 0.29691743895210865, 'P_wet': 3135.9437782816867, 'P_pow': 3.7062645623738746, 'rate_power': 1.274864217840861}. Best is trial 20 with value: 0.6073755129186107.
[I 2026-05-22 17:50:25,646] Trial 21 finished with value: 0.6074368656874927 and parameters: {'P_amp': 0.27676571747082457, 'P_wet': 2332.5355183040906, 'P_pow': 5.057830892446539, 'rate_power': 1.287633626657186}. Best is trial 21 with value: 0.6074368656874927.
[I 2026-05-22 17:50:25,939] Trial 22 finished with value: 0.6059342784112057 and parameters: {'P_amp': 0.5080693758613998, 'P_wet': 2118.3419364339934, 'P_pow': 3.883425382471344, 'rate_power': 1.2982588224007}. Best is trial 21 with value: 0.6074368656874927.
[I 2026-05-22 17:50:26,235] Trial 23 finished with value: 0.6062954615664947 and parameters: {'P_amp': 0.34765709971388237, 'P_wet': 1698.319192698496, 'P_pow': 5.293667839289518, 'rate_power': 1.2449247190565491}. Best is trial 21 with value: 0.6074368656874927.
[I 2026-05-22 17:50:26,525] Trial 24 finished with value: 0.6071706605180651 and parameters: {'P_amp': 0.22622146411294153, 'P_wet': 2421.0839160752657, 'P_pow': 4.104389364286287, 'rate_power': 1.29616290392243}. Best is trial 21 with value: 0.6074368656874927.
[I 2026-05-22 17:50:26,812] Trial 25 finished with value: 0.6075113330074682 and parameters: {'P_amp': 0.08872957492430034, 'P_wet': 2560.405606049749, 'P_pow': 5.342072282100299, 'rate_power': 1.2868015866067055}. Best is trial 25 with value: 0.6075113330074682.
[I 2026-05-22 17:50:27,100] Trial 26 finished with value: 0.6074275254744104 and parameters: {'P_amp': 0.09322042806599615, 'P_wet': 1953.537497986407, 'P_pow': 5.947885166811264, 'rate_power': 1.2729534602739263}. Best is trial 25 with value: 0.6075113330074682.
[I 2026-05-22 17:50:27,388] Trial 27 finished with value: 0.6072254864853465 and parameters: {'P_amp': 0.048361483791999685, 'P_wet': 1981.9708573623327, 'P_pow': 5.441044839802205, 'rate_power': 1.2074955456116}. Best is trial 25 with value: 0.6075113330074682.
[I 2026-05-22 17:50:27,676] Trial 28 finished with value: 0.6072655041510581 and parameters: {'P_amp': 0.05256568123317065, 'P_wet': 1734.8550044422514, 'P_pow': 5.763164102852844, 'rate_power': 1.2841619059982874}. Best is trial 25 with value: 0.6075113330074682.
[I 2026-05-22 17:50:27,964] Trial 29 finished with value: 0.6074739890629082 and parameters: {'P_amp': 0.0986582756212698, 'P_wet': 5642.639314803192, 'P_pow': 5.725058966704292, 'rate_power': 1.2632801252838772}. Best is trial 25 with value: 0.6075113330074682.
[I 2026-05-22 17:50:28,252] Trial 30 finished with value: 0.6074313980406447 and parameters: {'P_amp': 0.15202476783427973, 'P_wet': 5750.968498564734, 'P_pow': 5.217988601404184, 'rate_power': 1.2936690549392809}. Best is trial 25 with value: 0.6075113330074682.
[I 2026-05-22 17:50:28,541] Trial 31 finished with value: 0.6074656847432299 and parameters: {'P_amp': 0.19693519538701063, 'P_wet': 5957.6304689664175, 'P_pow': 5.962127478895771, 'rate_power': 1.254290712350277}. Best is trial 25 with value: 0.6075113330074682.
[I 2026-05-22 17:50:28,829] Trial 32 finished with value: 0.6042462404911391 and parameters: {'P_amp': 0.010053055073703299, 'P_wet': 5815.177655352223, 'P_pow': 5.972672878637128, 'rate_power': 1.046218360902685}. Best is trial 25 with value: 0.6075113330074682.
[I 2026-05-22 17:50:29,116] Trial 33 finished with value: 0.6072775457512388 and parameters: {'P_amp': 0.3651680921347896, 'P_wet': 3540.7458118969407, 'P_pow': 5.831144588479398, 'rate_power': 1.2003817909687633}. Best is trial 25 with value: 0.6075113330074682.
[I 2026-05-22 17:50:29,404] Trial 34 finished with value: 0.607420120639617 and parameters: {'P_amp': 0.1592027758967037, 'P_wet': 4724.165032078251, 'P_pow': 5.9682203308468145, 'rate_power': 1.2964144222005143}. Best is trial 25 with value: 0.6075113330074682.
[I 2026-05-22 17:50:29,691] Trial 35 finished with value: 0.6071489108898788 and parameters: {'P_amp': 0.03295175660623931, 'P_wet': 5173.918651332824, 'P_pow': 5.652179637258706, 'rate_power': 1.198794599408923}. Best is trial 25 with value: 0.6075113330074682.
[I 2026-05-22 17:50:29,981] Trial 36 finished with value: 0.5918211123443717 and parameters: {'P_amp': 0.6949789011869771, 'P_wet': 902.91239537757, 'P_pow': 1.0792231553392426, 'rate_power': 1.013128828671884}. Best is trial 25 with value: 0.6075113330074682.
[I 2026-05-22 17:50:30,281] Trial 37 finished with value: 0.6075169892837968 and parameters: {'P_amp': 0.3824904187883585, 'P_wet': 4907.4472959510695, 'P_pow': 5.839341998076556, 'rate_power': 1.2712250460096606}. Best is trial 37 with value: 0.6075169892837968.
[I 2026-05-22 17:50:30,577] Trial 38 finished with value: 0.6074706551638404 and parameters: {'P_amp': 0.5733347159419229, 'P_wet': 5141.6058898187475, 'P_pow': 5.676921119873135, 'rate_power': 1.2318200478156556}. Best is trial 37 with value: 0.6075169892837968.
[I 2026-05-22 17:50:30,874] Trial 39 finished with value: 0.6074866752292338 and parameters: {'P_amp': 0.5641526018484927, 'P_wet': 5994.512455311757, 'P_pow': 5.560893029473324, 'rate_power': 1.262157396568715}. Best is trial 37 with value: 0.6075169892837968.
[I 2026-05-22 17:50:31,174] Trial 40 finished with value: 0.607507763412603 and parameters: {'P_amp': 0.434080596316319, 'P_wet': 5602.291510561559, 'P_pow': 5.398252380666737, 'rate_power': 1.269535909484983}. Best is trial 37 with value: 0.6075169892837968.
[I 2026-05-22 17:50:31,473] Trial 41 finished with value: 0.6067577850437196 and parameters: {'P_amp': 0.83979614068343, 'P_wet': 4862.114319897317, 'P_pow': 5.744884896590454, 'rate_power': 1.1598169386079507}. Best is trial 37 with value: 0.6075169892837968.
[I 2026-05-22 17:50:31,773] Trial 42 finished with value: 0.6075750021746461 and parameters: {'P_amp': 0.4950968583946133, 'P_wet': 4137.121454341408, 'P_pow': 5.466982103233152, 'rate_power': 1.2594909128908434}. Best is trial 42 with value: 0.6075750021746461.
[I 2026-05-22 17:50:32,071] Trial 43 finished with value: 0.6075044369059145 and parameters: {'P_amp': 0.5790808721111008, 'P_wet': 5912.579182607501, 'P_pow': 4.445065989862676, 'rate_power': 1.275218478032242}. Best is trial 42 with value: 0.6075750021746461.
[I 2026-05-22 17:50:32,368] Trial 44 finished with value: 0.6073624908430117 and parameters: {'P_amp': 0.5109835223844785, 'P_wet': 4308.1415263277295, 'P_pow': 3.5532460368934644, 'rate_power': 1.2850270206359506}. Best is trial 42 with value: 0.6075750021746461.
[I 2026-05-22 17:50:32,664] Trial 45 finished with value: 0.6075300222175313 and parameters: {'P_amp': 0.78364556343405, 'P_wet': 5380.342638842135, 'P_pow': 3.9939875183170597, 'rate_power': 1.261265993250344}. Best is trial 42 with value: 0.6075750021746461.
[I 2026-05-22 17:50:32,960] Trial 46 finished with value: 0.6074534893599064 and parameters: {'P_amp': 0.40553793277296396, 'P_wet': 4827.85293939802, 'P_pow': 5.834986292862451, 'rate_power': 1.28551743108752}. Best is trial 42 with value: 0.6075750021746461.
[I 2026-05-22 17:50:33,256] Trial 47 finished with value: 0.6068002350167896 and parameters: {'P_amp': 0.8632584616544902, 'P_wet': 3357.611109568592, 'P_pow': 3.014562797326032, 'rate_power': 1.1913855289413782}. Best is trial 42 with value: 0.6075750021746461.
[I 2026-05-22 17:50:33,554] Trial 48 finished with value: 0.6076069097930847 and parameters: {'P_amp': 0.8651906484816401, 'P_wet': 3396.886250039658, 'P_pow': 4.148631756717999, 'rate_power': 1.229688489926747}. Best is trial 48 with value: 0.6076069097930847.
[I 2026-05-22 17:50:33,844] Trial 49 finished with value: 0.6075427080043239 and parameters: {'P_amp': 0.8248863545168877, 'P_wet': 3615.622891533385, 'P_pow': 4.447939940113003, 'rate_power': 1.297625554647477}. Best is trial 48 with value: 0.6076069097930847.
[I 2026-05-22 17:50:34,131] Trial 50 finished with value: 0.6008535038499088 and parameters: {'P_amp': 0.7934987873855711, 'P_wet': 1527.5729136743812, 'P_pow': 4.953543301097125, 'rate_power': 1.244165801283506}. Best is trial 48 with value: 0.6076069097930847.
[I 2026-05-22 17:50:34,419] Trial 51 finished with value: 0.6076037919139762 and parameters: {'P_amp': 0.7934402846259117, 'P_wet': 3453.7794377119912, 'P_pow': 4.616684283887552, 'rate_power': 1.2862219301550581}. Best is trial 48 with value: 0.6076069097930847.
[I 2026-05-22 17:50:34,706] Trial 52 finished with value: 0.6074465668464508 and parameters: {'P_amp': 0.7858435994674136, 'P_wet': 5749.675223184813, 'P_pow': 3.4846260302692063, 'rate_power': 1.2574545507906556}. Best is trial 48 with value: 0.6076069097930847.
[I 2026-05-22 17:50:34,995] Trial 53 finished with value: 0.6061603218891921 and parameters: {'P_amp': 0.8822960297473305, 'P_wet': 2221.556302633078, 'P_pow': 4.172879061932809, 'rate_power': 1.2783600633768881}. Best is trial 48 with value: 0.6076069097930847.
[I 2026-05-22 17:50:35,283] Trial 54 finished with value: 0.6051157297502974 and parameters: {'P_amp': 0.8849042883380439, 'P_wet': 2308.942003334712, 'P_pow': 4.370713850808106, 'rate_power': 1.026344579005989}. Best is trial 48 with value: 0.6076069097930847.
[I 2026-05-22 17:50:35,583] Trial 55 finished with value: 0.6075131264499657 and parameters: {'P_amp': 0.8210129799207618, 'P_wet': 5100.023719672972, 'P_pow': 4.345429288307413, 'rate_power': 1.2894416837407416}. Best is trial 48 with value: 0.6076069097930847.
[I 2026-05-22 17:50:35,877] Trial 56 finished with value: 0.6042350880856107 and parameters: {'P_amp': 0.12426881311132404, 'P_wet': 354.91380509354144, 'P_pow': 0.6452307688490087, 'rate_power': 1.2745406230152956}. Best is trial 48 with value: 0.6076069097930847.
[I 2026-05-22 17:50:36,165] Trial 57 finished with value: 0.6069275168122646 and parameters: {'P_amp': 0.6566838455702972, 'P_wet': 3190.5074181677046, 'P_pow': 4.6004909094630655, 'rate_power': 1.147500249665298}. Best is trial 48 with value: 0.6076069097930847.
[I 2026-05-22 17:50:36,456] Trial 58 finished with value: 0.6076459030318465 and parameters: {'P_amp': 0.8041714925617599, 'P_wet': 2750.349351640858, 'P_pow': 4.732519962199139, 'rate_power': 1.2923034399805846}. Best is trial 58 with value: 0.6076459030318465.
[I 2026-05-22 17:50:36,747] Trial 59 finished with value: 0.6078660947326526 and parameters: {'P_amp': 0.6780922969173566, 'P_wet': 2365.31633422056, 'P_pow': 5.359946993079887, 'rate_power': 1.2553455731335867}. Best is trial 59 with value: 0.6078660947326526.
[I 2026-05-22 17:50:37,044] Trial 60 finished with value: 0.6075880605846914 and parameters: {'P_amp': 0.6629047284495254, 'P_wet': 2366.581192733424, 'P_pow': 4.915748063564725, 'rate_power': 1.2664994955728988}. Best is trial 59 with value: 0.6078660947326526.
[I 2026-05-22 17:50:37,340] Trial 61 finished with value: 0.6077840978072235 and parameters: {'P_amp': 0.740559624798278, 'P_wet': 3160.573238978098, 'P_pow': 5.069014076599277, 'rate_power': 1.2652477129620263}. Best is trial 59 with value: 0.6078660947326526.
[I 2026-05-22 17:50:37,636] Trial 62 finished with value: 0.6061598543800459 and parameters: {'P_amp': 0.6326782455327, 'P_wet': 2023.769883870272, 'P_pow': 5.2589276439086134, 'rate_power': 1.077078201454479}. Best is trial 59 with value: 0.6078660947326526.
[I 2026-05-22 17:50:37,930] Trial 63 finished with value: 0.6079348074409389 and parameters: {'P_amp': 0.7937460743135489, 'P_wet': 2208.5013222625635, 'P_pow': 5.695862129385684, 'rate_power': 1.2625803142791951}. Best is trial 63 with value: 0.6079348074409389.
[I 2026-05-22 17:50:38,225] Trial 64 finished with value: 0.6048221161535523 and parameters: {'P_amp': 0.6309800129135135, 'P_wet': 1638.0750942709924, 'P_pow': 5.083036954589781, 'rate_power': 1.1775633751282326}. Best is trial 63 with value: 0.6079348074409389.
[I 2026-05-22 17:50:38,519] Trial 65 finished with value: 0.60807133577325 and parameters: {'P_amp': 0.7506241521418343, 'P_wet': 2732.9500295169355, 'P_pow': 5.639025053541788, 'rate_power': 1.2420608681722471}. Best is trial 65 with value: 0.60807133577325.
[I 2026-05-22 17:50:38,815] Trial 66 finished with value: 0.6078229537741089 and parameters: {'P_amp': 0.7788768598413602, 'P_wet': 2764.2736521500437, 'P_pow': 5.824902677594091, 'rate_power': 1.1886833833673534}. Best is trial 65 with value: 0.60807133577325.
[I 2026-05-22 17:50:39,110] Trial 67 finished with value: 0.6070090695050704 and parameters: {'P_amp': 0.8042943435460598, 'P_wet': 1957.6628822056612, 'P_pow': 5.821062739682107, 'rate_power': 1.2875948386217142}. Best is trial 65 with value: 0.60807133577325.
[I 2026-05-22 17:50:39,403] Trial 68 finished with value: 0.6051129106990242 and parameters: {'P_amp': 0.789669024501408, 'P_wet': 1655.7752550527184, 'P_pow': 5.873347737663099, 'rate_power': 1.1021494696681473}. Best is trial 65 with value: 0.60807133577325.
[I 2026-05-22 17:50:39,693] Trial 69 finished with value: 0.5901319257128402 and parameters: {'P_amp': 0.6013750139406043, 'P_wet': 2166.9583084538463, 'P_pow': 5.009181686402886, 'rate_power': 0.785191867669887}. Best is trial 65 with value: 0.60807133577325.
[I 2026-05-22 17:50:39,986] Trial 70 finished with value: 0.6079375870826794 and parameters: {'P_amp': 0.6819713679765383, 'P_wet': 2824.193441703186, 'P_pow': 5.738006709939108, 'rate_power': 1.2638886595980123}. Best is trial 65 with value: 0.60807133577325.
[I 2026-05-22 17:50:40,278] Trial 71 finished with value: 0.6080002171440804 and parameters: {'P_amp': 0.6728153505872784, 'P_wet': 2700.407646177715, 'P_pow': 5.7865417741657765, 'rate_power': 1.2530614955542643}. Best is trial 65 with value: 0.60807133577325.
[I 2026-05-22 17:50:40,575] Trial 72 finished with value: 0.6079279090153847 and parameters: {'P_amp': 0.6753816143269856, 'P_wet': 2900.0550709357417, 'P_pow': 5.853561227596789, 'rate_power': 1.2621180730070272}. Best is trial 65 with value: 0.60807133577325.
[I 2026-05-22 17:50:40,867] Trial 73 finished with value: 0.6068423486548928 and parameters: {'P_amp': 0.6614454860023692, 'P_wet': 2829.3918629138025, 'P_pow': 5.590129967064744, 'rate_power': 1.1241325697357523}. Best is trial 65 with value: 0.60807133577325.
[I 2026-05-22 17:50:41,162] Trial 74 finished with value: 0.6078959973627828 and parameters: {'P_amp': 0.5455667358399829, 'P_wet': 2388.8497803229775, 'P_pow': 5.728068545558574, 'rate_power': 1.2123182102293237}. Best is trial 65 with value: 0.60807133577325.
[I 2026-05-22 17:50:41,456] Trial 75 finished with value: 0.6079413233939687 and parameters: {'P_amp': 0.6967084435851536, 'P_wet': 2888.9098574964964, 'P_pow': 5.612229129552938, 'rate_power': 1.228319237965139}. Best is trial 65 with value: 0.60807133577325.
[I 2026-05-22 17:50:41,752] Trial 76 finished with value: 0.6070191146629926 and parameters: {'P_amp': 0.6057361672571742, 'P_wet': 1870.1352575779729, 'P_pow': 5.8080689143807565, 'rate_power': 1.2564249054092869}. Best is trial 65 with value: 0.60807133577325.
[I 2026-05-22 17:50:42,048] Trial 77 finished with value: 0.607944033077778 and parameters: {'P_amp': 0.5686946286108181, 'P_wet': 2676.3919972471417, 'P_pow': 5.992225687303359, 'rate_power': 1.2682137872321373}. Best is trial 65 with value: 0.60807133577325.
[I 2026-05-22 17:50:42,344] Trial 78 finished with value: 0.6072994859706977 and parameters: {'P_amp': 0.5407765237164068, 'P_wet': 2112.228322836269, 'P_pow': 5.922557403682148, 'rate_power': 1.145269065319778}. Best is trial 65 with value: 0.60807133577325.
[I 2026-05-22 17:50:42,640] Trial 79 finished with value: 0.5924942313576013 and parameters: {'P_amp': 0.579658902407078, 'P_wet': 1165.8233637000667, 'P_pow': 5.7176822348746095, 'rate_power': 1.2937846653536165}. Best is trial 65 with value: 0.60807133577325.
[I 2026-05-22 17:50:42,929] Trial 80 finished with value: 0.6078171720124522 and parameters: {'P_amp': 0.5264752989043218, 'P_wet': 2515.2508123736707, 'P_pow': 5.784439435165899, 'rate_power': 1.289180122253745}. Best is trial 65 with value: 0.60807133577325.
[I 2026-05-22 17:50:43,224] Trial 81 finished with value: 0.5913432106748745 and parameters: {'P_amp': 0.37312688762391183, 'P_wet': 392.41295644974974, 'P_pow': 2.4024852876591267, 'rate_power': 0.7356923499237602}. Best is trial 65 with value: 0.60807133577325.
[I 2026-05-22 17:50:43,512] Trial 82 finished with value: 0.6078487947622793 and parameters: {'P_amp': 0.6754835974711662, 'P_wet': 3033.3530713657856, 'P_pow': 5.690565517237031, 'rate_power': 1.2742927367891799}. Best is trial 65 with value: 0.60807133577325.
[I 2026-05-22 17:50:43,804] Trial 83 finished with value: 0.5491826476862928 and parameters: {'P_amp': 0.7891201947620081, 'P_wet': 426.59362508193004, 'P_pow': 3.7510260583107677, 'rate_power': 0.9071689186837708}. Best is trial 65 with value: 0.60807133577325.
[I 2026-05-22 17:50:44,091] Trial 84 finished with value: 0.6075593949827796 and parameters: {'P_amp': 0.671197407542783, 'P_wet': 2856.538280576511, 'P_pow': 5.8548288047313015, 'rate_power': 1.1776357294469562}. Best is trial 65 with value: 0.60807133577325.
[I 2026-05-22 17:50:44,379] Trial 85 finished with value: 0.6075600443053786 and parameters: {'P_amp': 0.6401872013108361, 'P_wet': 3088.485550016525, 'P_pow': 5.968118854542913, 'rate_power': 1.1981998817062591}. Best is trial 65 with value: 0.60807133577325.
[I 2026-05-22 17:50:44,668] Trial 86 finished with value: 0.6075929412271562 and parameters: {'P_amp': 0.7546863605146379, 'P_wet': 4405.139436282894, 'P_pow': 5.858484638687901, 'rate_power': 1.272444666278151}. Best is trial 65 with value: 0.60807133577325.
[I 2026-05-22 17:50:44,956] Trial 87 finished with value: 0.6079117249924695 and parameters: {'P_amp': 0.7077242963769422, 'P_wet': 2992.49513577384, 'P_pow': 5.824298836711428, 'rate_power': 1.225445229959365}. Best is trial 65 with value: 0.60807133577325.
[I 2026-05-22 17:50:45,250] Trial 88 finished with value: 0.5897719565927433 and parameters: {'P_amp': 0.09933128267603686, 'P_wet': 1320.7302562816733, 'P_pow': 0.44832787909775007, 'rate_power': 0.7904464834808873}. Best is trial 65 with value: 0.60807133577325.
[I 2026-05-22 17:50:45,539] Trial 89 finished with value: 0.6071837436245523 and parameters: {'P_amp': 0.08645084077629317, 'P_wet': 5060.868731006684, 'P_pow': 1.3920247013742402, 'rate_power': 1.2736852506770338}. Best is trial 65 with value: 0.60807133577325.
[I 2026-05-22 17:50:45,827] Trial 90 finished with value: 0.5392204909014191 and parameters: {'P_amp': 0.8508042061810217, 'P_wet': 601.9463581133851, 'P_pow': 1.9284273333969884, 'rate_power': 1.2604696731004834}. Best is trial 65 with value: 0.60807133577325.
[I 2026-05-22 17:50:46,115] Trial 91 finished with value: 0.5877382761971464 and parameters: {'P_amp': 0.36466051563346547, 'P_wet': 564.0302667561111, 'P_pow': 4.761695315764484, 'rate_power': 1.1670384896957704}. Best is trial 65 with value: 0.60807133577325.
[I 2026-05-22 17:50:46,403] Trial 92 finished with value: 0.6051515267593097 and parameters: {'P_amp': 0.14367831419606253, 'P_wet': 1128.4534301891667, 'P_pow': 0.5504054338010418, 'rate_power': 1.103570031755781}. Best is trial 65 with value: 0.60807133577325.
[I 2026-05-22 17:50:46,695] Trial 93 finished with value: 0.5790845876044629 and parameters: {'P_amp': 0.17798877789745293, 'P_wet': 2387.9532639200106, 'P_pow': 2.7824561641583823, 'rate_power': 0.7012508071949028}. Best is trial 65 with value: 0.60807133577325.
[I 2026-05-22 17:50:46,983] Trial 94 finished with value: 0.6073930063901282 and parameters: {'P_amp': 0.6347708203229308, 'P_wet': 1984.63957700982, 'P_pow': 5.607629922378831, 'rate_power': 1.2405199391018997}. Best is trial 65 with value: 0.60807133577325.
[I 2026-05-22 17:50:47,271] Trial 95 finished with value: 0.6081459099384117 and parameters: {'P_amp': 0.8982173986729833, 'P_wet': 2216.6602721929235, 'P_pow': 5.894651353492704, 'rate_power': 1.2506712366680293}. Best is trial 95 with value: 0.6081459099384117.
[I 2026-05-22 17:50:47,559] Trial 96 finished with value: 0.6033534181262169 and parameters: {'P_amp': 0.8217296412419887, 'P_wet': 1597.294898267426, 'P_pow': 5.91822800145544, 'rate_power': 1.2575034688845612}. Best is trial 95 with value: 0.6081459099384117.
[I 2026-05-22 17:50:47,850] Trial 97 finished with value: 0.6000911272132288 and parameters: {'P_amp': 0.008107562993104667, 'P_wet': 592.0693757511808, 'P_pow': 4.819969251294145, 'rate_power': 0.9522864136062816}. Best is trial 95 with value: 0.6081459099384117.
[I 2026-05-22 17:50:48,146] Trial 98 finished with value: 0.5928207101479154 and parameters: {'P_amp': 0.6274426938054597, 'P_wet': 824.5395861770058, 'P_pow': 1.330472922041888, 'rate_power': 0.7804641934759883}. Best is trial 95 with value: 0.6081459099384117.
[I 2026-05-22 17:50:48,441] Trial 99 finished with value: 0.6082635316267632 and parameters: {'P_amp': 0.8673590701882377, 'P_wet': 2291.322662360832, 'P_pow': 5.890207350014584, 'rate_power': 1.228908550457315}. Best is trial 99 with value: 0.6082635316267632.
[I 2026-05-22 17:50:48,737] Trial 100 finished with value: 0.6067472888898927 and parameters: {'P_amp': 0.882746354908913, 'P_wet': 1842.2928191109552, 'P_pow': 5.776973361404163, 'rate_power': 1.1737197973707618}. Best is trial 99 with value: 0.6082635316267632.
[I 2026-05-22 17:50:49,028] Trial 101 finished with value: 0.6073585255468709 and parameters: {'P_amp': 0.854883310422441, 'P_wet': 2770.2454633616912, 'P_pow': 5.160806158018455, 'rate_power': 1.1467090406090121}. Best is trial 99 with value: 0.6082635316267632.
[I 2026-05-22 17:50:49,315] Trial 102 finished with value: 0.6082080859573962 and parameters: {'P_amp': 0.8949365198997865, 'P_wet': 2722.365075840466, 'P_pow': 5.966567582164721, 'rate_power': 1.2606081316803253}. Best is trial 99 with value: 0.6082635316267632.
[I 2026-05-22 17:50:49,603] Trial 103 finished with value: 0.6079297797423896 and parameters: {'P_amp': 0.8867860942949634, 'P_wet': 2607.7010300098123, 'P_pow': 5.920779604238126, 'rate_power': 1.170562449052494}. Best is trial 99 with value: 0.6082635316267632.
[I 2026-05-22 17:50:49,890] Trial 104 finished with value: 0.60674394426867 and parameters: {'P_amp': 0.8985896475148061, 'P_wet': 3101.9769255629735, 'P_pow': 5.937693322244318, 'rate_power': 1.1156382244454113}. Best is trial 99 with value: 0.6082635316267632.
[I 2026-05-22 17:50:50,177] Trial 105 finished with value: 0.6078799174804342 and parameters: {'P_amp': 0.7938286939537492, 'P_wet': 3245.7440866339125, 'P_pow': 5.885045668799576, 'rate_power': 1.2464701706451584}. Best is trial 99 with value: 0.6082635316267632.
[I 2026-05-22 17:50:50,473] Trial 106 finished with value: 0.5852152028510502 and parameters: {'P_amp': 0.4427381007562788, 'P_wet': 2940.4218630051214, 'P_pow': 0.8785268590034923, 'rate_power': 0.7186084869139573}. Best is trial 99 with value: 0.6082635316267632.
[I 2026-05-22 17:50:50,761] Trial 107 finished with value: 0.6083231421626458 and parameters: {'P_amp': 0.8975653614492066, 'P_wet': 2477.3404303817397, 'P_pow': 5.967125566048683, 'rate_power': 1.2116568404032395}. Best is trial 107 with value: 0.6083231421626458.
[I 2026-05-22 17:50:51,056] Trial 108 finished with value: 0.5840540080142711 and parameters: {'P_amp': 0.22376152803519955, 'P_wet': 1171.4982825199827, 'P_pow': 5.9879145005470065, 'rate_power': 0.7304555964003806}. Best is trial 107 with value: 0.6083231421626458.
[I 2026-05-22 17:50:51,344] Trial 109 finished with value: 0.6082016423936183 and parameters: {'P_amp': 0.8675276603491588, 'P_wet': 2520.6026390043885, 'P_pow': 5.781477407332955, 'rate_power': 1.267072142367671}. Best is trial 107 with value: 0.6083231421626458.
[I 2026-05-22 17:50:51,634] Trial 110 finished with value: 0.6037479319258526 and parameters: {'P_amp': 0.8405482135915273, 'P_wet': 1654.7612501380158, 'P_pow': 5.942463250624724, 'rate_power': 1.2917763128354511}. Best is trial 107 with value: 0.6083231421626458.
[I 2026-05-22 17:50:51,921] Trial 111 finished with value: 0.6082345743163198 and parameters: {'P_amp': 0.8660936887207888, 'P_wet': 2402.1313020659522, 'P_pow': 5.750813841983735, 'rate_power': 1.2500434060886576}. Best is trial 107 with value: 0.6083231421626458.
[I 2026-05-22 17:50:52,212] Trial 112 finished with value: 0.5984470696684204 and parameters: {'P_amp': 0.8052136992361999, 'P_wet': 1419.452724533261, 'P_pow': 5.149362101295654, 'rate_power': 1.2219128811128885}. Best is trial 107 with value: 0.6083231421626458.
[I 2026-05-22 17:50:52,506] Trial 113 finished with value: 0.607641313977731 and parameters: {'P_amp': 0.8877468920686256, 'P_wet': 3964.588850774013, 'P_pow': 5.345357021310631, 'rate_power': 1.265461557416911}. Best is trial 107 with value: 0.6083231421626458.
[I 2026-05-22 17:50:52,794] Trial 114 finished with value: 0.6081985622910386 and parameters: {'P_amp': 0.84719496971194, 'P_wet': 2358.169590436285, 'P_pow': 5.739511688367247, 'rate_power': 1.227918999175117}. Best is trial 107 with value: 0.6083231421626458.
[I 2026-05-22 17:50:53,084] Trial 115 finished with value: 0.6081467889149877 and parameters: {'P_amp': 0.8865882123391059, 'P_wet': 2742.3324050875804, 'P_pow': 5.74184929299962, 'rate_power': 1.2626253253057156}. Best is trial 107 with value: 0.6083231421626458.
[I 2026-05-22 17:50:53,389] Trial 116 finished with value: 0.6082208133496677 and parameters: {'P_amp': 0.8824826384131998, 'P_wet': 2336.616430733271, 'P_pow': 5.872392437262734, 'rate_power': 1.2562345259275693}. Best is trial 107 with value: 0.6083231421626458.
[I 2026-05-22 17:50:53,681] Trial 117 finished with value: 0.607506540911375 and parameters: {'P_amp': 0.899742975076027, 'P_wet': 3522.7342812064767, 'P_pow': 5.250303480859946, 'rate_power': 1.1969352523997576}. Best is trial 107 with value: 0.6083231421626458.
[I 2026-05-22 17:50:53,969] Trial 118 finished with value: 0.6080213813198324 and parameters: {'P_amp': 0.84669647274433, 'P_wet': 2906.5564420078763, 'P_pow': 5.70840004974667, 'rate_power': 1.27542674712437}. Best is trial 107 with value: 0.6083231421626458.
[I 2026-05-22 17:50:54,256] Trial 119 finished with value: 0.6056290448941691 and parameters: {'P_amp': 0.8660000376017211, 'P_wet': 1798.7516680804708, 'P_pow': 5.520608905155923, 'rate_power': 1.2530605329539486}. Best is trial 107 with value: 0.6083231421626458.
[I 2026-05-22 17:50:54,556] Trial 120 finished with value: 0.6080833477270269 and parameters: {'P_amp': 0.8869903062689714, 'P_wet': 2184.5751866196865, 'P_pow': 5.972829926364594, 'rate_power': 1.2685328373694205}. Best is trial 107 with value: 0.6083231421626458.
[I 2026-05-22 17:50:54,851] Trial 121 finished with value: 0.6081781407478634 and parameters: {'P_amp': 0.8726372020671491, 'P_wet': 2474.0286974112546, 'P_pow': 5.848409626386426, 'rate_power': 1.2786969948656308}. Best is trial 107 with value: 0.6083231421626458.
[I 2026-05-22 17:50:55,147] Trial 122 finished with value: 0.6078780538422498 and parameters: {'P_amp': 0.875112818505639, 'P_wet': 3339.3674531799866, 'P_pow': 5.910644813743847, 'rate_power': 1.2474056489522485}. Best is trial 107 with value: 0.6083231421626458.
[I 2026-05-22 17:50:55,452] Trial 123 finished with value: 0.6080906332427326 and parameters: {'P_amp': 0.8441217048364708, 'P_wet': 2520.429486276566, 'P_pow': 5.843734202370544, 'rate_power': 1.2889941249726493}. Best is trial 107 with value: 0.6083231421626458.
[I 2026-05-22 17:50:55,756] Trial 124 finished with value: 0.6069533855636184 and parameters: {'P_amp': 0.8800943611196194, 'P_wet': 1882.0830813728942, 'P_pow': 5.923085915509556, 'rate_power': 1.240299721601167}. Best is trial 107 with value: 0.6083231421626458.
[I 2026-05-22 17:50:56,050] Trial 125 finished with value: 0.6078511938561384 and parameters: {'P_amp': 0.8187915075372818, 'P_wet': 2917.361943478456, 'P_pow': 5.5262828913727535, 'rate_power': 1.2993585491688457}. Best is trial 107 with value: 0.6083231421626458.
[I 2026-05-22 17:50:56,345] Trial 126 finished with value: 0.6079860283279871 and parameters: {'P_amp': 0.8604183684815082, 'P_wet': 2230.0144878598144, 'P_pow': 5.903095133171782, 'rate_power': 1.2818338443750694}. Best is trial 107 with value: 0.6083231421626458.
[I 2026-05-22 17:50:56,641] Trial 127 finished with value: 0.6062185987158832 and parameters: {'P_amp': 0.8746086829036317, 'P_wet': 1988.5910379826728, 'P_pow': 5.002304333863592, 'rate_power': 1.2768338125562593}. Best is trial 107 with value: 0.6083231421626458.
[I 2026-05-22 17:50:56,937] Trial 128 finished with value: 0.6081152574074311 and parameters: {'P_amp': 0.8884501517141743, 'P_wet': 2843.7175808846164, 'P_pow': 5.987844106115165, 'rate_power': 1.2777531727763929}. Best is trial 107 with value: 0.6083231421626458.
[I 2026-05-22 17:50:57,232] Trial 129 finished with value: 0.597552482179642 and parameters: {'P_amp': 0.45093629275314034, 'P_wet': 1086.3934650271774, 'P_pow': 3.017979392282626, 'rate_power': 0.929260339975561}. Best is trial 107 with value: 0.6083231421626458.
[I 2026-05-22 17:50:57,528] Trial 130 finished with value: 0.607949866077024 and parameters: {'P_amp': 0.8994157253567683, 'P_wet': 2610.0494365389977, 'P_pow': 5.584134178387499, 'rate_power': 1.299271275772272}. Best is trial 107 with value: 0.6083231421626458.
[I 2026-05-22 17:50:57,823] Trial 131 finished with value: 0.6080541749112787 and parameters: {'P_amp': 0.8689339309240809, 'P_wet': 2456.1324451274036, 'P_pow': 5.881920072590836, 'rate_power': 1.1811499190303851}. Best is trial 107 with value: 0.6083231421626458.
[I 2026-05-22 17:50:58,118] Trial 132 finished with value: 0.5864147335870763 and parameters: {'P_amp': 0.8897465335451866, 'P_wet': 1169.1179939234094, 'P_pow': 5.425093816341664, 'rate_power': 1.1542601907995833}. Best is trial 107 with value: 0.6083231421626458.
[I 2026-05-22 17:50:58,414] Trial 133 finished with value: 0.6078718667895147 and parameters: {'P_amp': 0.8513545573005558, 'P_wet': 2679.3334481824345, 'P_pow': 5.789674871140109, 'rate_power': 1.178287250990041}. Best is trial 107 with value: 0.6083231421626458.
[I 2026-05-22 17:50:58,708] Trial 134 finished with value: 0.608170212279897 and parameters: {'P_amp': 0.8686362589132416, 'P_wet': 2621.194897260184, 'P_pow': 5.67753624757039, 'rate_power': 1.2546924535340498}. Best is trial 107 with value: 0.6083231421626458.
[I 2026-05-22 17:50:59,004] Trial 135 finished with value: 0.6079567796615857 and parameters: {'P_amp': 0.8531805956943763, 'P_wet': 2910.5351458730242, 'P_pow': 5.979677114802886, 'rate_power': 1.2092075231408457}. Best is trial 107 with value: 0.6083231421626458.
[I 2026-05-22 17:50:59,299] Trial 136 finished with value: 0.6077709034515433 and parameters: {'P_amp': 0.8790346292979142, 'P_wet': 3583.0605230022306, 'P_pow': 5.971595394877214, 'rate_power': 1.2446640857863536}. Best is trial 107 with value: 0.6083231421626458.
[I 2026-05-22 17:50:59,591] Trial 137 finished with value: 0.6081596149751664 and parameters: {'P_amp': 0.8928741877863957, 'P_wet': 2818.2143080647456, 'P_pow': 5.998594216796268, 'rate_power': 1.273432047838796}. Best is trial 107 with value: 0.6083231421626458.
[I 2026-05-22 17:50:59,880] Trial 138 finished with value: 0.6022780412896063 and parameters: {'P_amp': 0.8565521191272361, 'P_wet': 1648.0108816762936, 'P_pow': 4.491054566357451, 'rate_power': 1.2156186598612628}. Best is trial 107 with value: 0.6083231421626458.
[I 2026-05-22 17:51:00,169] Trial 139 finished with value: 0.6058313831627177 and parameters: {'P_amp': 0.8817259667144761, 'P_wet': 1901.976506693133, 'P_pow': 5.006940455238341, 'rate_power': 1.2542869343681204}. Best is trial 107 with value: 0.6083231421626458.
[I 2026-05-22 17:51:00,457] Trial 140 finished with value: 0.6074964362511275 and parameters: {'P_amp': 0.8868433681232998, 'P_wet': 4639.5639683476675, 'P_pow': 5.685409691683487, 'rate_power': 1.2982899776621986}. Best is trial 107 with value: 0.6083231421626458.
[I 2026-05-22 17:51:00,745] Trial 141 finished with value: 0.607998776827942 and parameters: {'P_amp': 0.8258354200100309, 'P_wet': 2955.4226042803316, 'P_pow': 5.876348370732848, 'rate_power': 1.2781545211097685}. Best is trial 107 with value: 0.6083231421626458.
[I 2026-05-22 17:51:01,034] Trial 142 finished with value: 0.6080527194616283 and parameters: {'P_amp': 0.8925468928871193, 'P_wet': 2627.6292927201766, 'P_pow': 5.77275375619172, 'rate_power': 1.192646997353422}. Best is trial 107 with value: 0.6083231421626458.
[I 2026-05-22 17:51:01,323] Trial 143 finished with value: 0.6080962527831392 and parameters: {'P_amp': 0.8801585809616543, 'P_wet': 2320.8149766390625, 'P_pow': 5.967385624767824, 'rate_power': 1.2849397386422416}. Best is trial 107 with value: 0.6083231421626458.
[I 2026-05-22 17:51:01,611] Trial 144 finished with value: 0.6080284799930739 and parameters: {'P_amp': 0.8850841612876198, 'P_wet': 2242.528407518468, 'P_pow': 5.958186555970626, 'rate_power': 1.2881863073129862}. Best is trial 107 with value: 0.6083231421626458.
[I 2026-05-22 17:51:01,905] Trial 145 finished with value: 0.6006173194567221 and parameters: {'P_amp': 0.04851558332388184, 'P_wet': 2687.099962224683, 'P_pow': 3.266876508064373, 'rate_power': 0.9611712566598841}. Best is trial 107 with value: 0.6083231421626458.
[I 2026-05-22 17:51:02,194] Trial 146 finished with value: 0.6078090008360132 and parameters: {'P_amp': 0.8937010711243114, 'P_wet': 2030.8206001842793, 'P_pow': 5.957957683792665, 'rate_power': 1.2331485183397581}. Best is trial 107 with value: 0.6083231421626458.
[I 2026-05-22 17:51:02,482] Trial 147 finished with value: 0.6073823915887958 and parameters: {'P_amp': 0.8758398308686238, 'P_wet': 1919.4445490706194, 'P_pow': 5.944323231347541, 'rate_power': 1.1727653742766226}. Best is trial 107 with value: 0.6083231421626458.
[I 2026-05-22 17:51:02,771] Trial 148 finished with value: 0.6078051999945145 and parameters: {'P_amp': 0.8427901744349322, 'P_wet': 3269.9897540938778, 'P_pow': 5.879496045587302, 'rate_power': 1.2919157746043082}. Best is trial 107 with value: 0.6083231421626458.
[I 2026-05-22 17:51:03,058] Trial 149 finished with value: 0.6076743487673597 and parameters: {'P_amp': 0.8429904180808547, 'P_wet': 2903.733598445042, 'P_pow': 4.343138357141594, 'rate_power': 1.2133741755529572}. Best is trial 107 with value: 0.6083231421626458.
[I 2026-05-22 17:51:03,346] Trial 150 finished with value: 0.6007845771408054 and parameters: {'P_amp': 0.47803830984994766, 'P_wet': 2376.905732630459, 'P_pow': 1.5625517337177808, 'rate_power': 0.9509996047962783}. Best is trial 107 with value: 0.6083231421626458.
[I 2026-05-22 17:51:03,632] Trial 151 finished with value: 0.6080286305429309 and parameters: {'P_amp': 0.8891030960063065, 'P_wet': 2584.0793061853933, 'P_pow': 5.277368615250272, 'rate_power': 1.2663813219131237}. Best is trial 107 with value: 0.6083231421626458.
[I 2026-05-22 17:51:03,921] Trial 152 finished with value: 0.5885911897728133 and parameters: {'P_amp': 0.8746211423993896, 'P_wet': 1252.5846002208061, 'P_pow': 5.9435072699540505, 'rate_power': 1.2799004055422094}. Best is trial 107 with value: 0.6083231421626458.
[I 2026-05-22 17:51:04,209] Trial 153 finished with value: 0.6079112455714532 and parameters: {'P_amp': 0.8805709615977192, 'P_wet': 2338.2211636879592, 'P_pow': 5.330971482492209, 'rate_power': 1.2526967057320344}. Best is trial 107 with value: 0.6083231421626458.
[I 2026-05-22 17:51:04,498] Trial 154 finished with value: 0.6076970258867993 and parameters: {'P_amp': 0.8206621545466735, 'P_wet': 2070.391563295543, 'P_pow': 5.881081926021847, 'rate_power': 1.2665847703860833}. Best is trial 107 with value: 0.6083231421626458.
[I 2026-05-22 17:51:04,796] Trial 155 finished with value: 0.6077632114623494 and parameters: {'P_amp': 0.8244449521641151, 'P_wet': 2226.8551824512197, 'P_pow': 5.663886875362215, 'rate_power': 1.293813861404151}. Best is trial 107 with value: 0.6083231421626458.
[I 2026-05-22 17:51:05,092] Trial 156 finished with value: 0.5978473523810398 and parameters: {'P_amp': 0.6979458433764325, 'P_wet': 1300.689287374513, 'P_pow': 5.970706692565333, 'rate_power': 1.1782671607452828}. Best is trial 107 with value: 0.6083231421626458.
[I 2026-05-22 17:51:05,396] Trial 157 finished with value: 0.6079325641802126 and parameters: {'P_amp': 0.8896244049042672, 'P_wet': 2286.9940718505736, 'P_pow': 5.513445618698933, 'rate_power': 1.270531974587616}. Best is trial 107 with value: 0.6083231421626458.
[I 2026-05-22 17:51:05,692] Trial 158 finished with value: 0.6079645024437152 and parameters: {'P_amp': 0.8949034686255078, 'P_wet': 3171.9664928754964, 'P_pow': 5.959778238495728, 'rate_power': 1.2692727735136173}. Best is trial 107 with value: 0.6083231421626458.
[I 2026-05-22 17:51:05,989] Trial 159 finished with value: 0.608039866365211 and parameters: {'P_amp': 0.8704734449349139, 'P_wet': 2748.36179397018, 'P_pow': 5.725653184547846, 'rate_power': 1.28196003828788}. Best is trial 107 with value: 0.6083231421626458.
[I 2026-05-22 17:51:06,285] Trial 160 finished with value: 0.6076490002428141 and parameters: {'P_amp': 0.8649986106248115, 'P_wet': 2092.1029244859947, 'P_pow': 5.877315472260663, 'rate_power': 1.1374820502478185}. Best is trial 107 with value: 0.6083231421626458.
[I 2026-05-22 17:51:06,582] Trial 161 finished with value: 0.5857560795407996 and parameters: {'P_amp': 0.05062083078473589, 'P_wet': 356.2106185561563, 'P_pow': 5.261201065889124, 'rate_power': 0.7497924654994084}. Best is trial 107 with value: 0.6083231421626458.
[I 2026-05-22 17:51:06,879] Trial 162 finished with value: 0.5831954731406093 and parameters: {'P_amp': 0.019770066523936702, 'P_wet': 793.9056062603521, 'P_pow': 2.814819994693213, 'rate_power': 0.7414292570937342}. Best is trial 107 with value: 0.6083231421626458.
[I 2026-05-22 17:51:07,175] Trial 163 finished with value: 0.6065384906316236 and parameters: {'P_amp': 0.8924662496771236, 'P_wet': 2003.2991516848192, 'P_pow': 4.790366381841779, 'rate_power': 1.2127314525511563}. Best is trial 107 with value: 0.6083231421626458.
[I 2026-05-22 17:51:07,464] Trial 164 finished with value: 0.6078385507929049 and parameters: {'P_amp': 0.8946395463341882, 'P_wet': 2905.8543722282934, 'P_pow': 4.689742248745518, 'rate_power': 1.213139868708522}. Best is trial 107 with value: 0.6083231421626458.
[I 2026-05-22 17:51:07,752] Trial 165 finished with value: 0.6033286318572937 and parameters: {'P_amp': 0.8582037071830844, 'P_wet': 1661.4477980644372, 'P_pow': 5.726905300848075, 'rate_power': 1.2965723458821483}. Best is trial 107 with value: 0.6083231421626458.
[I 2026-05-22 17:51:08,041] Trial 166 finished with value: 0.5198677137033703 and parameters: {'P_amp': 0.7244808335625939, 'P_wet': 393.76067396180673, 'P_pow': 3.511502821924603, 'rate_power': 1.287191742038627}. Best is trial 107 with value: 0.6083231421626458.
[I 2026-05-22 17:51:08,329] Trial 167 finished with value: 0.608165397776986 and parameters: {'P_amp': 0.8445676123245927, 'P_wet': 2763.1643656281867, 'P_pow': 5.995817616266717, 'rate_power': 1.2551446314856105}. Best is trial 107 with value: 0.6083231421626458.
[I 2026-05-22 17:51:08,617] Trial 168 finished with value: 0.6077707445708207 and parameters: {'P_amp': 0.8986023304136007, 'P_wet': 3353.506206606701, 'P_pow': 5.399378030921587, 'rate_power': 1.215371411054107}. Best is trial 107 with value: 0.6083231421626458.
[I 2026-05-22 17:51:08,904] Trial 169 finished with value: 0.6079050447060655 and parameters: {'P_amp': 0.8397176846326738, 'P_wet': 3160.3378424934203, 'P_pow': 5.903770355321284, 'rate_power': 1.2777417481771576}. Best is trial 107 with value: 0.6083231421626458.
[I 2026-05-22 17:51:09,196] Trial 170 finished with value: 0.5902287095904789 and parameters: {'P_amp': 0.68634745318023, 'P_wet': 5537.0563787914925, 'P_pow': 3.3739562141305206, 'rate_power': 0.8110210083019957}. Best is trial 107 with value: 0.6083231421626458.
[I 2026-05-22 17:51:09,484] Trial 171 finished with value: 0.6079427670235699 and parameters: {'P_amp': 0.7141934450292924, 'P_wet': 2075.3456548268337, 'P_pow': 5.96450292432918, 'rate_power': 1.2018914485293415}. Best is trial 107 with value: 0.6083231421626458.
[I 2026-05-22 17:51:09,773] Trial 172 finished with value: 0.6060378826046265 and parameters: {'P_amp': 0.7150016210622311, 'P_wet': 4545.308445558606, 'P_pow': 5.992011717397666, 'rate_power': 1.1125069986083047}. Best is trial 107 with value: 0.6083231421626458.
[I 2026-05-22 17:51:10,062] Trial 173 finished with value: 0.6071277990529241 and parameters: {'P_amp': 0.8200538184716216, 'P_wet': 1888.942077566513, 'P_pow': 5.839693666433099, 'rate_power': 1.224565345599777}. Best is trial 107 with value: 0.6083231421626458.
[I 2026-05-22 17:51:10,350] Trial 174 finished with value: 0.60773946569966 and parameters: {'P_amp': 0.8732232570253919, 'P_wet': 2115.543630183754, 'P_pow': 5.976005525744147, 'rate_power': 1.2863621003030654}. Best is trial 107 with value: 0.6083231421626458.
[I 2026-05-22 17:51:10,643] Trial 175 finished with value: 0.5988202978800123 and parameters: {'P_amp': 0.8986511548201921, 'P_wet': 3748.5009956817653, 'P_pow': 1.363588055570448, 'rate_power': 0.8993759452385723}. Best is trial 107 with value: 0.6083231421626458.
[I 2026-05-22 17:51:10,929] Trial 176 finished with value: 0.608058408600117 and parameters: {'P_amp': 0.8659058624248874, 'P_wet': 2964.926498059495, 'P_pow': 5.9416404640527585, 'rate_power': 1.255825092690898}. Best is trial 107 with value: 0.6083231421626458.
[I 2026-05-22 17:51:11,218] Trial 177 finished with value: 0.607930344313104 and parameters: {'P_amp': 0.7711960929247976, 'P_wet': 2097.8196016692045, 'P_pow': 5.903922067311474, 'rate_power': 1.192258483119922}. Best is trial 107 with value: 0.6083231421626458.
[I 2026-05-22 17:51:11,506] Trial 178 finished with value: 0.6068010726539185 and parameters: {'P_amp': 0.8862440408977419, 'P_wet': 3810.1808309485004, 'P_pow': 5.2914379822872135, 'rate_power': 1.1439725516679289}. Best is trial 107 with value: 0.6083231421626458.
[I 2026-05-22 17:51:11,795] Trial 179 finished with value: 0.6081776641316927 and parameters: {'P_amp': 0.776228358086223, 'P_wet': 2509.0667337610694, 'P_pow': 5.956171920176133, 'rate_power': 1.2629945344762425}. Best is trial 107 with value: 0.6083231421626458.
[I 2026-05-22 17:51:12,087] Trial 180 finished with value: 0.5922573246906604 and parameters: {'P_amp': 0.44455672037077093, 'P_wet': 329.8291343323938, 'P_pow': 2.0433231552017768, 'rate_power': 0.9594605901846148}. Best is trial 107 with value: 0.6083231421626458.
[I 2026-05-22 17:51:12,383] Trial 181 finished with value: 0.6012146984877591 and parameters: {'P_amp': 0.6550666112752721, 'P_wet': 1956.524336975673, 'P_pow': 2.2266716529959103, 'rate_power': 1.2359300710463559}. Best is trial 107 with value: 0.6083231421626458.
[I 2026-05-22 17:51:12,679] Trial 182 finished with value: 0.6034580051051378 and parameters: {'P_amp': 0.6922512183578471, 'P_wet': 1602.3462801064086, 'P_pow': 5.697615061748818, 'rate_power': 1.294585335986523}. Best is trial 107 with value: 0.6083231421626458.
[I 2026-05-22 17:51:12,968] Trial 183 finished with value: 0.6075412464709297 and parameters: {'P_amp': 0.7655925928356346, 'P_wet': 2298.7066653124193, 'P_pow': 5.020259318045236, 'rate_power': 1.1740134358026308}. Best is trial 107 with value: 0.6083231421626458.
[I 2026-05-22 17:51:13,257] Trial 184 finished with value: 0.6077073009172476 and parameters: {'P_amp': 0.7410640264360178, 'P_wet': 3146.8709303357928, 'P_pow': 5.97443189221524, 'rate_power': 1.206620242022321}. Best is trial 107 with value: 0.6083231421626458.
[I 2026-05-22 17:51:13,546] Trial 185 finished with value: 0.6079202756625206 and parameters: {'P_amp': 0.861627637092863, 'P_wet': 3079.3159958733163, 'P_pow': 5.981691246443763, 'rate_power': 1.2162473272139183}. Best is trial 107 with value: 0.6083231421626458.
[I 2026-05-22 17:51:13,836] Trial 186 finished with value: 0.5830662779045794 and parameters: {'P_amp': 0.8938959868849327, 'P_wet': 1204.1294588397222, 'P_pow': 4.876634583951545, 'rate_power': 1.2938122708786388}. Best is trial 107 with value: 0.6083231421626458.
[I 2026-05-22 17:51:14,128] Trial 187 finished with value: 0.6008431116050633 and parameters: {'P_amp': 0.7457724544181272, 'P_wet': 5696.983619966571, 'P_pow': 0.7316583513131589, 'rate_power': 1.189120492184243}. Best is trial 107 with value: 0.6083231421626458.
[I 2026-05-22 17:51:14,417] Trial 188 finished with value: 0.6081053141214563 and parameters: {'P_amp': 0.879137938785614, 'P_wet': 2689.177837169783, 'P_pow': 5.912212577236404, 'rate_power': 1.2895206809928759}. Best is trial 107 with value: 0.6083231421626458.
[I 2026-05-22 17:51:14,707] Trial 189 finished with value: 0.6082190780551534 and parameters: {'P_amp': 0.883117437401159, 'P_wet': 2674.5567229082594, 'P_pow': 5.871635844456411, 'rate_power': 1.2545141216197293}. Best is trial 107 with value: 0.6083231421626458.
[I 2026-05-22 17:51:14,996] Trial 190 finished with value: 0.6075919693032169 and parameters: {'P_amp': 0.7439187288445008, 'P_wet': 3833.8702407278756, 'P_pow': 5.450590073543483, 'rate_power': 1.2899080479456213}. Best is trial 107 with value: 0.6083231421626458.
[I 2026-05-22 17:51:15,284] Trial 191 finished with value: 0.6075643888187131 and parameters: {'P_amp': 0.8998812137143442, 'P_wet': 4142.8778168405, 'P_pow': 5.839766022000003, 'rate_power': 1.298395540839639}. Best is trial 107 with value: 0.6083231421626458.
[I 2026-05-22 17:51:15,573] Trial 192 finished with value: 0.603929570625666 and parameters: {'P_amp': 0.3661373517322146, 'P_wet': 1484.8561270184564, 'P_pow': 3.969572745580494, 'rate_power': 1.1019252975347789}. Best is trial 107 with value: 0.6083231421626458.
[I 2026-05-22 17:51:15,863] Trial 193 finished with value: 0.6081442522276383 and parameters: {'P_amp': 0.8852504726770491, 'P_wet': 2817.9998735133818, 'P_pow': 5.895153026115545, 'rate_power': 1.2629885149374798}. Best is trial 107 with value: 0.6083231421626458.
[I 2026-05-22 17:51:16,160] Trial 194 finished with value: 0.6072547000640152 and parameters: {'P_amp': 0.7464507466910878, 'P_wet': 2488.773508816844, 'P_pow': 4.466594201692268, 'rate_power': 1.2911202996450863}. Best is trial 107 with value: 0.6083231421626458.
[I 2026-05-22 17:51:16,448] Trial 195 finished with value: 0.6081159550100907 and parameters: {'P_amp': 0.8881386038404353, 'P_wet': 2354.989958231035, 'P_pow': 5.77615421835347, 'rate_power': 1.1861294076747535}. Best is trial 107 with value: 0.6083231421626458.
[I 2026-05-22 17:51:16,736] Trial 196 finished with value: 0.6077842175374268 and parameters: {'P_amp': 0.8966111296525002, 'P_wet': 2138.6923907009027, 'P_pow': 5.9814134111946835, 'rate_power': 1.2919963699099808}. Best is trial 107 with value: 0.6083231421626458.
[I 2026-05-22 17:51:17,025] Trial 197 finished with value: 0.5740269614571114 and parameters: {'P_amp': 0.5394406698788504, 'P_wet': 327.281814777189, 'P_pow': 1.3976173684812447, 'rate_power': 1.169232793291299}. Best is trial 107 with value: 0.6083231421626458.
[I 2026-05-22 17:51:17,314] Trial 198 finished with value: 0.6067878488728407 and parameters: {'P_amp': 0.8952707473332515, 'P_wet': 2314.3537367864515, 'P_pow': 4.634158655322383, 'rate_power': 1.106909882832226}. Best is trial 107 with value: 0.6083231421626458.
[I 2026-05-22 17:51:17,603] Trial 199 finished with value: 0.6074659898006313 and parameters: {'P_amp': 0.8922759256644774, 'P_wet': 2872.6845756047665, 'P_pow': 5.542833977325481, 'rate_power': 1.1550819011693698}. Best is trial 107 with value: 0.6083231421626458.
[I 2026-05-22 17:51:17,890] Trial 200 finished with value: 0.6079052513473014 and parameters: {'P_amp': 0.8868511563440448, 'P_wet': 3135.666163526805, 'P_pow': 5.9750069347179, 'rate_power': 1.2892917107886523}. Best is trial 107 with value: 0.6083231421626458.
[I 2026-05-22 17:51:18,184] Trial 201 finished with value: 0.6077681832232491 and parameters: {'P_amp': 0.8803106409520909, 'P_wet': 3247.692072067946, 'P_pow': 5.91152429928339, 'rate_power': 1.210987039791561}. Best is trial 107 with value: 0.6083231421626458.
[I 2026-05-22 17:51:18,477] Trial 202 finished with value: 0.6055154340197468 and parameters: {'P_amp': 0.05743070563618352, 'P_wet': 596.1925821439328, 'P_pow': 4.7089083955310125, 'rate_power': 1.2511774296664684}. Best is trial 107 with value: 0.6083231421626458.
[I 2026-05-22 17:51:18,767] Trial 203 finished with value: 0.6077496095090513 and parameters: {'P_amp': 0.8912262159086942, 'P_wet': 2627.478581499943, 'P_pow': 4.731864012613941, 'rate_power': 1.263664084995482}. Best is trial 107 with value: 0.6083231421626458.
[I 2026-05-22 17:51:19,056] Trial 204 finished with value: 0.6080240745592667 and parameters: {'P_amp': 0.8828089748622436, 'P_wet': 2881.1986644330077, 'P_pow': 5.975089259079466, 'rate_power': 1.286171267813854}. Best is trial 107 with value: 0.6083231421626458.
[I 2026-05-22 17:51:19,344] Trial 205 finished with value: 0.6077525138608106 and parameters: {'P_amp': 0.8736413607346544, 'P_wet': 2027.5189632509287, 'P_pow': 5.876766475766358, 'rate_power': 1.1799961512701058}. Best is trial 107 with value: 0.6083231421626458.
[I 2026-05-22 17:51:19,633] Trial 206 finished with value: 0.6081501561194106 and parameters: {'P_amp': 0.8277294423066338, 'P_wet': 2218.3565348227976, 'P_pow': 5.994196296028649, 'rate_power': 1.1912570130199347}. Best is trial 107 with value: 0.6083231421626458.
[I 2026-05-22 17:51:19,922] Trial 207 finished with value: 0.6067637166092695 and parameters: {'P_amp': 0.8894194070247964, 'P_wet': 5286.074311388901, 'P_pow': 5.903146441249086, 'rate_power': 1.1632530310320068}. Best is trial 107 with value: 0.6083231421626458.
[I 2026-05-22 17:51:20,209] Trial 208 finished with value: 0.6076969329123573 and parameters: {'P_amp': 0.8843443864328084, 'P_wet': 2154.1142729308895, 'P_pow': 5.648189658041625, 'rate_power': 1.146329217896523}. Best is trial 107 with value: 0.6083231421626458.
[I 2026-05-22 17:51:20,498] Trial 209 finished with value: 0.5939016873291159 and parameters: {'P_amp': 0.131286180536489, 'P_wet': 4396.058268322912, 'P_pow': 1.6202709916424685, 'rate_power': 0.8520362071334108}. Best is trial 107 with value: 0.6083231421626458.
[I 2026-05-22 17:51:20,805] Trial 210 finished with value: 0.6076439221605302 and parameters: {'P_amp': 0.7799322286771337, 'P_wet': 2344.6625558962187, 'P_pow': 5.106233895999737, 'rate_power': 1.1777931852500778}. Best is trial 107 with value: 0.6083231421626458.
[I 2026-05-22 17:51:21,101] Trial 211 finished with value: 0.6079808909915331 and parameters: {'P_amp': 0.7209537905303649, 'P_wet': 2205.989551124043, 'P_pow': 5.70921417248883, 'rate_power': 1.2333625466038802}. Best is trial 107 with value: 0.6083231421626458.
[I 2026-05-22 17:51:21,398] Trial 212 finished with value: 0.6077307479059609 and parameters: {'P_amp': 0.7523774412748993, 'P_wet': 2380.6703745752466, 'P_pow': 5.281923516020453, 'rate_power': 1.288726568942523}. Best is trial 107 with value: 0.6083231421626458.
[I 2026-05-22 17:51:21,695] Trial 213 finished with value: 0.607469054029371 and parameters: {'P_amp': 0.8721451207899655, 'P_wet': 1936.346149839283, 'P_pow': 5.963400252086406, 'rate_power': 1.1648161963348094}. Best is trial 107 with value: 0.6083231421626458.
[I 2026-05-22 17:51:21,992] Trial 214 finished with value: 0.6079145420172808 and parameters: {'P_amp': 0.8998542543863806, 'P_wet': 2771.013102596969, 'P_pow': 4.8299343291664405, 'rate_power': 1.2179643955484176}. Best is trial 107 with value: 0.6083231421626458.
[I 2026-05-22 17:51:22,288] Trial 215 finished with value: 0.6079391030299237 and parameters: {'P_amp': 0.7831333076851131, 'P_wet': 2066.3200694151274, 'P_pow': 5.937960788043355, 'rate_power': 1.2296349528452095}. Best is trial 107 with value: 0.6083231421626458.
[I 2026-05-22 17:51:22,582] Trial 216 finished with value: 0.6025194615547882 and parameters: {'P_amp': 0.20229752693469638, 'P_wet': 1214.9554253825552, 'P_pow': 5.468987645023594, 'rate_power': 1.018245562264557}. Best is trial 107 with value: 0.6083231421626458.
[I 2026-05-22 17:51:22,879] Trial 217 finished with value: 0.598936770438964 and parameters: {'P_amp': 0.7878239464385264, 'P_wet': 1967.0512536575284, 'P_pow': 5.916852226417241, 'rate_power': 0.8777249964095235}. Best is trial 107 with value: 0.6083231421626458.
[I 2026-05-22 17:51:23,166] Trial 218 finished with value: 0.607009989378089 and parameters: {'P_amp': 0.8956886078026405, 'P_wet': 1986.9984833513279, 'P_pow': 5.452115842302059, 'rate_power': 1.2520134131708618}. Best is trial 107 with value: 0.6083231421626458.
[I 2026-05-22 17:51:23,455] Trial 219 finished with value: 0.6076935468611816 and parameters: {'P_amp': 0.8853998559668621, 'P_wet': 3026.0424556650983, 'P_pow': 5.802181487657438, 'rate_power': 1.1841973536984267}. Best is trial 107 with value: 0.6083231421626458.
[I 2026-05-22 17:51:23,748] Trial 220 finished with value: 0.6074930743373806 and parameters: {'P_amp': 0.8927413704443972, 'P_wet': 1958.8513921249307, 'P_pow': 5.753729781274343, 'rate_power': 1.1993531782547102}. Best is trial 107 with value: 0.6083231421626458.
[I 2026-05-22 17:51:24,044] Trial 221 finished with value: 0.6077234808581842 and parameters: {'P_amp': 0.7676146061222856, 'P_wet': 3135.9765076688304, 'P_pow': 5.157497028462309, 'rate_power': 1.2957258913467493}. Best is trial 107 with value: 0.6083231421626458.
[I 2026-05-22 17:51:24,340] Trial 222 finished with value: 0.6077808400539366 and parameters: {'P_amp': 0.826825840254377, 'P_wet': 2656.3783797656074, 'P_pow': 5.919266105457677, 'rate_power': 1.1678495172453331}. Best is trial 107 with value: 0.6083231421626458.
[I 2026-05-22 17:51:24,637] Trial 223 finished with value: 0.6081425386815773 and parameters: {'P_amp': 0.7781252890981447, 'P_wet': 2316.544603885482, 'P_pow': 5.9332170378919065, 'rate_power': 1.2697705030491306}. Best is trial 107 with value: 0.6083231421626458.
[I 2026-05-22 17:51:24,933] Trial 224 finished with value: 0.6055750007489542 and parameters: {'P_amp': 0.787378244455635, 'P_wet': 1887.0196342563372, 'P_pow': 5.111759945345609, 'rate_power': 1.298048905532604}. Best is trial 107 with value: 0.6083231421626458.
[I 2026-05-22 17:51:25,229] Trial 225 finished with value: 0.6077872514091258 and parameters: {'P_amp': 0.7491772828376886, 'P_wet': 3151.2240213475234, 'P_pow': 5.791170084001456, 'rate_power': 1.2848036129053084}. Best is trial 107 with value: 0.6083231421626458.
[I 2026-05-22 17:51:25,525] Trial 226 finished with value: 0.6080242886711407 and parameters: {'P_amp': 0.7381652083371846, 'P_wet': 2644.5741754417354, 'P_pow': 5.7746309484325575, 'rate_power': 1.2789888944660535}. Best is trial 107 with value: 0.6083231421626458.
[I 2026-05-22 17:51:25,822] Trial 227 finished with value: 0.6079162418095367 and parameters: {'P_amp': 0.8784655459772758, 'P_wet': 3232.217031289683, 'P_pow': 5.781647225548237, 'rate_power': 1.2525851995927166}. Best is trial 107 with value: 0.6083231421626458.
[I 2026-05-22 17:51:26,119] Trial 228 finished with value: 0.6061815837966169 and parameters: {'P_amp': 0.690450098325595, 'P_wet': 1798.136444425282, 'P_pow': 5.833963104007223, 'rate_power': 1.280140987543123}. Best is trial 107 with value: 0.6083231421626458.
[I 2026-05-22 17:51:26,414] Trial 229 finished with value: 0.6079516823412154 and parameters: {'P_amp': 0.8814097888186991, 'P_wet': 2206.784396364769, 'P_pow': 5.664729517107789, 'rate_power': 1.255429648754075}. Best is trial 107 with value: 0.6083231421626458.
[I 2026-05-22 17:51:26,710] Trial 230 finished with value: 0.6063180264620487 and parameters: {'P_amp': 0.8594193231983916, 'P_wet': 1848.9016108604058, 'P_pow': 5.831475244729191, 'rate_power': 1.2698386128036052}. Best is trial 107 with value: 0.6083231421626458.
[I 2026-05-22 17:51:27,007] Trial 231 finished with value: 0.6077551899499669 and parameters: {'P_amp': 0.8356792253236692, 'P_wet': 2064.7248638936608, 'P_pow': 5.912060277094801, 'rate_power': 1.2547325441591834}. Best is trial 107 with value: 0.6083231421626458.
[I 2026-05-22 17:51:27,303] Trial 232 finished with value: 0.6047317842288878 and parameters: {'P_amp': 0.0063171064627634554, 'P_wet': 5820.305482016169, 'P_pow': 2.0325544007497416, 'rate_power': 1.0613916592982997}. Best is trial 107 with value: 0.6083231421626458.
[I 2026-05-22 17:51:27,600] Trial 233 finished with value: 0.6039654681648428 and parameters: {'P_amp': 0.8920065598835506, 'P_wet': 1732.885363570139, 'P_pow': 5.360845160816072, 'rate_power': 1.280707624787052}. Best is trial 107 with value: 0.6083231421626458.
[I 2026-05-22 17:51:27,897] Trial 234 finished with value: 0.6081285529682559 and parameters: {'P_amp': 0.8909292859254536, 'P_wet': 2788.7968201172002, 'P_pow': 5.887871313746451, 'rate_power': 1.2783416724754222}. Best is trial 107 with value: 0.6083231421626458.
[I 2026-05-22 17:51:28,193] Trial 235 finished with value: 0.6080228022645833 and parameters: {'P_amp': 0.8807621781119537, 'P_wet': 2488.9970013858037, 'P_pow': 5.854027644018822, 'rate_power': 1.1771676837882477}. Best is trial 107 with value: 0.6083231421626458.
[I 2026-05-22 17:51:28,489] Trial 236 finished with value: 0.6078713992464819 and parameters: {'P_amp': 0.8863143616648882, 'P_wet': 3105.1814670053373, 'P_pow': 5.126113191433692, 'rate_power': 1.2777121445427262}. Best is trial 107 with value: 0.6083231421626458.
[I 2026-05-22 17:51:28,786] Trial 237 finished with value: 0.6080698175990732 and parameters: {'P_amp': 0.8751945107971708, 'P_wet': 2709.644540930006, 'P_pow': 5.92973208526679, 'rate_power': 1.2948038616212036}. Best is trial 107 with value: 0.6083231421626458.
[I 2026-05-22 17:51:29,084] Trial 238 finished with value: 0.607286883721143 and parameters: {'P_amp': 0.7781028239563695, 'P_wet': 4016.996604329432, 'P_pow': 4.912550871253926, 'rate_power': 1.192736974780353}. Best is trial 107 with value: 0.6083231421626458.
[I 2026-05-22 17:51:29,379] Trial 239 finished with value: 0.6074265509604617 and parameters: {'P_amp': 0.7278473414395255, 'P_wet': 4871.377505128963, 'P_pow': 5.683559929280876, 'rate_power': 1.2186483967853505}. Best is trial 107 with value: 0.6083231421626458.
[I 2026-05-22 17:51:29,668] Trial 240 finished with value: 0.6079387194984154 and parameters: {'P_amp': 0.7486549277980736, 'P_wet': 2164.2787197320695, 'P_pow': 5.962465746584648, 'rate_power': 1.2788017512500702}. Best is trial 107 with value: 0.6083231421626458.
[I 2026-05-22 17:51:29,957] Trial 241 finished with value: 0.6076482161485489 and parameters: {'P_amp': 0.7206013298331972, 'P_wet': 3614.511327994991, 'P_pow': 5.984612703059055, 'rate_power': 1.2977064035338624}. Best is trial 107 with value: 0.6083231421626458.
[I 2026-05-22 17:51:30,254] Trial 242 finished with value: 0.6068475691980916 and parameters: {'P_amp': 0.8825336255534739, 'P_wet': 1923.3363715473993, 'P_pow': 5.632263672561615, 'rate_power': 1.2492991917182619}. Best is trial 107 with value: 0.6083231421626458.
[I 2026-05-22 17:51:30,551] Trial 243 finished with value: 0.6079334688816989 and parameters: {'P_amp': 0.8850239032565632, 'P_wet': 2929.5647761367622, 'P_pow': 5.77704934170333, 'rate_power': 1.2038393628714303}. Best is trial 107 with value: 0.6083231421626458.
[I 2026-05-22 17:51:30,846] Trial 244 finished with value: 0.6042126045220462 and parameters: {'P_amp': 0.7768723503308729, 'P_wet': 1580.684806439414, 'P_pow': 5.985723204680944, 'rate_power': 1.1890035249500857}. Best is trial 107 with value: 0.6083231421626458.
[I 2026-05-22 17:51:31,142] Trial 245 finished with value: 0.6072914624212131 and parameters: {'P_amp': 0.72657297166812, 'P_wet': 1951.020854766645, 'P_pow': 5.986516307665345, 'rate_power': 1.277489272338517}. Best is trial 107 with value: 0.6083231421626458.
[I 2026-05-22 17:51:31,439] Trial 246 finished with value: 0.6082696972668613 and parameters: {'P_amp': 0.8618547657590869, 'P_wet': 2498.198958237398, 'P_pow': 5.969451830508782, 'rate_power': 1.2582405635166791}. Best is trial 107 with value: 0.6083231421626458.
[I 2026-05-22 17:51:31,735] Trial 247 finished with value: 0.5788928601683867 and parameters: {'P_amp': 0.7489243122088689, 'P_wet': 426.6975492486887, 'P_pow': 2.2885764708378695, 'rate_power': 0.7105111873530221}. Best is trial 107 with value: 0.6083231421626458.
[I 2026-05-22 17:51:32,031] Trial 248 finished with value: 0.6078496275435692 and parameters: {'P_amp': 0.832059181335636, 'P_wet': 3170.9453675635064, 'P_pow': 5.9904018695677665, 'rate_power': 1.2916238047521111}. Best is trial 107 with value: 0.6083231421626458.
[I 2026-05-22 17:51:32,326] Trial 249 finished with value: 0.6055097992687992 and parameters: {'P_amp': 0.3138170307120566, 'P_wet': 2822.600092414766, 'P_pow': 2.367347207245478, 'rate_power': 1.1053770927447932}. Best is trial 107 with value: 0.6083231421626458.
[I 2026-05-22 17:51:32,622] Trial 250 finished with value: 0.6077753975035698 and parameters: {'P_amp': 0.8666746909730295, 'P_wet': 3478.1192041771, 'P_pow': 5.907297411602444, 'rate_power': 1.2683985919826906}. Best is trial 107 with value: 0.6083231421626458.
[I 2026-05-22 17:51:32,918] Trial 251 finished with value: 0.6075513347445493 and parameters: {'P_amp': 0.7677122110421878, 'P_wet': 2780.032550547155, 'P_pow': 5.079043694111071, 'rate_power': 1.1717536945569684}. Best is trial 107 with value: 0.6083231421626458.
[I 2026-05-22 17:51:33,214] Trial 252 finished with value: 0.6079874390096245 and parameters: {'P_amp': 0.7945491441695801, 'P_wet': 2522.558459899138, 'P_pow': 5.853142392471155, 'rate_power': 1.186535286642204}. Best is trial 107 with value: 0.6083231421626458.
[I 2026-05-22 17:51:33,511] Trial 253 finished with value: 0.60812499101584 and parameters: {'P_amp': 0.8849277125398474, 'P_wet': 2461.4125289498584, 'P_pow': 5.893849121013055, 'rate_power': 1.289837512686741}. Best is trial 107 with value: 0.6083231421626458.
[I 2026-05-22 17:51:33,808] Trial 254 finished with value: 0.607569048767048 and parameters: {'P_amp': 0.8347641473291972, 'P_wet': 3178.317334437039, 'P_pow': 4.545998259325262, 'rate_power': 1.2985697230483775}. Best is trial 107 with value: 0.6083231421626458.
[I 2026-05-22 17:51:34,104] Trial 255 finished with value: 0.607989190796521 and parameters: {'P_amp': 0.8839124517855889, 'P_wet': 2855.984197678709, 'P_pow': 5.87281816544873, 'rate_power': 1.2975554167289716}. Best is trial 107 with value: 0.6083231421626458.
[I 2026-05-22 17:51:34,401] Trial 256 finished with value: 0.6067338894960482 and parameters: {'P_amp': 0.8996184299306572, 'P_wet': 2119.093526065237, 'P_pow': 4.877211241482548, 'rate_power': 1.278049719992367}. Best is trial 107 with value: 0.6083231421626458.
[I 2026-05-22 17:51:34,697] Trial 257 finished with value: 0.6081307672757132 and parameters: {'P_amp': 0.8054974832698627, 'P_wet': 2353.27647600882, 'P_pow': 5.97147470615098, 'rate_power': 1.196276057679801}. Best is trial 107 with value: 0.6083231421626458.
[I 2026-05-22 17:51:34,994] Trial 258 finished with value: 0.6072603015778157 and parameters: {'P_amp': 0.8836905903980631, 'P_wet': 3071.364700357943, 'P_pow': 5.936660594015256, 'rate_power': 1.1494990425718499}. Best is trial 107 with value: 0.6083231421626458.
[I 2026-05-22 17:51:35,290] Trial 259 finished with value: 0.6078085450819172 and parameters: {'P_amp': 0.7449996939511607, 'P_wet': 2581.8154256304683, 'P_pow': 5.035530762538974, 'rate_power': 1.2053323942023528}. Best is trial 107 with value: 0.6083231421626458.
[I 2026-05-22 17:51:35,588] Trial 260 finished with value: 0.6076006584832385 and parameters: {'P_amp': 0.8626801468364538, 'P_wet': 3697.129254872544, 'P_pow': 5.974929013838104, 'rate_power': 1.2158268861273542}. Best is trial 107 with value: 0.6083231421626458.
[I 2026-05-22 17:51:35,880] Trial 261 finished with value: 0.6033832494187988 and parameters: {'P_amp': 0.7732904805263647, 'P_wet': 1529.8471808294196, 'P_pow': 5.859210289682236, 'rate_power': 1.0828472716274407}. Best is trial 107 with value: 0.6083231421626458.
[I 2026-05-22 17:51:36,169] Trial 262 finished with value: 0.6060539699282449 and parameters: {'P_amp': 0.8799138269301839, 'P_wet': 1768.3344262403273, 'P_pow': 5.980887848376731, 'rate_power': 1.226772373549995}. Best is trial 107 with value: 0.6083231421626458.
[I 2026-05-22 17:51:36,458] Trial 263 finished with value: 0.6049328206455559 and parameters: {'P_amp': 0.7342897217013914, 'P_wet': 1692.099882071717, 'P_pow': 5.050463068409023, 'rate_power': 1.1588338630076618}. Best is trial 107 with value: 0.6083231421626458.
[I 2026-05-22 17:51:36,746] Trial 264 finished with value: 0.6078337689204856 and parameters: {'P_amp': 0.7146105977442401, 'P_wet': 2268.669044838201, 'P_pow': 5.701106149811121, 'rate_power': 1.1798263315374786}. Best is trial 107 with value: 0.6083231421626458.
[I 2026-05-22 17:51:37,036] Trial 265 finished with value: 0.608305930473629 and parameters: {'P_amp': 0.8555036921191741, 'P_wet': 2481.109329610361, 'P_pow': 5.993674166261722, 'rate_power': 1.2170583224549074}. Best is trial 107 with value: 0.6083231421626458.
[I 2026-05-22 17:51:37,324] Trial 266 finished with value: 0.6072947890980313 and parameters: {'P_amp': 0.8595423512757047, 'P_wet': 3200.3189600868486, 'P_pow': 5.974371872990069, 'rate_power': 1.1629203520029336}. Best is trial 107 with value: 0.6083231421626458.
[I 2026-05-22 17:51:37,623] Trial 267 finished with value: 0.6076727508628644 and parameters: {'P_amp': 0.8819830130517704, 'P_wet': 2491.5619818361793, 'P_pow': 5.958033565532022, 'rate_power': 1.1413579457886724}. Best is trial 107 with value: 0.6083231421626458.
[I 2026-05-22 17:51:37,917] Trial 268 finished with value: 0.6065951321391506 and parameters: {'P_amp': 0.854753375147398, 'P_wet': 1795.6170518209533, 'P_pow': 5.9649543102686735, 'rate_power': 1.1790551293644604}. Best is trial 107 with value: 0.6083231421626458.
[I 2026-05-22 17:51:38,209] Trial 269 finished with value: 0.6081374635876058 and parameters: {'P_amp': 0.8976663529823794, 'P_wet': 2219.166147267171, 'P_pow': 5.7360688781044376, 'rate_power': 1.2280655824989715}. Best is trial 107 with value: 0.6083231421626458.
[I 2026-05-22 17:51:38,506] Trial 270 finished with value: 0.6078090037046042 and parameters: {'P_amp': 0.7754235131993605, 'P_wet': 2591.345442678149, 'P_pow': 5.2263559151218475, 'rate_power': 1.1932322532460942}. Best is trial 107 with value: 0.6083231421626458.
[I 2026-05-22 17:51:38,799] Trial 271 finished with value: 0.6056037898892516 and parameters: {'P_amp': 0.0635627849641876, 'P_wet': 627.9205424978177, 'P_pow': 2.662103266136322, 'rate_power': 1.1604738068113987}. Best is trial 107 with value: 0.6083231421626458.
[I 2026-05-22 17:51:39,096] Trial 272 finished with value: 0.6055762967967114 and parameters: {'P_amp': 0.8732567671206198, 'P_wet': 1862.3357503207885, 'P_pow': 5.008846273818645, 'rate_power': 1.2457858481407487}. Best is trial 107 with value: 0.6083231421626458.
[I 2026-05-22 17:51:39,393] Trial 273 finished with value: 0.6077466631641506 and parameters: {'P_amp': 0.8690616696187458, 'P_wet': 2714.1952089806473, 'P_pow': 5.033286642786432, 'rate_power': 1.1843095095564125}. Best is trial 107 with value: 0.6083231421626458.
[I 2026-05-22 17:51:39,689] Trial 274 finished with value: 0.6077037516003847 and parameters: {'P_amp': 0.6714036277198441, 'P_wet': 2136.4636886406724, 'P_pow': 5.859424613787588, 'rate_power': 1.165790144870548}. Best is trial 107 with value: 0.6083231421626458.
[I 2026-05-22 17:51:39,986] Trial 275 finished with value: 0.607935375467941 and parameters: {'P_amp': 0.88735148720021, 'P_wet': 2431.730000742939, 'P_pow': 5.291697239708622, 'rate_power': 1.1937325259534073}. Best is trial 107 with value: 0.6083231421626458.
[I 2026-05-22 17:51:40,282] Trial 276 finished with value: 0.6080246556397676 and parameters: {'P_amp': 0.8845101357543259, 'P_wet': 2062.1753745074125, 'P_pow': 5.985836122272568, 'rate_power': 1.2077036333209283}. Best is trial 107 with value: 0.6083231421626458.
[I 2026-05-22 17:51:40,578] Trial 277 finished with value: 0.6077801327234693 and parameters: {'P_amp': 0.850618128235552, 'P_wet': 2863.2747005561214, 'P_pow': 5.982293445117968, 'rate_power': 1.1831247866495727}. Best is trial 107 with value: 0.6083231421626458.
[I 2026-05-22 17:51:40,875] Trial 278 finished with value: 0.5578950522470459 and parameters: {'P_amp': 0.7978606409362108, 'P_wet': 813.0189730207852, 'P_pow': 5.538344587335417, 'rate_power': 1.1914669062722647}. Best is trial 107 with value: 0.6083231421626458.
[I 2026-05-22 17:51:41,171] Trial 279 finished with value: 0.594432498734228 and parameters: {'P_amp': 0.883938628756817, 'P_wet': 1288.3538756901366, 'P_pow': 5.977678078192765, 'rate_power': 1.126133830566714}. Best is trial 107 with value: 0.6083231421626458.
[I 2026-05-22 17:51:41,468] Trial 280 finished with value: 0.5963150713709214 and parameters: {'P_amp': 0.886924150217935, 'P_wet': 1362.4512539973646, 'P_pow': 4.721453453746347, 'rate_power': 1.1232591381724317}. Best is trial 107 with value: 0.6083231421626458.
[I 2026-05-22 17:51:41,764] Trial 281 finished with value: 0.6078889245861837 and parameters: {'P_amp': 0.7294222655320869, 'P_wet': 2991.3298297963843, 'P_pow': 5.887233549524038, 'rate_power': 1.2216001472306712}. Best is trial 107 with value: 0.6083231421626458.
[I 2026-05-22 17:51:42,060] Trial 282 finished with value: 0.6071643479854357 and parameters: {'P_amp': 0.8993384197347798, 'P_wet': 4096.7898046972805, 'P_pow': 5.975545144178266, 'rate_power': 1.1815833931132396}. Best is trial 107 with value: 0.6083231421626458.
[I 2026-05-22 17:51:42,356] Trial 283 finished with value: 0.6069687840824125 and parameters: {'P_amp': 0.7375693121406878, 'P_wet': 2073.243941310283, 'P_pow': 4.843055764577676, 'rate_power': 1.2465322067082143}. Best is trial 107 with value: 0.6083231421626458.
[I 2026-05-22 17:51:42,652] Trial 284 finished with value: 0.6076705204487786 and parameters: {'P_amp': 0.7181955332615118, 'P_wet': 2752.7976859147907, 'P_pow': 5.896590135772894, 'rate_power': 1.1766909178992906}. Best is trial 107 with value: 0.6083231421626458.
[I 2026-05-22 17:51:42,948] Trial 285 finished with value: 0.5990630657061918 and parameters: {'P_amp': 0.8805791383966092, 'P_wet': 1483.0048988800618, 'P_pow': 5.825223107629132, 'rate_power': 1.2813797222897834}. Best is trial 107 with value: 0.6083231421626458.
[I 2026-05-22 17:51:43,243] Trial 286 finished with value: 0.6078156436065765 and parameters: {'P_amp': 0.8779941322293094, 'P_wet': 2933.3261143868895, 'P_pow': 4.739693590788984, 'rate_power': 1.270459434492118}. Best is trial 107 with value: 0.6083231421626458.
[I 2026-05-22 17:51:43,538] Trial 287 finished with value: 0.6081361179888094 and parameters: {'P_amp': 0.8881851469383413, 'P_wet': 2306.569665769558, 'P_pow': 5.602954656132606, 'rate_power': 1.2339888975394449}. Best is trial 107 with value: 0.6083231421626458.
[I 2026-05-22 17:51:43,835] Trial 288 finished with value: 0.5878537204430178 and parameters: {'P_amp': 0.3367094184678403, 'P_wet': 2816.983565915621, 'P_pow': 4.325319863567133, 'rate_power': 0.7810721330003014}. Best is trial 107 with value: 0.6083231421626458.
[I 2026-05-22 17:51:44,130] Trial 289 finished with value: 0.6081199894399933 and parameters: {'P_amp': 0.705679624796798, 'P_wet': 2239.094540640975, 'P_pow': 5.972838408925662, 'rate_power': 1.2342918973941372}. Best is trial 107 with value: 0.6083231421626458.
[I 2026-05-22 17:51:44,426] Trial 290 finished with value: 0.6076663741768442 and parameters: {'P_amp': 0.8907920767927348, 'P_wet': 3349.5888754676407, 'P_pow': 5.0393165995437705, 'rate_power': 1.20485134385043}. Best is trial 107 with value: 0.6083231421626458.
[I 2026-05-22 17:51:44,723] Trial 291 finished with value: 0.5890002032885568 and parameters: {'P_amp': 0.7453327648664668, 'P_wet': 1645.6382425077989, 'P_pow': 0.5814109013153739, 'rate_power': 1.1825829249674369}. Best is trial 107 with value: 0.6083231421626458.
[I 2026-05-22 17:51:45,018] Trial 292 finished with value: 0.6071489858409207 and parameters: {'P_amp': 0.8755728916884697, 'P_wet': 2037.644864002213, 'P_pow': 5.666429089066653, 'rate_power': 1.2940955006353305}. Best is trial 107 with value: 0.6083231421626458.
[I 2026-05-22 17:51:45,315] Trial 293 finished with value: 0.6047538525267119 and parameters: {'P_amp': 0.7163104379905659, 'P_wet': 1668.862397497156, 'P_pow': 5.969121175604557, 'rate_power': 1.2860363487190487}. Best is trial 107 with value: 0.6083231421626458.
[I 2026-05-22 17:51:45,610] Trial 294 finished with value: 0.6083033305552192 and parameters: {'P_amp': 0.8948486140959582, 'P_wet': 2506.8173196714715, 'P_pow': 5.948005719799738, 'rate_power': 1.2232231528646489}. Best is trial 107 with value: 0.6083231421626458.
[I 2026-05-22 17:51:45,914] Trial 295 finished with value: 0.5572221225759649 and parameters: {'P_amp': 0.6367190699367986, 'P_wet': 362.6195722845475, 'P_pow': 3.3721151705493257, 'rate_power': 1.0625253466377829}. Best is trial 107 with value: 0.6083231421626458.
[I 2026-05-22 17:51:46,211] Trial 296 finished with value: 0.6068468224375501 and parameters: {'P_amp': 0.8834335116240458, 'P_wet': 1997.6804251319838, 'P_pow': 5.105534366661021, 'rate_power': 1.1517620021020898}. Best is trial 107 with value: 0.6083231421626458.
[I 2026-05-22 17:51:46,507] Trial 297 finished with value: 0.6080056407893074 and parameters: {'P_amp': 0.7729495548751034, 'P_wet': 2822.9486451446614, 'P_pow': 5.7781475005151846, 'rate_power': 1.2204465242338285}. Best is trial 107 with value: 0.6083231421626458.
[I 2026-05-22 17:51:46,804] Trial 298 finished with value: 0.605352525095141 and parameters: {'P_amp': 0.8904230954271698, 'P_wet': 1731.334453049454, 'P_pow': 5.982256945521756, 'rate_power': 1.246117791873684}. Best is trial 107 with value: 0.6083231421626458.
[I 2026-05-22 17:51:47,100] Trial 299 finished with value: 0.6053463058959494 and parameters: {'P_amp': 0.7981381099678861, 'P_wet': 2418.384001824985, 'P_pow': 5.810149158184327, 'rate_power': 1.029393598168335}. Best is trial 107 with value: 0.6083231421626458.
[I 2026-05-22 17:51:47,397] Trial 300 finished with value: 0.6081056107317604 and parameters: {'P_amp': 0.8108305473057761, 'P_wet': 2327.2401062904623, 'P_pow': 5.881720642728172, 'rate_power': 1.194161632648652}. Best is trial 107 with value: 0.6083231421626458.
[I 2026-05-22 17:51:47,695] Trial 301 finished with value: 0.6076514976231865 and parameters: {'P_amp': 0.8803907756927104, 'P_wet': 3832.402486481171, 'P_pow': 5.072324435043094, 'rate_power': 1.229014517224939}. Best is trial 107 with value: 0.6083231421626458.
[I 2026-05-22 17:51:47,991] Trial 302 finished with value: 0.6079393254387512 and parameters: {'P_amp': 0.8948014080599865, 'P_wet': 3203.3884739630284, 'P_pow': 5.945731114406372, 'rate_power': 1.2274464910037917}. Best is trial 107 with value: 0.6083231421626458.
[I 2026-05-22 17:51:48,288] Trial 303 finished with value: 0.6078901843751764 and parameters: {'P_amp': 0.7693764683425869, 'P_wet': 2118.1421595538905, 'P_pow': 5.789294838822578, 'rate_power': 1.19006861257833}. Best is trial 107 with value: 0.6083231421626458.
[I 2026-05-22 17:51:48,585] Trial 304 finished with value: 0.6078026302166558 and parameters: {'P_amp': 0.8901761336984044, 'P_wet': 3353.1059438443726, 'P_pow': 4.853920356197181, 'rate_power': 1.2554897091215096}. Best is trial 107 with value: 0.6083231421626458.
[I 2026-05-22 17:51:48,878] Trial 305 finished with value: 0.6049655878924752 and parameters: {'P_amp': 0.8956464817015903, 'P_wet': 1742.4611846131938, 'P_pow': 5.958662832495721, 'rate_power': 1.2811003218975292}. Best is trial 107 with value: 0.6083231421626458.
[I 2026-05-22 17:51:49,172] Trial 306 finished with value: 0.6081809918696738 and parameters: {'P_amp': 0.7715781794855383, 'P_wet': 2533.111982575559, 'P_pow': 5.934033465826193, 'rate_power': 1.2247335828336159}. Best is trial 107 with value: 0.6083231421626458.
[I 2026-05-22 17:51:49,470] Trial 307 finished with value: 0.6073646279184378 and parameters: {'P_amp': 0.7711405764356989, 'P_wet': 3524.6350060100817, 'P_pow': 5.947910532024516, 'rate_power': 1.1867590758372926}. Best is trial 107 with value: 0.6083231421626458.
[I 2026-05-22 17:51:49,767] Trial 308 finished with value: 0.6080164944569117 and parameters: {'P_amp': 0.7608293490273254, 'P_wet': 2384.580840240184, 'P_pow': 5.965577797717313, 'rate_power': 1.1860991243123626}. Best is trial 107 with value: 0.6083231421626458.
[I 2026-05-22 17:51:50,065] Trial 309 finished with value: 0.5899838144837075 and parameters: {'P_amp': 0.6388153508827961, 'P_wet': 1126.1332646825424, 'P_pow': 4.512453422533071, 'rate_power': 1.2415118620450507}. Best is trial 107 with value: 0.6083231421626458.
[I 2026-05-22 17:51:50,362] Trial 310 finished with value: 0.5994299401860618 and parameters: {'P_amp': 0.188436291581682, 'P_wet': 5151.8340303879595, 'P_pow': 5.297930294088732, 'rate_power': 0.9403896247914285}. Best is trial 107 with value: 0.6083231421626458.
[I 2026-05-22 17:51:50,656] Trial 311 finished with value: 0.6067004685407762 and parameters: {'P_amp': 0.7319347132256739, 'P_wet': 2103.1217827489113, 'P_pow': 4.778806101602258, 'rate_power': 1.2835550255300363}. Best is trial 107 with value: 0.6083231421626458.
[I 2026-05-22 17:51:50,955] Trial 312 finished with value: 0.6059775927708925 and parameters: {'P_amp': 0.8115479608018666, 'P_wet': 1851.1871763318227, 'P_pow': 4.9542883314313455, 'rate_power': 1.161564800824334}. Best is trial 107 with value: 0.6083231421626458.
[I 2026-05-22 17:51:51,251] Trial 313 finished with value: 0.6081120724353188 and parameters: {'P_amp': 0.7094318847594319, 'P_wet': 2638.9074903008477, 'P_pow': 5.998767503877698, 'rate_power': 1.2478235037684555}. Best is trial 107 with value: 0.6083231421626458.
[I 2026-05-22 17:51:51,548] Trial 314 finished with value: 0.6072631427216334 and parameters: {'P_amp': 0.6952981026719339, 'P_wet': 3511.9158853368713, 'P_pow': 5.150740556091694, 'rate_power': 1.1793272543247646}. Best is trial 107 with value: 0.6083231421626458.
[I 2026-05-22 17:51:51,846] Trial 315 finished with value: 0.6078494394809323 and parameters: {'P_amp': 0.8984308682009139, 'P_wet': 2749.519004135819, 'P_pow': 5.768373875870754, 'rate_power': 1.1759819210553162}. Best is trial 107 with value: 0.6083231421626458.
[I 2026-05-22 17:51:52,143] Trial 316 finished with value: 0.6019656975953309 and parameters: {'P_amp': 0.15144484275251913, 'P_wet': 1968.3789381620095, 'P_pow': 1.144570561152969, 'rate_power': 0.9798145076728363}. Best is trial 107 with value: 0.6083231421626458.
[I 2026-05-22 17:51:52,440] Trial 317 finished with value: 0.6000130398534038 and parameters: {'P_amp': 0.8818433622880605, 'P_wet': 1499.2401348640815, 'P_pow': 5.128502896207483, 'rate_power': 1.2068517790691358}. Best is trial 107 with value: 0.6083231421626458.
[I 2026-05-22 17:51:52,735] Trial 318 finished with value: 0.607795451514479 and parameters: {'P_amp': 0.6917723994387084, 'P_wet': 2945.90764746357, 'P_pow': 5.749348973459811, 'rate_power': 1.2966714632945675}. Best is trial 107 with value: 0.6083231421626458.
[I 2026-05-22 17:51:53,024] Trial 319 finished with value: 0.6062708205465603 and parameters: {'P_amp': 0.8078726695509354, 'P_wet': 1754.7943088007219, 'P_pow': 5.947134715491483, 'rate_power': 1.1813496544686684}. Best is trial 107 with value: 0.6083231421626458.
[I 2026-05-22 17:51:53,313] Trial 320 finished with value: 0.608133198525565 and parameters: {'P_amp': 0.7680606186083523, 'P_wet': 2436.128080383988, 'P_pow': 5.959400156492921, 'rate_power': 1.2777772315533211}. Best is trial 107 with value: 0.6083231421626458.
[I 2026-05-22 17:51:53,601] Trial 321 finished with value: 0.6074620885147333 and parameters: {'P_amp': 0.7882653502461109, 'P_wet': 5976.859995011796, 'P_pow': 5.643728896580786, 'rate_power': 1.291145673042181}. Best is trial 107 with value: 0.6083231421626458.
[I 2026-05-22 17:51:53,890] Trial 322 finished with value: 0.6081005202527404 and parameters: {'P_amp': 0.7296451878055215, 'P_wet': 2391.782019253765, 'P_pow': 5.778818659096035, 'rate_power': 1.2544752643251411}. Best is trial 107 with value: 0.6083231421626458.
[I 2026-05-22 17:51:54,186] Trial 323 finished with value: 0.5888175746839273 and parameters: {'P_amp': 0.8946690759922793, 'P_wet': 619.1653099641233, 'P_pow': 0.8266602786032382, 'rate_power': 0.7090321219912288}. Best is trial 107 with value: 0.6083231421626458.
[I 2026-05-22 17:51:54,475] Trial 324 finished with value: 0.6078642034805956 and parameters: {'P_amp': 0.7461257408865933, 'P_wet': 2653.853813765266, 'P_pow': 5.452331411754667, 'rate_power': 1.2947789108800984}. Best is trial 107 with value: 0.6083231421626458.
[I 2026-05-22 17:51:54,768] Trial 325 finished with value: 0.5845367157237007 and parameters: {'P_amp': 0.86316765239953, 'P_wet': 3331.3960232906556, 'P_pow': 4.045296421652254, 'rate_power': 0.7433279776684426}. Best is trial 107 with value: 0.6083231421626458.
[I 2026-05-22 17:51:55,058] Trial 326 finished with value: 0.6079234884495578 and parameters: {'P_amp': 0.7315314653054281, 'P_wet': 2284.068331426756, 'P_pow': 5.912624892301085, 'rate_power': 1.2951585512083115}. Best is trial 107 with value: 0.6083231421626458.
[I 2026-05-22 17:51:55,353] Trial 327 finished with value: 0.6010995566684761 and parameters: {'P_amp': 0.3546601105242858, 'P_wet': 679.2445081292685, 'P_pow': 0.9506959744245944, 'rate_power': 0.9831041596491458}. Best is trial 107 with value: 0.6083231421626458.
[I 2026-05-22 17:51:55,642] Trial 328 finished with value: 0.6077297249227173 and parameters: {'P_amp': 0.7659059777254891, 'P_wet': 2736.3805866004686, 'P_pow': 4.595683628674055, 'rate_power': 1.2196643164509566}. Best is trial 107 with value: 0.6083231421626458.
[I 2026-05-22 17:51:55,930] Trial 329 finished with value: 0.605918496954208 and parameters: {'P_amp': 0.7686400586083691, 'P_wet': 1897.061724426361, 'P_pow': 4.755764621500627, 'rate_power': 1.2325636229727535}. Best is trial 107 with value: 0.6083231421626458.
[I 2026-05-22 17:51:56,220] Trial 330 finished with value: 0.607566949618383 and parameters: {'P_amp': 0.8791091934904636, 'P_wet': 2514.749796923661, 'P_pow': 4.777628350736372, 'rate_power': 1.2820431832097592}. Best is trial 107 with value: 0.6083231421626458.
[I 2026-05-22 17:51:56,509] Trial 331 finished with value: 0.6048642496860086 and parameters: {'P_amp': 0.772327768027665, 'P_wet': 4902.800530151992, 'P_pow': 4.3871722293893844, 'rate_power': 1.0608365460776057}. Best is trial 107 with value: 0.6083231421626458.
[I 2026-05-22 17:51:56,797] Trial 332 finished with value: 0.6081928374870367 and parameters: {'P_amp': 0.8815410046811571, 'P_wet': 2237.02531042285, 'P_pow': 5.749077920957321, 'rate_power': 1.218138944019674}. Best is trial 107 with value: 0.6083231421626458.
[I 2026-05-22 17:51:57,085] Trial 333 finished with value: 0.6078561586594674 and parameters: {'P_amp': 0.8810671909435942, 'P_wet': 3366.398619541925, 'P_pow': 5.944280721668496, 'rate_power': 1.2339562525701655}. Best is trial 107 with value: 0.6083231421626458.
[I 2026-05-22 17:51:57,374] Trial 334 finished with value: 0.6079280743153117 and parameters: {'P_amp': 0.8736942755376081, 'P_wet': 2096.6474299180736, 'P_pow': 5.848436203215852, 'rate_power': 1.1908570884334317}. Best is trial 107 with value: 0.6083231421626458.
[I 2026-05-22 17:51:57,662] Trial 335 finished with value: 0.6082427358421891 and parameters: {'P_amp': 0.8957535302009275, 'P_wet': 2347.990760329682, 'P_pow': 5.9763585735712965, 'rate_power': 1.2003569165289094}. Best is trial 107 with value: 0.6083231421626458.
[I 2026-05-22 17:51:57,959] Trial 336 finished with value: 0.5776029057646692 and parameters: {'P_amp': 0.8767580823391191, 'P_wet': 1065.635299965601, 'P_pow': 5.845294251169991, 'rate_power': 1.1893210241228416}. Best is trial 107 with value: 0.6083231421626458.
[I 2026-05-22 17:51:58,258] Trial 337 finished with value: 0.598090459136706 and parameters: {'P_amp': 0.6656137966559421, 'P_wet': 4769.840853344725, 'P_pow': 0.3676858192909944, 'rate_power': 0.8374358730805703}. Best is trial 107 with value: 0.6083231421626458.
[I 2026-05-22 17:51:58,555] Trial 338 finished with value: 0.5729926998188707 and parameters: {'P_amp': 0.8599437393092737, 'P_wet': 858.8865941868094, 'P_pow': 2.626881943372171, 'rate_power': 1.0586018708384342}. Best is trial 107 with value: 0.6083231421626458.
[I 2026-05-22 17:51:58,849] Trial 339 finished with value: 0.6077690185068001 and parameters: {'P_amp': 0.8878208857342887, 'P_wet': 2631.9376942922886, 'P_pow': 5.1415380582259695, 'rate_power': 1.2983304150095782}. Best is trial 107 with value: 0.6083231421626458.
[I 2026-05-22 17:51:59,146] Trial 340 finished with value: 0.5820370451096653 and parameters: {'P_amp': 0.013595763954758255, 'P_wet': 302.953714169285, 'P_pow': 1.1888143651884977, 'rate_power': 0.7307432569495813}. Best is trial 107 with value: 0.6083231421626458.
[I 2026-05-22 17:51:59,441] Trial 341 finished with value: 0.6062275616712658 and parameters: {'P_amp': 0.8934001817825705, 'P_wet': 1866.9002688247895, 'P_pow': 5.2063892897243065, 'rate_power': 1.178524741669158}. Best is trial 107 with value: 0.6083231421626458.
[I 2026-05-22 17:51:59,737] Trial 342 finished with value: 0.6076366428394103 and parameters: {'P_amp': 0.8963036353158875, 'P_wet': 3193.913952379252, 'P_pow': 5.2499676127508, 'rate_power': 1.1920100461171725}. Best is trial 107 with value: 0.6083231421626458.
[I 2026-05-22 17:52:00,034] Trial 343 finished with value: 0.5911065793777326 and parameters: {'P_amp': 0.46626009923463363, 'P_wet': 418.47999274154864, 'P_pow': 4.933253594789026, 'rate_power': 0.7919763250353822}. Best is trial 107 with value: 0.6083231421626458.
[I 2026-05-22 17:52:00,330] Trial 344 finished with value: 0.6073927571074376 and parameters: {'P_amp': 0.8480432574963812, 'P_wet': 3721.155054714739, 'P_pow': 5.999282285486844, 'rate_power': 1.1972747730344024}. Best is trial 107 with value: 0.6083231421626458.
[I 2026-05-22 17:52:00,627] Trial 345 finished with value: 0.6053256522645997 and parameters: {'P_amp': 0.897440997473373, 'P_wet': 1756.1264233326071, 'P_pow': 5.300364450207274, 'rate_power': 1.180936741112047}. Best is trial 107 with value: 0.6083231421626458.
[I 2026-05-22 17:52:00,923] Trial 346 finished with value: 0.6082326405761334 and parameters: {'P_amp': 0.8838775665146803, 'P_wet': 2606.577141858064, 'P_pow': 5.79192802627214, 'rate_power': 1.2183323220727558}. Best is trial 107 with value: 0.6083231421626458.
[I 2026-05-22 17:52:01,219] Trial 347 finished with value: 0.605326938852444 and parameters: {'P_amp': 0.8826928544363182, 'P_wet': 1708.6555183523183, 'P_pow': 5.96132817982965, 'rate_power': 1.2199758897253066}. Best is trial 107 with value: 0.6083231421626458.
[I 2026-05-22 17:52:01,516] Trial 348 finished with value: 0.6077303378229999 and parameters: {'P_amp': 0.8800744572349054, 'P_wet': 2150.8879717677246, 'P_pow': 5.979906223258632, 'rate_power': 1.1329759777773167}. Best is trial 107 with value: 0.6083231421626458.
[I 2026-05-22 17:52:01,814] Trial 349 finished with value: 0.6082800886067197 and parameters: {'P_amp': 0.8884118176199927, 'P_wet': 2303.9547391751003, 'P_pow': 5.849580169616189, 'rate_power': 1.2205287721673017}. Best is trial 107 with value: 0.6083231421626458.
[I 2026-05-22 17:52:02,107] Trial 350 finished with value: 0.6080524600538716 and parameters: {'P_amp': 0.8934884125680522, 'P_wet': 2781.365361685874, 'P_pow': 5.692962704207558, 'rate_power': 1.2079948606401738}. Best is trial 107 with value: 0.6083231421626458.
[I 2026-05-22 17:52:02,396] Trial 351 finished with value: 0.6080941683393798 and parameters: {'P_amp': 0.8663719465257318, 'P_wet': 2922.4251526593325, 'P_pow': 5.953560595862694, 'rate_power': 1.2280327670713598}. Best is trial 107 with value: 0.6083231421626458.
[I 2026-05-22 17:52:02,684] Trial 352 finished with value: 0.6077813846460741 and parameters: {'P_amp': 0.8921524164658654, 'P_wet': 3449.3011620638426, 'P_pow': 4.995542042012193, 'rate_power': 1.2716765167222903}. Best is trial 107 with value: 0.6083231421626458.
[I 2026-05-22 17:52:02,973] Trial 353 finished with value: 0.6077076270484532 and parameters: {'P_amp': 0.7085145638253652, 'P_wet': 2684.4983981044797, 'P_pow': 5.0715492773681285, 'rate_power': 1.1987027604187641}. Best is trial 107 with value: 0.6083231421626458.
[I 2026-05-22 17:52:03,262] Trial 354 finished with value: 0.6064208534317658 and parameters: {'P_amp': 0.7245208255625383, 'P_wet': 2710.283909966429, 'P_pow': 5.62657138249109, 'rate_power': 1.090700514481776}. Best is trial 107 with value: 0.6083231421626458.
[I 2026-05-22 17:52:03,551] Trial 355 finished with value: 0.6079849162094749 and parameters: {'P_amp': 0.8902913256591556, 'P_wet': 2265.287375167146, 'P_pow': 5.987228356986769, 'rate_power': 1.2988299932019396}. Best is trial 107 with value: 0.6083231421626458.
[I 2026-05-22 17:52:03,840] Trial 356 finished with value: 0.6073765866782179 and parameters: {'P_amp': 0.864922765520228, 'P_wet': 2596.897203824079, 'P_pow': 4.838791679183785, 'rate_power': 1.151267081808565}. Best is trial 107 with value: 0.6083231421626458.
[I 2026-05-22 17:52:04,129] Trial 357 finished with value: 0.6071922210022564 and parameters: {'P_amp': 0.8486745087883583, 'P_wet': 3061.5740111790424, 'P_pow': 5.98226101105459, 'rate_power': 1.1461826782208755}. Best is trial 107 with value: 0.6083231421626458.
[I 2026-05-22 17:52:04,423] Trial 358 finished with value: 0.5883352697237136 and parameters: {'P_amp': 0.8672407112679787, 'P_wet': 916.2355976595314, 'P_pow': 0.7577211955301477, 'rate_power': 0.9522744274785164}. Best is trial 107 with value: 0.6083231421626458.
[I 2026-05-22 17:52:04,718] Trial 359 finished with value: 0.6057638516297519 and parameters: {'P_amp': 0.8961447475850994, 'P_wet': 1930.158210158808, 'P_pow': 4.939763702941593, 'rate_power': 1.2667811354664051}. Best is trial 107 with value: 0.6083231421626458.
[I 2026-05-22 17:52:05,016] Trial 360 finished with value: 0.6080612925893539 and parameters: {'P_amp': 0.7437408191814744, 'P_wet': 2283.77235057853, 'P_pow': 5.97071338120291, 'rate_power': 1.1966901863949042}. Best is trial 107 with value: 0.6083231421626458.
[I 2026-05-22 17:52:05,313] Trial 361 finished with value: 0.596031638150862 and parameters: {'P_amp': 0.336720993643894, 'P_wet': 666.688160981318, 'P_pow': 3.7870116599515375, 'rate_power': 1.0408288514484292}. Best is trial 107 with value: 0.6083231421626458.
[I 2026-05-22 17:52:05,608] Trial 362 finished with value: 0.6074865026214123 and parameters: {'P_amp': 0.803845103266666, 'P_wet': 4151.389167125885, 'P_pow': 5.9435534153479335, 'rate_power': 1.2201075931683567}. Best is trial 107 with value: 0.6083231421626458.
[I 2026-05-22 17:52:05,905] Trial 363 finished with value: 0.5992009831649738 and parameters: {'P_amp': 0.7204191344762801, 'P_wet': 1356.9454481915236, 'P_pow': 5.870537751265709, 'rate_power': 1.1869322121647903}. Best is trial 107 with value: 0.6083231421626458.
[I 2026-05-22 17:52:06,201] Trial 364 finished with value: 0.6070058708324249 and parameters: {'P_amp': 0.8988552181069791, 'P_wet': 5364.155384288406, 'P_pow': 4.965394389653085, 'rate_power': 1.1791781054103871}. Best is trial 107 with value: 0.6083231421626458.
[I 2026-05-22 17:52:06,498] Trial 365 finished with value: 0.6073711570889009 and parameters: {'P_amp': 0.8689643266318275, 'P_wet': 2122.010180896799, 'P_pow': 5.0742534685379965, 'rate_power': 1.2277087471096173}. Best is trial 107 with value: 0.6083231421626458.
[I 2026-05-22 17:52:06,793] Trial 366 finished with value: 0.6078056984828293 and parameters: {'P_amp': 0.853919948315194, 'P_wet': 2969.5680959869596, 'P_pow': 5.97612553431401, 'rate_power': 1.1966598473015444}. Best is trial 107 with value: 0.6083231421626458.
[I 2026-05-22 17:52:07,092] Trial 367 finished with value: 0.6078109816269022 and parameters: {'P_amp': 0.8963888922713417, 'P_wet': 3490.3325570649263, 'P_pow': 5.62918969447977, 'rate_power': 1.2475126696919272}. Best is trial 107 with value: 0.6083231421626458.
[I 2026-05-22 17:52:07,381] Trial 368 finished with value: 0.6069882796101579 and parameters: {'P_amp': 0.8789688498352997, 'P_wet': 2026.0743079992642, 'P_pow': 5.943281537044764, 'rate_power': 1.0819793812717482}. Best is trial 107 with value: 0.6083231421626458.
[I 2026-05-22 17:52:07,672] Trial 369 finished with value: 0.6079168004129369 and parameters: {'P_amp': 0.8990165487577663, 'P_wet': 2826.591697454953, 'P_pow': 5.073019819462653, 'rate_power': 1.2778890889613879}. Best is trial 107 with value: 0.6083231421626458.
[I 2026-05-22 17:52:07,960] Trial 370 finished with value: 0.6005504202693284 and parameters: {'P_amp': 0.7664826222713355, 'P_wet': 1448.4673757483172, 'P_pow': 5.949308464729549, 'rate_power': 1.2429909063761835}. Best is trial 107 with value: 0.6083231421626458.
[I 2026-05-22 17:52:08,249] Trial 371 finished with value: 0.6082030372862732 and parameters: {'P_amp': 0.8930681352527767, 'P_wet': 2806.8283774063675, 'P_pow': 5.9932903969629985, 'rate_power': 1.2442001207738078}. Best is trial 107 with value: 0.6083231421626458.
[I 2026-05-22 17:52:08,538] Trial 372 finished with value: 0.6075092651176496 and parameters: {'P_amp': 0.7210529781873469, 'P_wet': 2415.940712141969, 'P_pow': 5.95115339945187, 'rate_power': 1.1428065536564274}. Best is trial 107 with value: 0.6083231421626458.
[I 2026-05-22 17:52:08,831] Trial 373 finished with value: 0.5978254340236039 and parameters: {'P_amp': 0.39653773711359513, 'P_wet': 1677.5277925778946, 'P_pow': 5.486518065061899, 'rate_power': 0.8825423338619012}. Best is trial 107 with value: 0.6083231421626458.
[I 2026-05-22 17:52:09,121] Trial 374 finished with value: 0.6081324294538588 and parameters: {'P_amp': 0.8914856161383051, 'P_wet': 2368.844745071772, 'P_pow': 5.757159031886446, 'rate_power': 1.1931853619506547}. Best is trial 107 with value: 0.6083231421626458.
[I 2026-05-22 17:52:09,411] Trial 375 finished with value: 0.6081240058974263 and parameters: {'P_amp': 0.8969243153600003, 'P_wet': 2744.8573868212275, 'P_pow': 5.5457200066478505, 'rate_power': 1.2323727321947362}. Best is trial 107 with value: 0.6083231421626458.
[I 2026-05-22 17:52:09,699] Trial 376 finished with value: 0.6082229816620459 and parameters: {'P_amp': 0.895864437226214, 'P_wet': 2598.2687571062083, 'P_pow': 5.9967254351281385, 'rate_power': 1.2092579305849707}. Best is trial 107 with value: 0.6083231421626458.
[I 2026-05-22 17:52:09,991] Trial 377 finished with value: 0.6068460997619829 and parameters: {'P_amp': 0.7608171780475625, 'P_wet': 3336.9309126009784, 'P_pow': 4.870589001628547, 'rate_power': 1.138073580657791}. Best is trial 107 with value: 0.6083231421626458.
[I 2026-05-22 17:52:10,280] Trial 378 finished with value: 0.6077902558786312 and parameters: {'P_amp': 0.7637240108327856, 'P_wet': 2455.93627827946, 'P_pow': 5.167559646779781, 'rate_power': 1.2004584645185044}. Best is trial 107 with value: 0.6083231421626458.
[I 2026-05-22 17:52:10,569] Trial 379 finished with value: 0.6076242018218563 and parameters: {'P_amp': 0.857593997438161, 'P_wet': 4251.386681893337, 'P_pow': 5.965043585496906, 'rate_power': 1.2708127581395674}. Best is trial 107 with value: 0.6083231421626458.
[I 2026-05-22 17:52:10,862] Trial 380 finished with value: 0.6081671269665399 and parameters: {'P_amp': 0.8875611812672229, 'P_wet': 2590.0979796710353, 'P_pow': 5.792592874499966, 'rate_power': 1.205002614685914}. Best is trial 107 with value: 0.6083231421626458.
[I 2026-05-22 17:52:11,159] Trial 381 finished with value: 0.607103470485586 and parameters: {'P_amp': 0.8980589340455676, 'P_wet': 2382.8658421417767, 'P_pow': 5.272250771113544, 'rate_power': 1.1055355926821044}. Best is trial 107 with value: 0.6083231421626458.
[I 2026-05-22 17:52:11,456] Trial 382 finished with value: 0.6080787442518565 and parameters: {'P_amp': 0.8976692550880104, 'P_wet': 2341.254417244515, 'P_pow': 5.589838305575352, 'rate_power': 1.1953394241200472}. Best is trial 107 with value: 0.6083231421626458.
[I 2026-05-22 17:52:11,754] Trial 383 finished with value: 0.6068993602166348 and parameters: {'P_amp': 0.8884522356235137, 'P_wet': 3198.533715195543, 'P_pow': 5.0945615396904245, 'rate_power': 1.1306100440205218}. Best is trial 107 with value: 0.6083231421626458.
[I 2026-05-22 17:52:12,051] Trial 384 finished with value: 0.6066389864256574 and parameters: {'P_amp': 0.3129879092398645, 'P_wet': 3547.0370663364915, 'P_pow': 2.3337053489666872, 'rate_power': 1.299241023566041}. Best is trial 107 with value: 0.6083231421626458.
[I 2026-05-22 17:52:12,347] Trial 385 finished with value: 0.6079691548248425 and parameters: {'P_amp': 0.819738474438437, 'P_wet': 2139.954557072181, 'P_pow': 5.976943702991243, 'rate_power': 1.1676360428164259}. Best is trial 107 with value: 0.6083231421626458.
[I 2026-05-22 17:52:12,644] Trial 386 finished with value: 0.6064247334160408 and parameters: {'P_amp': 0.7428485865752714, 'P_wet': 3166.6249729381398, 'P_pow': 5.982631891017231, 'rate_power': 1.1080209772610972}. Best is trial 107 with value: 0.6083231421626458.
[I 2026-05-22 17:52:12,939] Trial 387 finished with value: 0.6071483963184856 and parameters: {'P_amp': 0.6625460633858136, 'P_wet': 4309.193621725597, 'P_pow': 5.9001484264776956, 'rate_power': 1.188286638346345}. Best is trial 107 with value: 0.6083231421626458.
[I 2026-05-22 17:52:13,236] Trial 388 finished with value: 0.6051965062800834 and parameters: {'P_amp': 0.8518063677537816, 'P_wet': 1676.6880923079316, 'P_pow': 5.837879192206, 'rate_power': 1.1752920640615447}. Best is trial 107 with value: 0.6083231421626458.
[I 2026-05-22 17:52:13,534] Trial 389 finished with value: 0.6074768937993767 and parameters: {'P_amp': 0.7337822277357797, 'P_wet': 3692.228735790412, 'P_pow': 5.137815581268075, 'rate_power': 1.2059481383624862}. Best is trial 107 with value: 0.6083231421626458.
[I 2026-05-22 17:52:13,828] Trial 390 finished with value: 0.6080265425993496 and parameters: {'P_amp': 0.7657979739421868, 'P_wet': 2755.0322325759644, 'P_pow': 5.887906703127496, 'rate_power': 1.2139184410872563}. Best is trial 107 with value: 0.6083231421626458.
[I 2026-05-22 17:52:14,117] Trial 391 finished with value: 0.6071615452985718 and parameters: {'P_amp': 0.8941595562922405, 'P_wet': 3227.085611563534, 'P_pow': 5.87112135844768, 'rate_power': 1.1503082134118934}. Best is trial 107 with value: 0.6083231421626458.
[I 2026-05-22 17:52:14,405] Trial 392 finished with value: 0.6057182578982393 and parameters: {'P_amp': 0.8810871295062525, 'P_wet': 1715.4943796947503, 'P_pow': 5.981148777460826, 'rate_power': 1.1467193875657}. Best is trial 107 with value: 0.6083231421626458.
[I 2026-05-22 17:52:14,694] Trial 393 finished with value: 0.6079513094079945 and parameters: {'P_amp': 0.8833169625003502, 'P_wet': 2691.325744782929, 'P_pow': 5.987414465647716, 'rate_power': 1.182444620146}. Best is trial 107 with value: 0.6083231421626458.
[I 2026-05-22 17:52:14,983] Trial 394 finished with value: 0.6056794219242222 and parameters: {'P_amp': 0.7499641963955046, 'P_wet': 1898.4940340910616, 'P_pow': 4.922849694931708, 'rate_power': 1.281685313859513}. Best is trial 107 with value: 0.6083231421626458.
[I 2026-05-22 17:52:15,272] Trial 395 finished with value: 0.6080603780738595 and parameters: {'P_amp': 0.7447623159239143, 'P_wet': 2764.164420149848, 'P_pow': 5.9203535358774415, 'rate_power': 1.2561839916373554}. Best is trial 107 with value: 0.6083231421626458.
[I 2026-05-22 17:52:15,562] Trial 396 finished with value: 0.6066025969810156 and parameters: {'P_amp': 0.8997018421056144, 'P_wet': 1824.1856683745566, 'P_pow': 5.839365065834594, 'rate_power': 1.1540378712634431}. Best is trial 107 with value: 0.6083231421626458.
[I 2026-05-22 17:52:15,850] Trial 397 finished with value: 0.6079172175757408 and parameters: {'P_amp': 0.8015411435704429, 'P_wet': 2168.3437048888336, 'P_pow': 5.984269217861414, 'rate_power': 1.2840972090326184}. Best is trial 107 with value: 0.6083231421626458.
[I 2026-05-22 17:52:16,140] Trial 398 finished with value: 0.6076090060245495 and parameters: {'P_amp': 0.7489638515020686, 'P_wet': 3587.478658103031, 'P_pow': 4.869237772776176, 'rate_power': 1.2189430049518752}. Best is trial 107 with value: 0.6083231421626458.
[I 2026-05-22 17:52:16,428] Trial 399 finished with value: 0.6008133193907974 and parameters: {'P_amp': 0.8107225278890552, 'P_wet': 1508.445660099882, 'P_pow': 5.052981036001002, 'rate_power': 1.2170607710814694}. Best is trial 107 with value: 0.6083231421626458.
[I 2026-05-22 17:52:16,717] Trial 400 finished with value: 0.60757091345755 and parameters: {'P_amp': 0.884828656455097, 'P_wet': 4598.400600530268, 'P_pow': 5.905746425834636, 'rate_power': 1.2542018933640404}. Best is trial 107 with value: 0.6083231421626458.
[I 2026-05-22 17:52:17,006] Trial 401 finished with value: 0.6081761013230141 and parameters: {'P_amp': 0.8815288563373156, 'P_wet': 2509.248518939425, 'P_pow': 5.913299696961478, 'rate_power': 1.2021385928430643}. Best is trial 107 with value: 0.6083231421626458.
[I 2026-05-22 17:52:17,299] Trial 402 finished with value: 0.5935498479256061 and parameters: {'P_amp': 0.20770108442533722, 'P_wet': 1110.0925287231041, 'P_pow': 1.808563596255937, 'rate_power': 0.8261737775445457}. Best is trial 107 with value: 0.6083231421626458.
[I 2026-05-22 17:52:17,596] Trial 403 finished with value: 0.6077163039297889 and parameters: {'P_amp': 0.7801118771286889, 'P_wet': 2992.060287744012, 'P_pow': 5.941635684110737, 'rate_power': 1.1945581597064376}. Best is trial 107 with value: 0.6083231421626458.
[I 2026-05-22 17:52:17,886] Trial 404 finished with value: 0.6077229657237203 and parameters: {'P_amp': 0.8695175342458639, 'P_wet': 2511.6639933916363, 'P_pow': 5.068346831045522, 'rate_power': 1.1738922856609213}. Best is trial 107 with value: 0.6083231421626458.
[I 2026-05-22 17:52:18,183] Trial 405 finished with value: 0.6002859962905642 and parameters: {'P_amp': 0.6043443277658578, 'P_wet': 1478.8468260572517, 'P_pow': 2.585254260026501, 'rate_power': 1.0961464302579293}. Best is trial 107 with value: 0.6083231421626458.
[I 2026-05-22 17:52:18,481] Trial 406 finished with value: 0.5850443232531822 and parameters: {'P_amp': 0.8453742349680254, 'P_wet': 1067.1725950096952, 'P_pow': 2.7807555903934285, 'rate_power': 0.7091271151939134}. Best is trial 107 with value: 0.6083231421626458.
[I 2026-05-22 17:52:18,777] Trial 407 finished with value: 0.608084551673797 and parameters: {'P_amp': 0.8017014268355681, 'P_wet': 2431.7728512037324, 'P_pow': 5.9513721963481085, 'rate_power': 1.2909297030115765}. Best is trial 107 with value: 0.6083231421626458.
[I 2026-05-22 17:52:19,075] Trial 408 finished with value: 0.6080954619900284 and parameters: {'P_amp': 0.8868190102583644, 'P_wet': 2837.9983369458855, 'P_pow': 5.9396010520111115, 'rate_power': 1.213258171969089}. Best is trial 107 with value: 0.6083231421626458.
[I 2026-05-22 17:52:19,371] Trial 409 finished with value: 0.60383538403536 and parameters: {'P_amp': 0.8990513896640274, 'P_wet': 1733.3582878237544, 'P_pow': 5.262035045062772, 'rate_power': 1.2788135278606771}. Best is trial 107 with value: 0.6083231421626458.
[I 2026-05-22 17:52:19,669] Trial 410 finished with value: 0.5815889704944778 and parameters: {'P_amp': 0.36337918620652604, 'P_wet': 5242.80774450286, 'P_pow': 1.8137513393490658, 'rate_power': 0.722756485607839}. Best is trial 107 with value: 0.6083231421626458.
[I 2026-05-22 17:52:19,966] Trial 411 finished with value: 0.6078902715225503 and parameters: {'P_amp': 0.8992762746568782, 'P_wet': 2777.641981429801, 'P_pow': 5.385446241515418, 'rate_power': 1.1921068631532599}. Best is trial 107 with value: 0.6083231421626458.
[I 2026-05-22 17:52:20,262] Trial 412 finished with value: 0.6075593860853127 and parameters: {'P_amp': 0.7265451140026621, 'P_wet': 4253.9768930452765, 'P_pow': 5.078381653328864, 'rate_power': 1.2839259880624052}. Best is trial 107 with value: 0.6083231421626458.
[I 2026-05-22 17:52:20,559] Trial 413 finished with value: 0.6075373070743776 and parameters: {'P_amp': 0.8993104678409812, 'P_wet': 3378.679901383583, 'P_pow': 4.925929621513351, 'rate_power': 1.1935460609480735}. Best is trial 107 with value: 0.6083231421626458.
[I 2026-05-22 17:52:20,857] Trial 414 finished with value: 0.6082086759326765 and parameters: {'P_amp': 0.8962426942799425, 'P_wet': 2355.5063391327008, 'P_pow': 5.783825310156081, 'rate_power': 1.2535993953817572}. Best is trial 107 with value: 0.6083231421626458.
[I 2026-05-22 17:52:21,158] Trial 415 finished with value: 0.6083364232243857 and parameters: {'P_amp': 0.8861354319599236, 'P_wet': 2500.874353319515, 'P_pow': 5.938036930539739, 'rate_power': 1.2430213347967036}. Best is trial 415 with value: 0.6083364232243857.
[I 2026-05-22 17:52:21,459] Trial 416 finished with value: 0.6071222294295864 and parameters: {'P_amp': 0.7869091454193411, 'P_wet': 2027.1967977986324, 'P_pow': 5.199240438944361, 'rate_power': 1.1607624448981133}. Best is trial 415 with value: 0.6083364232243857.
[I 2026-05-22 17:52:21,756] Trial 417 finished with value: 0.5962606518473965 and parameters: {'P_amp': 0.8766476138980217, 'P_wet': 1422.4509663063354, 'P_pow': 5.166197569810228, 'rate_power': 1.2682797792246039}. Best is trial 415 with value: 0.6083364232243857.
[I 2026-05-22 17:52:22,053] Trial 418 finished with value: 0.5947325100220524 and parameters: {'P_amp': 0.879857302149474, 'P_wet': 1345.8974445973163, 'P_pow': 5.996801397789925, 'rate_power': 1.2448991700922551}. Best is trial 415 with value: 0.6083364232243857.
[I 2026-05-22 17:52:22,351] Trial 419 finished with value: 0.607282455066822 and parameters: {'P_amp': 0.8909341735511578, 'P_wet': 2022.5634704263246, 'P_pow': 5.603969155329512, 'rate_power': 1.2601386895860633}. Best is trial 415 with value: 0.6083364232243857.
[I 2026-05-22 17:52:22,648] Trial 420 finished with value: 0.6079547609458278 and parameters: {'P_amp': 0.8894427693791375, 'P_wet': 2703.843439359586, 'P_pow': 5.125841772421461, 'rate_power': 1.2730803135350097}. Best is trial 415 with value: 0.6083364232243857.
[I 2026-05-22 17:52:22,942] Trial 421 finished with value: 0.6071685619043886 and parameters: {'P_amp': 0.8896448127946761, 'P_wet': 2161.0749917889984, 'P_pow': 4.845864658749454, 'rate_power': 1.1606045754739938}. Best is trial 415 with value: 0.6083364232243857.
[I 2026-05-22 17:52:23,230] Trial 422 finished with value: 0.6065501292580605 and parameters: {'P_amp': 0.8919678514517885, 'P_wet': 3655.242031854784, 'P_pow': 5.7292345238757605, 'rate_power': 1.1250095311308304}. Best is trial 415 with value: 0.6083364232243857.
[I 2026-05-22 17:52:23,528] Trial 423 finished with value: 0.6076399372031633 and parameters: {'P_amp': 0.8804653541630144, 'P_wet': 2521.697697333604, 'P_pow': 5.895876503389682, 'rate_power': 1.1420217021884496}. Best is trial 415 with value: 0.6083364232243857.
[I 2026-05-22 17:52:23,825] Trial 424 finished with value: 0.6063609955348096 and parameters: {'P_amp': 0.892934150572152, 'P_wet': 1884.5251148513553, 'P_pow': 5.343056452732035, 'rate_power': 1.2244674658903993}. Best is trial 415 with value: 0.6083364232243857.
[I 2026-05-22 17:52:24,123] Trial 425 finished with value: 0.5908639152152882 and parameters: {'P_amp': 0.6601685358262607, 'P_wet': 967.7757005933727, 'P_pow': 3.2608546932641564, 'rate_power': 0.9184184767937241}. Best is trial 415 with value: 0.6083364232243857.
[I 2026-05-22 17:52:24,418] Trial 426 finished with value: 0.608002887449366 and parameters: {'P_amp': 0.8299120730259795, 'P_wet': 3009.55975941418, 'P_pow': 5.95690897788039, 'rate_power': 1.2610109009862505}. Best is trial 415 with value: 0.6083364232243857.
[I 2026-05-22 17:52:24,708] Trial 427 finished with value: 0.603617916625304 and parameters: {'P_amp': 0.6976757173037608, 'P_wet': 1562.0276398732399, 'P_pow': 5.537905469072446, 'rate_power': 1.2176166177777277}. Best is trial 415 with value: 0.6083364232243857.
[I 2026-05-22 17:52:25,005] Trial 428 finished with value: 0.6079494364415405 and parameters: {'P_amp': 0.8095104750628884, 'P_wet': 2048.916310854128, 'P_pow': 5.9457203939116905, 'rate_power': 1.202048010158194}. Best is trial 415 with value: 0.6083364232243857.
[I 2026-05-22 17:52:25,304] Trial 429 finished with value: 0.6075898999491295 and parameters: {'P_amp': 0.7143448883902641, 'P_wet': 2893.1797269407994, 'P_pow': 5.922470182037303, 'rate_power': 1.178531125563627}. Best is trial 415 with value: 0.6083364232243857.
[I 2026-05-22 17:52:25,600] Trial 430 finished with value: 0.579296964442138 and parameters: {'P_amp': 0.05414137001837044, 'P_wet': 4389.374305107893, 'P_pow': 4.6475630921825175, 'rate_power': 0.711162932397911}. Best is trial 415 with value: 0.6083364232243857.
[I 2026-05-22 17:52:25,896] Trial 431 finished with value: 0.6080163071466169 and parameters: {'P_amp': 0.868005165455524, 'P_wet': 2690.6961052038823, 'P_pow': 5.88450074959349, 'rate_power': 1.1957949061999555}. Best is trial 415 with value: 0.6083364232243857.
[I 2026-05-22 17:52:26,193] Trial 432 finished with value: 0.5599634170566954 and parameters: {'P_amp': 0.8044808753359654, 'P_wet': 447.70697843518644, 'P_pow': 5.076410789219966, 'rate_power': 0.7205151958702116}. Best is trial 415 with value: 0.6083364232243857.
[I 2026-05-22 17:52:26,490] Trial 433 finished with value: 0.6077237393171043 and parameters: {'P_amp': 0.8938434111103591, 'P_wet': 2340.140973616311, 'P_pow': 4.874457674116441, 'rate_power': 1.2115616962867632}. Best is trial 415 with value: 0.6083364232243857.
[I 2026-05-22 17:52:26,786] Trial 434 finished with value: 0.6078943169368404 and parameters: {'P_amp': 0.8921720673034772, 'P_wet': 3284.7773064599983, 'P_pow': 5.91008424396833, 'rate_power': 1.256924236442646}. Best is trial 415 with value: 0.6083364232243857.
[I 2026-05-22 17:52:27,083] Trial 435 finished with value: 0.6081082364904546 and parameters: {'P_amp': 0.8274994174870748, 'P_wet': 2160.7818080630914, 'P_pow': 5.97872770968744, 'rate_power': 1.1927285482304626}. Best is trial 415 with value: 0.6083364232243857.
[I 2026-05-22 17:52:27,381] Trial 436 finished with value: 0.608191364642645 and parameters: {'P_amp': 0.8891288498382602, 'P_wet': 2249.2495207555485, 'P_pow': 5.756962492479343, 'rate_power': 1.2261058944961378}. Best is trial 415 with value: 0.6083364232243857.
[I 2026-05-22 17:52:27,677] Trial 437 finished with value: 0.6068628438778693 and parameters: {'P_amp': 0.896022701447243, 'P_wet': 1899.9905708485035, 'P_pow': 5.816427871541963, 'rate_power': 1.249808050410002}. Best is trial 415 with value: 0.6083364232243857.
[I 2026-05-22 17:52:27,974] Trial 438 finished with value: 0.6082854732744689 and parameters: {'P_amp': 0.8898590441218128, 'P_wet': 2233.9104036323147, 'P_pow': 5.996437202297824, 'rate_power': 1.2381719257809674}. Best is trial 415 with value: 0.6083364232243857.
[I 2026-05-22 17:52:28,272] Trial 439 finished with value: 0.6034007911341815 and parameters: {'P_amp': 0.8682842601660273, 'P_wet': 1575.8979952078348, 'P_pow': 5.962132684379038, 'rate_power': 1.1972785384251454}. Best is trial 415 with value: 0.6083364232243857.
[I 2026-05-22 17:52:28,569] Trial 440 finished with value: 0.5443256680122789 and parameters: {'P_amp': 0.8854414136627872, 'P_wet': 828.0300506637936, 'P_pow': 5.933728949202284, 'rate_power': 1.2932402136675063}. Best is trial 415 with value: 0.6083364232243857.
[I 2026-05-22 17:52:28,866] Trial 441 finished with value: 0.6054695124158493 and parameters: {'P_amp': 0.05145139206925997, 'P_wet': 1912.6617215762062, 'P_pow': 4.554658747625056, 'rate_power': 1.0880377655774953}. Best is trial 415 with value: 0.6083364232243857.
[I 2026-05-22 17:52:29,164] Trial 442 finished with value: 0.5994522926151608 and parameters: {'P_amp': 0.4961914482968858, 'P_wet': 3294.8850725537022, 'P_pow': 3.553448411618387, 'rate_power': 0.9291053450381141}. Best is trial 415 with value: 0.6083364232243857.
[I 2026-05-22 17:52:29,462] Trial 443 finished with value: 0.6030045418665683 and parameters: {'P_amp': 0.7230086662813284, 'P_wet': 1522.251007893469, 'P_pow': 5.781923115415112, 'rate_power': 1.2136806748365352}. Best is trial 415 with value: 0.6083364232243857.
[I 2026-05-22 17:52:29,759] Trial 444 finished with value: 0.6049936681276223 and parameters: {'P_amp': 0.7244647992948157, 'P_wet': 1735.9303714751484, 'P_pow': 4.91203785793229, 'rate_power': 1.220240085416227}. Best is trial 415 with value: 0.6083364232243857.
[I 2026-05-22 17:52:30,056] Trial 445 finished with value: 0.6079224991606442 and parameters: {'P_amp': 0.7864833490846413, 'P_wet': 2125.949811879401, 'P_pow': 5.970086558005617, 'rate_power': 1.2743087273905576}. Best is trial 415 with value: 0.6083364232243857.
[I 2026-05-22 17:52:30,353] Trial 446 finished with value: 0.5703536704407025 and parameters: {'P_amp': 0.8608281602270168, 'P_wet': 851.5515752943776, 'P_pow': 5.168923923740812, 'rate_power': 0.9122040947219259}. Best is trial 415 with value: 0.6083364232243857.
[I 2026-05-22 17:52:30,650] Trial 447 finished with value: 0.6062204769676176 and parameters: {'P_amp': 0.14036275719221897, 'P_wet': 2628.7616576827913, 'P_pow': 1.2435825195186636, 'rate_power': 1.1868936095651006}. Best is trial 415 with value: 0.6083364232243857.
[I 2026-05-22 17:52:30,947] Trial 448 finished with value: 0.6073803040053842 and parameters: {'P_amp': 0.7542948540978823, 'P_wet': 2195.065593720478, 'P_pow': 4.980904677681891, 'rate_power': 1.1724347528942993}. Best is trial 415 with value: 0.6083364232243857.
[I 2026-05-22 17:52:31,243] Trial 449 finished with value: 0.6078319567459641 and parameters: {'P_amp': 0.7702050068087885, 'P_wet': 2418.8607091814606, 'P_pow': 5.076503986147744, 'rate_power': 1.229695357476278}. Best is trial 415 with value: 0.6083364232243857.
[I 2026-05-22 17:52:31,539] Trial 450 finished with value: 0.6078441617209929 and parameters: {'P_amp': 0.8958622611416258, 'P_wet': 2932.4131862630065, 'P_pow': 4.963214713213102, 'rate_power': 1.2080005261973226}. Best is trial 415 with value: 0.6083364232243857.
[I 2026-05-22 17:52:31,836] Trial 451 finished with value: 0.5872040768616918 and parameters: {'P_amp': 0.8883521443535757, 'P_wet': 1195.5681581736876, 'P_pow': 5.1589080450126215, 'rate_power': 1.1816572142124664}. Best is trial 415 with value: 0.6083364232243857.
[I 2026-05-22 17:52:32,132] Trial 452 finished with value: 0.6008442105526409 and parameters: {'P_amp': 0.23504239949136682, 'P_wet': 389.115569878631, 'P_pow': 2.714873479916968, 'rate_power': 1.0081305225562471}. Best is trial 415 with value: 0.6083364232243857.
[I 2026-05-22 17:52:32,430] Trial 453 finished with value: 0.6079667662047827 and parameters: {'P_amp': 0.8896888180724886, 'P_wet': 2878.0057954550934, 'P_pow': 5.529716052673092, 'rate_power': 1.2922106486320901}. Best is trial 415 with value: 0.6083364232243857.
[I 2026-05-22 17:52:32,729] Trial 454 finished with value: 0.5937720325763353 and parameters: {'P_amp': 0.5369424764386267, 'P_wet': 361.57672182687554, 'P_pow': 1.1226928491945818, 'rate_power': 0.7693528777506268}. Best is trial 415 with value: 0.6083364232243857.
[I 2026-05-22 17:52:33,027] Trial 455 finished with value: 0.5962835565439032 and parameters: {'P_amp': 0.848024354070714, 'P_wet': 1355.0786433237693, 'P_pow': 5.943508927167759, 'rate_power': 1.2259685782599794}. Best is trial 415 with value: 0.6083364232243857.
[I 2026-05-22 17:52:33,325] Trial 456 finished with value: 0.5954910533527599 and parameters: {'P_amp': 0.2717716261822125, 'P_wet': 312.30096325359665, 'P_pow': 5.894696972258216, 'rate_power': 1.1453265502350551}. Best is trial 415 with value: 0.6083364232243857.
[I 2026-05-22 17:52:33,622] Trial 457 finished with value: 0.6082593894677693 and parameters: {'P_amp': 0.884094453722336, 'P_wet': 2277.404829460681, 'P_pow': 5.802475627101827, 'rate_power': 1.214174380351022}. Best is trial 415 with value: 0.6083364232243857.
[I 2026-05-22 17:52:33,921] Trial 458 finished with value: 0.6074784714669259 and parameters: {'P_amp': 0.855030062227073, 'P_wet': 1943.0238129264217, 'P_pow': 5.824775669653759, 'rate_power': 1.2082111561942117}. Best is trial 415 with value: 0.6083364232243857.
[I 2026-05-22 17:52:34,214] Trial 459 finished with value: 0.6077959057244559 and parameters: {'P_amp': 0.6977021744435312, 'P_wet': 2467.770822924859, 'P_pow': 5.093919728904284, 'rate_power': 1.2565272677147068}. Best is trial 415 with value: 0.6083364232243857.
[I 2026-05-22 17:52:34,505] Trial 460 finished with value: 0.6082319631534395 and parameters: {'P_amp': 0.8791826215967605, 'P_wet': 2179.077512195665, 'P_pow': 5.9944569933491625, 'rate_power': 1.2278699860028048}. Best is trial 415 with value: 0.6083364232243857.
[I 2026-05-22 17:52:34,794] Trial 461 finished with value: 0.5905174693384886 and parameters: {'P_amp': 0.8762064117118114, 'P_wet': 1366.452675330749, 'P_pow': 3.880482106129181, 'rate_power': 1.2957414972358365}. Best is trial 415 with value: 0.6083364232243857.
[I 2026-05-22 17:52:35,085] Trial 462 finished with value: 0.6071528592244033 and parameters: {'P_amp': 0.8955936418546334, 'P_wet': 2172.4471325149934, 'P_pow': 4.8771574578682015, 'rate_power': 1.1476108055010377}. Best is trial 415 with value: 0.6083364232243857.
[I 2026-05-22 17:52:35,373] Trial 463 finished with value: 0.6080338137233696 and parameters: {'P_amp': 0.8969648525144934, 'P_wet': 2114.758782744514, 'P_pow': 5.816528520798855, 'rate_power': 1.2034366015668378}. Best is trial 415 with value: 0.6083364232243857.
[I 2026-05-22 17:52:35,667] Trial 464 finished with value: 0.5854591862984861 and parameters: {'P_amp': 0.46304654902541753, 'P_wet': 735.705139183394, 'P_pow': 3.0381618530731953, 'rate_power': 1.2177165606741382}. Best is trial 415 with value: 0.6083364232243857.
[I 2026-05-22 17:52:35,967] Trial 465 finished with value: 0.6026061880545124 and parameters: {'P_amp': 0.34298631746986963, 'P_wet': 4813.970509544751, 'P_pow': 1.9518932610761583, 'rate_power': 0.9988009168927529}. Best is trial 415 with value: 0.6083364232243857.
[I 2026-05-22 17:52:36,263] Trial 466 finished with value: 0.6049377094493418 and parameters: {'P_amp': 0.862477284487239, 'P_wet': 1687.0253885196014, 'P_pow': 5.995442556021133, 'rate_power': 1.2410690954241301}. Best is trial 415 with value: 0.6083364232243857.
[I 2026-05-22 17:52:36,562] Trial 467 finished with value: 0.6072841831609318 and parameters: {'P_amp': 0.8936456850945951, 'P_wet': 2052.770121489767, 'P_pow': 5.804055605783737, 'rate_power': 1.2972992246848274}. Best is trial 415 with value: 0.6083364232243857.
[I 2026-05-22 17:52:36,857] Trial 468 finished with value: 0.6073621303122911 and parameters: {'P_amp': 0.8907382290379228, 'P_wet': 1968.8571915268637, 'P_pow': 5.823573779439905, 'rate_power': 1.2452881926820831}. Best is trial 415 with value: 0.6083364232243857.
[I 2026-05-22 17:52:37,154] Trial 469 finished with value: 0.601822903340915 and parameters: {'P_amp': 0.8910625087455494, 'P_wet': 1637.7315528201493, 'P_pow': 4.611058338366567, 'rate_power': 1.227931949371112}. Best is trial 415 with value: 0.6083364232243857.
[I 2026-05-22 17:52:37,452] Trial 470 finished with value: 0.6078399436804721 and parameters: {'P_amp': 0.7564825420558661, 'P_wet': 2410.8340622443716, 'P_pow': 5.0926265978773, 'rate_power': 1.2223938338548745}. Best is trial 415 with value: 0.6083364232243857.
[I 2026-05-22 17:52:37,742] Trial 471 finished with value: 0.607950372722397 and parameters: {'P_amp': 0.8984960763033226, 'P_wet': 2670.7855542333946, 'P_pow': 5.056437879704529, 'rate_power': 1.26641843580519}. Best is trial 415 with value: 0.6083364232243857.
[I 2026-05-22 17:52:38,041] Trial 472 finished with value: 0.6081243253571983 and parameters: {'P_amp': 0.8600802490021887, 'P_wet': 2260.299891649712, 'P_pow': 5.927504011214091, 'rate_power': 1.1825709980517831}. Best is trial 415 with value: 0.6083364232243857.
[I 2026-05-22 17:52:38,340] Trial 473 finished with value: 0.6072992116979441 and parameters: {'P_amp': 0.8831397308291484, 'P_wet': 3956.115942228108, 'P_pow': 5.982365809641394, 'rate_power': 1.1926057551706226}. Best is trial 415 with value: 0.6083364232243857.
[I 2026-05-22 17:52:38,638] Trial 474 finished with value: 0.6030156676895023 and parameters: {'P_amp': 0.6982100274228359, 'P_wet': 1525.287069673063, 'P_pow': 5.438291054322433, 'rate_power': 1.0491812218153376}. Best is trial 415 with value: 0.6083364232243857.
[I 2026-05-22 17:52:38,937] Trial 475 finished with value: 0.6054571996322791 and parameters: {'P_amp': 0.8583463701937681, 'P_wet': 3601.057234809917, 'P_pow': 5.982442401819485, 'rate_power': 1.0722461453125207}. Best is trial 415 with value: 0.6083364232243857.
[I 2026-05-22 17:52:39,233] Trial 476 finished with value: 0.6069591779366322 and parameters: {'P_amp': 0.8807902845785479, 'P_wet': 1883.9823665869833, 'P_pow': 5.932212521219126, 'rate_power': 1.2421809818919278}. Best is trial 415 with value: 0.6083364232243857.
[I 2026-05-22 17:52:39,523] Trial 477 finished with value: 0.6071572457443166 and parameters: {'P_amp': 0.7535048489277489, 'P_wet': 2029.9727887151896, 'P_pow': 5.148241363270833, 'rate_power': 1.1772022981136}. Best is trial 415 with value: 0.6083364232243857.
[I 2026-05-22 17:52:39,813] Trial 478 finished with value: 0.608181359630402 and parameters: {'P_amp': 0.8991998454638133, 'P_wet': 2580.321341766504, 'P_pow': 5.8266196371387835, 'rate_power': 1.2779778782762847}. Best is trial 415 with value: 0.6083364232243857.
[I 2026-05-22 17:52:40,102] Trial 479 finished with value: 0.6076261857636349 and parameters: {'P_amp': 0.7154582884910631, 'P_wet': 3850.6383150195397, 'P_pow': 5.870734829499442, 'rate_power': 1.2920978313112763}. Best is trial 415 with value: 0.6083364232243857.
[I 2026-05-22 17:52:40,400] Trial 480 finished with value: 0.605010709977397 and parameters: {'P_amp': 0.8823774199187155, 'P_wet': 1861.1254110322154, 'P_pow': 5.062108785401711, 'rate_power': 1.292649418835654}. Best is trial 415 with value: 0.6083364232243857.
[I 2026-05-22 17:52:40,697] Trial 481 finished with value: 0.6080674014534014 and parameters: {'P_amp': 0.8713899182762119, 'P_wet': 2571.725884454361, 'P_pow': 5.9360189167265025, 'rate_power': 1.2980899822379002}. Best is trial 415 with value: 0.6083364232243857.
[I 2026-05-22 17:52:40,995] Trial 482 finished with value: 0.5975697943530566 and parameters: {'P_amp': 0.8937752680629274, 'P_wet': 1349.325640307196, 'P_pow': 5.6935605001422065, 'rate_power': 1.0439656101603245}. Best is trial 415 with value: 0.6083364232243857.
[I 2026-05-22 17:52:41,293] Trial 483 finished with value: 0.6078660027069818 and parameters: {'P_amp': 0.8940025859076812, 'P_wet': 3346.3987410032987, 'P_pow': 5.267640717076986, 'rate_power': 1.240626708958322}. Best is trial 415 with value: 0.6083364232243857.
[I 2026-05-22 17:52:41,590] Trial 484 finished with value: 0.6005549195738018 and parameters: {'P_amp': 0.7405113012191169, 'P_wet': 1469.8770924418084, 'P_pow': 5.902414308397873, 'rate_power': 1.2827864809719387}. Best is trial 415 with value: 0.6083364232243857.
[I 2026-05-22 17:52:41,886] Trial 485 finished with value: 0.6074017974626494 and parameters: {'P_amp': 0.8698007814486729, 'P_wet': 2705.0149274865203, 'P_pow': 5.95462522149809, 'rate_power': 1.135321752536609}. Best is trial 415 with value: 0.6083364232243857.
[I 2026-05-22 17:52:42,184] Trial 486 finished with value: 0.6079699569815126 and parameters: {'P_amp': 0.8925726200977573, 'P_wet': 2667.6577461614784, 'P_pow': 5.9604151913909105, 'rate_power': 1.1803767279070925}. Best is trial 415 with value: 0.6083364232243857.
[I 2026-05-22 17:52:42,482] Trial 487 finished with value: 0.6069294647377549 and parameters: {'P_amp': 0.7406545609576178, 'P_wet': 2083.6824524904237, 'P_pow': 5.867748014754838, 'rate_power': 1.0921221848116296}. Best is trial 415 with value: 0.6083364232243857.
[I 2026-05-22 17:52:42,779] Trial 488 finished with value: 0.6028158416255348 and parameters: {'P_amp': 0.8964396800931361, 'P_wet': 1552.6210435094517, 'P_pow': 5.964385026591184, 'rate_power': 1.18326254455229}. Best is trial 415 with value: 0.6083364232243857.
[I 2026-05-22 17:52:43,070] Trial 489 finished with value: 0.6080680606165442 and parameters: {'P_amp': 0.898129633318331, 'P_wet': 2694.1766025080765, 'P_pow': 5.89726461579149, 'rate_power': 1.1990698378674343}. Best is trial 415 with value: 0.6083364232243857.
[I 2026-05-22 17:52:43,361] Trial 490 finished with value: 0.6073430337258592 and parameters: {'P_amp': 0.7750379979120218, 'P_wet': 3988.304023058056, 'P_pow': 4.947270647291942, 'rate_power': 1.1995452320430664}. Best is trial 415 with value: 0.6083364232243857.
[I 2026-05-22 17:52:43,653] Trial 491 finished with value: 0.6037429081105943 and parameters: {'P_amp': 0.8985992156254472, 'P_wet': 1700.6130079051939, 'P_pow': 4.793947928273836, 'rate_power': 1.190348373623697}. Best is trial 415 with value: 0.6083364232243857.
[I 2026-05-22 17:52:43,945] Trial 492 finished with value: 0.6081053187893165 and parameters: {'P_amp': 0.6889592130097812, 'P_wet': 2502.3890699241174, 'P_pow': 5.986412382356788, 'rate_power': 1.2171962440677242}. Best is trial 415 with value: 0.6083364232243857.
[I 2026-05-22 17:52:44,235] Trial 493 finished with value: 0.6080086127014441 and parameters: {'P_amp': 0.8929962387939521, 'P_wet': 2908.256703456912, 'P_pow': 5.151042900068297, 'rate_power': 1.2321951017049182}. Best is trial 415 with value: 0.6083364232243857.
[I 2026-05-22 17:52:44,526] Trial 494 finished with value: 0.6067499014255393 and parameters: {'P_amp': 0.7620282562299456, 'P_wet': 2146.3398246713173, 'P_pow': 4.7874618246568525, 'rate_power': 1.2962860817737627}. Best is trial 415 with value: 0.6083364232243857.
[I 2026-05-22 17:52:44,817] Trial 495 finished with value: 0.6061837599546974 and parameters: {'P_amp': 0.8984666026880886, 'P_wet': 1800.2150735443834, 'P_pow': 5.642929908930884, 'rate_power': 1.1790206931716865}. Best is trial 415 with value: 0.6083364232243857.
[I 2026-05-22 17:52:45,108] Trial 496 finished with value: 0.6070648967329884 and parameters: {'P_amp': 0.8238553938513515, 'P_wet': 1965.7739814412644, 'P_pow': 5.984151895492878, 'rate_power': 1.299644258469394}. Best is trial 415 with value: 0.6083364232243857.
[I 2026-05-22 17:52:45,406] Trial 497 finished with value: 0.6073697593459817 and parameters: {'P_amp': 0.8999571548614262, 'P_wet': 3856.205582433093, 'P_pow': 5.992593494974111, 'rate_power': 1.1975180430307175}. Best is trial 415 with value: 0.6083364232243857.
[I 2026-05-22 17:52:45,705] Trial 498 finished with value: 0.6073170013572874 and parameters: {'P_amp': 0.7855627116361062, 'P_wet': 3719.3381691502254, 'P_pow': 5.075755811730054, 'rate_power': 1.18658239085826}. Best is trial 415 with value: 0.6083364232243857.
[I 2026-05-22 17:52:46,002] Trial 499 finished with value: 0.6077370372674514 and parameters: {'P_amp': 0.7638815559456134, 'P_wet': 3463.4160437046858, 'P_pow': 5.220576447899047, 'rate_power': 1.2721709059950825}. Best is trial 415 with value: 0.6083364232243857.
[I 2026-05-22 17:52:46,298] Trial 500 finished with value: 0.6080626545598538 and parameters: {'P_amp': 0.8824458643176006, 'P_wet': 3007.1063964871328, 'P_pow': 5.807179409976554, 'rate_power': 1.2439037024057278}. Best is trial 415 with value: 0.6083364232243857.
[I 2026-05-22 17:52:46,595] Trial 501 finished with value: 0.6079923446059835 and parameters: {'P_amp': 0.8801858780703672, 'P_wet': 2101.4520942814797, 'P_pow': 5.9280790083524675, 'rate_power': 1.1901527819460969}. Best is trial 415 with value: 0.6083364232243857.
[I 2026-05-22 17:52:46,893] Trial 502 finished with value: 0.607529251568951 and parameters: {'P_amp': 0.8842714483511557, 'P_wet': 4686.184154130194, 'P_pow': 4.9527475543748976, 'rate_power': 1.295230847516857}. Best is trial 415 with value: 0.6083364232243857.
[I 2026-05-22 17:52:47,191] Trial 503 finished with value: 0.6081785249881337 and parameters: {'P_amp': 0.8870769609642235, 'P_wet': 2752.0054412041236, 'P_pow': 5.897996337256453, 'rate_power': 1.2250760580368454}. Best is trial 415 with value: 0.6083364232243857.
[I 2026-05-22 17:52:47,489] Trial 504 finished with value: 0.6056584832117531 and parameters: {'P_amp': 0.8923685687814371, 'P_wet': 1726.0045835451426, 'P_pow': 5.949827696314115, 'rate_power': 1.0954631744631613}. Best is trial 415 with value: 0.6083364232243857.
[I 2026-05-22 17:52:47,787] Trial 505 finished with value: 0.6073531121914281 and parameters: {'P_amp': 0.8989641038012666, 'P_wet': 2046.850178077735, 'P_pow': 5.922151602440644, 'rate_power': 1.2978663719200685}. Best is trial 415 with value: 0.6083364232243857.
[I 2026-05-22 17:52:48,085] Trial 506 finished with value: 0.6068613463472898 and parameters: {'P_amp': 0.7228160231919081, 'P_wet': 2871.1518460929346, 'P_pow': 5.841504885438481, 'rate_power': 1.1223243836263361}. Best is trial 415 with value: 0.6083364232243857.
[I 2026-05-22 17:52:48,379] Trial 507 finished with value: 0.6082716153072708 and parameters: {'P_amp': 0.8892235690162613, 'P_wet': 2502.5141048651076, 'P_pow': 5.922613061395173, 'rate_power': 1.2568216116577458}. Best is trial 415 with value: 0.6083364232243857.
[I 2026-05-22 17:52:48,669] Trial 508 finished with value: 0.6070301232235252 and parameters: {'P_amp': 0.8908909929380115, 'P_wet': 2126.79902607486, 'P_pow': 4.745600063098779, 'rate_power': 1.181474878265624}. Best is trial 415 with value: 0.6083364232243857.
[I 2026-05-22 17:52:48,970] Trial 509 finished with value: 0.6071925450081059 and parameters: {'P_amp': 0.729100476005575, 'P_wet': 1861.2375504026484, 'P_pow': 5.940868025554396, 'rate_power': 1.2172043658709009}. Best is trial 415 with value: 0.6083364232243857.
[I 2026-05-22 17:52:49,268] Trial 510 finished with value: 0.6080405932673957 and parameters: {'P_amp': 0.7586435959263407, 'P_wet': 2772.710135114134, 'P_pow': 5.9818503715479645, 'rate_power': 1.2168291140341163}. Best is trial 415 with value: 0.6083364232243857.
[I 2026-05-22 17:52:49,564] Trial 511 finished with value: 0.6049846556819497 and parameters: {'P_amp': 0.17440543989426938, 'P_wet': 1407.9161558674944, 'P_pow': 2.542559820052704, 'rate_power': 1.1323797676346996}. Best is trial 415 with value: 0.6083364232243857.
[I 2026-05-22 17:52:49,864] Trial 512 finished with value: 0.607981909367334 and parameters: {'P_amp': 0.890451071276093, 'P_wet': 2145.417256161881, 'P_pow': 5.900178419419405, 'rate_power': 1.267077003706078}. Best is trial 415 with value: 0.6083364232243857.
[I 2026-05-22 17:52:50,160] Trial 513 finished with value: 0.6081048400809503 and parameters: {'P_amp': 0.8897938298527086, 'P_wet': 2579.851364426207, 'P_pow': 5.931588508030699, 'rate_power': 1.1910370536526147}. Best is trial 415 with value: 0.6083364232243857.
[I 2026-05-22 17:52:50,458] Trial 514 finished with value: 0.607562712129437 and parameters: {'P_amp': 0.8911321126719086, 'P_wet': 2319.4954078787487, 'P_pow': 4.903484383930995, 'rate_power': 1.1745428263290387}. Best is trial 415 with value: 0.6083364232243857.
[I 2026-05-22 17:52:50,756] Trial 515 finished with value: 0.6075426102783492 and parameters: {'P_amp': 0.8347264158578697, 'P_wet': 4396.273058524842, 'P_pow': 5.978131360791791, 'rate_power': 1.2820744314654282}. Best is trial 415 with value: 0.6083364232243857.
[I 2026-05-22 17:52:51,048] Trial 516 finished with value: 0.6080035132045155 and parameters: {'P_amp': 0.8859371575384168, 'P_wet': 3079.3366317171167, 'P_pow': 5.896282632021257, 'rate_power': 1.256092457513261}. Best is trial 415 with value: 0.6083364232243857.
[I 2026-05-22 17:52:51,342] Trial 517 finished with value: 0.6078800352150078 and parameters: {'P_amp': 0.8949413786127641, 'P_wet': 3340.094975838915, 'P_pow': 5.958589075496121, 'rate_power': 1.269603061417788}. Best is trial 415 with value: 0.6083364232243857.
[I 2026-05-22 17:52:51,632] Trial 518 finished with value: 0.6067095949500734 and parameters: {'P_amp': 0.8916501282157858, 'P_wet': 1973.290549733953, 'P_pow': 5.265336758201427, 'rate_power': 1.2489410365931304}. Best is trial 415 with value: 0.6083364232243857.
[I 2026-05-22 17:52:51,926] Trial 519 finished with value: 0.6076024489086932 and parameters: {'P_amp': 0.8931427062295486, 'P_wet': 3069.7712885397796, 'P_pow': 5.92388311599066, 'rate_power': 1.175531267398744}. Best is trial 415 with value: 0.6083364232243857.
[I 2026-05-22 17:52:52,217] Trial 520 finished with value: 0.607523278083336 and parameters: {'P_amp': 0.8997158995510738, 'P_wet': 2287.410177354039, 'P_pow': 5.260329454413785, 'rate_power': 1.2974847027237344}. Best is trial 415 with value: 0.6083364232243857.
[I 2026-05-22 17:52:52,508] Trial 521 finished with value: 0.6080651972632866 and parameters: {'P_amp': 0.8802115800257952, 'P_wet': 2374.7345866160194, 'P_pow': 5.974024069749518, 'rate_power': 1.297233682497312}. Best is trial 415 with value: 0.6083364232243857.
[I 2026-05-22 17:52:52,801] Trial 522 finished with value: 0.6050966142199548 and parameters: {'P_amp': 0.8927395007068984, 'P_wet': 1732.9599610815765, 'P_pow': 5.917074085959924, 'rate_power': 1.263867294318987}. Best is trial 415 with value: 0.6083364232243857.
[I 2026-05-22 17:52:53,095] Trial 523 finished with value: 0.607141749135493 and parameters: {'P_amp': 0.773811829798901, 'P_wet': 2002.8230894450153, 'P_pow': 5.227625861792117, 'rate_power': 1.179882761343198}. Best is trial 415 with value: 0.6083364232243857.
[I 2026-05-22 17:52:53,386] Trial 524 finished with value: 0.607545371746284 and parameters: {'P_amp': 0.8944778512491401, 'P_wet': 2935.490465138392, 'P_pow': 5.051069349686799, 'rate_power': 1.1687265587104465}. Best is trial 415 with value: 0.6083364232243857.
[I 2026-05-22 17:52:53,677] Trial 525 finished with value: 0.6077187201511681 and parameters: {'P_amp': 0.8828353052874582, 'P_wet': 2363.469648152652, 'P_pow': 5.926837899348337, 'rate_power': 1.135824868115314}. Best is trial 415 with value: 0.6083364232243857.
[I 2026-05-22 17:52:53,968] Trial 526 finished with value: 0.6054768188519851 and parameters: {'P_amp': 0.6754681912930144, 'P_wet': 2689.3095291386967, 'P_pow': 3.847067194367029, 'rate_power': 1.0660217835064267}. Best is trial 415 with value: 0.6083364232243857.
[I 2026-05-22 17:52:54,267] Trial 527 finished with value: 0.5990259196910829 and parameters: {'P_amp': 0.3467693507688084, 'P_wet': 3954.412125665147, 'P_pow': 0.4076118707350531, 'rate_power': 0.8861078791946825}. Best is trial 415 with value: 0.6083364232243857.
[I 2026-05-22 17:52:54,564] Trial 528 finished with value: 0.592875321995399 and parameters: {'P_amp': 0.43008201524271633, 'P_wet': 747.5628003870065, 'P_pow': 0.5185161143465775, 'rate_power': 1.2874382090965748}. Best is trial 415 with value: 0.6083364232243857.
[I 2026-05-22 17:52:54,862] Trial 529 finished with value: 0.6076365898847033 and parameters: {'P_amp': 0.7218422819249191, 'P_wet': 2284.2698442695432, 'P_pow': 5.113224070168617, 'rate_power': 1.265617404818209}. Best is trial 415 with value: 0.6083364232243857.
[I 2026-05-22 17:52:55,160] Trial 530 finished with value: 0.6078715595134573 and parameters: {'P_amp': 0.8746791259255549, 'P_wet': 3151.8644293735283, 'P_pow': 5.997746566765355, 'rate_power': 1.2949651175061776}. Best is trial 415 with value: 0.6083364232243857.
[I 2026-05-22 17:52:55,456] Trial 531 finished with value: 0.6020368407219863 and parameters: {'P_amp': 0.7075993567367466, 'P_wet': 1438.1144884491557, 'P_pow': 5.974788875289936, 'rate_power': 1.1482738796706398}. Best is trial 415 with value: 0.6083364232243857.
[I 2026-05-22 17:52:55,753] Trial 532 finished with value: 0.6030556486747868 and parameters: {'P_amp': 0.7724970009186763, 'P_wet': 1645.1920513416626, 'P_pow': 5.332197073025908, 'rate_power': 1.2962863927090869}. Best is trial 415 with value: 0.6083364232243857.
[I 2026-05-22 17:52:56,050] Trial 533 finished with value: 0.5907114973637232 and parameters: {'P_amp': 0.7218963410103924, 'P_wet': 1108.3213641482205, 'P_pow': 4.12768826059758, 'rate_power': 1.0841716673660657}. Best is trial 415 with value: 0.6083364232243857.
[I 2026-05-22 17:52:56,347] Trial 534 finished with value: 0.6075092813058653 and parameters: {'P_amp': 0.7690665443849198, 'P_wet': 2208.9899440590643, 'P_pow': 4.889936602188876, 'rate_power': 1.2108030495872342}. Best is trial 415 with value: 0.6083364232243857.
[I 2026-05-22 17:52:56,645] Trial 535 finished with value: 0.5852770896348735 and parameters: {'P_amp': 0.7709915044922765, 'P_wet': 3795.8815821272733, 'P_pow': 5.88633753456206, 'rate_power': 0.7596754767327777}. Best is trial 415 with value: 0.6083364232243857.
[I 2026-05-22 17:52:56,939] Trial 536 finished with value: 0.6073224991406747 and parameters: {'P_amp': 0.7403685766673165, 'P_wet': 3840.797893256808, 'P_pow': 5.7873711128385406, 'rate_power': 1.1966942439207982}. Best is trial 415 with value: 0.6083364232243857.
[I 2026-05-22 17:52:57,235] Trial 537 finished with value: 0.6051500509640014 and parameters: {'P_amp': 0.879846301286079, 'P_wet': 1759.1563954323817, 'P_pow': 5.22551913322577, 'rate_power': 1.210418575335339}. Best is trial 415 with value: 0.6083364232243857.
[I 2026-05-22 17:52:57,534] Trial 538 finished with value: 0.6078755087239142 and parameters: {'P_amp': 0.8852006945547546, 'P_wet': 2786.7617556738514, 'P_pow': 4.971159976484776, 'rate_power': 1.2057302323095622}. Best is trial 415 with value: 0.6083364232243857.
[I 2026-05-22 17:52:57,831] Trial 539 finished with value: 0.6059363338058179 and parameters: {'P_amp': 0.8978223929612112, 'P_wet': 1807.3717466432036, 'P_pow': 5.650959566052625, 'rate_power': 1.2364787484777204}. Best is trial 415 with value: 0.6083364232243857.
[I 2026-05-22 17:52:58,132] Trial 540 finished with value: 0.6072387353745835 and parameters: {'P_amp': 0.8996314452934803, 'P_wet': 2006.5775376676509, 'P_pow': 5.993109821765473, 'rate_power': 1.297086047254644}. Best is trial 415 with value: 0.6083364232243857.
[I 2026-05-22 17:52:58,431] Trial 541 finished with value: 0.6079106764771328 and parameters: {'P_amp': 0.764701761947409, 'P_wet': 2958.3143367501048, 'P_pow': 5.306019453683808, 'rate_power': 1.2529541409855134}. Best is trial 415 with value: 0.6083364232243857.
[I 2026-05-22 17:52:58,724] Trial 542 finished with value: 0.6080105495525928 and parameters: {'P_amp': 0.7613365633720869, 'P_wet': 2937.894414169075, 'P_pow': 5.933989622832858, 'rate_power': 1.24116440816044}. Best is trial 415 with value: 0.6083364232243857.
[I 2026-05-22 17:52:59,012] Trial 543 finished with value: 0.6063175767149837 and parameters: {'P_amp': 0.7308511082272858, 'P_wet': 2066.610458339002, 'P_pow': 4.840522299966619, 'rate_power': 1.0927143290010137}. Best is trial 415 with value: 0.6083364232243857.
[I 2026-05-22 17:52:59,302] Trial 544 finished with value: 0.6079164179192765 and parameters: {'P_amp': 0.8894873055462923, 'P_wet': 3021.0986814858575, 'P_pow': 5.994515706987451, 'rate_power': 1.209680208711652}. Best is trial 415 with value: 0.6083364232243857.
[I 2026-05-22 17:52:59,592] Trial 545 finished with value: 0.6063798027922025 and parameters: {'P_amp': 0.8104888323347308, 'P_wet': 1767.8935859076464, 'P_pow': 5.992370913019373, 'rate_power': 1.2163233111202423}. Best is trial 415 with value: 0.6083364232243857.
[I 2026-05-22 17:52:59,882] Trial 546 finished with value: 0.6072512734363383 and parameters: {'P_amp': 0.8808117909770599, 'P_wet': 2313.637669720132, 'P_pow': 4.92564707202078, 'rate_power': 1.2993187491736877}. Best is trial 415 with value: 0.6083364232243857.
[I 2026-05-22 17:53:00,172] Trial 547 finished with value: 0.6074826245890361 and parameters: {'P_amp': 0.7271083346978364, 'P_wet': 3247.2907510461223, 'P_pow': 5.990248774307452, 'rate_power': 1.1887385080964357}. Best is trial 415 with value: 0.6083364232243857.
[I 2026-05-22 17:53:00,466] Trial 548 finished with value: 0.6032548694200294 and parameters: {'P_amp': 0.39964057514953405, 'P_wet': 5451.655221102341, 'P_pow': 0.21582801832189968, 'rate_power': 1.0783849646967827}. Best is trial 415 with value: 0.6083364232243857.
[I 2026-05-22 17:53:00,756] Trial 549 finished with value: 0.6057051807924092 and parameters: {'P_amp': 0.8829461307607401, 'P_wet': 1742.5164256195703, 'P_pow': 5.686125160497057, 'rate_power': 1.1728153555553815}. Best is trial 415 with value: 0.6083364232243857.
[I 2026-05-22 17:53:01,052] Trial 550 finished with value: 0.5933684178393502 and parameters: {'P_amp': 0.4279645596310698, 'P_wet': 1416.3685293585468, 'P_pow': 0.4752636718334555, 'rate_power': 0.7765040271982186}. Best is trial 415 with value: 0.6083364232243857.
[I 2026-05-22 17:53:01,342] Trial 551 finished with value: 0.6080108915814747 and parameters: {'P_amp': 0.7709907120879259, 'P_wet': 2083.993462409099, 'P_pow': 5.907341280458166, 'rate_power': 1.2049948211477406}. Best is trial 415 with value: 0.6083364232243857.
[I 2026-05-22 17:53:01,632] Trial 552 finished with value: 0.6059982948877708 and parameters: {'P_amp': 0.5819018913271279, 'P_wet': 5129.455687737834, 'P_pow': 2.5565962140015914, 'rate_power': 1.1154671286034674}. Best is trial 415 with value: 0.6083364232243857.
[I 2026-05-22 17:53:01,922] Trial 553 finished with value: 0.5890796450452523 and parameters: {'P_amp': 0.88955554611444, 'P_wet': 1243.4379400778082, 'P_pow': 5.987948510409688, 'rate_power': 1.2348715851735232}. Best is trial 415 with value: 0.6083364232243857.
[I 2026-05-22 17:53:02,211] Trial 554 finished with value: 0.608233340614985 and parameters: {'P_amp': 0.8955396227979405, 'P_wet': 2691.4501938553694, 'P_pow': 5.8995693333523755, 'rate_power': 1.2534717665995085}. Best is trial 415 with value: 0.6083364232243857.
[I 2026-05-22 17:53:02,501] Trial 555 finished with value: 0.6076643723729718 and parameters: {'P_amp': 0.8952831149214963, 'P_wet': 3910.5795499971105, 'P_pow': 5.23970113752884, 'rate_power': 1.273930214720388}. Best is trial 415 with value: 0.6083364232243857.
[I 2026-05-22 17:53:02,789] Trial 556 finished with value: 0.6068616881609814 and parameters: {'P_amp': 0.7972484517328349, 'P_wet': 4329.396585350331, 'P_pow': 5.182650163315477, 'rate_power': 1.1612983612259413}. Best is trial 415 with value: 0.6083364232243857.
[I 2026-05-22 17:53:03,082] Trial 557 finished with value: 0.6026196854875011 and parameters: {'P_amp': 0.39841161263256214, 'P_wet': 1601.4372202541554, 'P_pow': 0.3250358328273584, 'rate_power': 1.0452528120332854}. Best is trial 415 with value: 0.6083364232243857.
[I 2026-05-22 17:53:03,372] Trial 558 finished with value: 0.6073712662224404 and parameters: {'P_amp': 0.8979099163197992, 'P_wet': 2243.6800924690137, 'P_pow': 5.978263839151616, 'rate_power': 1.101429995498163}. Best is trial 415 with value: 0.6083364232243857.
[I 2026-05-22 17:53:03,662] Trial 559 finished with value: 0.5508835319561032 and parameters: {'P_amp': 0.6619451995940053, 'P_wet': 487.3736233285256, 'P_pow': 5.78361827573324, 'rate_power': 1.0919078962072863}. Best is trial 415 with value: 0.6083364232243857.
[I 2026-05-22 17:53:03,950] Trial 560 finished with value: 0.607628203702465 and parameters: {'P_amp': 0.89417815456733, 'P_wet': 2200.459640457844, 'P_pow': 5.18752405767901, 'rate_power': 1.1759782323123051}. Best is trial 415 with value: 0.6083364232243857.
[I 2026-05-22 17:53:04,241] Trial 561 finished with value: 0.6080257321680756 and parameters: {'P_amp': 0.7554696426775941, 'P_wet': 2853.176524217537, 'P_pow': 5.983453987176425, 'rate_power': 1.27005753665499}. Best is trial 415 with value: 0.6083364232243857.
[I 2026-05-22 17:53:04,530] Trial 562 finished with value: 0.6071758973813779 and parameters: {'P_amp': 0.8872022271652009, 'P_wet': 5041.487412501584, 'P_pow': 5.7356119826525545, 'rate_power': 1.1985242085897345}. Best is trial 415 with value: 0.6083364232243857.
[I 2026-05-22 17:53:04,828] Trial 563 finished with value: 0.6072592635654368 and parameters: {'P_amp': 0.7573889850527165, 'P_wet': 1936.1991137989603, 'P_pow': 5.859543819371965, 'rate_power': 1.150063950650281}. Best is trial 415 with value: 0.6083364232243857.
[I 2026-05-22 17:53:05,126] Trial 564 finished with value: 0.6067444985699307 and parameters: {'P_amp': 0.7784983311850533, 'P_wet': 3403.5258486433104, 'P_pow': 5.372629851291118, 'rate_power': 1.1321754577737635}. Best is trial 415 with value: 0.6083364232243857.
[I 2026-05-22 17:53:05,423] Trial 565 finished with value: 0.6077537305115014 and parameters: {'P_amp': 0.7577400999458049, 'P_wet': 2933.791539431049, 'P_pow': 5.023440444125638, 'rate_power': 1.2902048987956822}. Best is trial 415 with value: 0.6083364232243857.
[I 2026-05-22 17:53:05,722] Trial 566 finished with value: 0.6063094451448291 and parameters: {'P_amp': 0.8847289741661154, 'P_wet': 2672.368830763893, 'P_pow': 5.044027704764725, 'rate_power': 1.0768821833219495}. Best is trial 415 with value: 0.6083364232243857.
[I 2026-05-22 17:53:06,020] Trial 567 finished with value: 0.607660900393573 and parameters: {'P_amp': 0.8965229444290687, 'P_wet': 2304.3682163462104, 'P_pow': 5.070182244237184, 'rate_power': 1.1721597277150921}. Best is trial 415 with value: 0.6083364232243857.
[I 2026-05-22 17:53:06,318] Trial 568 finished with value: 0.6074965385693029 and parameters: {'P_amp': 0.7326987954699473, 'P_wet': 2950.5439244079707, 'P_pow': 5.905826912186051, 'rate_power': 1.1707015436779065}. Best is trial 415 with value: 0.6083364232243857.
[I 2026-05-22 17:53:06,616] Trial 569 finished with value: 0.60821400416631 and parameters: {'P_amp': 0.7691848865185493, 'P_wet': 2221.562490069594, 'P_pow': 5.985295519302365, 'rate_power': 1.2163483262830632}. Best is trial 415 with value: 0.6083364232243857.
[I 2026-05-22 17:53:06,915] Trial 570 finished with value: 0.5938637118697911 and parameters: {'P_amp': 0.40268904346184636, 'P_wet': 665.386861752343, 'P_pow': 2.366629959293433, 'rate_power': 0.8188169203078972}. Best is trial 415 with value: 0.6083364232243857.
[I 2026-05-22 17:53:07,214] Trial 571 finished with value: 0.5953916523408506 and parameters: {'P_amp': 0.7007111643844464, 'P_wet': 326.5911287413562, 'P_pow': 0.2644666010343495, 'rate_power': 0.9134614585702836}. Best is trial 415 with value: 0.6083364232243857.
[I 2026-05-22 17:53:07,513] Trial 572 finished with value: 0.5998562070380635 and parameters: {'P_amp': 0.671341359655616, 'P_wet': 1385.2195836411242, 'P_pow': 5.2789184251728924, 'rate_power': 1.2077969362947458}. Best is trial 415 with value: 0.6083364232243857.
[I 2026-05-22 17:53:07,810] Trial 573 finished with value: 0.6056439785386831 and parameters: {'P_amp': 0.7653727052621146, 'P_wet': 1773.6983327346043, 'P_pow': 5.074536959957777, 'rate_power': 1.1899188585677463}. Best is trial 415 with value: 0.6083364232243857.
[I 2026-05-22 17:53:08,108] Trial 574 finished with value: 0.6082049337819609 and parameters: {'P_amp': 0.8973658933099775, 'P_wet': 2376.1324538768736, 'P_pow': 5.913117562563996, 'rate_power': 1.195598091063476}. Best is trial 415 with value: 0.6083364232243857.
[I 2026-05-22 17:53:08,403] Trial 575 finished with value: 0.6077465772246664 and parameters: {'P_amp': 0.7809003216235535, 'P_wet': 3265.2441604985934, 'P_pow': 5.202491236138848, 'rate_power': 1.2167688762222149}. Best is trial 415 with value: 0.6083364232243857.
[I 2026-05-22 17:53:08,701] Trial 576 finished with value: 0.550040202217383 and parameters: {'P_amp': 0.759428066163485, 'P_wet': 316.5216935871227, 'P_pow': 1.1697132005309456, 'rate_power': 1.1350977159811573}. Best is trial 415 with value: 0.6083364232243857.
[I 2026-05-22 17:53:08,998] Trial 577 finished with value: 0.6077187585786885 and parameters: {'P_amp': 0.7959446861335685, 'P_wet': 2855.4944665568187, 'P_pow': 5.9838419466053345, 'rate_power': 1.181365079875899}. Best is trial 415 with value: 0.6083364232243857.
[I 2026-05-22 17:53:09,295] Trial 578 finished with value: 0.6031334669644414 and parameters: {'P_amp': 0.13169877693183324, 'P_wet': 679.1037662763769, 'P_pow': 4.882881607424665, 'rate_power': 1.106434301314335}. Best is trial 415 with value: 0.6083364232243857.
[I 2026-05-22 17:53:09,592] Trial 579 finished with value: 0.608005558240335 and parameters: {'P_amp': 0.8984827900583563, 'P_wet': 2788.19569902043, 'P_pow': 5.116794964264334, 'rate_power': 1.224636260630028}. Best is trial 415 with value: 0.6083364232243857.
[I 2026-05-22 17:53:09,888] Trial 580 finished with value: 0.6080370868196754 and parameters: {'P_amp': 0.7930597554339002, 'P_wet': 2828.0825800875955, 'P_pow': 5.925405558161086, 'rate_power': 1.2211113989255062}. Best is trial 415 with value: 0.6083364232243857.
[I 2026-05-22 17:53:10,186] Trial 581 finished with value: 0.6082714010867116 and parameters: {'P_amp': 0.7908172693680198, 'P_wet': 2349.4365887182726, 'P_pow': 5.989526700377557, 'rate_power': 1.2275176451155225}. Best is trial 415 with value: 0.6083364232243857.
[I 2026-05-22 17:53:10,482] Trial 582 finished with value: 0.6047275450812003 and parameters: {'P_amp': 0.6248497378584114, 'P_wet': 1576.977545529579, 'P_pow': 5.9694706198691, 'rate_power': 1.219042454431413}. Best is trial 415 with value: 0.6083364232243857.
[I 2026-05-22 17:53:10,782] Trial 583 finished with value: 0.6073468732173986 and parameters: {'P_amp': 0.881727304477209, 'P_wet': 3379.0755268699268, 'P_pow': 5.969936373645915, 'rate_power': 1.1720170914803336}. Best is trial 415 with value: 0.6083364232243857.
[I 2026-05-22 17:53:11,086] Trial 584 finished with value: 0.6081873084378829 and parameters: {'P_amp': 0.820956104641626, 'P_wet': 2635.024005146778, 'P_pow': 5.998103196170982, 'rate_power': 1.216068657816664}. Best is trial 415 with value: 0.6083364232243857.
[I 2026-05-22 17:53:11,385] Trial 585 finished with value: 0.6068771317781466 and parameters: {'P_amp': 0.6636379451166076, 'P_wet': 1876.8444921379125, 'P_pow': 5.9453042478419365, 'rate_power': 1.2901429589684326}. Best is trial 415 with value: 0.6083364232243857.
[I 2026-05-22 17:53:11,684] Trial 586 finished with value: 0.5917282081209603 and parameters: {'P_amp': 0.8381470432044059, 'P_wet': 1291.7448025292467, 'P_pow': 5.995431191725853, 'rate_power': 1.2858774448693315}. Best is trial 415 with value: 0.6083364232243857.
[I 2026-05-22 17:53:11,981] Trial 587 finished with value: 0.6074983959586326 and parameters: {'P_amp': 0.8788232347165161, 'P_wet': 3847.487676556263, 'P_pow': 5.944713123696509, 'rate_power': 1.2123584949182322}. Best is trial 415 with value: 0.6083364232243857.
[I 2026-05-22 17:53:12,278] Trial 588 finished with value: 0.5872222564787414 and parameters: {'P_amp': 0.6303189702812773, 'P_wet': 1063.5320430020518, 'P_pow': 5.803266432529613, 'rate_power': 0.7702236984831095}. Best is trial 415 with value: 0.6083364232243857.
[I 2026-05-22 17:53:12,573] Trial 589 finished with value: 0.6074335960434795 and parameters: {'P_amp': 0.5955862619718306, 'P_wet': 2713.2338722588343, 'P_pow': 4.88626647810866, 'rate_power': 1.1795184168480253}. Best is trial 415 with value: 0.6083364232243857.
[I 2026-05-22 17:53:12,867] Trial 590 finished with value: 0.6045392927373014 and parameters: {'P_amp': 0.7718599780566359, 'P_wet': 1626.5865804055443, 'P_pow': 5.959007217221319, 'rate_power': 1.2322002919129444}. Best is trial 415 with value: 0.6083364232243857.
[I 2026-05-22 17:53:13,157] Trial 591 finished with value: 0.5161902875011911 and parameters: {'P_amp': 0.8594183119319438, 'P_wet': 375.89848808358414, 'P_pow': 4.3789383623457665, 'rate_power': 1.010749429088611}. Best is trial 415 with value: 0.6083364232243857.
[I 2026-05-22 17:53:13,449] Trial 592 finished with value: 0.6079945021317158 and parameters: {'P_amp': 0.8808074128253877, 'P_wet': 2876.989425823462, 'P_pow': 5.956158251171835, 'rate_power': 1.2069685461799007}. Best is trial 415 with value: 0.6083364232243857.
[I 2026-05-22 17:53:13,746] Trial 593 finished with value: 0.6056351248236644 and parameters: {'P_amp': 0.7990453937527466, 'P_wet': 1691.3017701636816, 'P_pow': 5.909410533683571, 'rate_power': 1.180350601799672}. Best is trial 415 with value: 0.6083364232243857.
[I 2026-05-22 17:53:14,044] Trial 594 finished with value: 0.6067701479162543 and parameters: {'P_amp': 0.7400103733989678, 'P_wet': 1934.454422466068, 'P_pow': 5.098393770906292, 'rate_power': 1.2158650727313436}. Best is trial 415 with value: 0.6083364232243857.
[I 2026-05-22 17:53:14,339] Trial 595 finished with value: 0.6080130558254472 and parameters: {'P_amp': 0.754101019297225, 'P_wet': 2524.929477997286, 'P_pow': 5.928808642103557, 'rate_power': 1.295203904385711}. Best is trial 415 with value: 0.6083364232243857.
[I 2026-05-22 17:53:14,635] Trial 596 finished with value: 0.6080280761448628 and parameters: {'P_amp': 0.6927163308431978, 'P_wet': 2737.85333704298, 'P_pow': 5.979648058146084, 'rate_power': 1.256845447210753}. Best is trial 415 with value: 0.6083364232243857.
[I 2026-05-22 17:53:14,930] Trial 597 finished with value: 0.6081535579864666 and parameters: {'P_amp': 0.8924895149920012, 'P_wet': 2889.80789179513, 'P_pow': 5.91147882469729, 'rate_power': 1.2416741838612824}. Best is trial 415 with value: 0.6083364232243857.
[I 2026-05-22 17:53:15,227] Trial 598 finished with value: 0.6040716084206497 and parameters: {'P_amp': 0.8969643088087944, 'P_wet': 1692.8367660532706, 'P_pow': 5.035421883236673, 'rate_power': 1.1872125185842959}. Best is trial 415 with value: 0.6083364232243857.
[I 2026-05-22 17:53:15,523] Trial 599 finished with value: 0.6069096680085607 and parameters: {'P_amp': 0.7455880947270199, 'P_wet': 2740.145668568949, 'P_pow': 5.1612060161404685, 'rate_power': 1.1219485202440684}. Best is trial 415 with value: 0.6083364232243857.
[I 2026-05-22 17:53:15,821] Trial 600 finished with value: 0.6018746398012942 and parameters: {'P_amp': 0.7041916999138145, 'P_wet': 4127.898409670809, 'P_pow': 0.7835722992247032, 'rate_power': 1.0172674644055029}. Best is trial 415 with value: 0.6083364232243857.
[I 2026-05-22 17:53:16,118] Trial 601 finished with value: 0.6081904023274721 and parameters: {'P_amp': 0.749339023704761, 'P_wet': 2267.1098107322678, 'P_pow': 5.952806101309259, 'rate_power': 1.2097993214369651}. Best is trial 415 with value: 0.6083364232243857.
[I 2026-05-22 17:53:16,414] Trial 602 finished with value: 0.6077046184535102 and parameters: {'P_amp': 0.7825287515207775, 'P_wet': 3380.1573984854867, 'P_pow': 4.820946592456513, 'rate_power': 1.2792478925721176}. Best is trial 415 with value: 0.6083364232243857.
[I 2026-05-22 17:53:16,711] Trial 603 finished with value: 0.6078018032220677 and parameters: {'P_amp': 0.7782447973672737, 'P_wet': 2023.061844765774, 'P_pow': 5.9230393353787685, 'rate_power': 1.2254394155713872}. Best is trial 415 with value: 0.6083364232243857.
[I 2026-05-22 17:53:17,008] Trial 604 finished with value: 0.6075728487727311 and parameters: {'P_amp': 0.8788666527979746, 'P_wet': 3934.400784523286, 'P_pow': 5.012781923915223, 'rate_power': 1.2185239527702862}. Best is trial 415 with value: 0.6083364232243857.
[I 2026-05-22 17:53:17,309] Trial 605 finished with value: 0.6065065537627095 and parameters: {'P_amp': 0.7649226072639854, 'P_wet': 4302.431977802004, 'P_pow': 5.889091335167918, 'rate_power': 1.1362139865276994}. Best is trial 415 with value: 0.6083364232243857.
[I 2026-05-22 17:53:17,605] Trial 606 finished with value: 0.6073213809479356 and parameters: {'P_amp': 0.6166816547223042, 'P_wet': 2130.0555871934357, 'P_pow': 5.914330531946652, 'rate_power': 1.1339875520265088}. Best is trial 415 with value: 0.6083364232243857.
[I 2026-05-22 17:53:17,903] Trial 607 finished with value: 0.6072517872200109 and parameters: {'P_amp': 0.7587738908418565, 'P_wet': 2489.8681817084876, 'P_pow': 5.9621464341275265, 'rate_power': 1.1235826653983956}. Best is trial 415 with value: 0.6083364232243857.
[I 2026-05-22 17:53:18,199] Trial 608 finished with value: 0.607585310094225 and parameters: {'P_amp': 0.7905704138600882, 'P_wet': 1975.827468520268, 'P_pow': 5.874238371051916, 'rate_power': 1.1879923783759854}. Best is trial 415 with value: 0.6083364232243857.
[I 2026-05-22 17:53:18,497] Trial 609 finished with value: 0.5889113776433289 and parameters: {'P_amp': 0.12850017299950167, 'P_wet': 773.7243462107778, 'P_pow': 4.57470230637259, 'rate_power': 0.7813684385600219}. Best is trial 415 with value: 0.6083364232243857.
[I 2026-05-22 17:53:18,787] Trial 610 finished with value: 0.604796481880807 and parameters: {'P_amp': 0.8985123996500367, 'P_wet': 1795.5616570626685, 'P_pow': 4.886367362366979, 'rate_power': 1.224684768220509}. Best is trial 415 with value: 0.6083364232243857.
[I 2026-05-22 17:53:19,079] Trial 611 finished with value: 0.6075782279676651 and parameters: {'P_amp': 0.7960218138988275, 'P_wet': 3077.488085928832, 'P_pow': 5.06433257539284, 'rate_power': 1.1881833494766336}. Best is trial 415 with value: 0.6083364232243857.
[I 2026-05-22 17:53:19,369] Trial 612 finished with value: 0.6080600785257905 and parameters: {'P_amp': 0.8662627002268798, 'P_wet': 2934.6118781531914, 'P_pow': 5.9798993279568275, 'rate_power': 1.2648642835197579}. Best is trial 415 with value: 0.6083364232243857.
[I 2026-05-22 17:53:19,660] Trial 613 finished with value: 0.6077050076352389 and parameters: {'P_amp': 0.7703753405384806, 'P_wet': 2308.870174009316, 'P_pow': 5.017568324059575, 'rate_power': 1.2284168752398719}. Best is trial 415 with value: 0.6083364232243857.
[I 2026-05-22 17:53:19,951] Trial 614 finished with value: 0.595827699119944 and parameters: {'P_amp': 0.8986125688013313, 'P_wet': 1377.500872746735, 'P_pow': 5.938997429189671, 'rate_power': 1.2415376509552563}. Best is trial 415 with value: 0.6083364232243857.
[I 2026-05-22 17:53:20,242] Trial 615 finished with value: 0.6070567161166117 and parameters: {'P_amp': 0.8968677935590388, 'P_wet': 1899.0381961956439, 'P_pow': 5.831494349218758, 'rate_power': 1.1461581689811111}. Best is trial 415 with value: 0.6083364232243857.
[I 2026-05-22 17:53:20,540] Trial 616 finished with value: 0.6072421887524406 and parameters: {'P_amp': 0.7951001399458423, 'P_wet': 1877.4416557698928, 'P_pow': 5.975796583022772, 'rate_power': 1.2221332915055005}. Best is trial 415 with value: 0.6083364232243857.
[I 2026-05-22 17:53:20,837] Trial 617 finished with value: 0.6080763417671737 and parameters: {'P_amp': 0.8913090883403847, 'P_wet': 2538.3951200788306, 'P_pow': 5.274427500937385, 'rate_power': 1.2256327733917511}. Best is trial 415 with value: 0.6083364232243857.
[I 2026-05-22 17:53:21,127] Trial 618 finished with value: 0.5993388936483521 and parameters: {'P_amp': 0.21165413846884795, 'P_wet': 331.31676441561603, 'P_pow': 2.2156800156121843, 'rate_power': 1.1892081456051657}. Best is trial 415 with value: 0.6083364232243857.
[I 2026-05-22 17:53:21,417] Trial 619 finished with value: 0.6082640404104905 and parameters: {'P_amp': 0.895805186197835, 'P_wet': 2337.0455827201627, 'P_pow': 5.873553440343589, 'rate_power': 1.2412426434129997}. Best is trial 415 with value: 0.6083364232243857.
[I 2026-05-22 17:53:21,707] Trial 620 finished with value: 0.607551442889159 and parameters: {'P_amp': 0.8776965240417972, 'P_wet': 1959.02120588221, 'P_pow': 5.8995659652861265, 'rate_power': 1.1934636945626358}. Best is trial 415 with value: 0.6083364232243857.
[I 2026-05-22 17:53:21,997] Trial 621 finished with value: 0.6075078646915698 and parameters: {'P_amp': 0.889956242767338, 'P_wet': 3177.0721463686773, 'P_pow': 5.789917626871403, 'rate_power': 1.1746605853364784}. Best is trial 415 with value: 0.6083364232243857.
[I 2026-05-22 17:53:22,286] Trial 622 finished with value: 0.59760962733605 and parameters: {'P_amp': 0.8167270675326634, 'P_wet': 5570.225221584425, 'P_pow': 2.5205658972516, 'rate_power': 0.9008898887942955}. Best is trial 415 with value: 0.6083364232243857.
[I 2026-05-22 17:53:22,576] Trial 623 finished with value: 0.6047844097954962 and parameters: {'P_amp': 0.8941125918488919, 'P_wet': 3337.7620305006008, 'P_pow': 5.556274669234847, 'rate_power': 1.0411055963321094}. Best is trial 415 with value: 0.6083364232243857.
[I 2026-05-22 17:53:22,865] Trial 624 finished with value: 0.6072324532518778 and parameters: {'P_amp': 0.8669829994424725, 'P_wet': 2560.2825257694803, 'P_pow': 5.966489122228415, 'rate_power': 1.1155968162503194}. Best is trial 415 with value: 0.6083364232243857.
[I 2026-05-22 17:53:23,162] Trial 625 finished with value: 0.6076859222325859 and parameters: {'P_amp': 0.8345955325165068, 'P_wet': 2559.516768507071, 'P_pow': 5.037112741803679, 'rate_power': 1.2970889711984561}. Best is trial 415 with value: 0.6083364232243857.
[I 2026-05-22 17:53:23,460] Trial 626 finished with value: 0.6081106986455593 and parameters: {'P_amp': 0.8951138601315073, 'P_wet': 2223.3174245860746, 'P_pow': 5.973696440955125, 'rate_power': 1.2752007910515353}. Best is trial 415 with value: 0.6083364232243857.
[I 2026-05-22 17:53:23,757] Trial 627 finished with value: 0.6080100232173132 and parameters: {'P_amp': 0.8844230852637478, 'P_wet': 2196.1027493608167, 'P_pow': 5.974917810247888, 'rate_power': 1.1626795890743922}. Best is trial 415 with value: 0.6083364232243857.
[I 2026-05-22 17:53:24,056] Trial 628 finished with value: 0.6075922996975905 and parameters: {'P_amp': 0.8981940961621653, 'P_wet': 4639.489275345343, 'P_pow': 5.265310578559596, 'rate_power': 1.2732437398020342}. Best is trial 415 with value: 0.6083364232243857.
[I 2026-05-22 17:53:24,354] Trial 629 finished with value: 0.6062089496227518 and parameters: {'P_amp': 0.8643684520669133, 'P_wet': 4035.9174431985266, 'P_pow': 3.405312883269972, 'rate_power': 1.1137006498833102}. Best is trial 415 with value: 0.6083364232243857.
[I 2026-05-22 17:53:24,651] Trial 630 finished with value: 0.608267918345804 and parameters: {'P_amp': 0.8945944255267391, 'P_wet': 2167.7752451845654, 'P_pow': 5.99608482359824, 'rate_power': 1.2142706637724199}. Best is trial 415 with value: 0.6083364232243857.
[I 2026-05-22 17:53:24,949] Trial 631 finished with value: 0.5694235761930113 and parameters: {'P_amp': 0.7353193637952798, 'P_wet': 899.0167860158888, 'P_pow': 4.4822547650702, 'rate_power': 1.259976642451281}. Best is trial 415 with value: 0.6083364232243857.
[I 2026-05-22 17:53:25,246] Trial 632 finished with value: 0.5965156793091624 and parameters: {'P_amp': 0.7743057905564644, 'P_wet': 1289.801987382542, 'P_pow': 5.533217619674694, 'rate_power': 1.1195159976367324}. Best is trial 415 with value: 0.6083364232243857.
[I 2026-05-22 17:53:25,542] Trial 633 finished with value: 0.6080869113411246 and parameters: {'P_amp': 0.8705356759241789, 'P_wet': 2432.6164493584024, 'P_pow': 5.99598228515362, 'rate_power': 1.1790318536078168}. Best is trial 415 with value: 0.6083364232243857.
[I 2026-05-22 17:53:25,839] Trial 634 finished with value: 0.60619213606811 and parameters: {'P_amp': 0.7985531617405619, 'P_wet': 1894.9745468228396, 'P_pow': 5.018925112465537, 'rate_power': 1.1272053057976856}. Best is trial 415 with value: 0.6083364232243857.
[I 2026-05-22 17:53:26,137] Trial 635 finished with value: 0.6038785602107428 and parameters: {'P_amp': 0.8022418989144808, 'P_wet': 1734.1619439065898, 'P_pow': 5.088195437946806, 'rate_power': 1.2949038138311344}. Best is trial 415 with value: 0.6083364232243857.
[I 2026-05-22 17:53:26,434] Trial 636 finished with value: 0.6080658699454804 and parameters: {'P_amp': 0.7421132503509952, 'P_wet': 2252.394073750311, 'P_pow': 5.968422313866999, 'rate_power': 1.1995204977882379}. Best is trial 415 with value: 0.6083364232243857.
[I 2026-05-22 17:53:26,729] Trial 637 finished with value: 0.6077566079467588 and parameters: {'P_amp': 0.8940839424899276, 'P_wet': 2696.029907637389, 'P_pow': 5.220577392239562, 'rate_power': 1.173072428030954}. Best is trial 415 with value: 0.6083364232243857.
[I 2026-05-22 17:53:27,021] Trial 638 finished with value: 0.6080517400624026 and parameters: {'P_amp': 0.882379555572566, 'P_wet': 2136.4455437103134, 'P_pow': 5.992588724411885, 'rate_power': 1.2451418379609953}. Best is trial 415 with value: 0.6083364232243857.
[I 2026-05-22 17:53:27,314] Trial 639 finished with value: 0.5997609869852224 and parameters: {'P_amp': 0.8991495737194733, 'P_wet': 1555.5892319125157, 'P_pow': 4.926216708923129, 'rate_power': 1.2655155558911992}. Best is trial 415 with value: 0.6083364232243857.
[I 2026-05-22 17:53:27,608] Trial 640 finished with value: 0.6068258465740217 and parameters: {'P_amp': 0.1843038499525227, 'P_wet': 4772.335016600828, 'P_pow': 3.1399169187535825, 'rate_power': 1.1678366009237688}. Best is trial 415 with value: 0.6083364232243857.
[I 2026-05-22 17:53:27,910] Trial 641 finished with value: 0.6082286015132936 and parameters: {'P_amp': 0.8585887253255956, 'P_wet': 2501.5311478845665, 'P_pow': 5.993780079162502, 'rate_power': 1.2052587522184184}. Best is trial 415 with value: 0.6083364232243857.
[I 2026-05-22 17:53:28,215] Trial 642 finished with value: 0.6077294069561233 and parameters: {'P_amp': 0.531118343217273, 'P_wet': 2582.696090758531, 'P_pow': 4.992096036132899, 'rate_power': 1.2523746494002883}. Best is trial 415 with value: 0.6083364232243857.
[I 2026-05-22 17:53:28,516] Trial 643 finished with value: 0.5852285062769998 and parameters: {'P_amp': 0.792730145624135, 'P_wet': 1129.0390019795973, 'P_pow': 4.986150028951719, 'rate_power': 1.2179097174933193}. Best is trial 415 with value: 0.6083364232243857.
[I 2026-05-22 17:53:28,807] Trial 644 finished with value: 0.6030523644733494 and parameters: {'P_amp': 0.08800406893443047, 'P_wet': 999.7244441493142, 'P_pow': 2.2039531306905067, 'rate_power': 1.0121638380817453}. Best is trial 415 with value: 0.6083364232243857.
[I 2026-05-22 17:53:29,097] Trial 645 finished with value: 0.5998841659995767 and parameters: {'P_amp': 0.8665387042800287, 'P_wet': 1420.1920350197438, 'P_pow': 5.996257112197433, 'rate_power': 1.1446073837516215}. Best is trial 415 with value: 0.6083364232243857.
[I 2026-05-22 17:53:29,387] Trial 646 finished with value: 0.6070732490710493 and parameters: {'P_amp': 0.8984204523617841, 'P_wet': 1866.6605673544314, 'P_pow': 5.964357393231125, 'rate_power': 1.183008002262152}. Best is trial 415 with value: 0.6083364232243857.
[I 2026-05-22 17:53:29,678] Trial 647 finished with value: 0.607308273074442 and parameters: {'P_amp': 0.6861381267619149, 'P_wet': 5087.837556025784, 'P_pow': 5.88233241199837, 'rate_power': 1.2077772511722507}. Best is trial 415 with value: 0.6083364232243857.
[I 2026-05-22 17:53:29,968] Trial 648 finished with value: 0.6074953386598625 and parameters: {'P_amp': 0.8657151259114093, 'P_wet': 4622.677271656699, 'P_pow': 5.9531855571403485, 'rate_power': 1.2967720095751178}. Best is trial 415 with value: 0.6083364232243857.
[I 2026-05-22 17:53:30,265] Trial 649 finished with value: 0.6042937206155515 and parameters: {'P_amp': 0.7496084227711399, 'P_wet': 1576.3481713299716, 'P_pow': 5.959129967277906, 'rate_power': 1.1850897800864588}. Best is trial 415 with value: 0.6083364232243857.
[I 2026-05-22 17:53:30,568] Trial 650 finished with value: 0.6072949241775585 and parameters: {'P_amp': 0.7344812714517452, 'P_wet': 3508.761366038227, 'P_pow': 5.171785530417647, 'rate_power': 1.1801141372807864}. Best is trial 415 with value: 0.6083364232243857.
[I 2026-05-22 17:53:30,868] Trial 651 finished with value: 0.6064275150835249 and parameters: {'P_amp': 0.7808372984440475, 'P_wet': 1910.2118494829965, 'P_pow': 5.203780323480257, 'rate_power': 1.2493904670276421}. Best is trial 415 with value: 0.6083364232243857.
[I 2026-05-22 17:53:31,164] Trial 652 finished with value: 0.607798097918453 and parameters: {'P_amp': 0.7089714642793402, 'P_wet': 2561.5836636161052, 'P_pow': 5.794884734049458, 'rate_power': 1.1802293979170908}. Best is trial 415 with value: 0.6083364232243857.
[I 2026-05-22 17:53:31,461] Trial 653 finished with value: 0.6079371073703236 and parameters: {'P_amp': 0.8992608189861303, 'P_wet': 3050.6317430996974, 'P_pow': 4.963879943272659, 'rate_power': 1.2446225197809158}. Best is trial 415 with value: 0.6083364232243857.
[I 2026-05-22 17:53:31,761] Trial 654 finished with value: 0.6072906690847316 and parameters: {'P_amp': 0.7301370137321649, 'P_wet': 1951.5229513560496, 'P_pow': 5.958225158797491, 'rate_power': 1.13836996964132}. Best is trial 415 with value: 0.6083364232243857.
[I 2026-05-22 17:53:32,059] Trial 655 finished with value: 0.6083457591837299 and parameters: {'P_amp': 0.8923486405041368, 'P_wet': 2370.832605378359, 'P_pow': 5.960964321611457, 'rate_power': 1.2145960781760081}. Best is trial 655 with value: 0.6083457591837299.
[I 2026-05-22 17:53:32,357] Trial 656 finished with value: 0.6060440013450118 and parameters: {'P_amp': 0.8890688805276828, 'P_wet': 2797.2293581975564, 'P_pow': 3.2323826579941626, 'rate_power': 1.286025590700801}. Best is trial 655 with value: 0.6083457591837299.
[I 2026-05-22 17:53:32,654] Trial 657 finished with value: 0.6060146943483375 and parameters: {'P_amp': 0.7776666773233745, 'P_wet': 1831.0066366677358, 'P_pow': 5.776810034209328, 'rate_power': 1.2945851697266886}. Best is trial 655 with value: 0.6083457591837299.
[I 2026-05-22 17:53:32,948] Trial 658 finished with value: 0.593269174176569 and parameters: {'P_amp': 0.5020438524962079, 'P_wet': 1454.3430641970401, 'P_pow': 2.6927874310029973, 'rate_power': 0.8158877016936591}. Best is trial 655 with value: 0.6083457591837299.
[I 2026-05-22 17:53:33,241] Trial 659 finished with value: 0.6082000117605963 and parameters: {'P_amp': 0.7398732390943266, 'P_wet': 2282.911498890178, 'P_pow': 5.996003747903425, 'rate_power': 1.2152875634331954}. Best is trial 655 with value: 0.6083457591837299.
[I 2026-05-22 17:53:33,534] Trial 660 finished with value: 0.6076104653443308 and parameters: {'P_amp': 0.7340361455899027, 'P_wet': 3503.9208208025043, 'P_pow': 5.932540080270589, 'rate_power': 1.214182407613569}. Best is trial 655 with value: 0.6083457591837299.
[I 2026-05-22 17:53:33,825] Trial 661 finished with value: 0.604775150456292 and parameters: {'P_amp': 0.7390493404886848, 'P_wet': 1607.900607196148, 'P_pow': 5.980751196472476, 'rate_power': 1.1993181150071437}. Best is trial 655 with value: 0.6083457591837299.
[I 2026-05-22 17:53:34,115] Trial 662 finished with value: 0.6006634591319905 and parameters: {'P_amp': 0.8987178802573601, 'P_wet': 1497.4030413609637, 'P_pow': 5.731106839497691, 'rate_power': 1.2095754417755091}. Best is trial 655 with value: 0.6083457591837299.
[I 2026-05-22 17:53:34,405] Trial 663 finished with value: 0.6072489362734801 and parameters: {'P_amp': 0.7208803870487581, 'P_wet': 2069.7351834300557, 'P_pow': 5.06346563348653, 'rate_power': 1.2244954919953601}. Best is trial 655 with value: 0.6083457591837299.
[I 2026-05-22 17:53:34,695] Trial 664 finished with value: 0.6030384532338644 and parameters: {'P_amp': 0.0984902484328471, 'P_wet': 483.1801518431188, 'P_pow': 1.4949227207252784, 'rate_power': 1.0007489302633548}. Best is trial 655 with value: 0.6083457591837299.
[I 2026-05-22 17:53:34,985] Trial 665 finished with value: 0.606277074320151 and parameters: {'P_amp': 0.8866592576875949, 'P_wet': 2405.3060870070753, 'P_pow': 5.260455892789061, 'rate_power': 1.0628000036092349}. Best is trial 655 with value: 0.6083457591837299.
[I 2026-05-22 17:53:35,275] Trial 666 finished with value: 0.6076956862126195 and parameters: {'P_amp': 0.8895998276195984, 'P_wet': 2415.6099438930346, 'P_pow': 5.97559194501423, 'rate_power': 1.135914776006828}. Best is trial 655 with value: 0.6083457591837299.
[I 2026-05-22 17:53:35,565] Trial 667 finished with value: 0.6071270772074485 and parameters: {'P_amp': 0.8828611974618156, 'P_wet': 3889.364816718472, 'P_pow': 5.0458672675654235, 'rate_power': 1.1685218679618676}. Best is trial 655 with value: 0.6083457591837299.
[I 2026-05-22 17:53:35,856] Trial 668 finished with value: 0.6024306663971868 and parameters: {'P_amp': 0.882616125050766, 'P_wet': 1580.519532694528, 'P_pow': 5.201150715124547, 'rate_power': 1.1874406865417162}. Best is trial 655 with value: 0.6083457591837299.
[I 2026-05-22 17:53:36,145] Trial 669 finished with value: 0.6032019486257426 and parameters: {'P_amp': 0.8590501696827351, 'P_wet': 3057.908503513859, 'P_pow': 1.7468714451309775, 'rate_power': 1.171237802834637}. Best is trial 655 with value: 0.6083457591837299.
[I 2026-05-22 17:53:36,435] Trial 670 finished with value: 0.6078085756862697 and parameters: {'P_amp': 0.899475127790747, 'P_wet': 2478.556367624196, 'P_pow': 4.945557122114268, 'rate_power': 1.2479948122477609}. Best is trial 655 with value: 0.6083457591837299.
[I 2026-05-22 17:53:36,724] Trial 671 finished with value: 0.607806520625474 and parameters: {'P_amp': 0.8779390520777004, 'P_wet': 2580.4662029688866, 'P_pow': 4.995911392062413, 'rate_power': 1.193691506571543}. Best is trial 655 with value: 0.6083457591837299.
[I 2026-05-22 17:53:37,012] Trial 672 finished with value: 0.6079397081148533 and parameters: {'P_amp': 0.8020637924235074, 'P_wet': 2248.374184923663, 'P_pow': 5.9808160282433125, 'rate_power': 1.2987465628911674}. Best is trial 655 with value: 0.6083457591837299.
[I 2026-05-22 17:53:37,302] Trial 673 finished with value: 0.6072191714375798 and parameters: {'P_amp': 0.7587169782237472, 'P_wet': 2020.849334500519, 'P_pow': 5.366598123759606, 'rate_power': 1.1564563012081566}. Best is trial 655 with value: 0.6083457591837299.
[I 2026-05-22 17:53:37,594] Trial 674 finished with value: 0.6076766345414647 and parameters: {'P_amp': 0.8937413409547301, 'P_wet': 2034.8870340746657, 'P_pow': 5.860615406093904, 'rate_power': 1.2455259926753752}. Best is trial 655 with value: 0.6083457591837299.
[I 2026-05-22 17:53:37,887] Trial 675 finished with value: 0.6072348385122149 and parameters: {'P_amp': 0.8977346977425604, 'P_wet': 3699.7791105201923, 'P_pow': 5.078553804718927, 'rate_power': 1.172944144799088}. Best is trial 655 with value: 0.6083457591837299.
[I 2026-05-22 17:53:38,180] Trial 676 finished with value: 0.6026101437221602 and parameters: {'P_amp': 0.8580425723809946, 'P_wet': 1594.1595085351807, 'P_pow': 5.987568984385536, 'rate_power': 1.2810167295054231}. Best is trial 655 with value: 0.6083457591837299.
[I 2026-05-22 17:53:38,471] Trial 677 finished with value: 0.5791327033422536 and parameters: {'P_amp': 0.7778961337174726, 'P_wet': 1010.6253913098002, 'P_pow': 5.969189854984569, 'rate_power': 1.1625979758654323}. Best is trial 655 with value: 0.6083457591837299.
[I 2026-05-22 17:53:38,761] Trial 678 finished with value: 0.6080469672842335 and parameters: {'P_amp': 0.8985474730013193, 'P_wet': 2342.6640365926805, 'P_pow': 5.673066190829085, 'rate_power': 1.1777338546400518}. Best is trial 655 with value: 0.6083457591837299.
[I 2026-05-22 17:53:39,054] Trial 679 finished with value: 0.5801487671713582 and parameters: {'P_amp': 0.027881053669532196, 'P_wet': 1909.4977458999008, 'P_pow': 3.3762783896364135, 'rate_power': 0.7168367408248968}. Best is trial 655 with value: 0.6083457591837299.
[I 2026-05-22 17:53:39,345] Trial 680 finished with value: 0.6016912177115579 and parameters: {'P_amp': 0.8796217671830302, 'P_wet': 1501.4117827726398, 'P_pow': 5.994446144601967, 'rate_power': 1.1897649125302556}. Best is trial 655 with value: 0.6083457591837299.
[I 2026-05-22 17:53:39,634] Trial 681 finished with value: 0.6075547580405751 and parameters: {'P_amp': 0.7501210796995968, 'P_wet': 3728.6999525387064, 'P_pow': 5.9727403412356175, 'rate_power': 1.217370428064564}. Best is trial 655 with value: 0.6083457591837299.
[I 2026-05-22 17:53:39,924] Trial 682 finished with value: 0.6079520251924446 and parameters: {'P_amp': 0.7769644596399113, 'P_wet': 3027.7429614547514, 'P_pow': 5.983257326374697, 'rate_power': 1.2565644894652046}. Best is trial 655 with value: 0.6083457591837299.
[I 2026-05-22 17:53:40,215] Trial 683 finished with value: 0.59455460201496 and parameters: {'P_amp': 0.15856992015739496, 'P_wet': 2575.478594019972, 'P_pow': 5.30542166430741, 'rate_power': 0.859919649215954}. Best is trial 655 with value: 0.6083457591837299.
[I 2026-05-22 17:53:40,505] Trial 684 finished with value: 0.6080836506916995 and parameters: {'P_amp': 0.8941763135155752, 'P_wet': 2933.3732064264464, 'P_pow': 5.926849410646843, 'rate_power': 1.2725102785651807}. Best is trial 655 with value: 0.6083457591837299.
[I 2026-05-22 17:53:40,804] Trial 685 finished with value: 0.6073121067575619 and parameters: {'P_amp': 0.8553001737638543, 'P_wet': 3091.398736375179, 'P_pow': 5.986303079671227, 'rate_power': 1.157486693629223}. Best is trial 655 with value: 0.6083457591837299.
[I 2026-05-22 17:53:41,097] Trial 686 finished with value: 0.6072330858025072 and parameters: {'P_amp': 0.7258867210093563, 'P_wet': 2035.2841537442093, 'P_pow': 5.098089260445788, 'rate_power': 1.2166436398736915}. Best is trial 655 with value: 0.6083457591837299.
[I 2026-05-22 17:53:41,388] Trial 687 finished with value: 0.6074704459067227 and parameters: {'P_amp': 0.7322418586859725, 'P_wet': 2100.892587526871, 'P_pow': 5.303838476382436, 'rate_power': 1.248614103286309}. Best is trial 655 with value: 0.6083457591837299.
[I 2026-05-22 17:53:41,678] Trial 688 finished with value: 0.6073417752950258 and parameters: {'P_amp': 0.7329042154977328, 'P_wet': 1889.3088969318221, 'P_pow': 5.994305930298815, 'rate_power': 1.19397910744606}. Best is trial 655 with value: 0.6083457591837299.
[I 2026-05-22 17:53:41,969] Trial 689 finished with value: 0.6078277334231772 and parameters: {'P_amp': 0.8873385275980703, 'P_wet': 2585.8686278126793, 'P_pow': 5.180385763299789, 'rate_power': 1.292560579147298}. Best is trial 655 with value: 0.6083457591837299.
[I 2026-05-22 17:53:42,260] Trial 690 finished with value: 0.6080016616997826 and parameters: {'P_amp': 0.7614867458497664, 'P_wet': 2775.978488546047, 'P_pow': 5.321080927988907, 'rate_power': 1.242251692256277}. Best is trial 655 with value: 0.6083457591837299.
[I 2026-05-22 17:53:42,550] Trial 691 finished with value: 0.6061486442542836 and parameters: {'P_amp': 0.7378224792223294, 'P_wet': 3781.7541658243426, 'P_pow': 5.918429011164046, 'rate_power': 1.109370871304316}. Best is trial 655 with value: 0.6083457591837299.
[I 2026-05-22 17:53:42,845] Trial 692 finished with value: 0.5843258628480256 and parameters: {'P_amp': 0.553902871380916, 'P_wet': 942.1014199083405, 'P_pow': 4.170084355187207, 'rate_power': 0.7105471260714719}. Best is trial 655 with value: 0.6083457591837299.
[I 2026-05-22 17:53:43,136] Trial 693 finished with value: 0.6077992279648191 and parameters: {'P_amp': 0.8993838782542815, 'P_wet': 2008.4557466388053, 'P_pow': 5.979320796167327, 'rate_power': 1.18774200216228}. Best is trial 655 with value: 0.6083457591837299.
[I 2026-05-22 17:53:43,427] Trial 694 finished with value: 0.6080899750929316 and parameters: {'P_amp': 0.8834656656369307, 'P_wet': 2175.895996249856, 'P_pow': 5.903449472832002, 'rate_power': 1.1813399986156436}. Best is trial 655 with value: 0.6083457591837299.
[I 2026-05-22 17:53:43,725] Trial 695 finished with value: 0.607633310583105 and parameters: {'P_amp': 0.7795835767557118, 'P_wet': 2860.409137057828, 'P_pow': 4.841372182141021, 'rate_power': 1.1919070795742979}. Best is trial 655 with value: 0.6083457591837299.
[I 2026-05-22 17:53:44,022] Trial 696 finished with value: 0.6078285834923034 and parameters: {'P_amp': 0.8399099043233204, 'P_wet': 2043.7460704841988, 'P_pow': 5.988511596225079, 'rate_power': 1.2426315199496998}. Best is trial 655 with value: 0.6083457591837299.
[I 2026-05-22 17:53:44,319] Trial 697 finished with value: 0.6040702163884184 and parameters: {'P_amp': 0.892881322151524, 'P_wet': 1715.0299531235144, 'P_pow': 5.247076707221203, 'rate_power': 1.2476266366035647}. Best is trial 655 with value: 0.6083457591837299.
[I 2026-05-22 17:53:44,613] Trial 698 finished with value: 0.6042398687775171 and parameters: {'P_amp': 0.7713982325877314, 'P_wet': 1637.1639297644047, 'P_pow': 5.151935977175654, 'rate_power': 1.1371357348135938}. Best is trial 655 with value: 0.6083457591837299.
[I 2026-05-22 17:53:44,904] Trial 699 finished with value: 0.6074520718460992 and parameters: {'P_amp': 0.8940808290372956, 'P_wet': 3758.4779216191873, 'P_pow': 5.77237062554688, 'rate_power': 1.204048879263113}. Best is trial 655 with value: 0.6083457591837299.
[I 2026-05-22 17:53:45,195] Trial 700 finished with value: 0.6075112056728382 and parameters: {'P_amp': 0.7841555025615402, 'P_wet': 2622.660534084242, 'P_pow': 5.406405324750175, 'rate_power': 1.156260586496999}. Best is trial 655 with value: 0.6083457591837299.
[I 2026-05-22 17:53:45,484] Trial 701 finished with value: 0.5797156051432489 and parameters: {'P_amp': 0.888651239236472, 'P_wet': 1104.4692005195018, 'P_pow': 5.088964741155435, 'rate_power': 1.206808227062089}. Best is trial 655 with value: 0.6083457591837299.
[I 2026-05-22 17:53:45,775] Trial 702 finished with value: 0.6080931673936115 and parameters: {'P_amp': 0.6737406035335906, 'P_wet': 2288.234827886603, 'P_pow': 5.992550930443377, 'rate_power': 1.2094281390277404}. Best is trial 655 with value: 0.6083457591837299.
[I 2026-05-22 17:53:46,065] Trial 703 finished with value: 0.6080449306213797 and parameters: {'P_amp': 0.8979516927190853, 'P_wet': 2811.4245690165417, 'P_pow': 5.315567086643727, 'rate_power': 1.2201749215197628}. Best is trial 655 with value: 0.6083457591837299.
[I 2026-05-22 17:53:46,355] Trial 704 finished with value: 0.6062106260086776 and parameters: {'P_amp': 0.7992716352146815, 'P_wet': 2611.7921714234235, 'P_pow': 5.899460278310013, 'rate_power': 1.070911482901042}. Best is trial 655 with value: 0.6083457591837299.
[I 2026-05-22 17:53:46,646] Trial 705 finished with value: 0.6077306412111888 and parameters: {'P_amp': 0.7955971460107647, 'P_wet': 3441.786572999664, 'P_pow': 5.989806906324033, 'rate_power': 1.2896198524060836}. Best is trial 655 with value: 0.6083457591837299.
[I 2026-05-22 17:53:46,936] Trial 706 finished with value: 0.6082207759217811 and parameters: {'P_amp': 0.8033157336646944, 'P_wet': 2508.5427815891308, 'P_pow': 5.999479980505351, 'rate_power': 1.2601886220257463}. Best is trial 655 with value: 0.6083457591837299.
[I 2026-05-22 17:53:47,227] Trial 707 finished with value: 0.6047905086733548 and parameters: {'P_amp': 0.4061228233900601, 'P_wet': 1588.2558197679261, 'P_pow': 5.539496128070972, 'rate_power': 1.0729222315539362}. Best is trial 655 with value: 0.6083457591837299.
[I 2026-05-22 17:53:47,517] Trial 708 finished with value: 0.5658320338001234 and parameters: {'P_amp': 0.5097346859281339, 'P_wet': 434.7116548116402, 'P_pow': 2.2113334746772693, 'rate_power': 1.2854087350713894}. Best is trial 655 with value: 0.6083457591837299.
[I 2026-05-22 17:53:47,807] Trial 709 finished with value: 0.6076910721433165 and parameters: {'P_amp': 0.7112595547372316, 'P_wet': 2132.211188817571, 'P_pow': 5.950370112190033, 'rate_power': 1.2980730644843281}. Best is trial 655 with value: 0.6083457591837299.
[I 2026-05-22 17:53:48,099] Trial 710 finished with value: 0.6076102248514338 and parameters: {'P_amp': 0.6540404912023988, 'P_wet': 3610.2975035025197, 'P_pow': 5.396841272544468, 'rate_power': 1.2895395322907421}. Best is trial 655 with value: 0.6083457591837299.
[I 2026-05-22 17:53:48,395] Trial 711 finished with value: 0.6032603943175725 and parameters: {'P_amp': 0.4118310575259092, 'P_wet': 2894.816260416304, 'P_pow': 4.62038769214589, 'rate_power': 1.0062120895271698}. Best is trial 655 with value: 0.6083457591837299.
[I 2026-05-22 17:53:48,684] Trial 712 finished with value: 0.6064019343863031 and parameters: {'P_amp': 0.8893499886644254, 'P_wet': 1803.6293507758087, 'P_pow': 5.963377822461885, 'rate_power': 1.2234999391664227}. Best is trial 655 with value: 0.6083457591837299.
[I 2026-05-22 17:53:48,984] Trial 713 finished with value: 0.6079575002261589 and parameters: {'P_amp': 0.7921237505017504, 'P_wet': 2664.0523718816116, 'P_pow': 5.951177961721686, 'rate_power': 1.1949828249578878}. Best is trial 655 with value: 0.6083457591837299.
[I 2026-05-22 17:53:49,283] Trial 714 finished with value: 0.6067424027068583 and parameters: {'P_amp': 0.889927220335262, 'P_wet': 2049.028273696848, 'P_pow': 5.024678601836585, 'rate_power': 1.1150858887151425}. Best is trial 655 with value: 0.6083457591837299.
[I 2026-05-22 17:53:49,580] Trial 715 finished with value: 0.6060472847634563 and parameters: {'P_amp': 0.7191343201643654, 'P_wet': 2330.078935952357, 'P_pow': 3.4034551948046765, 'rate_power': 1.203744670353262}. Best is trial 655 with value: 0.6083457591837299.
[I 2026-05-22 17:53:49,878] Trial 716 finished with value: 0.6029552985771273 and parameters: {'P_amp': 0.23027068221256722, 'P_wet': 764.590353530609, 'P_pow': 1.3744203129596573, 'rate_power': 1.1252225793908848}. Best is trial 655 with value: 0.6083457591837299.
[I 2026-05-22 17:53:50,186] Trial 717 finished with value: 0.6079519090817149 and parameters: {'P_amp': 0.7555838323539398, 'P_wet': 3052.9236816602092, 'P_pow': 5.918139992889364, 'rate_power': 1.2416336577820586}. Best is trial 655 with value: 0.6083457591837299.
[I 2026-05-22 17:53:50,481] Trial 718 finished with value: 0.6072166063342902 and parameters: {'P_amp': 0.8932208436302228, 'P_wet': 3294.5813916504126, 'P_pow': 5.891194274754147, 'rate_power': 1.1589360437361025}. Best is trial 655 with value: 0.6083457591837299.
[I 2026-05-22 17:53:50,777] Trial 719 finished with value: 0.6074735511757632 and parameters: {'P_amp': 0.7567183283575765, 'P_wet': 2245.4625510076858, 'P_pow': 4.773518443501342, 'rate_power': 1.199395355402825}. Best is trial 655 with value: 0.6083457591837299.
[I 2026-05-22 17:53:51,074] Trial 720 finished with value: 0.6014140791938974 and parameters: {'P_amp': 0.7038678720164477, 'P_wet': 2534.032061197842, 'P_pow': 2.1451682924436364, 'rate_power': 0.965006097591668}. Best is trial 655 with value: 0.6083457591837299.
[I 2026-05-22 17:53:51,371] Trial 721 finished with value: 0.6078025399117036 and parameters: {'P_amp': 0.7801858547285517, 'P_wet': 2229.041494066329, 'P_pow': 5.2256337447100325, 'rate_power': 1.2109994034204505}. Best is trial 655 with value: 0.6083457591837299.
[I 2026-05-22 17:53:51,662] Trial 722 finished with value: 0.5901119806673968 and parameters: {'P_amp': 0.723300397823684, 'P_wet': 1211.7512210332118, 'P_pow': 4.987788201883236, 'rate_power': 1.2809300439814304}. Best is trial 655 with value: 0.6083457591837299.
[I 2026-05-22 17:53:51,953] Trial 723 finished with value: 0.6018829299455174 and parameters: {'P_amp': 0.7176306038018269, 'P_wet': 1501.1400853555483, 'P_pow': 5.930946106061787, 'rate_power': 1.2736874215953418}. Best is trial 655 with value: 0.6083457591837299.
[I 2026-05-22 17:53:52,242] Trial 724 finished with value: 0.6077756517524417 and parameters: {'P_amp': 0.7596270222787033, 'P_wet': 2392.56594659601, 'P_pow': 5.208068255076353, 'rate_power': 1.198426295128185}. Best is trial 655 with value: 0.6083457591837299.
[I 2026-05-22 17:53:52,532] Trial 725 finished with value: 0.6054617863942738 and parameters: {'P_amp': 0.8776015574586283, 'P_wet': 1693.4894633935385, 'P_pow': 5.9913499001290225, 'rate_power': 1.1792822444965567}. Best is trial 655 with value: 0.6083457591837299.
[I 2026-05-22 17:53:52,823] Trial 726 finished with value: 0.6068170155901014 and parameters: {'P_amp': 0.8733327738820486, 'P_wet': 2509.387502450099, 'P_pow': 3.853421287661845, 'rate_power': 1.1686965985476394}. Best is trial 655 with value: 0.6083457591837299.
[I 2026-05-22 17:53:53,119] Trial 727 finished with value: 0.6012996006007749 and parameters: {'P_amp': 0.8736848195372807, 'P_wet': 1622.4473690510094, 'P_pow': 5.0503888689624805, 'rate_power': 1.2933318327187182}. Best is trial 655 with value: 0.6083457591837299.
[I 2026-05-22 17:53:53,417] Trial 728 finished with value: 0.6076037862211379 and parameters: {'P_amp': 0.7086034529892191, 'P_wet': 3759.9261185833802, 'P_pow': 5.518420627858332, 'rate_power': 1.2979596869635328}. Best is trial 655 with value: 0.6083457591837299.
[I 2026-05-22 17:53:53,715] Trial 729 finished with value: 0.5987830183129107 and parameters: {'P_amp': 0.07919391214354282, 'P_wet': 399.67916305871415, 'P_pow': 5.792105768507021, 'rate_power': 0.9047244101127079}. Best is trial 655 with value: 0.6083457591837299.
[I 2026-05-22 17:53:54,013] Trial 730 finished with value: 0.6078729523558792 and parameters: {'P_amp': 0.7236616166478076, 'P_wet': 2977.0023083270175, 'P_pow': 5.971295275443178, 'rate_power': 1.2872694820241086}. Best is trial 655 with value: 0.6083457591837299.
[I 2026-05-22 17:53:54,312] Trial 731 finished with value: 0.6082859451532812 and parameters: {'P_amp': 0.8871825151623601, 'P_wet': 2451.3910481370726, 'P_pow': 5.839822111155857, 'rate_power': 1.232045205542559}. Best is trial 655 with value: 0.6083457591837299.
[I 2026-05-22 17:53:54,609] Trial 732 finished with value: 0.6075362282780814 and parameters: {'P_amp': 0.8781034967772277, 'P_wet': 3416.8283768143315, 'P_pow': 5.212666526485734, 'rate_power': 1.1959597859278739}. Best is trial 655 with value: 0.6083457591837299.
[I 2026-05-22 17:53:54,908] Trial 733 finished with value: 0.6080122461425349 and parameters: {'P_amp': 0.8615443970265697, 'P_wet': 3043.736568337493, 'P_pow': 5.996352924830283, 'rate_power': 1.2277998533405983}. Best is trial 655 with value: 0.6083457591837299.
[I 2026-05-22 17:53:55,204] Trial 734 finished with value: 0.607783130611063 and parameters: {'P_amp': 0.8156249445173855, 'P_wet': 2860.6253891436845, 'P_pow': 5.097588987482691, 'rate_power': 1.2953981321721724}. Best is trial 655 with value: 0.6083457591837299.
[I 2026-05-22 17:53:55,505] Trial 735 finished with value: 0.6065058239333536 and parameters: {'P_amp': 0.8286163356355811, 'P_wet': 4850.289984692767, 'P_pow': 5.984825250294583, 'rate_power': 1.1412420398219687}. Best is trial 655 with value: 0.6083457591837299.
[I 2026-05-22 17:53:55,799] Trial 736 finished with value: 0.6077761571726581 and parameters: {'P_amp': 0.8859825356380816, 'P_wet': 2330.884675520934, 'P_pow': 5.909785874396331, 'rate_power': 1.1384968557869353}. Best is trial 655 with value: 0.6083457591837299.
[I 2026-05-22 17:53:56,090] Trial 737 finished with value: 0.6049809989573571 and parameters: {'P_amp': 0.8994040180718605, 'P_wet': 1776.597132100869, 'P_pow': 4.901534020933116, 'rate_power': 1.1817373413748409}. Best is trial 655 with value: 0.6083457591837299.
[I 2026-05-22 17:53:56,381] Trial 738 finished with value: 0.6078217742000442 and parameters: {'P_amp': 0.8536308601209296, 'P_wet': 2125.863291824922, 'P_pow': 5.951781898612662, 'rate_power': 1.2815243294945269}. Best is trial 655 with value: 0.6083457591837299.
[I 2026-05-22 17:53:56,765] Trial 739 finished with value: 0.6080127989319156 and parameters: {'P_amp': 0.8907199252648077, 'P_wet': 2641.2216591971946, 'P_pow': 5.59910064048946, 'rate_power': 1.194299737898867}. Best is trial 655 with value: 0.6083457591837299.
[I 2026-05-22 17:53:57,061] Trial 740 finished with value: 0.6077948033011116 and parameters: {'P_amp': 0.8872017518010398, 'P_wet': 2503.2588590067394, 'P_pow': 5.221848964950702, 'rate_power': 1.2946923324472486}. Best is trial 655 with value: 0.6083457591837299.
[I 2026-05-22 17:53:57,365] Trial 741 finished with value: 0.6076185828981903 and parameters: {'P_amp': 0.8824905214470253, 'P_wet': 2039.546461519963, 'P_pow': 5.995361999567804, 'rate_power': 1.2783417134722534}. Best is trial 655 with value: 0.6083457591837299.
[I 2026-05-22 17:53:57,673] Trial 742 finished with value: 0.6078679619344042 and parameters: {'P_amp': 0.8948791449481679, 'P_wet': 2133.672864295956, 'P_pow': 5.76822686757212, 'rate_power': 1.1655134219874947}. Best is trial 655 with value: 0.6083457591837299.
[I 2026-05-22 17:53:57,981] Trial 743 finished with value: 0.607658413049006 and parameters: {'P_amp': 0.8856462738129404, 'P_wet': 4123.258425790078, 'P_pow': 5.9221432790232384, 'rate_power': 1.2507842991027722}. Best is trial 655 with value: 0.6083457591837299.
[I 2026-05-22 17:53:58,288] Trial 744 finished with value: 0.6077720914987436 and parameters: {'P_amp': 0.765027349824996, 'P_wet': 2822.149160007074, 'P_pow': 5.401116120220069, 'rate_power': 1.1982599465644714}. Best is trial 655 with value: 0.6083457591837299.
[I 2026-05-22 17:53:58,603] Trial 745 finished with value: 0.6081597940644975 and parameters: {'P_amp': 0.8145630966391022, 'P_wet': 2664.660458771321, 'P_pow': 5.9926747979433195, 'rate_power': 1.2149430227711806}. Best is trial 655 with value: 0.6083457591837299.
[I 2026-05-22 17:53:58,908] Trial 746 finished with value: 0.6061242244918428 and parameters: {'P_amp': 0.8932926362829273, 'P_wet': 4061.9091249948438, 'P_pow': 5.975209536706622, 'rate_power': 1.1100726571879254}. Best is trial 655 with value: 0.6083457591837299.
[I 2026-05-22 17:53:59,206] Trial 747 finished with value: 0.6076408041359711 and parameters: {'P_amp': 0.8996347238054322, 'P_wet': 3775.4451063388105, 'P_pow': 5.7823947806372775, 'rate_power': 1.2814111927324616}. Best is trial 655 with value: 0.6083457591837299.
[I 2026-05-22 17:53:59,510] Trial 748 finished with value: 0.6080208358034745 and parameters: {'P_amp': 0.8926348185194583, 'P_wet': 2934.8442216191975, 'P_pow': 5.8639657518673785, 'rate_power': 1.287094814279422}. Best is trial 655 with value: 0.6083457591837299.
[I 2026-05-22 17:53:59,817] Trial 749 finished with value: 0.6045500928685821 and parameters: {'P_amp': 0.8977480663841084, 'P_wet': 1667.8261005354964, 'P_pow': 5.964830781744655, 'rate_power': 1.2297746571159265}. Best is trial 655 with value: 0.6083457591837299.
[I 2026-05-22 17:54:00,118] Trial 750 finished with value: 0.6079497746760344 and parameters: {'P_amp': 0.779343077368848, 'P_wet': 2884.180268511063, 'P_pow': 5.983071190932907, 'rate_power': 1.2844126572057002}. Best is trial 655 with value: 0.6083457591837299.
[I 2026-05-22 17:54:00,423] Trial 751 finished with value: 0.6065487524470228 and parameters: {'P_amp': 0.747136861194672, 'P_wet': 3038.8820914008907, 'P_pow': 5.982645457307857, 'rate_power': 1.109884805804111}. Best is trial 655 with value: 0.6083457591837299.
[I 2026-05-22 17:54:00,726] Trial 752 finished with value: 0.606784432540861 and parameters: {'P_amp': 0.7861532860665439, 'P_wet': 1977.4843290513963, 'P_pow': 5.051295602003657, 'rate_power': 1.2242473227366848}. Best is trial 655 with value: 0.6083457591837299.
[I 2026-05-22 17:54:01,027] Trial 753 finished with value: 0.6075712750841811 and parameters: {'P_amp': 0.7689623411394042, 'P_wet': 3786.7102782010816, 'P_pow': 5.095213549287851, 'rate_power': 1.218142452009717}. Best is trial 655 with value: 0.6083457591837299.
[I 2026-05-22 17:54:01,331] Trial 754 finished with value: 0.6017173412369465 and parameters: {'P_amp': 0.35084766049295457, 'P_wet': 2098.68697919178, 'P_pow': 0.24267164809652497, 'rate_power': 1.1970885627573897}. Best is trial 655 with value: 0.6083457591837299.
[I 2026-05-22 17:54:01,633] Trial 755 finished with value: 0.607945732038516 and parameters: {'P_amp': 0.8824663586308873, 'P_wet': 2385.2223855843044, 'P_pow': 5.203161349644072, 'rate_power': 1.2303490468718101}. Best is trial 655 with value: 0.6083457591837299.
[I 2026-05-22 17:54:01,936] Trial 756 finished with value: 0.6080839218188111 and parameters: {'P_amp': 0.8602683214004354, 'P_wet': 2707.030264090757, 'P_pow': 5.898612581310938, 'rate_power': 1.2046785971749363}. Best is trial 655 with value: 0.6083457591837299.
[I 2026-05-22 17:54:02,241] Trial 757 finished with value: 0.6016976038226325 and parameters: {'P_amp': 0.8970229023478157, 'P_wet': 1511.8500765705453, 'P_pow': 5.357135360531634, 'rate_power': 1.0852520930084448}. Best is trial 655 with value: 0.6083457591837299.
[I 2026-05-22 17:54:02,548] Trial 758 finished with value: 0.607179834530642 and parameters: {'P_amp': 0.561611374566775, 'P_wet': 3606.2622672509433, 'P_pow': 5.91575396184302, 'rate_power': 1.1804134953891472}. Best is trial 655 with value: 0.6083457591837299.
[I 2026-05-22 17:54:02,855] Trial 759 finished with value: 0.5922841975891161 and parameters: {'P_amp': 0.34326154635381934, 'P_wet': 758.182238550204, 'P_pow': 4.243835588382736, 'rate_power': 0.8213860454974758}. Best is trial 655 with value: 0.6083457591837299.
[I 2026-05-22 17:54:03,156] Trial 760 finished with value: 0.6076893689168417 and parameters: {'P_amp': 0.8939259008426153, 'P_wet': 2512.881134479407, 'P_pow': 5.250235037556621, 'rate_power': 1.1631389067499205}. Best is trial 655 with value: 0.6083457591837299.
[I 2026-05-22 17:54:03,455] Trial 761 finished with value: 0.6070488945408368 and parameters: {'P_amp': 0.7933682951747033, 'P_wet': 1874.3638132862382, 'P_pow': 5.939723566538119, 'rate_power': 1.1377598569881444}. Best is trial 655 with value: 0.6083457591837299.
[I 2026-05-22 17:54:03,756] Trial 762 finished with value: 0.607536822973304 and parameters: {'P_amp': 0.7603210731596532, 'P_wet': 2635.40689295494, 'P_pow': 5.842520306442255, 'rate_power': 1.155484885903512}. Best is trial 655 with value: 0.6083457591837299.
[I 2026-05-22 17:54:04,062] Trial 763 finished with value: 0.6078408673725177 and parameters: {'P_amp': 0.7633489074137191, 'P_wet': 2444.4273376435735, 'P_pow': 5.186597814448619, 'rate_power': 1.271219827341905}. Best is trial 655 with value: 0.6083457591837299.
[I 2026-05-22 17:54:04,366] Trial 764 finished with value: 0.6079130678279244 and parameters: {'P_amp': 0.8985432405335887, 'P_wet': 2812.147382425024, 'P_pow': 5.3322557335094585, 'rate_power': 1.2951357973772886}. Best is trial 655 with value: 0.6083457591837299.
[I 2026-05-22 17:54:04,679] Trial 765 finished with value: 0.6076721789149021 and parameters: {'P_amp': 0.8866362442407839, 'P_wet': 2393.77737430632, 'P_pow': 5.1559290779656965, 'rate_power': 1.1644540836733985}. Best is trial 655 with value: 0.6083457591837299.
[I 2026-05-22 17:54:04,974] Trial 766 finished with value: 0.6044023786422416 and parameters: {'P_amp': 0.43417734646209766, 'P_wet': 1923.2974765508911, 'P_pow': 2.985443188070156, 'rate_power': 1.2791142262157948}. Best is trial 655 with value: 0.6083457591837299.
[I 2026-05-22 17:54:05,277] Trial 767 finished with value: 0.599312894113437 and parameters: {'P_amp': 0.7709487160614582, 'P_wet': 1453.4688395895332, 'P_pow': 5.872498476552136, 'rate_power': 1.2983693230265454}. Best is trial 655 with value: 0.6083457591837299.
[I 2026-05-22 17:54:05,576] Trial 768 finished with value: 0.5984271821758456 and parameters: {'P_amp': 0.03907351930575875, 'P_wet': 371.82862233836914, 'P_pow': 3.4049490782475704, 'rate_power': 0.910417532139833}. Best is trial 655 with value: 0.6083457591837299.
[I 2026-05-22 17:54:05,879] Trial 769 finished with value: 0.5981768360883382 and parameters: {'P_amp': 0.8760806651596075, 'P_wet': 2388.178596816725, 'P_pow': 2.9538664322677213, 'rate_power': 0.8822879597809384}. Best is trial 655 with value: 0.6083457591837299.
[I 2026-05-22 17:54:06,177] Trial 770 finished with value: 0.6074451326671565 and parameters: {'P_amp': 0.7644396566556293, 'P_wet': 3607.942079999016, 'P_pow': 5.990731212764919, 'rate_power': 1.2028729860103742}. Best is trial 655 with value: 0.6083457591837299.
[I 2026-05-22 17:54:06,473] Trial 771 finished with value: 0.6066881110326001 and parameters: {'P_amp': 0.8966176437959591, 'P_wet': 1865.6596342607852, 'P_pow': 5.965640575683916, 'rate_power': 1.0918106369637584}. Best is trial 655 with value: 0.6083457591837299.
[I 2026-05-22 17:54:06,773] Trial 772 finished with value: 0.6074882170259315 and parameters: {'P_amp': 0.8831722508029379, 'P_wet': 2321.1527886227564, 'P_pow': 5.993550145018034, 'rate_power': 1.1140833995203394}. Best is trial 655 with value: 0.6083457591837299.
[I 2026-05-22 17:54:07,078] Trial 773 finished with value: 0.6081830752919852 and parameters: {'P_amp': 0.7611956863116275, 'P_wet': 2263.12106196799, 'P_pow': 5.977495534795371, 'rate_power': 1.2345870037352829}. Best is trial 655 with value: 0.6083457591837299.
[I 2026-05-22 17:54:07,383] Trial 774 finished with value: 0.6081679210014266 and parameters: {'P_amp': 0.8893751024097934, 'P_wet': 2763.957800608491, 'P_pow': 5.8543353526047675, 'rate_power': 1.2264717338542734}. Best is trial 655 with value: 0.6083457591837299.
[I 2026-05-22 17:54:07,688] Trial 775 finished with value: 0.6065042598853958 and parameters: {'P_amp': 0.8926897809781889, 'P_wet': 2317.1457237749846, 'P_pow': 4.001784131519565, 'rate_power': 1.246037735492168}. Best is trial 655 with value: 0.6083457591837299.
[I 2026-05-22 17:54:07,994] Trial 776 finished with value: 0.6077039877148787 and parameters: {'P_amp': 0.8964203535190208, 'P_wet': 2716.2959844655825, 'P_pow': 5.959901825258756, 'rate_power': 1.1601119007766256}. Best is trial 655 with value: 0.6083457591837299.
[I 2026-05-22 17:54:08,304] Trial 777 finished with value: 0.6072250044585696 and parameters: {'P_amp': 0.8519027261695433, 'P_wet': 2072.400409713529, 'P_pow': 5.082401228536145, 'rate_power': 1.2209514604505234}. Best is trial 655 with value: 0.6083457591837299.
[I 2026-05-22 17:54:08,604] Trial 778 finished with value: 0.5916945902331143 and parameters: {'P_amp': 0.8021536333757329, 'P_wet': 1236.6052515226716, 'P_pow': 5.2528691196910255, 'rate_power': 1.2032347492032358}. Best is trial 655 with value: 0.6083457591837299.
[I 2026-05-22 17:54:08,902] Trial 779 finished with value: 0.6068532615088298 and parameters: {'P_amp': 0.8857853377687618, 'P_wet': 1906.5014552876587, 'P_pow': 5.995269258278904, 'rate_power': 1.2767449035181877}. Best is trial 655 with value: 0.6083457591837299.
[I 2026-05-22 17:54:09,198] Trial 780 finished with value: 0.6050261062013732 and parameters: {'P_amp': 0.8972682440087275, 'P_wet': 1935.920911802936, 'P_pow': 4.702353130185543, 'rate_power': 1.2937994075171977}. Best is trial 655 with value: 0.6083457591837299.
[I 2026-05-22 17:54:09,506] Trial 781 finished with value: 0.5728768249149824 and parameters: {'P_amp': 0.8485776555313884, 'P_wet': 854.216235753466, 'P_pow': 0.6825488533321056, 'rate_power': 1.1762772344308294}. Best is trial 655 with value: 0.6083457591837299.
[I 2026-05-22 17:54:09,820] Trial 782 finished with value: 0.6063607571211351 and parameters: {'P_amp': 0.8975967198039462, 'P_wet': 1972.4695708479155, 'P_pow': 4.9221018888723025, 'rate_power': 1.2334246135668212}. Best is trial 655 with value: 0.6083457591837299.
[I 2026-05-22 17:54:10,121] Trial 783 finished with value: 0.6070207341166171 and parameters: {'P_amp': 0.8939492125016395, 'P_wet': 3243.9422080808745, 'P_pow': 5.015519312643042, 'rate_power': 1.1404006490512362}. Best is trial 655 with value: 0.6083457591837299.
[I 2026-05-22 17:54:10,418] Trial 784 finished with value: 0.5973008159978289 and parameters: {'P_amp': 0.8997365970090284, 'P_wet': 1423.477356725003, 'P_pow': 5.994289691233131, 'rate_power': 1.2631951980879947}. Best is trial 655 with value: 0.6083457591837299.
[I 2026-05-22 17:54:10,722] Trial 785 finished with value: 0.5971218392405988 and parameters: {'P_amp': 0.3381516026783883, 'P_wet': 690.9104493211355, 'P_pow': 0.31701173185955733, 'rate_power': 0.830466755724976}. Best is trial 655 with value: 0.6083457591837299.
[I 2026-05-22 17:54:11,029] Trial 786 finished with value: 0.6073600757047958 and parameters: {'P_amp': 0.8829810835860916, 'P_wet': 3360.348048648386, 'P_pow': 5.87164699416852, 'rate_power': 1.17198419673089}. Best is trial 655 with value: 0.6083457591837299.
[I 2026-05-22 17:54:11,337] Trial 787 finished with value: 0.6079895013178491 and parameters: {'P_amp': 0.7577639721017472, 'P_wet': 2391.969307710471, 'P_pow': 5.4058384036889775, 'rate_power': 1.2145141367296852}. Best is trial 655 with value: 0.6083457591837299.
[I 2026-05-22 17:54:11,644] Trial 788 finished with value: 0.608348636891553 and parameters: {'P_amp': 0.8892825253145448, 'P_wet': 2320.319269005085, 'P_pow': 5.94946409679268, 'rate_power': 1.2105860353271332}. Best is trial 788 with value: 0.608348636891553.
[I 2026-05-22 17:54:11,947] Trial 789 finished with value: 0.603007277482946 and parameters: {'P_amp': 0.8151733003790879, 'P_wet': 1586.949755984763, 'P_pow': 5.040680681162418, 'rate_power': 1.1731448557082214}. Best is trial 788 with value: 0.608348636891553.
[I 2026-05-22 17:54:12,249] Trial 790 finished with value: 0.6078619150967637 and parameters: {'P_amp': 0.8991294937159564, 'P_wet': 2324.4732124217558, 'P_pow': 5.153189497014901, 'rate_power': 1.2313386031154447}. Best is trial 788 with value: 0.608348636891553.
[I 2026-05-22 17:54:12,556] Trial 791 finished with value: 0.607549653898041 and parameters: {'P_amp': 0.8922630630869991, 'P_wet': 1974.0487540860388, 'P_pow': 5.84614888494687, 'rate_power': 1.22357792734751}. Best is trial 788 with value: 0.608348636891553.
[I 2026-05-22 17:54:12,869] Trial 792 finished with value: 0.5974175404893263 and parameters: {'P_amp': 0.2597182739533654, 'P_wet': 1949.7776764782031, 'P_pow': 2.214422343957191, 'rate_power': 0.8918320074778994}. Best is trial 788 with value: 0.608348636891553.
[I 2026-05-22 17:54:13,169] Trial 793 finished with value: 0.6082253418444538 and parameters: {'P_amp': 0.7531917084167593, 'P_wet': 2339.6468016520766, 'P_pow': 5.983051471420841, 'rate_power': 1.222531117818556}. Best is trial 788 with value: 0.608348636891553.
[I 2026-05-22 17:54:13,469] Trial 794 finished with value: 0.6076237595054168 and parameters: {'P_amp': 0.6329982433726796, 'P_wet': 2183.9090431965847, 'P_pow': 5.193099784309272, 'rate_power': 1.2043491008910745}. Best is trial 788 with value: 0.608348636891553.
[I 2026-05-22 17:54:13,771] Trial 795 finished with value: 0.5824396905764238 and parameters: {'P_amp': 0.8972357511579169, 'P_wet': 1111.0975399916838, 'P_pow': 5.029206282852533, 'rate_power': 1.1389798243949096}. Best is trial 788 with value: 0.608348636891553.
[I 2026-05-22 17:54:14,072] Trial 796 finished with value: 0.6047591668241638 and parameters: {'P_amp': 0.6963411959896378, 'P_wet': 3361.212089414867, 'P_pow': 4.999773041823147, 'rate_power': 1.0455287221627645}. Best is trial 788 with value: 0.608348636891553.
[I 2026-05-22 17:54:14,372] Trial 797 finished with value: 0.6071898171642154 and parameters: {'P_amp': 0.6540009987703894, 'P_wet': 2399.263592060569, 'P_pow': 5.174053208500526, 'rate_power': 1.1395610064556687}. Best is trial 788 with value: 0.608348636891553.
[I 2026-05-22 17:54:14,683] Trial 798 finished with value: 0.6003037829207483 and parameters: {'P_amp': 0.3260782112848903, 'P_wet': 1715.9303879245792, 'P_pow': 3.9530692846956983, 'rate_power': 0.938465880755461}. Best is trial 788 with value: 0.608348636891553.
[I 2026-05-22 17:54:14,989] Trial 799 finished with value: 0.607204396417269 and parameters: {'P_amp': 0.8974709933491575, 'P_wet': 2072.188938631754, 'P_pow': 5.173380158519946, 'rate_power': 1.1594922603625093}. Best is trial 788 with value: 0.608348636891553.
[I 2026-05-22 17:54:15,296] Trial 800 finished with value: 0.6079182656850773 and parameters: {'P_amp': 0.8106320127165609, 'P_wet': 2179.1751353730833, 'P_pow': 5.969030315121611, 'rate_power': 1.1643033752418575}. Best is trial 788 with value: 0.608348636891553.
[I 2026-05-22 17:54:15,600] Trial 801 finished with value: 0.6080787781947966 and parameters: {'P_amp': 0.8742846616625808, 'P_wet': 2951.2158780879354, 'P_pow': 5.9447051120086725, 'rate_power': 1.2323329256688316}. Best is trial 788 with value: 0.608348636891553.
[I 2026-05-22 17:54:15,897] Trial 802 finished with value: 0.6049960706117523 and parameters: {'P_amp': 0.7670882685427723, 'P_wet': 1702.1246993377276, 'P_pow': 5.3006052690154695, 'rate_power': 1.215372416074944}. Best is trial 788 with value: 0.608348636891553.
[I 2026-05-22 17:54:16,197] Trial 803 finished with value: 0.607537969310305 and parameters: {'P_amp': 0.7436611894857906, 'P_wet': 3276.953069062956, 'P_pow': 5.841564401835505, 'rate_power': 1.197761728236042}. Best is trial 788 with value: 0.608348636891553.
[I 2026-05-22 17:54:16,495] Trial 804 finished with value: 0.6072290796612643 and parameters: {'P_amp': 0.7357526130438268, 'P_wet': 3622.7206362780958, 'P_pow': 5.08831816996555, 'rate_power': 1.1772247598408083}. Best is trial 788 with value: 0.608348636891553.
[I 2026-05-22 17:54:16,793] Trial 805 finished with value: 0.6077551930561291 and parameters: {'P_amp': 0.8807981795690862, 'P_wet': 3359.896845406552, 'P_pow': 5.914201074834238, 'rate_power': 1.2140955285365795}. Best is trial 788 with value: 0.608348636891553.
[I 2026-05-22 17:54:17,096] Trial 806 finished with value: 0.607096709155988 and parameters: {'P_amp': 0.6672218625263548, 'P_wet': 2472.757526327775, 'P_pow': 5.977044138051162, 'rate_power': 1.1213949115488986}. Best is trial 788 with value: 0.608348636891553.
[I 2026-05-22 17:54:17,399] Trial 807 finished with value: 0.6068551141868113 and parameters: {'P_amp': 0.8326634178273563, 'P_wet': 1812.838438313401, 'P_pow': 5.969662618324583, 'rate_power': 1.1959490451641972}. Best is trial 788 with value: 0.608348636891553.
[I 2026-05-22 17:54:17,703] Trial 808 finished with value: 0.5810611947839094 and parameters: {'P_amp': 0.7526858402694949, 'P_wet': 2987.5793623611476, 'P_pow': 2.8466256564002217, 'rate_power': 0.7028329562877743}. Best is trial 788 with value: 0.608348636891553.
[I 2026-05-22 17:54:18,007] Trial 809 finished with value: 0.6073654370107642 and parameters: {'P_amp': 0.7588982209166666, 'P_wet': 2580.118487636274, 'P_pow': 5.922121226221113, 'rate_power': 1.1364393849457324}. Best is trial 788 with value: 0.608348636891553.
[I 2026-05-22 17:54:18,310] Trial 810 finished with value: 0.5812773028286925 and parameters: {'P_amp': 0.4069335848569441, 'P_wet': 5353.976698951844, 'P_pow': 5.315424297493971, 'rate_power': 0.7278343512665135}. Best is trial 788 with value: 0.608348636891553.
[I 2026-05-22 17:54:18,616] Trial 811 finished with value: 0.6071663208410565 and parameters: {'P_amp': 0.7534311540124226, 'P_wet': 2012.4090053647653, 'P_pow': 5.2315847518247045, 'rate_power': 1.1709577748740858}. Best is trial 788 with value: 0.608348636891553.
[I 2026-05-22 17:54:18,915] Trial 812 finished with value: 0.6069777395111371 and parameters: {'P_amp': 0.8796723882791675, 'P_wet': 1876.5506610326024, 'P_pow': 5.938811711090398, 'rate_power': 1.2343171853542867}. Best is trial 788 with value: 0.608348636891553.
[I 2026-05-22 17:54:19,214] Trial 813 finished with value: 0.6071020241812056 and parameters: {'P_amp': 0.7261622970688518, 'P_wet': 1870.3863019880157, 'P_pow': 5.959079441227116, 'rate_power': 1.2434754128721128}. Best is trial 788 with value: 0.608348636891553.
[I 2026-05-22 17:54:19,513] Trial 814 finished with value: 0.597809637723138 and parameters: {'P_amp': 0.8367523211043221, 'P_wet': 1377.9551189236406, 'P_pow': 5.970155962803873, 'rate_power': 1.2076649532988855}. Best is trial 788 with value: 0.608348636891553.
[I 2026-05-22 17:54:19,813] Trial 815 finished with value: 0.6056298492873915 and parameters: {'P_amp': 0.09487067358410606, 'P_wet': 1163.085296246122, 'P_pow': 0.5217937693877421, 'rate_power': 1.2989416640412488}. Best is trial 788 with value: 0.608348636891553.
[I 2026-05-22 17:54:20,112] Trial 816 finished with value: 0.6075509576459663 and parameters: {'P_amp': 0.7701686631631314, 'P_wet': 3452.8059708053643, 'P_pow': 4.956453698979187, 'rate_power': 1.2039313567057945}. Best is trial 788 with value: 0.608348636891553.
[I 2026-05-22 17:54:20,410] Trial 817 finished with value: 0.6081020766358354 and parameters: {'P_amp': 0.7092077459047781, 'P_wet': 2549.352444155222, 'P_pow': 5.936480490796322, 'rate_power': 1.2182729620732478}. Best is trial 788 with value: 0.608348636891553.
[I 2026-05-22 17:54:20,711] Trial 818 finished with value: 0.5864170663788636 and parameters: {'P_amp': 0.5099118810071847, 'P_wet': 416.1589231640469, 'P_pow': 4.267682488285278, 'rate_power': 0.8983395208720869}. Best is trial 788 with value: 0.608348636891553.
[I 2026-05-22 17:54:21,010] Trial 819 finished with value: 0.5971366171865422 and parameters: {'P_amp': 0.5891543839480031, 'P_wet': 1263.7531564857713, 'P_pow': 1.2046202830955137, 'rate_power': 0.8658554581646415}. Best is trial 788 with value: 0.608348636891553.
[I 2026-05-22 17:54:21,308] Trial 820 finished with value: 0.6075475272738119 and parameters: {'P_amp': 0.8286390458083489, 'P_wet': 1940.2877313117717, 'P_pow': 5.975993094609762, 'rate_power': 1.1936820923532794}. Best is trial 788 with value: 0.608348636891553.
[I 2026-05-22 17:54:21,605] Trial 821 finished with value: 0.6070499258491001 and parameters: {'P_amp': 0.7770226122085077, 'P_wet': 2791.9287558441097, 'P_pow': 5.0339420012181355, 'rate_power': 1.1317832092981723}. Best is trial 788 with value: 0.608348636891553.
[I 2026-05-22 17:54:21,904] Trial 822 finished with value: 0.6073229921895881 and parameters: {'P_amp': 0.8984018171561281, 'P_wet': 1969.8519553565984, 'P_pow': 5.634331246478541, 'rate_power': 1.1708804065134386}. Best is trial 788 with value: 0.608348636891553.
[I 2026-05-22 17:54:22,203] Trial 823 finished with value: 0.5846034693620169 and parameters: {'P_amp': 0.5757045848560841, 'P_wet': 3855.3417363448298, 'P_pow': 4.004665958852323, 'rate_power': 0.751773302845716}. Best is trial 788 with value: 0.608348636891553.
[I 2026-05-22 17:54:22,501] Trial 824 finished with value: 0.6078109513720447 and parameters: {'P_amp': 0.8923153469343109, 'P_wet': 2962.8394291027826, 'P_pow': 5.939566601556005, 'rate_power': 1.1909994344032915}. Best is trial 788 with value: 0.608348636891553.
[I 2026-05-22 17:54:22,799] Trial 825 finished with value: 0.6039803613729884 and parameters: {'P_amp': 0.67814620221897, 'P_wet': 1567.3040825596656, 'P_pow': 5.994802240061691, 'rate_power': 1.0445910472659157}. Best is trial 788 with value: 0.608348636891553.
[I 2026-05-22 17:54:23,092] Trial 826 finished with value: 0.6049572479103268 and parameters: {'P_amp': 0.8895687129722857, 'P_wet': 1769.5251462997414, 'P_pow': 5.0226126397199, 'rate_power': 1.2063186424984296}. Best is trial 788 with value: 0.608348636891553.
[I 2026-05-22 17:54:23,389] Trial 827 finished with value: 0.6061536830581684 and parameters: {'P_amp': 0.8871934352923728, 'P_wet': 3482.0772881082794, 'P_pow': 4.503929064315782, 'rate_power': 1.0978718605526263}. Best is trial 788 with value: 0.608348636891553.
[I 2026-05-22 17:54:23,688] Trial 828 finished with value: 0.6057886346171445 and parameters: {'P_amp': 0.7083955179016629, 'P_wet': 1927.5970197454003, 'P_pow': 4.831204791916269, 'rate_power': 1.2941775226638994}. Best is trial 788 with value: 0.608348636891553.
[I 2026-05-22 17:54:23,986] Trial 829 finished with value: 0.60791241161106 and parameters: {'P_amp': 0.7828974822786829, 'P_wet': 2712.32775935275, 'P_pow': 5.057237753951698, 'rate_power': 1.219461269158031}. Best is trial 788 with value: 0.608348636891553.
[I 2026-05-22 17:54:24,284] Trial 830 finished with value: 0.6077784032883521 and parameters: {'P_amp': 0.8904584174942304, 'P_wet': 2600.5940809173926, 'P_pow': 4.908024652306853, 'rate_power': 1.1942731226183112}. Best is trial 788 with value: 0.608348636891553.
[I 2026-05-22 17:54:24,582] Trial 831 finished with value: 0.6079196333687531 and parameters: {'P_amp': 0.8974025931700246, 'P_wet': 2157.535125429572, 'P_pow': 5.9920180817888875, 'rate_power': 1.1545832610831543}. Best is trial 788 with value: 0.608348636891553.
[I 2026-05-22 17:54:24,886] Trial 832 finished with value: 0.6081096614554287 and parameters: {'P_amp': 0.8770359356867069, 'P_wet': 2878.3335810165336, 'P_pow': 5.970659962498039, 'rate_power': 1.2618246314200334}. Best is trial 788 with value: 0.608348636891553.
[I 2026-05-22 17:54:25,185] Trial 833 finished with value: 0.6075785192369807 and parameters: {'P_amp': 0.8890053438992086, 'P_wet': 3578.6973012436033, 'P_pow': 5.308282466378179, 'rate_power': 1.2053050038919901}. Best is trial 788 with value: 0.608348636891553.
[I 2026-05-22 17:54:25,484] Trial 834 finished with value: 0.6081055138216961 and parameters: {'P_amp': 0.7091206565272306, 'P_wet': 2252.1066198846243, 'P_pow': 5.974278711244829, 'rate_power': 1.257266523665804}. Best is trial 788 with value: 0.608348636891553.
[I 2026-05-22 17:54:25,784] Trial 835 finished with value: 0.5759797517570105 and parameters: {'P_amp': 0.8448029702268745, 'P_wet': 1075.1602742206771, 'P_pow': 5.053249356822881, 'rate_power': 1.284788550071476}. Best is trial 788 with value: 0.608348636891553.
[I 2026-05-22 17:54:26,084] Trial 836 finished with value: 0.6018023084162327 and parameters: {'P_amp': 0.8972269855817807, 'P_wet': 1506.9626980491707, 'P_pow': 5.871718870744919, 'rate_power': 1.157208380453696}. Best is trial 788 with value: 0.608348636891553.
[I 2026-05-22 17:54:26,383] Trial 837 finished with value: 0.6076039072765431 and parameters: {'P_amp': 0.8992813331495052, 'P_wet': 3825.2227814214266, 'P_pow': 5.06437825757547, 'rate_power': 1.2188900403803566}. Best is trial 788 with value: 0.608348636891553.
[I 2026-05-22 17:54:26,683] Trial 838 finished with value: 0.6079159033569307 and parameters: {'P_amp': 0.7740504858724966, 'P_wet': 2900.345223502397, 'P_pow': 5.9565070602396, 'rate_power': 1.2957828155133166}. Best is trial 788 with value: 0.608348636891553.
[I 2026-05-22 17:54:26,982] Trial 839 finished with value: 0.606035425234738 and parameters: {'P_amp': 0.4427472795058109, 'P_wet': 1669.24682113506, 'P_pow': 5.789610019171776, 'rate_power': 1.2541481084242294}. Best is trial 788 with value: 0.608348636891553.
[I 2026-05-22 17:54:27,282] Trial 840 finished with value: 0.6039621421874426 and parameters: {'P_amp': 0.4457294134963886, 'P_wet': 5384.184137825914, 'P_pow': 5.907958976222223, 'rate_power': 1.0357722632065913}. Best is trial 788 with value: 0.608348636891553.
[I 2026-05-22 17:54:27,581] Trial 841 finished with value: 0.6065926437310241 and parameters: {'P_amp': 0.7406773409350838, 'P_wet': 1897.5734410289772, 'P_pow': 5.149572695945076, 'rate_power': 1.2156035622623746}. Best is trial 788 with value: 0.608348636891553.
[I 2026-05-22 17:54:27,879] Trial 842 finished with value: 0.5887613351103786 and parameters: {'P_amp': 0.8852355678399658, 'P_wet': 1203.9463100246167, 'P_pow': 5.947967203953588, 'rate_power': 1.1645319079506917}. Best is trial 788 with value: 0.608348636891553.
[I 2026-05-22 17:54:28,178] Trial 843 finished with value: 0.6060694741786089 and parameters: {'P_amp': 0.5382816899451581, 'P_wet': 5181.365249807009, 'P_pow': 4.03789162641599, 'rate_power': 1.1151835422556302}. Best is trial 788 with value: 0.608348636891553.
[I 2026-05-22 17:54:28,477] Trial 844 finished with value: 0.6062078443438695 and parameters: {'P_amp': 0.7690672868430012, 'P_wet': 2175.3639063125606, 'P_pow': 4.790978812743951, 'rate_power': 1.078281046215273}. Best is trial 788 with value: 0.608348636891553.
[I 2026-05-22 17:54:28,777] Trial 845 finished with value: 0.6072335760078162 and parameters: {'P_amp': 0.8100800617292262, 'P_wet': 5459.957674705245, 'P_pow': 5.930842128140122, 'rate_power': 1.204553736236158}. Best is trial 788 with value: 0.608348636891553.
[I 2026-05-22 17:54:29,078] Trial 846 finished with value: 0.607757245069265 and parameters: {'P_amp': 0.6651553051809054, 'P_wet': 1984.3062717396247, 'P_pow': 5.986971510380214, 'rate_power': 1.2053787134691087}. Best is trial 788 with value: 0.608348636891553.
[I 2026-05-22 17:54:29,377] Trial 847 finished with value: 0.604696498055777 and parameters: {'P_amp': 0.7441044892940145, 'P_wet': 1602.9012670668078, 'P_pow': 5.992069588046352, 'rate_power': 1.1973309565002481}. Best is trial 788 with value: 0.608348636891553.
[I 2026-05-22 17:54:29,676] Trial 848 finished with value: 0.6079911627208645 and parameters: {'P_amp': 0.8491320353160738, 'P_wet': 2857.3954567244405, 'P_pow': 5.982114973360571, 'rate_power': 1.208795358609608}. Best is trial 788 with value: 0.608348636891553.
[I 2026-05-22 17:54:29,973] Trial 849 finished with value: 0.6082069505405648 and parameters: {'P_amp': 0.8962995365640375, 'P_wet': 2216.548407328828, 'P_pow': 5.991902587805833, 'rate_power': 1.1873767750102349}. Best is trial 788 with value: 0.608348636891553.
[I 2026-05-22 17:54:30,268] Trial 850 finished with value: 0.5905394051952639 and parameters: {'P_amp': 0.8984239602687104, 'P_wet': 1311.2255013144431, 'P_pow': 5.265583917612321, 'rate_power': 1.2782678072815314}. Best is trial 788 with value: 0.608348636891553.
[I 2026-05-22 17:54:30,561] Trial 851 finished with value: 0.6062829602159343 and parameters: {'P_amp': 0.8863898607785147, 'P_wet': 3683.1337752957475, 'P_pow': 5.801314963168629, 'rate_power': 1.1106774900540424}. Best is trial 788 with value: 0.608348636891553.
[I 2026-05-22 17:54:30,853] Trial 852 finished with value: 0.6058227303153979 and parameters: {'P_amp': 0.05805177750772089, 'P_wet': 798.5438970865953, 'P_pow': 3.1836979429117536, 'rate_power': 1.275911764199278}. Best is trial 788 with value: 0.608348636891553.
[I 2026-05-22 17:54:31,152] Trial 853 finished with value: 0.6078128526570958 and parameters: {'P_amp': 0.7462226993576669, 'P_wet': 2747.963202405146, 'P_pow': 4.921857531475739, 'rate_power': 1.2702518396603117}. Best is trial 788 with value: 0.608348636891553.
[I 2026-05-22 17:54:31,446] Trial 854 finished with value: 0.5779827093752182 and parameters: {'P_amp': 0.7351606215013653, 'P_wet': 996.1957550876054, 'P_pow': 5.933766376432335, 'rate_power': 1.223833382831202}. Best is trial 788 with value: 0.608348636891553.
[I 2026-05-22 17:54:31,737] Trial 855 finished with value: 0.6009314004906787 and parameters: {'P_amp': 0.8938357689888332, 'P_wet': 1567.430681678426, 'P_pow': 5.247164516034352, 'rate_power': 1.2591545808534006}. Best is trial 788 with value: 0.608348636891553.
[I 2026-05-22 17:54:32,026] Trial 856 finished with value: 0.6068260434028504 and parameters: {'P_amp': 0.8941312449277685, 'P_wet': 3367.32586254799, 'P_pow': 5.94300679343638, 'rate_power': 1.1324445297048433}. Best is trial 788 with value: 0.608348636891553.
[I 2026-05-22 17:54:32,324] Trial 857 finished with value: 0.6079014772280367 and parameters: {'P_amp': 0.8973670498859566, 'P_wet': 3130.357722947038, 'P_pow': 5.987965809674648, 'rate_power': 1.2847088250877674}. Best is trial 788 with value: 0.608348636891553.
[I 2026-05-22 17:54:32,624] Trial 858 finished with value: 0.607238184538857 and parameters: {'P_amp': 0.7843972291843311, 'P_wet': 1863.3755588333136, 'P_pow': 5.997070716845994, 'rate_power': 1.2113393090036355}. Best is trial 788 with value: 0.608348636891553.
[I 2026-05-22 17:54:32,924] Trial 859 finished with value: 0.6063692325667249 and parameters: {'P_amp': 0.774240357844149, 'P_wet': 1861.3285987502331, 'P_pow': 5.228647884089272, 'rate_power': 1.1592795524527122}. Best is trial 788 with value: 0.608348636891553.
[I 2026-05-22 17:54:33,222] Trial 860 finished with value: 0.6072306662612289 and parameters: {'P_amp': 0.7747328190366088, 'P_wet': 2586.275834619096, 'P_pow': 5.959557496039994, 'rate_power': 1.126624571497096}. Best is trial 788 with value: 0.608348636891553.
[I 2026-05-22 17:54:33,513] Trial 861 finished with value: 0.6075645241887478 and parameters: {'P_amp': 0.8917307864763758, 'P_wet': 3789.527036503929, 'P_pow': 4.095969310780317, 'rate_power': 1.2264331238913668}. Best is trial 788 with value: 0.608348636891553.
[I 2026-05-22 17:54:33,804] Trial 862 finished with value: 0.6074428758817632 and parameters: {'P_amp': 0.7644243873158502, 'P_wet': 3517.209742556998, 'P_pow': 5.9252526638667025, 'rate_power': 1.198348846116529}. Best is trial 788 with value: 0.608348636891553.
[I 2026-05-22 17:54:34,097] Trial 863 finished with value: 0.6075919386069734 and parameters: {'P_amp': 0.745011454983155, 'P_wet': 2837.2891128379592, 'P_pow': 5.963218038335011, 'rate_power': 1.1704338305906197}. Best is trial 788 with value: 0.608348636891553.
[I 2026-05-22 17:54:34,389] Trial 864 finished with value: 0.6059826397196948 and parameters: {'P_amp': 0.8921637973435153, 'P_wet': 1829.8227305099424, 'P_pow': 5.468512379974892, 'rate_power': 1.2323686294455949}. Best is trial 788 with value: 0.608348636891553.
[I 2026-05-22 17:54:34,682] Trial 865 finished with value: 0.6067477608422617 and parameters: {'P_amp': 0.8884339505671919, 'P_wet': 1953.4169441203983, 'P_pow': 5.8042241450722365, 'rate_power': 1.2948117911202157}. Best is trial 788 with value: 0.608348636891553.
[I 2026-05-22 17:54:34,981] Trial 866 finished with value: 0.5856834693726203 and parameters: {'P_amp': 0.2704743877079117, 'P_wet': 5218.852865721753, 'P_pow': 3.0525121288339347, 'rate_power': 0.7662700916145249}. Best is trial 788 with value: 0.608348636891553.
[I 2026-05-22 17:54:35,280] Trial 867 finished with value: 0.6078374545283175 and parameters: {'P_amp': 0.7491742338034342, 'P_wet': 2550.255485303345, 'P_pow': 5.134000076387789, 'rate_power': 1.2740535836781501}. Best is trial 788 with value: 0.608348636891553.
[I 2026-05-22 17:54:35,578] Trial 868 finished with value: 0.6079789558102379 and parameters: {'P_amp': 0.8945012684855316, 'P_wet': 2803.9357891023687, 'P_pow': 5.9169059310548215, 'rate_power': 1.1989340413924803}. Best is trial 788 with value: 0.608348636891553.
[I 2026-05-22 17:54:35,878] Trial 869 finished with value: 0.6079138460270521 and parameters: {'P_amp': 0.8153303953908984, 'P_wet': 2442.028790142015, 'P_pow': 5.105912456416969, 'rate_power': 1.215916663522787}. Best is trial 788 with value: 0.608348636891553.
[I 2026-05-22 17:54:36,177] Trial 870 finished with value: 0.6082399656529669 and parameters: {'P_amp': 0.8916907734472448, 'P_wet': 2218.17331292617, 'P_pow': 5.916541620865975, 'rate_power': 1.233966257927812}. Best is trial 788 with value: 0.608348636891553.
[I 2026-05-22 17:54:36,477] Trial 871 finished with value: 0.6074272842210251 and parameters: {'P_amp': 0.8949209266938846, 'P_wet': 1952.6502038907045, 'P_pow': 5.9254109653977025, 'rate_power': 1.154312328167254}. Best is trial 788 with value: 0.608348636891553.
[I 2026-05-22 17:54:36,776] Trial 872 finished with value: 0.6074158231426585 and parameters: {'P_amp': 0.8901750014319016, 'P_wet': 3835.4656275054854, 'P_pow': 5.158857982073361, 'rate_power': 1.199586087349295}. Best is trial 788 with value: 0.608348636891553.
[I 2026-05-22 17:54:37,076] Trial 873 finished with value: 0.6081843464424717 and parameters: {'P_amp': 0.8997653142399986, 'P_wet': 2283.0375255812787, 'P_pow': 5.710725444173808, 'rate_power': 1.2046932692447163}. Best is trial 788 with value: 0.608348636891553.
[I 2026-05-22 17:54:37,374] Trial 874 finished with value: 0.6076946940447607 and parameters: {'P_amp': 0.8997885094574021, 'P_wet': 2821.3482634251945, 'P_pow': 4.7283923319022385, 'rate_power': 1.2909063521138424}. Best is trial 788 with value: 0.608348636891553.
[I 2026-05-22 17:54:37,675] Trial 875 finished with value: 0.60803148235187 and parameters: {'P_amp': 0.882920252813318, 'P_wet': 2713.944502558672, 'P_pow': 5.197680070468859, 'rate_power': 1.2347729843372777}. Best is trial 788 with value: 0.608348636891553.
[I 2026-05-22 17:54:37,967] Trial 876 finished with value: 0.6004246860456701 and parameters: {'P_amp': 0.8987412273615041, 'P_wet': 1512.4219013161985, 'P_pow': 5.073102813971909, 'rate_power': 1.1875138822455924}. Best is trial 788 with value: 0.608348636891553.
[I 2026-05-22 17:54:38,259] Trial 877 finished with value: 0.6034391351576768 and parameters: {'P_amp': 0.14291450220880442, 'P_wet': 910.3568933672539, 'P_pow': 5.975517582132807, 'rate_power': 1.171271516735001}. Best is trial 788 with value: 0.608348636891553.
[I 2026-05-22 17:54:38,551] Trial 878 finished with value: 0.6069359258752899 and parameters: {'P_amp': 0.8984806152588249, 'P_wet': 2064.4296526898147, 'P_pow': 5.348725379507762, 'rate_power': 1.2849281492895663}. Best is trial 788 with value: 0.608348636891553.
[I 2026-05-22 17:54:38,846] Trial 879 finished with value: 0.6076783889007 and parameters: {'P_amp': 0.8950424011775948, 'P_wet': 2084.08978172508, 'P_pow': 5.9913394196539675, 'rate_power': 1.2839347466795854}. Best is trial 788 with value: 0.608348636891553.
[I 2026-05-22 17:54:39,139] Trial 880 finished with value: 0.608169012934377 and parameters: {'P_amp': 0.8441048367867731, 'P_wet': 2157.29721709895, 'P_pow': 5.988212021719079, 'rate_power': 1.230272238667324}. Best is trial 788 with value: 0.608348636891553.
[I 2026-05-22 17:54:39,430] Trial 881 finished with value: 0.6073661683904537 and parameters: {'P_amp': 0.7805445622105008, 'P_wet': 2932.939270542172, 'P_pow': 5.071142373231993, 'rate_power': 1.1637120857536498}. Best is trial 788 with value: 0.608348636891553.
[I 2026-05-22 17:54:39,719] Trial 882 finished with value: 0.6082167852111218 and parameters: {'P_amp': 0.8918009014691934, 'P_wet': 2279.5840720826545, 'P_pow': 5.981077498230471, 'rate_power': 1.1883953686460034}. Best is trial 788 with value: 0.608348636891553.
[I 2026-05-22 17:54:40,012] Trial 883 finished with value: 0.5216135022638629 and parameters: {'P_amp': 0.8735286268193098, 'P_wet': 331.1592817472733, 'P_pow': 2.7738033754852824, 'rate_power': 0.9695293987559394}. Best is trial 788 with value: 0.608348636891553.
[I 2026-05-22 17:54:40,303] Trial 884 finished with value: 0.6078986802690065 and parameters: {'P_amp': 0.8955082656667056, 'P_wet': 2385.5979795826147, 'P_pow': 5.214693227259756, 'rate_power': 1.192214729345417}. Best is trial 788 with value: 0.608348636891553.
[I 2026-05-22 17:54:40,595] Trial 885 finished with value: 0.6066061836616506 and parameters: {'P_amp': 0.776783091714361, 'P_wet': 1946.209205671396, 'P_pow': 5.8726939291401, 'rate_power': 1.0798043895508254}. Best is trial 788 with value: 0.608348636891553.
[I 2026-05-22 17:54:40,886] Trial 886 finished with value: 0.6074011395973209 and parameters: {'P_amp': 0.8971437354536175, 'P_wet': 2468.4880885090665, 'P_pow': 5.080984425312262, 'rate_power': 1.1363734806010088}. Best is trial 788 with value: 0.608348636891553.
[I 2026-05-22 17:54:41,179] Trial 887 finished with value: 0.6080010724282867 and parameters: {'P_amp': 0.7802094809179186, 'P_wet': 2082.038361960861, 'P_pow': 5.949737060352477, 'rate_power': 1.2024404677214608}. Best is trial 788 with value: 0.608348636891553.
[I 2026-05-22 17:54:41,474] Trial 888 finished with value: 0.6076335803074809 and parameters: {'P_amp': 0.7084438784554008, 'P_wet': 3763.4047880644266, 'P_pow': 5.970362684265853, 'rate_power': 1.2545439097627795}. Best is trial 788 with value: 0.608348636891553.
[I 2026-05-22 17:54:41,774] Trial 889 finished with value: 0.607802379141702 and parameters: {'P_amp': 0.7659469795255284, 'P_wet': 2896.5322048166895, 'P_pow': 5.956542010277047, 'rate_power': 1.200604233742544}. Best is trial 788 with value: 0.608348636891553.
[I 2026-05-22 17:54:42,071] Trial 890 finished with value: 0.6017119743292605 and parameters: {'P_amp': 0.30306446592853276, 'P_wet': 1237.9515249598953, 'P_pow': 1.941504096140548, 'rate_power': 1.2348006613360376}. Best is trial 788 with value: 0.608348636891553.
[I 2026-05-22 17:54:42,369] Trial 891 finished with value: 0.5931144128758501 and parameters: {'P_amp': 0.7504688053134634, 'P_wet': 1230.57211816729, 'P_pow': 5.973376430416567, 'rate_power': 1.2087871093386393}. Best is trial 788 with value: 0.608348636891553.
[I 2026-05-22 17:54:42,668] Trial 892 finished with value: 0.604179966259978 and parameters: {'P_amp': 0.7559440759229461, 'P_wet': 1568.855194959172, 'P_pow': 5.962692464781443, 'rate_power': 1.1465029935640936}. Best is trial 788 with value: 0.608348636891553.
[I 2026-05-22 17:54:42,968] Trial 893 finished with value: 0.6076759488768132 and parameters: {'P_amp': 0.5337748906967261, 'P_wet': 2992.5650800038707, 'P_pow': 5.820809484175356, 'rate_power': 1.2987601041249246}. Best is trial 788 with value: 0.608348636891553.
[I 2026-05-22 17:54:43,265] Trial 894 finished with value: 0.5989977520920644 and parameters: {'P_amp': 0.706659625903183, 'P_wet': 1358.2504713536566, 'P_pow': 5.043162340139549, 'rate_power': 1.164433847130244}. Best is trial 788 with value: 0.608348636891553.
[I 2026-05-22 17:54:43,560] Trial 895 finished with value: 0.6076378170996577 and parameters: {'P_amp': 0.8939923890728423, 'P_wet': 2319.0884513797882, 'P_pow': 4.945719724097599, 'rate_power': 1.2447444558641643}. Best is trial 788 with value: 0.608348636891553.
[I 2026-05-22 17:54:43,851] Trial 896 finished with value: 0.596649415863246 and parameters: {'P_amp': 0.8390178215513261, 'P_wet': 1429.7451356916652, 'P_pow': 3.83023843729907, 'rate_power': 1.1837508606836495}. Best is trial 788 with value: 0.608348636891553.
[I 2026-05-22 17:54:44,142] Trial 897 finished with value: 0.60044365282732 and parameters: {'P_amp': 0.7675837923329851, 'P_wet': 1493.044216386923, 'P_pow': 5.713907268730897, 'rate_power': 1.2925320907346962}. Best is trial 788 with value: 0.608348636891553.
[I 2026-05-22 17:54:44,433] Trial 898 finished with value: 0.6074617985577189 and parameters: {'P_amp': 0.8953539214034295, 'P_wet': 5604.2243783042795, 'P_pow': 5.937189654750605, 'rate_power': 1.2288404677135734}. Best is trial 788 with value: 0.608348636891553.
[I 2026-05-22 17:54:44,732] Trial 899 finished with value: 0.6076920742768062 and parameters: {'P_amp': 0.7893463849800216, 'P_wet': 3663.21284195674, 'P_pow': 5.99917148967564, 'rate_power': 1.258311752992262}. Best is trial 788 with value: 0.608348636891553.
[I 2026-05-22 17:54:45,031] Trial 900 finished with value: 0.6028913489628454 and parameters: {'P_amp': 0.7620405043156101, 'P_wet': 1561.6571056501084, 'P_pow': 5.961470162980093, 'rate_power': 1.2727623709453728}. Best is trial 788 with value: 0.608348636891553.
[I 2026-05-22 17:54:45,325] Trial 901 finished with value: 0.5991592251364855 and parameters: {'P_amp': 0.896639632069319, 'P_wet': 1459.4280422720533, 'P_pow': 5.406103833279515, 'rate_power': 1.2021863135563582}. Best is trial 788 with value: 0.608348636891553.
[I 2026-05-22 17:54:45,618] Trial 902 finished with value: 0.6079482590183173 and parameters: {'P_amp': 0.7594764798817757, 'P_wet': 2555.255257771645, 'P_pow': 5.964086767638089, 'rate_power': 1.187358671374965}. Best is trial 788 with value: 0.608348636891553.
[I 2026-05-22 17:54:45,912] Trial 903 finished with value: 0.6051949559605488 and parameters: {'P_amp': 0.8860403018133882, 'P_wet': 1691.7827507830473, 'P_pow': 5.844536845499508, 'rate_power': 1.1953845627584379}. Best is trial 788 with value: 0.608348636891553.
[I 2026-05-22 17:54:46,207] Trial 904 finished with value: 0.6077412607978726 and parameters: {'P_amp': 0.7760032097453149, 'P_wet': 2436.4382956978043, 'P_pow': 5.290821154080316, 'rate_power': 1.2955448968441339}. Best is trial 788 with value: 0.608348636891553.
[I 2026-05-22 17:54:46,510] Trial 905 finished with value: 0.5890873521446868 and parameters: {'P_amp': 0.6453265968003924, 'P_wet': 2459.7022757102427, 'P_pow': 0.45204878627665357, 'rate_power': 0.7059187177504356}. Best is trial 788 with value: 0.608348636891553.
[I 2026-05-22 17:54:46,808] Trial 906 finished with value: 0.6067739949506731 and parameters: {'P_amp': 0.755051220741628, 'P_wet': 2477.4896012823137, 'P_pow': 5.112881207151999, 'rate_power': 1.104095601435689}. Best is trial 788 with value: 0.608348636891553.
[I 2026-05-22 17:54:47,107] Trial 907 finished with value: 0.6067752249671947 and parameters: {'P_amp': 0.7821590852171155, 'P_wet': 1806.8456211880866, 'P_pow': 5.945632389611165, 'rate_power': 1.1655412625388029}. Best is trial 788 with value: 0.608348636891553.
[I 2026-05-22 17:54:47,405] Trial 908 finished with value: 0.6080450043266427 and parameters: {'P_amp': 0.7564913590412522, 'P_wet': 2385.5461428458616, 'P_pow': 5.845496801921301, 'rate_power': 1.1995380224241796}. Best is trial 788 with value: 0.608348636891553.
[I 2026-05-22 17:54:47,704] Trial 909 finished with value: 0.6077185956020644 and parameters: {'P_amp': 0.7513743665610237, 'P_wet': 2801.444688547758, 'P_pow': 5.161352302842425, 'rate_power': 1.1963931011372293}. Best is trial 788 with value: 0.608348636891553.
[I 2026-05-22 17:54:48,004] Trial 910 finished with value: 0.6069850183057525 and parameters: {'P_amp': 0.8987767331814609, 'P_wet': 3740.8527660131685, 'P_pow': 5.9082338546052835, 'rate_power': 1.1581180546058243}. Best is trial 788 with value: 0.608348636891553.
[I 2026-05-22 17:54:48,301] Trial 911 finished with value: 0.6080786161722558 and parameters: {'P_amp': 0.8998423326133946, 'P_wet': 2875.6521283168668, 'P_pow': 5.756002892933815, 'rate_power': 1.2142713741795488}. Best is trial 788 with value: 0.608348636891553.
[I 2026-05-22 17:54:48,602] Trial 912 finished with value: 0.6071754468700973 and parameters: {'P_amp': 0.8987585721746639, 'P_wet': 2070.3162890901244, 'P_pow': 5.218271435486251, 'rate_power': 1.1475001315452549}. Best is trial 788 with value: 0.608348636891553.
[I 2026-05-22 17:54:48,902] Trial 913 finished with value: 0.6041336813021282 and parameters: {'P_amp': 0.8709448010185007, 'P_wet': 1677.5415123383937, 'P_pow': 5.984885578779006, 'rate_power': 1.2819454889207387}. Best is trial 788 with value: 0.608348636891553.
[I 2026-05-22 17:54:49,197] Trial 914 finished with value: 0.6077935517166386 and parameters: {'P_amp': 0.8991761095878339, 'P_wet': 2270.0897776967936, 'P_pow': 5.864747354515797, 'rate_power': 1.137986465409478}. Best is trial 788 with value: 0.608348636891553.
[I 2026-05-22 17:54:49,488] Trial 915 finished with value: 0.6074568505144938 and parameters: {'P_amp': 0.7728472977679731, 'P_wet': 2094.586226147702, 'P_pow': 5.268913710116942, 'rate_power': 1.2401637504843108}. Best is trial 788 with value: 0.608348636891553.
[I 2026-05-22 17:54:49,783] Trial 916 finished with value: 0.5990973609632341 and parameters: {'P_amp': 0.8973700434601725, 'P_wet': 1497.0096545448685, 'P_pow': 5.902501342025545, 'rate_power': 1.295123951937402}. Best is trial 788 with value: 0.608348636891553.
[I 2026-05-22 17:54:50,077] Trial 917 finished with value: 0.6073718271582988 and parameters: {'P_amp': 0.7676059478560997, 'P_wet': 2175.517477497058, 'P_pow': 5.243438141419065, 'rate_power': 1.2891127124800146}. Best is trial 788 with value: 0.608348636891553.
[I 2026-05-22 17:54:50,376] Trial 918 finished with value: 0.6082110551109506 and parameters: {'P_amp': 0.8958695060860008, 'P_wet': 2568.361211489936, 'P_pow': 5.643470022842276, 'rate_power': 1.2360599682668214}. Best is trial 788 with value: 0.608348636891553.
[I 2026-05-22 17:54:50,675] Trial 919 finished with value: 0.6080492351737268 and parameters: {'P_amp': 0.8952619424334485, 'P_wet': 2834.310969269845, 'P_pow': 5.277623602000302, 'rate_power': 1.2482250774900276}. Best is trial 788 with value: 0.608348636891553.
[I 2026-05-22 17:54:50,970] Trial 920 finished with value: 0.6072752511274568 and parameters: {'P_amp': 0.8910033712284584, 'P_wet': 4012.774910996666, 'P_pow': 5.9716158521424525, 'rate_power': 1.1910068772595275}. Best is trial 788 with value: 0.608348636891553.
[I 2026-05-22 17:54:51,262] Trial 921 finished with value: 0.6080514284690915 and parameters: {'P_amp': 0.7180327207712437, 'P_wet': 2110.044171178192, 'P_pow': 5.981927489636108, 'rate_power': 1.2070317625391545}. Best is trial 788 with value: 0.608348636891553.
[I 2026-05-22 17:54:51,556] Trial 922 finished with value: 0.60756394656829 and parameters: {'P_amp': 0.7440904900056956, 'P_wet': 4757.829562545209, 'P_pow': 4.846334903074062, 'rate_power': 1.255524448375566}. Best is trial 788 with value: 0.608348636891553.
[I 2026-05-22 17:54:51,851] Trial 923 finished with value: 0.6083065905785228 and parameters: {'P_amp': 0.8827372099505651, 'P_wet': 2397.826294237466, 'P_pow': 5.926075474312351, 'rate_power': 1.2393329716301693}. Best is trial 788 with value: 0.608348636891553.
[I 2026-05-22 17:54:52,146] Trial 924 finished with value: 0.607770845157267 and parameters: {'P_amp': 0.8897963041722945, 'P_wet': 2058.5626133836354, 'P_pow': 5.962138320622485, 'rate_power': 1.2571488215595765}. Best is trial 788 with value: 0.608348636891553.
[I 2026-05-22 17:54:52,440] Trial 925 finished with value: 0.6067237080847921 and parameters: {'P_amp': 0.7546974698209965, 'P_wet': 2304.4238665701287, 'P_pow': 4.0168791033089235, 'rate_power': 1.2374894117918398}. Best is trial 788 with value: 0.608348636891553.
[I 2026-05-22 17:54:52,736] Trial 926 finished with value: 0.6081086895022441 and parameters: {'P_amp': 0.8979133911545745, 'P_wet': 2542.372062600084, 'P_pow': 5.8568434414833686, 'rate_power': 1.1891792414893492}. Best is trial 788 with value: 0.608348636891553.
[I 2026-05-22 17:54:53,035] Trial 927 finished with value: 0.6009315468647779 and parameters: {'P_amp': 0.2385114813123449, 'P_wet': 340.65284853757146, 'P_pow': 0.5217334109174239, 'rate_power': 0.9208276498657724}. Best is trial 788 with value: 0.608348636891553.
[I 2026-05-22 17:54:53,332] Trial 928 finished with value: 0.5969128198492921 and parameters: {'P_amp': 0.7589023452773834, 'P_wet': 1370.175073011842, 'P_pow': 5.121960948926672, 'rate_power': 1.2494763700615443}. Best is trial 788 with value: 0.608348636891553.
[I 2026-05-22 17:54:53,626] Trial 929 finished with value: 0.6074963054780708 and parameters: {'P_amp': 0.7673993399494096, 'P_wet': 2545.193136231348, 'P_pow': 5.249527164659231, 'rate_power': 1.1580240240249426}. Best is trial 788 with value: 0.608348636891553.
[I 2026-05-22 17:54:53,916] Trial 930 finished with value: 0.607655993150145 and parameters: {'P_amp': 0.7651793037878568, 'P_wet': 3541.382421120384, 'P_pow': 5.049978056648991, 'rate_power': 1.289696816392554}. Best is trial 788 with value: 0.608348636891553.
[I 2026-05-22 17:54:54,206] Trial 931 finished with value: 0.6072656173727867 and parameters: {'P_amp': 0.7277600739205716, 'P_wet': 3894.098346113728, 'P_pow': 5.990833579984547, 'rate_power': 1.191869703835227}. Best is trial 788 with value: 0.608348636891553.
[I 2026-05-22 17:54:54,504] Trial 932 finished with value: 0.6060564393245661 and parameters: {'P_amp': 0.8921712812470898, 'P_wet': 1939.8635414592245, 'P_pow': 4.914962339441042, 'rate_power': 1.0926297296112548}. Best is trial 788 with value: 0.608348636891553.
[I 2026-05-22 17:54:54,801] Trial 933 finished with value: 0.6070892881139869 and parameters: {'P_amp': 0.8958387051871914, 'P_wet': 1989.2082095000976, 'P_pow': 5.971057845380378, 'rate_power': 1.29952934275972}. Best is trial 788 with value: 0.608348636891553.
[I 2026-05-22 17:54:55,100] Trial 934 finished with value: 0.6045073078288236 and parameters: {'P_amp': 0.7906363963599697, 'P_wet': 1604.8115618458942, 'P_pow': 5.9530274244358745, 'rate_power': 1.190140435332021}. Best is trial 788 with value: 0.608348636891553.
[I 2026-05-22 17:54:55,399] Trial 935 finished with value: 0.6056744453834574 and parameters: {'P_amp': 0.8839997809268404, 'P_wet': 1716.0529060140836, 'P_pow': 5.9933811439347995, 'rate_power': 1.1998253455521908}. Best is trial 788 with value: 0.608348636891553.
[I 2026-05-22 17:54:55,697] Trial 936 finished with value: 0.6074048236467685 and parameters: {'P_amp': 0.8962221391292646, 'P_wet': 2144.5744055949867, 'P_pow': 5.088300701993457, 'rate_power': 1.2379455095596994}. Best is trial 788 with value: 0.608348636891553.
[I 2026-05-22 17:54:55,996] Trial 937 finished with value: 0.6042360794056691 and parameters: {'P_amp': 0.0018207225545414096, 'P_wet': 967.695915507592, 'P_pow': 0.9547588451562969, 'rate_power': 1.0457568193574334}. Best is trial 788 with value: 0.608348636891553.
[I 2026-05-22 17:54:56,294] Trial 938 finished with value: 0.6077129852595496 and parameters: {'P_amp': 0.815219158733793, 'P_wet': 3445.746352742516, 'P_pow': 5.94427198121718, 'rate_power': 1.2947286137638196}. Best is trial 788 with value: 0.608348636891553.
[I 2026-05-22 17:54:56,591] Trial 939 finished with value: 0.6057175395453323 and parameters: {'P_amp': 0.7636454343542218, 'P_wet': 4624.227597844142, 'P_pow': 4.958627839106566, 'rate_power': 1.0945111204030282}. Best is trial 788 with value: 0.608348636891553.
[I 2026-05-22 17:54:56,890] Trial 940 finished with value: 0.6049989697166378 and parameters: {'P_amp': 0.8976098364113204, 'P_wet': 5595.508386680303, 'P_pow': 5.16268234915924, 'rate_power': 1.0681880149776233}. Best is trial 788 with value: 0.608348636891553.
[I 2026-05-22 17:54:57,186] Trial 941 finished with value: 0.6077018895493562 and parameters: {'P_amp': 0.7379282509702374, 'P_wet': 2119.9476606546727, 'P_pow': 5.9275628474452295, 'rate_power': 1.2958745295774523}. Best is trial 788 with value: 0.608348636891553.
[I 2026-05-22 17:54:57,485] Trial 942 finished with value: 0.6076383835201628 and parameters: {'P_amp': 0.7863194193513072, 'P_wet': 3320.9024411321743, 'P_pow': 4.96483756803128, 'rate_power': 1.2997312530939396}. Best is trial 788 with value: 0.608348636891553.
[I 2026-05-22 17:54:57,784] Trial 943 finished with value: 0.5950031640080214 and parameters: {'P_amp': 0.8932016944108684, 'P_wet': 1308.6796022764943, 'P_pow': 5.9196444583704215, 'rate_power': 1.1392960068620297}. Best is trial 788 with value: 0.608348636891553.
[I 2026-05-22 17:54:58,083] Trial 944 finished with value: 0.6074838596963711 and parameters: {'P_amp': 0.7554591567509213, 'P_wet': 2924.22872520778, 'P_pow': 5.000543772493185, 'rate_power': 1.1734723167896661}. Best is trial 788 with value: 0.608348636891553.
[I 2026-05-22 17:54:58,382] Trial 945 finished with value: 0.6080634486287106 and parameters: {'P_amp': 0.8324834451331897, 'P_wet': 2851.651968557007, 'P_pow': 5.967646991452825, 'rate_power': 1.218479043543079}. Best is trial 788 with value: 0.608348636891553.
[I 2026-05-22 17:54:58,681] Trial 946 finished with value: 0.6074391043899247 and parameters: {'P_amp': 0.7429267718973395, 'P_wet': 1989.108616610445, 'P_pow': 5.996255388046952, 'rate_power': 1.2827289845733294}. Best is trial 788 with value: 0.608348636891553.
[I 2026-05-22 17:54:58,994] Trial 947 finished with value: 0.6076878771518202 and parameters: {'P_amp': 0.8918611030909035, 'P_wet': 3627.011623058045, 'P_pow': 5.297972478551576, 'rate_power': 1.2873465348289006}. Best is trial 788 with value: 0.608348636891553.
[I 2026-05-22 17:54:59,295] Trial 948 finished with value: 0.6070191220094857 and parameters: {'P_amp': 0.5901345611972802, 'P_wet': 2061.292069643835, 'P_pow': 4.906837661468236, 'rate_power': 1.1709566381832934}. Best is trial 788 with value: 0.608348636891553.
[I 2026-05-22 17:54:59,597] Trial 949 finished with value: 0.6070871587048444 and parameters: {'P_amp': 0.7506808271829057, 'P_wet': 2803.4123642583745, 'P_pow': 5.936875054766057, 'rate_power': 1.1302295062610725}. Best is trial 788 with value: 0.608348636891553.
[I 2026-05-22 17:54:59,897] Trial 950 finished with value: 0.6063132362081239 and parameters: {'P_amp': 0.7586116193829834, 'P_wet': 1898.5388865553407, 'P_pow': 5.071734518493154, 'rate_power': 1.2394649402725555}. Best is trial 788 with value: 0.608348636891553.
[I 2026-05-22 17:55:00,196] Trial 951 finished with value: 0.5819734032743445 and parameters: {'P_amp': 0.2183024181860641, 'P_wet': 5050.596349917811, 'P_pow': 0.7020989630421135, 'rate_power': 0.7143283258060653}. Best is trial 788 with value: 0.608348636891553.
[I 2026-05-22 17:55:00,493] Trial 952 finished with value: 0.6080269207471334 and parameters: {'P_amp': 0.8868075756480313, 'P_wet': 3070.0372434349424, 'P_pow': 5.992535998183237, 'rate_power': 1.2408373142544753}. Best is trial 788 with value: 0.608348636891553.
[I 2026-05-22 17:55:00,792] Trial 953 finished with value: 0.6041166727936315 and parameters: {'P_amp': 0.7483825479076104, 'P_wet': 1625.2498492830837, 'P_pow': 5.133501330920885, 'rate_power': 1.1807755407820317}. Best is trial 788 with value: 0.608348636891553.
[I 2026-05-22 17:55:01,092] Trial 954 finished with value: 0.6005360782542326 and parameters: {'P_amp': 0.36106758116847004, 'P_wet': 517.6133350672969, 'P_pow': 0.5672280171875692, 'rate_power': 1.100533190538844}. Best is trial 788 with value: 0.608348636891553.
[I 2026-05-22 17:55:01,391] Trial 955 finished with value: 0.6078171331849054 and parameters: {'P_amp': 0.8897420859808368, 'P_wet': 2434.104779381118, 'P_pow': 4.943188925640255, 'rate_power': 1.2003087265088577}. Best is trial 788 with value: 0.608348636891553.
[I 2026-05-22 17:55:01,690] Trial 956 finished with value: 0.6055145762425886 and parameters: {'P_amp': 0.8923661633266081, 'P_wet': 1716.2681470180557, 'P_pow': 5.912187429391017, 'rate_power': 1.2042818395359722}. Best is trial 788 with value: 0.608348636891553.
[I 2026-05-22 17:55:01,987] Trial 957 finished with value: 0.6081942819126157 and parameters: {'P_amp': 0.8836029660557811, 'P_wet': 2397.6024735857814, 'P_pow': 5.9347680780884, 'rate_power': 1.2789259256262353}. Best is trial 788 with value: 0.608348636891553.
[I 2026-05-22 17:55:02,287] Trial 958 finished with value: 0.6065823292773971 and parameters: {'P_amp': 0.7698733599372867, 'P_wet': 3644.4004375761083, 'P_pow': 5.99651315133049, 'rate_power': 1.1303385956878103}. Best is trial 788 with value: 0.608348636891553.
[I 2026-05-22 17:55:02,581] Trial 959 finished with value: 0.6075904732028615 and parameters: {'P_amp': 0.7608999786033005, 'P_wet': 2535.1509365130632, 'P_pow': 4.994355793712451, 'rate_power': 1.1742529465859013}. Best is trial 788 with value: 0.608348636891553.
[I 2026-05-22 17:55:02,879] Trial 960 finished with value: 0.607836402241713 and parameters: {'P_amp': 0.7527718778234778, 'P_wet': 2385.819248327331, 'P_pow': 5.113050130819847, 'rate_power': 1.2349206576976501}. Best is trial 788 with value: 0.608348636891553.
[I 2026-05-22 17:55:03,178] Trial 961 finished with value: 0.6064452650722904 and parameters: {'P_amp': 0.8861663576445393, 'P_wet': 1998.6602972820267, 'P_pow': 4.901126455622723, 'rate_power': 1.2425795448692831}. Best is trial 788 with value: 0.608348636891553.
[I 2026-05-22 17:55:03,477] Trial 962 finished with value: 0.6079089833860999 and parameters: {'P_amp': 0.8772027429562298, 'P_wet': 3250.9046966026253, 'P_pow': 5.958377142502983, 'rate_power': 1.2581804768583165}. Best is trial 788 with value: 0.608348636891553.
[I 2026-05-22 17:55:03,777] Trial 963 finished with value: 0.6070116266289293 and parameters: {'P_amp': 0.74270895626905, 'P_wet': 1929.976613876086, 'P_pow': 5.321098958400413, 'rate_power': 1.2083136824552438}. Best is trial 788 with value: 0.608348636891553.
[I 2026-05-22 17:55:04,068] Trial 964 finished with value: 0.6079492995904701 and parameters: {'P_amp': 0.7932664738663485, 'P_wet': 2517.599053885251, 'P_pow': 5.1667025341624875, 'rate_power': 1.2458552794392617}. Best is trial 788 with value: 0.608348636891553.
[I 2026-05-22 17:55:04,359] Trial 965 finished with value: 0.607873896291232 and parameters: {'P_amp': 0.7958092486098731, 'P_wet': 2164.94212255893, 'P_pow': 5.986553382158129, 'rate_power': 1.1595711528521848}. Best is trial 788 with value: 0.608348636891553.
[I 2026-05-22 17:55:04,655] Trial 966 finished with value: 0.6052591206721398 and parameters: {'P_amp': 0.12227515243911385, 'P_wet': 3891.1071443989977, 'P_pow': 0.758184053003156, 'rate_power': 1.0879683568848115}. Best is trial 788 with value: 0.608348636891553.
[I 2026-05-22 17:55:04,950] Trial 967 finished with value: 0.6039420625363026 and parameters: {'P_amp': 0.8899271248815521, 'P_wet': 1612.160499771491, 'P_pow': 5.947044732543883, 'rate_power': 1.2007389001636142}. Best is trial 788 with value: 0.608348636891553.
[I 2026-05-22 17:55:05,247] Trial 968 finished with value: 0.6078196347809321 and parameters: {'P_amp': 0.6814627335904145, 'P_wet': 3180.3966142279296, 'P_pow': 5.957977810909803, 'rate_power': 1.2719391450746047}. Best is trial 788 with value: 0.608348636891553.
[I 2026-05-22 17:55:05,546] Trial 969 finished with value: 0.6069791831093737 and parameters: {'P_amp': 0.7605162472881153, 'P_wet': 1962.8582346395178, 'P_pow': 5.914304023951164, 'rate_power': 1.1034303422150036}. Best is trial 788 with value: 0.608348636891553.
[I 2026-05-22 17:55:05,846] Trial 970 finished with value: 0.6077864695921198 and parameters: {'P_amp': 0.7914850818863364, 'P_wet': 2690.9521099024646, 'P_pow': 5.214545733031288, 'rate_power': 1.191354828676258}. Best is trial 788 with value: 0.608348636891553.
[I 2026-05-22 17:55:06,144] Trial 971 finished with value: 0.6070940334556869 and parameters: {'P_amp': 0.8989503462057051, 'P_wet': 2354.413623266548, 'P_pow': 4.243068277492238, 'rate_power': 1.2184282792510244}. Best is trial 788 with value: 0.608348636891553.
[I 2026-05-22 17:55:06,445] Trial 972 finished with value: 0.6064440623718748 and parameters: {'P_amp': 0.8955933888033233, 'P_wet': 3263.9108499143076, 'P_pow': 5.78440671700863, 'rate_power': 1.1060016151413585}. Best is trial 788 with value: 0.608348636891553.
[I 2026-05-22 17:55:06,744] Trial 973 finished with value: 0.6070892422989785 and parameters: {'P_amp': 0.6111076910181896, 'P_wet': 2097.42972869116, 'P_pow': 4.992091915031162, 'rate_power': 1.2788021238584977}. Best is trial 788 with value: 0.608348636891553.
[I 2026-05-22 17:55:07,043] Trial 974 finished with value: 0.5998911806745801 and parameters: {'P_amp': 0.5390478396356558, 'P_wet': 1274.4812690396304, 'P_pow': 5.2499757701894145, 'rate_power': 1.1374761412261547}. Best is trial 788 with value: 0.608348636891553.
[I 2026-05-22 17:55:07,343] Trial 975 finished with value: 0.5368124832677459 and parameters: {'P_amp': 0.6150937074226603, 'P_wet': 359.71572494889904, 'P_pow': 5.365648052301463, 'rate_power': 1.2481375297249515}. Best is trial 788 with value: 0.608348636891553.
[I 2026-05-22 17:55:07,638] Trial 976 finished with value: 0.6075006112430514 and parameters: {'P_amp': 0.7798430729042853, 'P_wet': 4535.271653279848, 'P_pow': 5.115608554772183, 'rate_power': 1.2291401577939702}. Best is trial 788 with value: 0.608348636891553.
[I 2026-05-22 17:55:07,933] Trial 977 finished with value: 0.6074932956180277 and parameters: {'P_amp': 0.7865562477391546, 'P_wet': 2175.542269972213, 'P_pow': 5.491515688503009, 'rate_power': 1.296312017705509}. Best is trial 788 with value: 0.608348636891553.
[I 2026-05-22 17:55:08,230] Trial 978 finished with value: 0.5889345927438454 and parameters: {'P_amp': 0.4434392890108149, 'P_wet': 412.0111254465396, 'P_pow': 3.2692633827345934, 'rate_power': 0.7006441421272002}. Best is trial 788 with value: 0.608348636891553.
[I 2026-05-22 17:55:08,529] Trial 979 finished with value: 0.5726069756265806 and parameters: {'P_amp': 0.6900110740033071, 'P_wet': 340.4921327900434, 'P_pow': 3.3909470871936813, 'rate_power': 0.8159048005941516}. Best is trial 788 with value: 0.608348636891553.
[I 2026-05-22 17:55:08,825] Trial 980 finished with value: 0.6077936251790519 and parameters: {'P_amp': 0.8826115733720076, 'P_wet': 2691.139228759744, 'P_pow': 5.3526082507965285, 'rate_power': 1.175132230898566}. Best is trial 788 with value: 0.608348636891553.
[I 2026-05-22 17:55:09,125] Trial 981 finished with value: 0.6080496287427611 and parameters: {'P_amp': 0.8485775071982683, 'P_wet': 2641.1948226718573, 'P_pow': 5.978680187495243, 'rate_power': 1.1967613565721797}. Best is trial 788 with value: 0.608348636891553.
[I 2026-05-22 17:55:09,431] Trial 982 finished with value: 0.6071103983353033 and parameters: {'P_amp': 0.8832188801951069, 'P_wet': 2503.345358228043, 'P_pow': 5.141732109032881, 'rate_power': 1.1149745300331328}. Best is trial 788 with value: 0.608348636891553.
[I 2026-05-22 17:55:09,730] Trial 983 finished with value: 0.6071357694807566 and parameters: {'P_amp': 0.8970041008895161, 'P_wet': 2048.0001963707114, 'P_pow': 5.116245610691577, 'rate_power': 1.2195601724118237}. Best is trial 788 with value: 0.608348636891553.
[I 2026-05-22 17:55:10,030] Trial 984 finished with value: 0.5989575984097136 and parameters: {'P_amp': 0.2897623091855605, 'P_wet': 304.5442001073884, 'P_pow': 4.049462302192342, 'rate_power': 0.9890046359709123}. Best is trial 788 with value: 0.608348636891553.
[I 2026-05-22 17:55:10,329] Trial 985 finished with value: 0.6077371866133571 and parameters: {'P_amp': 0.8976052336406227, 'P_wet': 2396.1348103687405, 'P_pow': 4.8094993042896, 'rate_power': 1.217268366988023}. Best is trial 788 with value: 0.608348636891553.
[I 2026-05-22 17:55:10,629] Trial 986 finished with value: 0.5722427888456519 and parameters: {'P_amp': 0.7342500871826196, 'P_wet': 432.96220499103663, 'P_pow': 0.21297900895591138, 'rate_power': 1.2583465906248952}. Best is trial 788 with value: 0.608348636891553.
[I 2026-05-22 17:55:10,928] Trial 987 finished with value: 0.5943515174652738 and parameters: {'P_amp': 0.8974818300805191, 'P_wet': 1365.7317372473178, 'P_pow': 5.93722571350834, 'rate_power': 1.2768561818063269}. Best is trial 788 with value: 0.608348636891553.
[I 2026-05-22 17:55:11,226] Trial 988 finished with value: 0.6078453276184732 and parameters: {'P_amp': 0.8942283807093667, 'P_wet': 2066.0298856629956, 'P_pow': 5.9923794003353175, 'rate_power': 1.1638065689238573}. Best is trial 788 with value: 0.608348636891553.
[I 2026-05-22 17:55:11,525] Trial 989 finished with value: 0.6080102870206577 and parameters: {'P_amp': 0.8710883075916775, 'P_wet': 2616.6226746446996, 'P_pow': 5.97368823718265, 'rate_power': 1.1843747200907477}. Best is trial 788 with value: 0.608348636891553.
[I 2026-05-22 17:55:11,824] Trial 990 finished with value: 0.6080034762680492 and parameters: {'P_amp': 0.7268832938579481, 'P_wet': 2194.427358155578, 'P_pow': 5.952039306944264, 'rate_power': 1.190869376372363}. Best is trial 788 with value: 0.608348636891553.
[I 2026-05-22 17:55:12,122] Trial 991 finished with value: 0.6036485975477408 and parameters: {'P_amp': 0.7823358558357084, 'P_wet': 1592.407757616361, 'P_pow': 5.237463524242729, 'rate_power': 1.1586586379814943}. Best is trial 788 with value: 0.608348636891553.
[I 2026-05-22 17:55:12,421] Trial 992 finished with value: 0.6052952871676122 and parameters: {'P_amp': 0.8958959011756343, 'P_wet': 1720.9646132592773, 'P_pow': 5.984112284754035, 'rate_power': 1.0523521044530193}. Best is trial 788 with value: 0.608348636891553.
[I 2026-05-22 17:55:12,720] Trial 993 finished with value: 0.6074192378133689 and parameters: {'P_amp': 0.6965878455570689, 'P_wet': 1944.858998940865, 'P_pow': 5.98958665059582, 'rate_power': 1.2610515861880642}. Best is trial 788 with value: 0.608348636891553.
[I 2026-05-22 17:55:13,019] Trial 994 finished with value: 0.6081253799892057 and parameters: {'P_amp': 0.891383314059875, 'P_wet': 2625.220696563973, 'P_pow': 5.940002265354729, 'rate_power': 1.282466541700169}. Best is trial 788 with value: 0.608348636891553.
[I 2026-05-22 17:55:13,320] Trial 995 finished with value: 0.6074099820826598 and parameters: {'P_amp': 0.7648145489131484, 'P_wet': 2104.0782647648066, 'P_pow': 5.17709164326756, 'rate_power': 1.2379339410721826}. Best is trial 788 with value: 0.608348636891553.
[I 2026-05-22 17:55:13,620] Trial 996 finished with value: 0.5964220935648223 and parameters: {'P_amp': 0.5431726173899062, 'P_wet': 1188.355656506014, 'P_pow': 4.637573070168989, 'rate_power': 0.9148349725762834}. Best is trial 788 with value: 0.608348636891553.
[I 2026-05-22 17:55:13,918] Trial 997 finished with value: 0.6073915945339958 and parameters: {'P_amp': 0.8861184795603063, 'P_wet': 3348.071932507202, 'P_pow': 5.259618797404248, 'rate_power': 1.174180975074445}. Best is trial 788 with value: 0.608348636891553.
[I 2026-05-22 17:55:14,217] Trial 998 finished with value: 0.6079594728277651 and parameters: {'P_amp': 0.7751073317638588, 'P_wet': 2999.635305128694, 'P_pow': 5.900069431966848, 'rate_power': 1.2567127924015717}. Best is trial 788 with value: 0.608348636891553.
[I 2026-05-22 17:55:14,515] Trial 999 finished with value: 0.6080476823919404 and parameters: {'P_amp': 0.8986646481093274, 'P_wet': 2977.37337142547, 'P_pow': 5.491012824950595, 'rate_power': 1.2442927543592845}. Best is trial 788 with value: 0.608348636891553.
[best] 0.608348636891553 {'overall': 0.6297253727503342, 'bias': 0.7145745737991686, 'rmse': 0.3835292623565604, 'seas': 0.8518736217362881, 'spatial': 0.7302709424542597} {'bona': {'overall': 0.6284505347330719, 'bias': 0.8410648439471754, 'rmse': 0.3373961178960429, 'seas': 0.7781863914146188, 'spatial': 0.6355948932973761}, 'tena': {'overall': 0.5116435775982148, 'bias': 0.6703764713677827, 'rmse': 0.2729910997426325, 'seas': 0.7285937768668902, 'spatial': 0.45453254650156777}, 'tropics': {'overall': 0.6259466407479819, 'bias': 0.7156636549921586, 'rmse': 0.39777419425682126, 'seas': 0.8762475015739339, 'spatial': 0.652556644415998}, 'sh': {'overall': 0.535948151620041, 'bias': 0.6869365692842765, 'rmse': 0.3021460480693498, 'seas': 0.6138454382725831, 'spatial': 0.6236782367404101}} {'P_amp': 0.8892825253145448, 'P_wet': 2320.319269005085, 'P_pow': 5.94946409679268, 'rate_power': 1.2105860353271332}
[write] /Users/adithyasrinivasan/Projects/creativity-docs/exp-workspaces/exp_04/hermes/base/models/research/ED-C2-annual_wet_amp/params.json
[write] /Users/adithyasrinivasan/Projects/creativity-docs/exp-workspaces/exp_04/hermes/base/ilamb/MODELS/ED-C2-annual_wet_amp/burntArea.nc
