"Section","Variable","Source","Model","ScalarName","AnalysisType","Region","ScalarType","Units","Data","Weight"
"EcosystemandCarbonCycle","BurnedArea","GFED4.1S","ED-ModelC-fuel_moisture_balance","Benchmark Period Mean (intersection)","MeanState","bona","scalar","%","0.0334473","80.0"
"EcosystemandCarbonCycle","BurnedArea","GFED4.1S","ED-ModelC-fuel_moisture_balance","Benchmark Period Mean (complement)","MeanState","bona","scalar","%","0","80.0"
"EcosystemandCarbonCycle","BurnedArea","GFED4.1S","ED-ModelC-fuel_moisture_balance","Period Mean (original grids)","MeanState","bona","scalar","%","0.00422575","80.0"
"EcosystemandCarbonCycle","BurnedArea","GFED4.1S","ED-ModelC-fuel_moisture_balance","Model Period Mean (intersection)","MeanState","bona","scalar","%","0.00436456","80.0"
"EcosystemandCarbonCycle","BurnedArea","GFED4.1S","ED-ModelC-fuel_moisture_balance","Model Period Mean (complement)","MeanState","bona","scalar","%","8.11512e-05","80.0"
"EcosystemandCarbonCycle","BurnedArea","GFED4.1S","ED-ModelC-fuel_moisture_balance","Benchmark Period Mean (intersection)","MeanState","tena","scalar","%","0.0259374","80.0"
"EcosystemandCarbonCycle","BurnedArea","GFED4.1S","ED-ModelC-fuel_moisture_balance","Benchmark Period Mean (complement)","MeanState","tena","scalar","%","0","80.0"
"EcosystemandCarbonCycle","BurnedArea","GFED4.1S","ED-ModelC-fuel_moisture_balance","Period Mean (original grids)","MeanState","tena","scalar","%","0.172382","80.0"
"EcosystemandCarbonCycle","BurnedArea","GFED4.1S","ED-ModelC-fuel_moisture_balance","Model Period Mean (intersection)","MeanState","tena","scalar","%","0.176797","80.0"
"EcosystemandCarbonCycle","BurnedArea","GFED4.1S","ED-ModelC-fuel_moisture_balance","Model Period Mean (complement)","MeanState","tena","scalar","%","0.037924","80.0"
"EcosystemandCarbonCycle","BurnedArea","GFED4.1S","ED-ModelC-fuel_moisture_balance","Benchmark Period Mean (intersection)","MeanState","ceam","scalar","%","0.0824275","80.0"
"EcosystemandCarbonCycle","BurnedArea","GFED4.1S","ED-ModelC-fuel_moisture_balance","Benchmark Period Mean (complement)","MeanState","ceam","scalar","%","0","80.0"
"EcosystemandCarbonCycle","BurnedArea","GFED4.1S","ED-ModelC-fuel_moisture_balance","Period Mean (original grids)","MeanState","ceam","scalar","%","0.407658","80.0"
"EcosystemandCarbonCycle","BurnedArea","GFED4.1S","ED-ModelC-fuel_moisture_balance","Model Period Mean (intersection)","MeanState","ceam","scalar","%","0.462124","80.0"
"EcosystemandCarbonCycle","BurnedArea","GFED4.1S","ED-ModelC-fuel_moisture_balance","Model Period Mean (complement)","MeanState","ceam","scalar","%","0.0605075","80.0"
"EcosystemandCarbonCycle","BurnedArea","GFED4.1S","ED-ModelC-fuel_moisture_balance","Benchmark Period Mean (intersection)","MeanState","nhsa","scalar","%","0.142765","80.0"
"EcosystemandCarbonCycle","BurnedArea","GFED4.1S","ED-ModelC-fuel_moisture_balance","Benchmark Period Mean (complement)","MeanState","nhsa","scalar","%","0","80.0"
"EcosystemandCarbonCycle","BurnedArea","GFED4.1S","ED-ModelC-fuel_moisture_balance","Period Mean (original grids)","MeanState","nhsa","scalar","%","0.365067","80.0"
"EcosystemandCarbonCycle","BurnedArea","GFED4.1S","ED-ModelC-fuel_moisture_balance","Model Period Mean (intersection)","MeanState","nhsa","scalar","%","0.38617","80.0"
"EcosystemandCarbonCycle","BurnedArea","GFED4.1S","ED-ModelC-fuel_moisture_balance","Model Period Mean (complement)","MeanState","nhsa","scalar","%","0.06271","80.0"
"EcosystemandCarbonCycle","BurnedArea","GFED4.1S","ED-ModelC-fuel_moisture_balance","Benchmark Period Mean (intersection)","MeanState","shsa","scalar","%","0.145694","80.0"
"EcosystemandCarbonCycle","BurnedArea","GFED4.1S","ED-ModelC-fuel_moisture_balance","Benchmark Period Mean (complement)","MeanState","shsa","scalar","%","0","80.0"
"EcosystemandCarbonCycle","BurnedArea","GFED4.1S","ED-ModelC-fuel_moisture_balance","Period Mean (original grids)","MeanState","shsa","scalar","%","0.5075","80.0"
"EcosystemandCarbonCycle","BurnedArea","GFED4.1S","ED-ModelC-fuel_moisture_balance","Model Period Mean (intersection)","MeanState","shsa","scalar","%","0.526736","80.0"
"EcosystemandCarbonCycle","BurnedArea","GFED4.1S","ED-ModelC-fuel_moisture_balance","Model Period Mean (complement)","MeanState","shsa","scalar","%","0.00304514","80.0"
"EcosystemandCarbonCycle","BurnedArea","GFED4.1S","ED-ModelC-fuel_moisture_balance","Benchmark Period Mean (intersection)","MeanState","euro","scalar","%","0.0250618","80.0"
"EcosystemandCarbonCycle","BurnedArea","GFED4.1S","ED-ModelC-fuel_moisture_balance","Benchmark Period Mean (complement)","MeanState","euro","scalar","%","0","80.0"
"EcosystemandCarbonCycle","BurnedArea","GFED4.1S","ED-ModelC-fuel_moisture_balance","Period Mean (original grids)","MeanState","euro","scalar","%","0.142595","80.0"
"EcosystemandCarbonCycle","BurnedArea","GFED4.1S","ED-ModelC-fuel_moisture_balance","Model Period Mean (intersection)","MeanState","euro","scalar","%","0.158735","80.0"
"EcosystemandCarbonCycle","BurnedArea","GFED4.1S","ED-ModelC-fuel_moisture_balance","Model Period Mean (complement)","MeanState","euro","scalar","%","0.0198964","80.0"
"EcosystemandCarbonCycle","BurnedArea","GFED4.1S","ED-ModelC-fuel_moisture_balance","Benchmark Period Mean (intersection)","MeanState","mide","scalar","%","0.025217","80.0"
"EcosystemandCarbonCycle","BurnedArea","GFED4.1S","ED-ModelC-fuel_moisture_balance","Benchmark Period Mean (complement)","MeanState","mide","scalar","%","0","80.0"
"EcosystemandCarbonCycle","BurnedArea","GFED4.1S","ED-ModelC-fuel_moisture_balance","Period Mean (original grids)","MeanState","mide","scalar","%","0.245191","80.0"
"EcosystemandCarbonCycle","BurnedArea","GFED4.1S","ED-ModelC-fuel_moisture_balance","Model Period Mean (intersection)","MeanState","mide","scalar","%","0.313017","80.0"
"EcosystemandCarbonCycle","BurnedArea","GFED4.1S","ED-ModelC-fuel_moisture_balance","Model Period Mean (complement)","MeanState","mide","scalar","%","0.0716321","80.0"
"EcosystemandCarbonCycle","BurnedArea","GFED4.1S","ED-ModelC-fuel_moisture_balance","Benchmark Period Mean (intersection)","MeanState","nhaf","scalar","%","1.23284","80.0"
"EcosystemandCarbonCycle","BurnedArea","GFED4.1S","ED-ModelC-fuel_moisture_balance","Benchmark Period Mean (complement)","MeanState","nhaf","scalar","%","0","80.0"
"EcosystemandCarbonCycle","BurnedArea","GFED4.1S","ED-ModelC-fuel_moisture_balance","Period Mean (original grids)","MeanState","nhaf","scalar","%","1.05082","80.0"
"EcosystemandCarbonCycle","BurnedArea","GFED4.1S","ED-ModelC-fuel_moisture_balance","Model Period Mean (intersection)","MeanState","nhaf","scalar","%","1.11349","80.0"
"EcosystemandCarbonCycle","BurnedArea","GFED4.1S","ED-ModelC-fuel_moisture_balance","Model Period Mean (complement)","MeanState","nhaf","scalar","%","0.136243","80.0"
"EcosystemandCarbonCycle","BurnedArea","GFED4.1S","ED-ModelC-fuel_moisture_balance","Benchmark Period Mean (intersection)","MeanState","shaf","scalar","%","1.45692","80.0"
"EcosystemandCarbonCycle","BurnedArea","GFED4.1S","ED-ModelC-fuel_moisture_balance","Benchmark Period Mean (complement)","MeanState","shaf","scalar","%","0","80.0"
"EcosystemandCarbonCycle","BurnedArea","GFED4.1S","ED-ModelC-fuel_moisture_balance","Period Mean (original grids)","MeanState","shaf","scalar","%","0.948168","80.0"
"EcosystemandCarbonCycle","BurnedArea","GFED4.1S","ED-ModelC-fuel_moisture_balance","Model Period Mean (intersection)","MeanState","shaf","scalar","%","0.978647","80.0"
"EcosystemandCarbonCycle","BurnedArea","GFED4.1S","ED-ModelC-fuel_moisture_balance","Model Period Mean (complement)","MeanState","shaf","scalar","%","0.0653385","80.0"
"EcosystemandCarbonCycle","BurnedArea","GFED4.1S","ED-ModelC-fuel_moisture_balance","Benchmark Period Mean (intersection)","MeanState","boas","scalar","%","0.0336143","80.0"
"EcosystemandCarbonCycle","BurnedArea","GFED4.1S","ED-ModelC-fuel_moisture_balance","Benchmark Period Mean (complement)","MeanState","boas","scalar","%","0","80.0"
"EcosystemandCarbonCycle","BurnedArea","GFED4.1S","ED-ModelC-fuel_moisture_balance","Period Mean (original grids)","MeanState","boas","scalar","%","0.0118483","80.0"
"EcosystemandCarbonCycle","BurnedArea","GFED4.1S","ED-ModelC-fuel_moisture_balance","Model Period Mean (intersection)","MeanState","boas","scalar","%","0.0120244","80.0"
"EcosystemandCarbonCycle","BurnedArea","GFED4.1S","ED-ModelC-fuel_moisture_balance","Model Period Mean (complement)","MeanState","boas","scalar","%","0.000125551","80.0"
"EcosystemandCarbonCycle","BurnedArea","GFED4.1S","ED-ModelC-fuel_moisture_balance","Benchmark Period Mean (intersection)","MeanState","ceas","scalar","%","0.125736","80.0"
"EcosystemandCarbonCycle","BurnedArea","GFED4.1S","ED-ModelC-fuel_moisture_balance","Benchmark Period Mean (complement)","MeanState","ceas","scalar","%","0","80.0"
"EcosystemandCarbonCycle","BurnedArea","GFED4.1S","ED-ModelC-fuel_moisture_balance","Period Mean (original grids)","MeanState","ceas","scalar","%","0.146933","80.0"
"EcosystemandCarbonCycle","BurnedArea","GFED4.1S","ED-ModelC-fuel_moisture_balance","Model Period Mean (intersection)","MeanState","ceas","scalar","%","0.15333","80.0"
"EcosystemandCarbonCycle","BurnedArea","GFED4.1S","ED-ModelC-fuel_moisture_balance","Model Period Mean (complement)","MeanState","ceas","scalar","%","0.0752568","80.0"
"EcosystemandCarbonCycle","BurnedArea","GFED4.1S","ED-ModelC-fuel_moisture_balance","Benchmark Period Mean (intersection)","MeanState","seas","scalar","%","0.148029","80.0"
"EcosystemandCarbonCycle","BurnedArea","GFED4.1S","ED-ModelC-fuel_moisture_balance","Benchmark Period Mean (complement)","MeanState","seas","scalar","%","0","80.0"
"EcosystemandCarbonCycle","BurnedArea","GFED4.1S","ED-ModelC-fuel_moisture_balance","Period Mean (original grids)","MeanState","seas","scalar","%","0.655988","80.0"
"EcosystemandCarbonCycle","BurnedArea","GFED4.1S","ED-ModelC-fuel_moisture_balance","Model Period Mean (intersection)","MeanState","seas","scalar","%","0.709304","80.0"
"EcosystemandCarbonCycle","BurnedArea","GFED4.1S","ED-ModelC-fuel_moisture_balance","Model Period Mean (complement)","MeanState","seas","scalar","%","0.0719381","80.0"
"EcosystemandCarbonCycle","BurnedArea","GFED4.1S","ED-ModelC-fuel_moisture_balance","Benchmark Period Mean (intersection)","MeanState","eqas","scalar","%","0.0480126","80.0"
"EcosystemandCarbonCycle","BurnedArea","GFED4.1S","ED-ModelC-fuel_moisture_balance","Benchmark Period Mean (complement)","MeanState","eqas","scalar","%","0","80.0"
"EcosystemandCarbonCycle","BurnedArea","GFED4.1S","ED-ModelC-fuel_moisture_balance","Period Mean (original grids)","MeanState","eqas","scalar","%","0.0855815","80.0"
"EcosystemandCarbonCycle","BurnedArea","GFED4.1S","ED-ModelC-fuel_moisture_balance","Model Period Mean (intersection)","MeanState","eqas","scalar","%","0.114725","80.0"
"EcosystemandCarbonCycle","BurnedArea","GFED4.1S","ED-ModelC-fuel_moisture_balance","Model Period Mean (complement)","MeanState","eqas","scalar","%","0.00916454","80.0"
"EcosystemandCarbonCycle","BurnedArea","GFED4.1S","ED-ModelC-fuel_moisture_balance","Benchmark Period Mean (intersection)","MeanState","aust","scalar","%","0.529194","80.0"
"EcosystemandCarbonCycle","BurnedArea","GFED4.1S","ED-ModelC-fuel_moisture_balance","Benchmark Period Mean (complement)","MeanState","aust","scalar","%","0","80.0"
"EcosystemandCarbonCycle","BurnedArea","GFED4.1S","ED-ModelC-fuel_moisture_balance","Period Mean (original grids)","MeanState","aust","scalar","%","0.372798","80.0"
"EcosystemandCarbonCycle","BurnedArea","GFED4.1S","ED-ModelC-fuel_moisture_balance","Model Period Mean (intersection)","MeanState","aust","scalar","%","0.394633","80.0"
"EcosystemandCarbonCycle","BurnedArea","GFED4.1S","ED-ModelC-fuel_moisture_balance","Model Period Mean (complement)","MeanState","aust","scalar","%","0.0903763","80.0"
"EcosystemandCarbonCycle","BurnedArea","GFED4.1S","ED-ModelC-fuel_moisture_balance","Spatial Distribution Score","MeanState","bona","score","1","0.0930453","80.0"
"EcosystemandCarbonCycle","BurnedArea","GFED4.1S","ED-ModelC-fuel_moisture_balance","Spatial Distribution Score","MeanState","tena","score","1","0.300883","80.0"
"EcosystemandCarbonCycle","BurnedArea","GFED4.1S","ED-ModelC-fuel_moisture_balance","Spatial Distribution Score","MeanState","ceam","score","1","0.221449","80.0"
"EcosystemandCarbonCycle","BurnedArea","GFED4.1S","ED-ModelC-fuel_moisture_balance","Spatial Distribution Score","MeanState","nhsa","score","1","0.798426","80.0"
"EcosystemandCarbonCycle","BurnedArea","GFED4.1S","ED-ModelC-fuel_moisture_balance","Spatial Distribution Score","MeanState","shsa","score","1","0.519241","80.0"
"EcosystemandCarbonCycle","BurnedArea","GFED4.1S","ED-ModelC-fuel_moisture_balance","Spatial Distribution Score","MeanState","euro","score","1","0.135566","80.0"
"EcosystemandCarbonCycle","BurnedArea","GFED4.1S","ED-ModelC-fuel_moisture_balance","Spatial Distribution Score","MeanState","mide","score","1","0.145012","80.0"
"EcosystemandCarbonCycle","BurnedArea","GFED4.1S","ED-ModelC-fuel_moisture_balance","Spatial Distribution Score","MeanState","nhaf","score","1","0.535842","80.0"
"EcosystemandCarbonCycle","BurnedArea","GFED4.1S","ED-ModelC-fuel_moisture_balance","Spatial Distribution Score","MeanState","shaf","score","1","0.453137","80.0"
"EcosystemandCarbonCycle","BurnedArea","GFED4.1S","ED-ModelC-fuel_moisture_balance","Spatial Distribution Score","MeanState","boas","score","1","0.20581","80.0"
"EcosystemandCarbonCycle","BurnedArea","GFED4.1S","ED-ModelC-fuel_moisture_balance","Spatial Distribution Score","MeanState","ceas","score","1","0.653864","80.0"
"EcosystemandCarbonCycle","BurnedArea","GFED4.1S","ED-ModelC-fuel_moisture_balance","Spatial Distribution Score","MeanState","seas","score","1","0.446438","80.0"
"EcosystemandCarbonCycle","BurnedArea","GFED4.1S","ED-ModelC-fuel_moisture_balance","Spatial Distribution Score","MeanState","eqas","score","1","0.406087","80.0"
"EcosystemandCarbonCycle","BurnedArea","GFED4.1S","ED-ModelC-fuel_moisture_balance","Spatial Distribution Score","MeanState","aust","score","1","0.699024","80.0"
"EcosystemandCarbonCycle","BurnedArea","GFED4.1S","ED-ModelC-fuel_moisture_balance","Phase Shift","MeanState","bona","scalar","months","2.09121","80.0"
"EcosystemandCarbonCycle","BurnedArea","GFED4.1S","ED-ModelC-fuel_moisture_balance","Seasonal Cycle Score","MeanState","bona","score","1","0.848468","80.0"
"EcosystemandCarbonCycle","BurnedArea","GFED4.1S","ED-ModelC-fuel_moisture_balance","Phase Shift","MeanState","tena","scalar","months","2.41352","80.0"
"EcosystemandCarbonCycle","BurnedArea","GFED4.1S","ED-ModelC-fuel_moisture_balance","Seasonal Cycle Score","MeanState","tena","score","1","0.688116","80.0"
"EcosystemandCarbonCycle","BurnedArea","GFED4.1S","ED-ModelC-fuel_moisture_balance","Phase Shift","MeanState","ceam","scalar","months","1.8292","80.0"
"EcosystemandCarbonCycle","BurnedArea","GFED4.1S","ED-ModelC-fuel_moisture_balance","Seasonal Cycle Score","MeanState","ceam","score","1","0.828627","80.0"
"EcosystemandCarbonCycle","BurnedArea","GFED4.1S","ED-ModelC-fuel_moisture_balance","Phase Shift","MeanState","nhsa","scalar","months","1.504","80.0"
"EcosystemandCarbonCycle","BurnedArea","GFED4.1S","ED-ModelC-fuel_moisture_balance","Seasonal Cycle Score","MeanState","nhsa","score","1","0.90956","80.0"
"EcosystemandCarbonCycle","BurnedArea","GFED4.1S","ED-ModelC-fuel_moisture_balance","Phase Shift","MeanState","shsa","scalar","months","1.95233","80.0"
"EcosystemandCarbonCycle","BurnedArea","GFED4.1S","ED-ModelC-fuel_moisture_balance","Seasonal Cycle Score","MeanState","shsa","score","1","0.833413","80.0"
"EcosystemandCarbonCycle","BurnedArea","GFED4.1S","ED-ModelC-fuel_moisture_balance","Phase Shift","MeanState","euro","scalar","months","2.26259","80.0"
"EcosystemandCarbonCycle","BurnedArea","GFED4.1S","ED-ModelC-fuel_moisture_balance","Seasonal Cycle Score","MeanState","euro","score","1","0.795647","80.0"
"EcosystemandCarbonCycle","BurnedArea","GFED4.1S","ED-ModelC-fuel_moisture_balance","Phase Shift","MeanState","mide","scalar","months","2.58338","80.0"
"EcosystemandCarbonCycle","BurnedArea","GFED4.1S","ED-ModelC-fuel_moisture_balance","Seasonal Cycle Score","MeanState","mide","score","1","0.749182","80.0"
"EcosystemandCarbonCycle","BurnedArea","GFED4.1S","ED-ModelC-fuel_moisture_balance","Phase Shift","MeanState","nhaf","scalar","months","1.71764","80.0"
"EcosystemandCarbonCycle","BurnedArea","GFED4.1S","ED-ModelC-fuel_moisture_balance","Seasonal Cycle Score","MeanState","nhaf","score","1","0.895594","80.0"
"EcosystemandCarbonCycle","BurnedArea","GFED4.1S","ED-ModelC-fuel_moisture_balance","Phase Shift","MeanState","shaf","scalar","months","1.47297","80.0"
"EcosystemandCarbonCycle","BurnedArea","GFED4.1S","ED-ModelC-fuel_moisture_balance","Seasonal Cycle Score","MeanState","shaf","score","1","0.897269","80.0"
"EcosystemandCarbonCycle","BurnedArea","GFED4.1S","ED-ModelC-fuel_moisture_balance","Phase Shift","MeanState","boas","scalar","months","1.89167","80.0"
"EcosystemandCarbonCycle","BurnedArea","GFED4.1S","ED-ModelC-fuel_moisture_balance","Seasonal Cycle Score","MeanState","boas","score","1","0.78503","80.0"
"EcosystemandCarbonCycle","BurnedArea","GFED4.1S","ED-ModelC-fuel_moisture_balance","Phase Shift","MeanState","ceas","scalar","months","2.2775","80.0"
"EcosystemandCarbonCycle","BurnedArea","GFED4.1S","ED-ModelC-fuel_moisture_balance","Seasonal Cycle Score","MeanState","ceas","score","1","0.714803","80.0"
"EcosystemandCarbonCycle","BurnedArea","GFED4.1S","ED-ModelC-fuel_moisture_balance","Phase Shift","MeanState","seas","scalar","months","2.00215","80.0"
"EcosystemandCarbonCycle","BurnedArea","GFED4.1S","ED-ModelC-fuel_moisture_balance","Seasonal Cycle Score","MeanState","seas","score","1","0.850071","80.0"
"EcosystemandCarbonCycle","BurnedArea","GFED4.1S","ED-ModelC-fuel_moisture_balance","Phase Shift","MeanState","eqas","scalar","months","2.40011","80.0"
"EcosystemandCarbonCycle","BurnedArea","GFED4.1S","ED-ModelC-fuel_moisture_balance","Seasonal Cycle Score","MeanState","eqas","score","1","0.74289","80.0"
"EcosystemandCarbonCycle","BurnedArea","GFED4.1S","ED-ModelC-fuel_moisture_balance","Phase Shift","MeanState","aust","scalar","months","2.62014","80.0"
"EcosystemandCarbonCycle","BurnedArea","GFED4.1S","ED-ModelC-fuel_moisture_balance","Seasonal Cycle Score","MeanState","aust","score","1","0.554759","80.0"
"EcosystemandCarbonCycle","BurnedArea","GFED4.1S","ED-ModelC-fuel_moisture_balance","Bias","MeanState","bona","scalar","%","-0.0290828","80.0"
"EcosystemandCarbonCycle","BurnedArea","GFED4.1S","ED-ModelC-fuel_moisture_balance","Bias Score","MeanState","bona","score","1","0.885533","80.0"
"EcosystemandCarbonCycle","BurnedArea","GFED4.1S","ED-ModelC-fuel_moisture_balance","Bias","MeanState","tena","scalar","%","0.150859","80.0"
"EcosystemandCarbonCycle","BurnedArea","GFED4.1S","ED-ModelC-fuel_moisture_balance","Bias Score","MeanState","tena","score","1","0.580317","80.0"
"EcosystemandCarbonCycle","BurnedArea","GFED4.1S","ED-ModelC-fuel_moisture_balance","Bias","MeanState","ceam","scalar","%","0.379696","80.0"
"EcosystemandCarbonCycle","BurnedArea","GFED4.1S","ED-ModelC-fuel_moisture_balance","Bias Score","MeanState","ceam","score","1","0.460496","80.0"
"EcosystemandCarbonCycle","BurnedArea","GFED4.1S","ED-ModelC-fuel_moisture_balance","Bias","MeanState","nhsa","scalar","%","0.243405","80.0"
"EcosystemandCarbonCycle","BurnedArea","GFED4.1S","ED-ModelC-fuel_moisture_balance","Bias Score","MeanState","nhsa","score","1","0.618561","80.0"
"EcosystemandCarbonCycle","BurnedArea","GFED4.1S","ED-ModelC-fuel_moisture_balance","Bias","MeanState","shsa","scalar","%","0.381041","80.0"
"EcosystemandCarbonCycle","BurnedArea","GFED4.1S","ED-ModelC-fuel_moisture_balance","Bias Score","MeanState","shsa","score","1","0.616619","80.0"
"EcosystemandCarbonCycle","BurnedArea","GFED4.1S","ED-ModelC-fuel_moisture_balance","Bias","MeanState","euro","scalar","%","0.133674","80.0"
"EcosystemandCarbonCycle","BurnedArea","GFED4.1S","ED-ModelC-fuel_moisture_balance","Bias Score","MeanState","euro","score","1","0.623591","80.0"
"EcosystemandCarbonCycle","BurnedArea","GFED4.1S","ED-ModelC-fuel_moisture_balance","Bias","MeanState","mide","scalar","%","0.2878","80.0"
"EcosystemandCarbonCycle","BurnedArea","GFED4.1S","ED-ModelC-fuel_moisture_balance","Bias Score","MeanState","mide","score","1","0.490429","80.0"
"EcosystemandCarbonCycle","BurnedArea","GFED4.1S","ED-ModelC-fuel_moisture_balance","Bias","MeanState","nhaf","scalar","%","-0.119347","80.0"
"EcosystemandCarbonCycle","BurnedArea","GFED4.1S","ED-ModelC-fuel_moisture_balance","Bias Score","MeanState","nhaf","score","1","0.752734","80.0"
"EcosystemandCarbonCycle","BurnedArea","GFED4.1S","ED-ModelC-fuel_moisture_balance","Bias","MeanState","shaf","scalar","%","-0.478274","80.0"
"EcosystemandCarbonCycle","BurnedArea","GFED4.1S","ED-ModelC-fuel_moisture_balance","Bias Score","MeanState","shaf","score","1","0.724854","80.0"
"EcosystemandCarbonCycle","BurnedArea","GFED4.1S","ED-ModelC-fuel_moisture_balance","Bias","MeanState","boas","scalar","%","-0.0215899","80.0"
"EcosystemandCarbonCycle","BurnedArea","GFED4.1S","ED-ModelC-fuel_moisture_balance","Bias Score","MeanState","boas","score","1","0.874541","80.0"
"EcosystemandCarbonCycle","BurnedArea","GFED4.1S","ED-ModelC-fuel_moisture_balance","Bias","MeanState","ceas","scalar","%","0.0275941","80.0"
"EcosystemandCarbonCycle","BurnedArea","GFED4.1S","ED-ModelC-fuel_moisture_balance","Bias Score","MeanState","ceas","score","1","0.809349","80.0"
"EcosystemandCarbonCycle","BurnedArea","GFED4.1S","ED-ModelC-fuel_moisture_balance","Bias","MeanState","seas","scalar","%","0.561275","80.0"
"EcosystemandCarbonCycle","BurnedArea","GFED4.1S","ED-ModelC-fuel_moisture_balance","Bias Score","MeanState","seas","score","1","0.613516","80.0"
"EcosystemandCarbonCycle","BurnedArea","GFED4.1S","ED-ModelC-fuel_moisture_balance","Bias","MeanState","eqas","scalar","%","0.066712","80.0"
"EcosystemandCarbonCycle","BurnedArea","GFED4.1S","ED-ModelC-fuel_moisture_balance","Bias Score","MeanState","eqas","score","1","0.70014","80.0"
"EcosystemandCarbonCycle","BurnedArea","GFED4.1S","ED-ModelC-fuel_moisture_balance","Bias","MeanState","aust","scalar","%","-0.134561","80.0"
"EcosystemandCarbonCycle","BurnedArea","GFED4.1S","ED-ModelC-fuel_moisture_balance","Bias Score","MeanState","aust","score","1","0.768336","80.0"
"EcosystemandCarbonCycle","BurnedArea","GFED4.1S","ED-ModelC-fuel_moisture_balance","RMSE","MeanState","bona","scalar","%","0.0926055","80.0"
"EcosystemandCarbonCycle","BurnedArea","GFED4.1S","ED-ModelC-fuel_moisture_balance","RMSE Score","MeanState","bona","score","1","0.746969","80.0"
"EcosystemandCarbonCycle","BurnedArea","GFED4.1S","ED-ModelC-fuel_moisture_balance","RMSE","MeanState","tena","scalar","%","0.325741","80.0"
"EcosystemandCarbonCycle","BurnedArea","GFED4.1S","ED-ModelC-fuel_moisture_balance","RMSE Score","MeanState","tena","score","1","0.391397","80.0"
"EcosystemandCarbonCycle","BurnedArea","GFED4.1S","ED-ModelC-fuel_moisture_balance","RMSE","MeanState","ceam","scalar","%","0.628392","80.0"
"EcosystemandCarbonCycle","BurnedArea","GFED4.1S","ED-ModelC-fuel_moisture_balance","RMSE Score","MeanState","ceam","score","1","0.337888","80.0"
"EcosystemandCarbonCycle","BurnedArea","GFED4.1S","ED-ModelC-fuel_moisture_balance","RMSE","MeanState","nhsa","scalar","%","0.461023","80.0"
"EcosystemandCarbonCycle","BurnedArea","GFED4.1S","ED-ModelC-fuel_moisture_balance","RMSE Score","MeanState","nhsa","score","1","0.516643","80.0"
"EcosystemandCarbonCycle","BurnedArea","GFED4.1S","ED-ModelC-fuel_moisture_balance","RMSE","MeanState","shsa","scalar","%","0.663805","80.0"
"EcosystemandCarbonCycle","BurnedArea","GFED4.1S","ED-ModelC-fuel_moisture_balance","RMSE Score","MeanState","shsa","score","1","0.44647","80.0"
"EcosystemandCarbonCycle","BurnedArea","GFED4.1S","ED-ModelC-fuel_moisture_balance","RMSE","MeanState","euro","scalar","%","0.287489","80.0"
"EcosystemandCarbonCycle","BurnedArea","GFED4.1S","ED-ModelC-fuel_moisture_balance","RMSE Score","MeanState","euro","score","1","0.406533","80.0"
"EcosystemandCarbonCycle","BurnedArea","GFED4.1S","ED-ModelC-fuel_moisture_balance","RMSE","MeanState","mide","scalar","%","0.529482","80.0"
"EcosystemandCarbonCycle","BurnedArea","GFED4.1S","ED-ModelC-fuel_moisture_balance","RMSE Score","MeanState","mide","score","1","0.325928","80.0"
"EcosystemandCarbonCycle","BurnedArea","GFED4.1S","ED-ModelC-fuel_moisture_balance","RMSE","MeanState","nhaf","scalar","%","2.4623","80.0"
"EcosystemandCarbonCycle","BurnedArea","GFED4.1S","ED-ModelC-fuel_moisture_balance","RMSE Score","MeanState","nhaf","score","1","0.479278","80.0"
"EcosystemandCarbonCycle","BurnedArea","GFED4.1S","ED-ModelC-fuel_moisture_balance","RMSE","MeanState","shaf","scalar","%","2.30866","80.0"
"EcosystemandCarbonCycle","BurnedArea","GFED4.1S","ED-ModelC-fuel_moisture_balance","RMSE Score","MeanState","shaf","score","1","0.497227","80.0"
"EcosystemandCarbonCycle","BurnedArea","GFED4.1S","ED-ModelC-fuel_moisture_balance","RMSE","MeanState","boas","scalar","%","0.0886827","80.0"
"EcosystemandCarbonCycle","BurnedArea","GFED4.1S","ED-ModelC-fuel_moisture_balance","RMSE Score","MeanState","boas","score","1","0.694598","80.0"
"EcosystemandCarbonCycle","BurnedArea","GFED4.1S","ED-ModelC-fuel_moisture_balance","RMSE","MeanState","ceas","scalar","%","0.385884","80.0"
"EcosystemandCarbonCycle","BurnedArea","GFED4.1S","ED-ModelC-fuel_moisture_balance","RMSE Score","MeanState","ceas","score","1","0.610398","80.0"
"EcosystemandCarbonCycle","BurnedArea","GFED4.1S","ED-ModelC-fuel_moisture_balance","RMSE","MeanState","seas","scalar","%","0.980337","80.0"
"EcosystemandCarbonCycle","BurnedArea","GFED4.1S","ED-ModelC-fuel_moisture_balance","RMSE Score","MeanState","seas","score","1","0.404166","80.0"
"EcosystemandCarbonCycle","BurnedArea","GFED4.1S","ED-ModelC-fuel_moisture_balance","RMSE","MeanState","eqas","scalar","%","0.176225","80.0"
"EcosystemandCarbonCycle","BurnedArea","GFED4.1S","ED-ModelC-fuel_moisture_balance","RMSE Score","MeanState","eqas","score","1","0.565515","80.0"
"EcosystemandCarbonCycle","BurnedArea","GFED4.1S","ED-ModelC-fuel_moisture_balance","RMSE","MeanState","aust","scalar","%","1.02212","80.0"
"EcosystemandCarbonCycle","BurnedArea","GFED4.1S","ED-ModelC-fuel_moisture_balance","RMSE Score","MeanState","aust","score","1","0.653947","80.0"
"EcosystemandCarbonCycle","BurnedArea","GFED4.1S","ED-ModelC-base_refit","Benchmark Period Mean (intersection)","MeanState","bona","scalar","%","0.0334473","80.0"
"EcosystemandCarbonCycle","BurnedArea","GFED4.1S","ED-ModelC-base_refit","Benchmark Period Mean (complement)","MeanState","bona","scalar","%","0","80.0"
"EcosystemandCarbonCycle","BurnedArea","GFED4.1S","ED-ModelC-base_refit","Period Mean (original grids)","MeanState","bona","scalar","%","0.0112655","80.0"
"EcosystemandCarbonCycle","BurnedArea","GFED4.1S","ED-ModelC-base_refit","Model Period Mean (intersection)","MeanState","bona","scalar","%","0.0116081","80.0"
"EcosystemandCarbonCycle","BurnedArea","GFED4.1S","ED-ModelC-base_refit","Model Period Mean (complement)","MeanState","bona","scalar","%","0.00103817","80.0"
"EcosystemandCarbonCycle","BurnedArea","GFED4.1S","ED-ModelC-base_refit","Benchmark Period Mean (intersection)","MeanState","tena","scalar","%","0.0259374","80.0"
"EcosystemandCarbonCycle","BurnedArea","GFED4.1S","ED-ModelC-base_refit","Benchmark Period Mean (complement)","MeanState","tena","scalar","%","0","80.0"
"EcosystemandCarbonCycle","BurnedArea","GFED4.1S","ED-ModelC-base_refit","Period Mean (original grids)","MeanState","tena","scalar","%","0.220135","80.0"
"EcosystemandCarbonCycle","BurnedArea","GFED4.1S","ED-ModelC-base_refit","Model Period Mean (intersection)","MeanState","tena","scalar","%","0.2259","80.0"
"EcosystemandCarbonCycle","BurnedArea","GFED4.1S","ED-ModelC-base_refit","Model Period Mean (complement)","MeanState","tena","scalar","%","0.0445906","80.0"
"EcosystemandCarbonCycle","BurnedArea","GFED4.1S","ED-ModelC-base_refit","Benchmark Period Mean (intersection)","MeanState","ceam","scalar","%","0.0824275","80.0"
"EcosystemandCarbonCycle","BurnedArea","GFED4.1S","ED-ModelC-base_refit","Benchmark Period Mean (complement)","MeanState","ceam","scalar","%","0","80.0"
"EcosystemandCarbonCycle","BurnedArea","GFED4.1S","ED-ModelC-base_refit","Period Mean (original grids)","MeanState","ceam","scalar","%","0.476205","80.0"
"EcosystemandCarbonCycle","BurnedArea","GFED4.1S","ED-ModelC-base_refit","Model Period Mean (intersection)","MeanState","ceam","scalar","%","0.539293","80.0"
"EcosystemandCarbonCycle","BurnedArea","GFED4.1S","ED-ModelC-base_refit","Model Period Mean (complement)","MeanState","ceam","scalar","%","0.0740965","80.0"
"EcosystemandCarbonCycle","BurnedArea","GFED4.1S","ED-ModelC-base_refit","Benchmark Period Mean (intersection)","MeanState","nhsa","scalar","%","0.142765","80.0"
"EcosystemandCarbonCycle","BurnedArea","GFED4.1S","ED-ModelC-base_refit","Benchmark Period Mean (complement)","MeanState","nhsa","scalar","%","0","80.0"
"EcosystemandCarbonCycle","BurnedArea","GFED4.1S","ED-ModelC-base_refit","Period Mean (original grids)","MeanState","nhsa","scalar","%","0.543182","80.0"
"EcosystemandCarbonCycle","BurnedArea","GFED4.1S","ED-ModelC-base_refit","Model Period Mean (intersection)","MeanState","nhsa","scalar","%","0.5753","80.0"
"EcosystemandCarbonCycle","BurnedArea","GFED4.1S","ED-ModelC-base_refit","Model Period Mean (complement)","MeanState","nhsa","scalar","%","0.0830157","80.0"
"EcosystemandCarbonCycle","BurnedArea","GFED4.1S","ED-ModelC-base_refit","Benchmark Period Mean (intersection)","MeanState","shsa","scalar","%","0.145694","80.0"
"EcosystemandCarbonCycle","BurnedArea","GFED4.1S","ED-ModelC-base_refit","Benchmark Period Mean (complement)","MeanState","shsa","scalar","%","0","80.0"
"EcosystemandCarbonCycle","BurnedArea","GFED4.1S","ED-ModelC-base_refit","Period Mean (original grids)","MeanState","shsa","scalar","%","0.63233","80.0"
"EcosystemandCarbonCycle","BurnedArea","GFED4.1S","ED-ModelC-base_refit","Model Period Mean (intersection)","MeanState","shsa","scalar","%","0.655031","80.0"
"EcosystemandCarbonCycle","BurnedArea","GFED4.1S","ED-ModelC-base_refit","Model Period Mean (complement)","MeanState","shsa","scalar","%","0.0369982","80.0"
"EcosystemandCarbonCycle","BurnedArea","GFED4.1S","ED-ModelC-base_refit","Benchmark Period Mean (intersection)","MeanState","euro","scalar","%","0.0250618","80.0"
"EcosystemandCarbonCycle","BurnedArea","GFED4.1S","ED-ModelC-base_refit","Benchmark Period Mean (complement)","MeanState","euro","scalar","%","0","80.0"
"EcosystemandCarbonCycle","BurnedArea","GFED4.1S","ED-ModelC-base_refit","Period Mean (original grids)","MeanState","euro","scalar","%","0.135754","80.0"
"EcosystemandCarbonCycle","BurnedArea","GFED4.1S","ED-ModelC-base_refit","Model Period Mean (intersection)","MeanState","euro","scalar","%","0.151093","80.0"
"EcosystemandCarbonCycle","BurnedArea","GFED4.1S","ED-ModelC-base_refit","Model Period Mean (complement)","MeanState","euro","scalar","%","0.0191445","80.0"
"EcosystemandCarbonCycle","BurnedArea","GFED4.1S","ED-ModelC-base_refit","Benchmark Period Mean (intersection)","MeanState","mide","scalar","%","0.025217","80.0"
"EcosystemandCarbonCycle","BurnedArea","GFED4.1S","ED-ModelC-base_refit","Benchmark Period Mean (complement)","MeanState","mide","scalar","%","0","80.0"
"EcosystemandCarbonCycle","BurnedArea","GFED4.1S","ED-ModelC-base_refit","Period Mean (original grids)","MeanState","mide","scalar","%","0.369263","80.0"
"EcosystemandCarbonCycle","BurnedArea","GFED4.1S","ED-ModelC-base_refit","Model Period Mean (intersection)","MeanState","mide","scalar","%","0.425473","80.0"
"EcosystemandCarbonCycle","BurnedArea","GFED4.1S","ED-ModelC-base_refit","Model Period Mean (complement)","MeanState","mide","scalar","%","0.225425","80.0"
"EcosystemandCarbonCycle","BurnedArea","GFED4.1S","ED-ModelC-base_refit","Benchmark Period Mean (intersection)","MeanState","nhaf","scalar","%","1.23284","80.0"
"EcosystemandCarbonCycle","BurnedArea","GFED4.1S","ED-ModelC-base_refit","Benchmark Period Mean (complement)","MeanState","nhaf","scalar","%","0","80.0"
"EcosystemandCarbonCycle","BurnedArea","GFED4.1S","ED-ModelC-base_refit","Period Mean (original grids)","MeanState","nhaf","scalar","%","1.23286","80.0"
"EcosystemandCarbonCycle","BurnedArea","GFED4.1S","ED-ModelC-base_refit","Model Period Mean (intersection)","MeanState","nhaf","scalar","%","1.29853","80.0"
"EcosystemandCarbonCycle","BurnedArea","GFED4.1S","ED-ModelC-base_refit","Model Period Mean (complement)","MeanState","nhaf","scalar","%","0.274466","80.0"
"EcosystemandCarbonCycle","BurnedArea","GFED4.1S","ED-ModelC-base_refit","Benchmark Period Mean (intersection)","MeanState","shaf","scalar","%","1.45692","80.0"
"EcosystemandCarbonCycle","BurnedArea","GFED4.1S","ED-ModelC-base_refit","Benchmark Period Mean (complement)","MeanState","shaf","scalar","%","0","80.0"
"EcosystemandCarbonCycle","BurnedArea","GFED4.1S","ED-ModelC-base_refit","Period Mean (original grids)","MeanState","shaf","scalar","%","0.92893","80.0"
"EcosystemandCarbonCycle","BurnedArea","GFED4.1S","ED-ModelC-base_refit","Model Period Mean (intersection)","MeanState","shaf","scalar","%","0.953979","80.0"
"EcosystemandCarbonCycle","BurnedArea","GFED4.1S","ED-ModelC-base_refit","Model Period Mean (complement)","MeanState","shaf","scalar","%","0.203388","80.0"
"EcosystemandCarbonCycle","BurnedArea","GFED4.1S","ED-ModelC-base_refit","Benchmark Period Mean (intersection)","MeanState","boas","scalar","%","0.0336143","80.0"
"EcosystemandCarbonCycle","BurnedArea","GFED4.1S","ED-ModelC-base_refit","Benchmark Period Mean (complement)","MeanState","boas","scalar","%","0","80.0"
"EcosystemandCarbonCycle","BurnedArea","GFED4.1S","ED-ModelC-base_refit","Period Mean (original grids)","MeanState","boas","scalar","%","0.0186405","80.0"
"EcosystemandCarbonCycle","BurnedArea","GFED4.1S","ED-ModelC-base_refit","Model Period Mean (intersection)","MeanState","boas","scalar","%","0.0189071","80.0"
"EcosystemandCarbonCycle","BurnedArea","GFED4.1S","ED-ModelC-base_refit","Model Period Mean (complement)","MeanState","boas","scalar","%","0.00089745","80.0"
"EcosystemandCarbonCycle","BurnedArea","GFED4.1S","ED-ModelC-base_refit","Benchmark Period Mean (intersection)","MeanState","ceas","scalar","%","0.125736","80.0"
"EcosystemandCarbonCycle","BurnedArea","GFED4.1S","ED-ModelC-base_refit","Benchmark Period Mean (complement)","MeanState","ceas","scalar","%","0","80.0"
"EcosystemandCarbonCycle","BurnedArea","GFED4.1S","ED-ModelC-base_refit","Period Mean (original grids)","MeanState","ceas","scalar","%","0.172454","80.0"
"EcosystemandCarbonCycle","BurnedArea","GFED4.1S","ED-ModelC-base_refit","Model Period Mean (intersection)","MeanState","ceas","scalar","%","0.178622","80.0"
"EcosystemandCarbonCycle","BurnedArea","GFED4.1S","ED-ModelC-base_refit","Model Period Mean (complement)","MeanState","ceas","scalar","%","0.10334","80.0"
"EcosystemandCarbonCycle","BurnedArea","GFED4.1S","ED-ModelC-base_refit","Benchmark Period Mean (intersection)","MeanState","seas","scalar","%","0.148029","80.0"
"EcosystemandCarbonCycle","BurnedArea","GFED4.1S","ED-ModelC-base_refit","Benchmark Period Mean (complement)","MeanState","seas","scalar","%","0","80.0"
"EcosystemandCarbonCycle","BurnedArea","GFED4.1S","ED-ModelC-base_refit","Period Mean (original grids)","MeanState","seas","scalar","%","0.665807","80.0"
"EcosystemandCarbonCycle","BurnedArea","GFED4.1S","ED-ModelC-base_refit","Model Period Mean (intersection)","MeanState","seas","scalar","%","0.717338","80.0"
"EcosystemandCarbonCycle","BurnedArea","GFED4.1S","ED-ModelC-base_refit","Model Period Mean (complement)","MeanState","seas","scalar","%","0.101309","80.0"
"EcosystemandCarbonCycle","BurnedArea","GFED4.1S","ED-ModelC-base_refit","Benchmark Period Mean (intersection)","MeanState","eqas","scalar","%","0.0480126","80.0"
"EcosystemandCarbonCycle","BurnedArea","GFED4.1S","ED-ModelC-base_refit","Benchmark Period Mean (complement)","MeanState","eqas","scalar","%","0","80.0"
"EcosystemandCarbonCycle","BurnedArea","GFED4.1S","ED-ModelC-base_refit","Period Mean (original grids)","MeanState","eqas","scalar","%","0.217551","80.0"
"EcosystemandCarbonCycle","BurnedArea","GFED4.1S","ED-ModelC-base_refit","Model Period Mean (intersection)","MeanState","eqas","scalar","%","0.29456","80.0"
"EcosystemandCarbonCycle","BurnedArea","GFED4.1S","ED-ModelC-base_refit","Model Period Mean (complement)","MeanState","eqas","scalar","%","0.0156236","80.0"
"EcosystemandCarbonCycle","BurnedArea","GFED4.1S","ED-ModelC-base_refit","Benchmark Period Mean (intersection)","MeanState","aust","scalar","%","0.529194","80.0"
"EcosystemandCarbonCycle","BurnedArea","GFED4.1S","ED-ModelC-base_refit","Benchmark Period Mean (complement)","MeanState","aust","scalar","%","0","80.0"
"EcosystemandCarbonCycle","BurnedArea","GFED4.1S","ED-ModelC-base_refit","Period Mean (original grids)","MeanState","aust","scalar","%","0.435344","80.0"
"EcosystemandCarbonCycle","BurnedArea","GFED4.1S","ED-ModelC-base_refit","Model Period Mean (intersection)","MeanState","aust","scalar","%","0.462108","80.0"
"EcosystemandCarbonCycle","BurnedArea","GFED4.1S","ED-ModelC-base_refit","Model Period Mean (complement)","MeanState","aust","scalar","%","0.0891751","80.0"
"EcosystemandCarbonCycle","BurnedArea","GFED4.1S","ED-ModelC-base_refit","Spatial Distribution Score","MeanState","bona","score","1","0.134983","80.0"
"EcosystemandCarbonCycle","BurnedArea","GFED4.1S","ED-ModelC-base_refit","Spatial Distribution Score","MeanState","tena","score","1","0.187678","80.0"
"EcosystemandCarbonCycle","BurnedArea","GFED4.1S","ED-ModelC-base_refit","Spatial Distribution Score","MeanState","ceam","score","1","0.282922","80.0"
"EcosystemandCarbonCycle","BurnedArea","GFED4.1S","ED-ModelC-base_refit","Spatial Distribution Score","MeanState","nhsa","score","1","0.774126","80.0"
"EcosystemandCarbonCycle","BurnedArea","GFED4.1S","ED-ModelC-base_refit","Spatial Distribution Score","MeanState","shsa","score","1","0.572175","80.0"
"EcosystemandCarbonCycle","BurnedArea","GFED4.1S","ED-ModelC-base_refit","Spatial Distribution Score","MeanState","euro","score","1","0.17857","80.0"
"EcosystemandCarbonCycle","BurnedArea","GFED4.1S","ED-ModelC-base_refit","Spatial Distribution Score","MeanState","mide","score","1","0.0853385","80.0"
"EcosystemandCarbonCycle","BurnedArea","GFED4.1S","ED-ModelC-base_refit","Spatial Distribution Score","MeanState","nhaf","score","1","0.492502","80.0"
"EcosystemandCarbonCycle","BurnedArea","GFED4.1S","ED-ModelC-base_refit","Spatial Distribution Score","MeanState","shaf","score","1","0.275525","80.0"
"EcosystemandCarbonCycle","BurnedArea","GFED4.1S","ED-ModelC-base_refit","Spatial Distribution Score","MeanState","boas","score","1","0.25943","80.0"
"EcosystemandCarbonCycle","BurnedArea","GFED4.1S","ED-ModelC-base_refit","Spatial Distribution Score","MeanState","ceas","score","1","0.6643","80.0"
"EcosystemandCarbonCycle","BurnedArea","GFED4.1S","ED-ModelC-base_refit","Spatial Distribution Score","MeanState","seas","score","1","0.503296","80.0"
"EcosystemandCarbonCycle","BurnedArea","GFED4.1S","ED-ModelC-base_refit","Spatial Distribution Score","MeanState","eqas","score","1","0.330682","80.0"
"EcosystemandCarbonCycle","BurnedArea","GFED4.1S","ED-ModelC-base_refit","Spatial Distribution Score","MeanState","aust","score","1","0.593502","80.0"
"EcosystemandCarbonCycle","BurnedArea","GFED4.1S","ED-ModelC-base_refit","Phase Shift","MeanState","bona","scalar","months","1.89456","80.0"
"EcosystemandCarbonCycle","BurnedArea","GFED4.1S","ED-ModelC-base_refit","Seasonal Cycle Score","MeanState","bona","score","1","0.927425","80.0"
"EcosystemandCarbonCycle","BurnedArea","GFED4.1S","ED-ModelC-base_refit","Phase Shift","MeanState","tena","scalar","months","2.3627","80.0"
"EcosystemandCarbonCycle","BurnedArea","GFED4.1S","ED-ModelC-base_refit","Seasonal Cycle Score","MeanState","tena","score","1","0.716099","80.0"
"EcosystemandCarbonCycle","BurnedArea","GFED4.1S","ED-ModelC-base_refit","Phase Shift","MeanState","ceam","scalar","months","1.74243","80.0"
"EcosystemandCarbonCycle","BurnedArea","GFED4.1S","ED-ModelC-base_refit","Seasonal Cycle Score","MeanState","ceam","score","1","0.84608","80.0"
"EcosystemandCarbonCycle","BurnedArea","GFED4.1S","ED-ModelC-base_refit","Phase Shift","MeanState","nhsa","scalar","months","1.42055","80.0"
"EcosystemandCarbonCycle","BurnedArea","GFED4.1S","ED-ModelC-base_refit","Seasonal Cycle Score","MeanState","nhsa","score","1","0.914545","80.0"
"EcosystemandCarbonCycle","BurnedArea","GFED4.1S","ED-ModelC-base_refit","Phase Shift","MeanState","shsa","scalar","months","1.91355","80.0"
"EcosystemandCarbonCycle","BurnedArea","GFED4.1S","ED-ModelC-base_refit","Seasonal Cycle Score","MeanState","shsa","score","1","0.810088","80.0"
"EcosystemandCarbonCycle","BurnedArea","GFED4.1S","ED-ModelC-base_refit","Phase Shift","MeanState","euro","scalar","months","2.15157","80.0"
"EcosystemandCarbonCycle","BurnedArea","GFED4.1S","ED-ModelC-base_refit","Seasonal Cycle Score","MeanState","euro","score","1","0.812904","80.0"
"EcosystemandCarbonCycle","BurnedArea","GFED4.1S","ED-ModelC-base_refit","Phase Shift","MeanState","mide","scalar","months","2.47802","80.0"
"EcosystemandCarbonCycle","BurnedArea","GFED4.1S","ED-ModelC-base_refit","Seasonal Cycle Score","MeanState","mide","score","1","0.772269","80.0"
"EcosystemandCarbonCycle","BurnedArea","GFED4.1S","ED-ModelC-base_refit","Phase Shift","MeanState","nhaf","scalar","months","1.81703","80.0"
"EcosystemandCarbonCycle","BurnedArea","GFED4.1S","ED-ModelC-base_refit","Seasonal Cycle Score","MeanState","nhaf","score","1","0.863441","80.0"
"EcosystemandCarbonCycle","BurnedArea","GFED4.1S","ED-ModelC-base_refit","Phase Shift","MeanState","shaf","scalar","months","1.40362","80.0"
"EcosystemandCarbonCycle","BurnedArea","GFED4.1S","ED-ModelC-base_refit","Seasonal Cycle Score","MeanState","shaf","score","1","0.898767","80.0"
"EcosystemandCarbonCycle","BurnedArea","GFED4.1S","ED-ModelC-base_refit","Phase Shift","MeanState","boas","scalar","months","1.82133","80.0"
"EcosystemandCarbonCycle","BurnedArea","GFED4.1S","ED-ModelC-base_refit","Seasonal Cycle Score","MeanState","boas","score","1","0.795917","80.0"
"EcosystemandCarbonCycle","BurnedArea","GFED4.1S","ED-ModelC-base_refit","Phase Shift","MeanState","ceas","scalar","months","2.38927","80.0"
"EcosystemandCarbonCycle","BurnedArea","GFED4.1S","ED-ModelC-base_refit","Seasonal Cycle Score","MeanState","ceas","score","1","0.722644","80.0"
"EcosystemandCarbonCycle","BurnedArea","GFED4.1S","ED-ModelC-base_refit","Phase Shift","MeanState","seas","scalar","months","2.18345","80.0"
"EcosystemandCarbonCycle","BurnedArea","GFED4.1S","ED-ModelC-base_refit","Seasonal Cycle Score","MeanState","seas","score","1","0.850295","80.0"
"EcosystemandCarbonCycle","BurnedArea","GFED4.1S","ED-ModelC-base_refit","Phase Shift","MeanState","eqas","scalar","months","2.03004","80.0"
"EcosystemandCarbonCycle","BurnedArea","GFED4.1S","ED-ModelC-base_refit","Seasonal Cycle Score","MeanState","eqas","score","1","0.827309","80.0"
"EcosystemandCarbonCycle","BurnedArea","GFED4.1S","ED-ModelC-base_refit","Phase Shift","MeanState","aust","scalar","months","2.52147","80.0"
"EcosystemandCarbonCycle","BurnedArea","GFED4.1S","ED-ModelC-base_refit","Seasonal Cycle Score","MeanState","aust","score","1","0.603718","80.0"
"EcosystemandCarbonCycle","BurnedArea","GFED4.1S","ED-ModelC-base_refit","Bias","MeanState","bona","scalar","%","-0.0218393","80.0"
"EcosystemandCarbonCycle","BurnedArea","GFED4.1S","ED-ModelC-base_refit","Bias Score","MeanState","bona","score","1","0.895223","80.0"
"EcosystemandCarbonCycle","BurnedArea","GFED4.1S","ED-ModelC-base_refit","Bias","MeanState","tena","scalar","%","0.199962","80.0"
"EcosystemandCarbonCycle","BurnedArea","GFED4.1S","ED-ModelC-base_refit","Bias Score","MeanState","tena","score","1","0.542766","80.0"
"EcosystemandCarbonCycle","BurnedArea","GFED4.1S","ED-ModelC-base_refit","Bias","MeanState","ceam","scalar","%","0.456866","80.0"
"EcosystemandCarbonCycle","BurnedArea","GFED4.1S","ED-ModelC-base_refit","Bias Score","MeanState","ceam","score","1","0.436719","80.0"
"EcosystemandCarbonCycle","BurnedArea","GFED4.1S","ED-ModelC-base_refit","Bias","MeanState","nhsa","scalar","%","0.432535","80.0"
"EcosystemandCarbonCycle","BurnedArea","GFED4.1S","ED-ModelC-base_refit","Bias Score","MeanState","nhsa","score","1","0.585978","80.0"
"EcosystemandCarbonCycle","BurnedArea","GFED4.1S","ED-ModelC-base_refit","Bias","MeanState","shsa","scalar","%","0.509337","80.0"
"EcosystemandCarbonCycle","BurnedArea","GFED4.1S","ED-ModelC-base_refit","Bias Score","MeanState","shsa","score","1","0.596304","80.0"
"EcosystemandCarbonCycle","BurnedArea","GFED4.1S","ED-ModelC-base_refit","Bias","MeanState","euro","scalar","%","0.126031","80.0"
"EcosystemandCarbonCycle","BurnedArea","GFED4.1S","ED-ModelC-base_refit","Bias Score","MeanState","euro","score","1","0.62329","80.0"
"EcosystemandCarbonCycle","BurnedArea","GFED4.1S","ED-ModelC-base_refit","Bias","MeanState","mide","scalar","%","0.400256","80.0"
"EcosystemandCarbonCycle","BurnedArea","GFED4.1S","ED-ModelC-base_refit","Bias Score","MeanState","mide","score","1","0.463271","80.0"
"EcosystemandCarbonCycle","BurnedArea","GFED4.1S","ED-ModelC-base_refit","Bias","MeanState","nhaf","scalar","%","0.0656866","80.0"
"EcosystemandCarbonCycle","BurnedArea","GFED4.1S","ED-ModelC-base_refit","Bias Score","MeanState","nhaf","score","1","0.756876","80.0"
"EcosystemandCarbonCycle","BurnedArea","GFED4.1S","ED-ModelC-base_refit","Bias","MeanState","shaf","scalar","%","-0.502943","80.0"
"EcosystemandCarbonCycle","BurnedArea","GFED4.1S","ED-ModelC-base_refit","Bias Score","MeanState","shaf","score","1","0.71149","80.0"
"EcosystemandCarbonCycle","BurnedArea","GFED4.1S","ED-ModelC-base_refit","Bias","MeanState","boas","scalar","%","-0.0147072","80.0"
"EcosystemandCarbonCycle","BurnedArea","GFED4.1S","ED-ModelC-base_refit","Bias Score","MeanState","boas","score","1","0.879473","80.0"
"EcosystemandCarbonCycle","BurnedArea","GFED4.1S","ED-ModelC-base_refit","Bias","MeanState","ceas","scalar","%","0.052886","80.0"
"EcosystemandCarbonCycle","BurnedArea","GFED4.1S","ED-ModelC-base_refit","Bias Score","MeanState","ceas","score","1","0.806542","80.0"
"EcosystemandCarbonCycle","BurnedArea","GFED4.1S","ED-ModelC-base_refit","Bias","MeanState","seas","scalar","%","0.569309","80.0"
"EcosystemandCarbonCycle","BurnedArea","GFED4.1S","ED-ModelC-base_refit","Bias Score","MeanState","seas","score","1","0.602328","80.0"
"EcosystemandCarbonCycle","BurnedArea","GFED4.1S","ED-ModelC-base_refit","Bias","MeanState","eqas","scalar","%","0.246548","80.0"
"EcosystemandCarbonCycle","BurnedArea","GFED4.1S","ED-ModelC-base_refit","Bias Score","MeanState","eqas","score","1","0.555385","80.0"
"EcosystemandCarbonCycle","BurnedArea","GFED4.1S","ED-ModelC-base_refit","Bias","MeanState","aust","scalar","%","-0.067086","80.0"
"EcosystemandCarbonCycle","BurnedArea","GFED4.1S","ED-ModelC-base_refit","Bias Score","MeanState","aust","score","1","0.746074","80.0"
"EcosystemandCarbonCycle","BurnedArea","GFED4.1S","ED-ModelC-base_refit","RMSE","MeanState","bona","scalar","%","0.0916208","80.0"
"EcosystemandCarbonCycle","BurnedArea","GFED4.1S","ED-ModelC-base_refit","RMSE Score","MeanState","bona","score","1","0.753177","80.0"
"EcosystemandCarbonCycle","BurnedArea","GFED4.1S","ED-ModelC-base_refit","RMSE","MeanState","tena","scalar","%","0.37116","80.0"
"EcosystemandCarbonCycle","BurnedArea","GFED4.1S","ED-ModelC-base_refit","RMSE Score","MeanState","tena","score","1","0.382844","80.0"
"EcosystemandCarbonCycle","BurnedArea","GFED4.1S","ED-ModelC-base_refit","RMSE","MeanState","ceam","scalar","%","0.618983","80.0"
"EcosystemandCarbonCycle","BurnedArea","GFED4.1S","ED-ModelC-base_refit","RMSE Score","MeanState","ceam","score","1","0.42263","80.0"
"EcosystemandCarbonCycle","BurnedArea","GFED4.1S","ED-ModelC-base_refit","RMSE","MeanState","nhsa","scalar","%","0.576219","80.0"
"EcosystemandCarbonCycle","BurnedArea","GFED4.1S","ED-ModelC-base_refit","RMSE Score","MeanState","nhsa","score","1","0.551915","80.0"
"EcosystemandCarbonCycle","BurnedArea","GFED4.1S","ED-ModelC-base_refit","RMSE","MeanState","shsa","scalar","%","0.713787","80.0"
"EcosystemandCarbonCycle","BurnedArea","GFED4.1S","ED-ModelC-base_refit","RMSE Score","MeanState","shsa","score","1","0.482554","80.0"
"EcosystemandCarbonCycle","BurnedArea","GFED4.1S","ED-ModelC-base_refit","RMSE","MeanState","euro","scalar","%","0.254716","80.0"
"EcosystemandCarbonCycle","BurnedArea","GFED4.1S","ED-ModelC-base_refit","RMSE Score","MeanState","euro","score","1","0.418761","80.0"
"EcosystemandCarbonCycle","BurnedArea","GFED4.1S","ED-ModelC-base_refit","RMSE","MeanState","mide","scalar","%","0.670823","80.0"
"EcosystemandCarbonCycle","BurnedArea","GFED4.1S","ED-ModelC-base_refit","RMSE Score","MeanState","mide","score","1","0.318021","80.0"
"EcosystemandCarbonCycle","BurnedArea","GFED4.1S","ED-ModelC-base_refit","RMSE","MeanState","nhaf","scalar","%","2.61475","80.0"
"EcosystemandCarbonCycle","BurnedArea","GFED4.1S","ED-ModelC-base_refit","RMSE Score","MeanState","nhaf","score","1","0.470728","80.0"
"EcosystemandCarbonCycle","BurnedArea","GFED4.1S","ED-ModelC-base_refit","RMSE","MeanState","shaf","scalar","%","2.41322","80.0"
"EcosystemandCarbonCycle","BurnedArea","GFED4.1S","ED-ModelC-base_refit","RMSE Score","MeanState","shaf","score","1","0.484933","80.0"
"EcosystemandCarbonCycle","BurnedArea","GFED4.1S","ED-ModelC-base_refit","RMSE","MeanState","boas","scalar","%","0.0897632","80.0"
"EcosystemandCarbonCycle","BurnedArea","GFED4.1S","ED-ModelC-base_refit","RMSE Score","MeanState","boas","score","1","0.698303","80.0"
"EcosystemandCarbonCycle","BurnedArea","GFED4.1S","ED-ModelC-base_refit","RMSE","MeanState","ceas","scalar","%","0.408069","80.0"
"EcosystemandCarbonCycle","BurnedArea","GFED4.1S","ED-ModelC-base_refit","RMSE Score","MeanState","ceas","score","1","0.609228","80.0"
"EcosystemandCarbonCycle","BurnedArea","GFED4.1S","ED-ModelC-base_refit","RMSE","MeanState","seas","scalar","%","0.893849","80.0"
"EcosystemandCarbonCycle","BurnedArea","GFED4.1S","ED-ModelC-base_refit","RMSE Score","MeanState","seas","score","1","0.425289","80.0"
"EcosystemandCarbonCycle","BurnedArea","GFED4.1S","ED-ModelC-base_refit","RMSE","MeanState","eqas","scalar","%","0.314178","80.0"
"EcosystemandCarbonCycle","BurnedArea","GFED4.1S","ED-ModelC-base_refit","RMSE Score","MeanState","eqas","score","1","0.566388","80.0"
"EcosystemandCarbonCycle","BurnedArea","GFED4.1S","ED-ModelC-base_refit","RMSE","MeanState","aust","scalar","%","1.12289","80.0"
"EcosystemandCarbonCycle","BurnedArea","GFED4.1S","ED-ModelC-base_refit","RMSE Score","MeanState","aust","score","1","0.653375","80.0"
"EcosystemandCarbonCycle","BurnedArea","GFED4.1S","ED-ModelC-final","Benchmark Period Mean (intersection)","MeanState","bona","scalar","%","0.0334473","80.0"
"EcosystemandCarbonCycle","BurnedArea","GFED4.1S","ED-ModelC-final","Benchmark Period Mean (complement)","MeanState","bona","scalar","%","0","80.0"
"EcosystemandCarbonCycle","BurnedArea","GFED4.1S","ED-ModelC-final","Period Mean (original grids)","MeanState","bona","scalar","%","0.0439413","80.0"
"EcosystemandCarbonCycle","BurnedArea","GFED4.1S","ED-ModelC-final","Model Period Mean (intersection)","MeanState","bona","scalar","%","0.0452667","80.0"
"EcosystemandCarbonCycle","BurnedArea","GFED4.1S","ED-ModelC-final","Model Period Mean (complement)","MeanState","bona","scalar","%","0.00436614","80.0"
"EcosystemandCarbonCycle","BurnedArea","GFED4.1S","ED-ModelC-final","Benchmark Period Mean (intersection)","MeanState","tena","scalar","%","0.0259374","80.0"
"EcosystemandCarbonCycle","BurnedArea","GFED4.1S","ED-ModelC-final","Benchmark Period Mean (complement)","MeanState","tena","scalar","%","0","80.0"
"EcosystemandCarbonCycle","BurnedArea","GFED4.1S","ED-ModelC-final","Period Mean (original grids)","MeanState","tena","scalar","%","0.374298","80.0"
"EcosystemandCarbonCycle","BurnedArea","GFED4.1S","ED-ModelC-final","Model Period Mean (intersection)","MeanState","tena","scalar","%","0.383267","80.0"
"EcosystemandCarbonCycle","BurnedArea","GFED4.1S","ED-ModelC-final","Model Period Mean (complement)","MeanState","tena","scalar","%","0.101162","80.0"
"EcosystemandCarbonCycle","BurnedArea","GFED4.1S","ED-ModelC-final","Benchmark Period Mean (intersection)","MeanState","ceam","scalar","%","0.0824275","80.0"
"EcosystemandCarbonCycle","BurnedArea","GFED4.1S","ED-ModelC-final","Benchmark Period Mean (complement)","MeanState","ceam","scalar","%","0","80.0"
"EcosystemandCarbonCycle","BurnedArea","GFED4.1S","ED-ModelC-final","Period Mean (original grids)","MeanState","ceam","scalar","%","0.75181","80.0"
"EcosystemandCarbonCycle","BurnedArea","GFED4.1S","ED-ModelC-final","Model Period Mean (intersection)","MeanState","ceam","scalar","%","0.855597","80.0"
"EcosystemandCarbonCycle","BurnedArea","GFED4.1S","ED-ModelC-final","Model Period Mean (complement)","MeanState","ceam","scalar","%","0.0902959","80.0"
"EcosystemandCarbonCycle","BurnedArea","GFED4.1S","ED-ModelC-final","Benchmark Period Mean (intersection)","MeanState","nhsa","scalar","%","0.142765","80.0"
"EcosystemandCarbonCycle","BurnedArea","GFED4.1S","ED-ModelC-final","Benchmark Period Mean (complement)","MeanState","nhsa","scalar","%","0","80.0"
"EcosystemandCarbonCycle","BurnedArea","GFED4.1S","ED-ModelC-final","Period Mean (original grids)","MeanState","nhsa","scalar","%","0.841181","80.0"
"EcosystemandCarbonCycle","BurnedArea","GFED4.1S","ED-ModelC-final","Model Period Mean (intersection)","MeanState","nhsa","scalar","%","0.892726","80.0"
"EcosystemandCarbonCycle","BurnedArea","GFED4.1S","ED-ModelC-final","Model Period Mean (complement)","MeanState","nhsa","scalar","%","0.10267","80.0"
"EcosystemandCarbonCycle","BurnedArea","GFED4.1S","ED-ModelC-final","Benchmark Period Mean (intersection)","MeanState","shsa","scalar","%","0.145694","80.0"
"EcosystemandCarbonCycle","BurnedArea","GFED4.1S","ED-ModelC-final","Benchmark Period Mean (complement)","MeanState","shsa","scalar","%","0","80.0"
"EcosystemandCarbonCycle","BurnedArea","GFED4.1S","ED-ModelC-final","Period Mean (original grids)","MeanState","shsa","scalar","%","0.94454","80.0"
"EcosystemandCarbonCycle","BurnedArea","GFED4.1S","ED-ModelC-final","Model Period Mean (intersection)","MeanState","shsa","scalar","%","0.979287","80.0"
"EcosystemandCarbonCycle","BurnedArea","GFED4.1S","ED-ModelC-final","Model Period Mean (complement)","MeanState","shsa","scalar","%","0.0333284","80.0"
"EcosystemandCarbonCycle","BurnedArea","GFED4.1S","ED-ModelC-final","Benchmark Period Mean (intersection)","MeanState","euro","scalar","%","0.0250618","80.0"
"EcosystemandCarbonCycle","BurnedArea","GFED4.1S","ED-ModelC-final","Benchmark Period Mean (complement)","MeanState","euro","scalar","%","0","80.0"
"EcosystemandCarbonCycle","BurnedArea","GFED4.1S","ED-ModelC-final","Period Mean (original grids)","MeanState","euro","scalar","%","0.288168","80.0"
"EcosystemandCarbonCycle","BurnedArea","GFED4.1S","ED-ModelC-final","Model Period Mean (intersection)","MeanState","euro","scalar","%","0.320702","80.0"
"EcosystemandCarbonCycle","BurnedArea","GFED4.1S","ED-ModelC-final","Model Period Mean (complement)","MeanState","euro","scalar","%","0.0408385","80.0"
"EcosystemandCarbonCycle","BurnedArea","GFED4.1S","ED-ModelC-final","Benchmark Period Mean (intersection)","MeanState","mide","scalar","%","0.025217","80.0"
"EcosystemandCarbonCycle","BurnedArea","GFED4.1S","ED-ModelC-final","Benchmark Period Mean (complement)","MeanState","mide","scalar","%","0","80.0"
"EcosystemandCarbonCycle","BurnedArea","GFED4.1S","ED-ModelC-final","Period Mean (original grids)","MeanState","mide","scalar","%","0.341438","80.0"
"EcosystemandCarbonCycle","BurnedArea","GFED4.1S","ED-ModelC-final","Model Period Mean (intersection)","MeanState","mide","scalar","%","0.424798","80.0"
"EcosystemandCarbonCycle","BurnedArea","GFED4.1S","ED-ModelC-final","Model Period Mean (complement)","MeanState","mide","scalar","%","0.128125","80.0"
"EcosystemandCarbonCycle","BurnedArea","GFED4.1S","ED-ModelC-final","Benchmark Period Mean (intersection)","MeanState","nhaf","scalar","%","1.23284","80.0"
"EcosystemandCarbonCycle","BurnedArea","GFED4.1S","ED-ModelC-final","Benchmark Period Mean (complement)","MeanState","nhaf","scalar","%","0","80.0"
"EcosystemandCarbonCycle","BurnedArea","GFED4.1S","ED-ModelC-final","Period Mean (original grids)","MeanState","nhaf","scalar","%","1.42894","80.0"
"EcosystemandCarbonCycle","BurnedArea","GFED4.1S","ED-ModelC-final","Model Period Mean (intersection)","MeanState","nhaf","scalar","%","1.51471","80.0"
"EcosystemandCarbonCycle","BurnedArea","GFED4.1S","ED-ModelC-final","Model Period Mean (complement)","MeanState","nhaf","scalar","%","0.177195","80.0"
"EcosystemandCarbonCycle","BurnedArea","GFED4.1S","ED-ModelC-final","Benchmark Period Mean (intersection)","MeanState","shaf","scalar","%","1.45692","80.0"
"EcosystemandCarbonCycle","BurnedArea","GFED4.1S","ED-ModelC-final","Benchmark Period Mean (complement)","MeanState","shaf","scalar","%","0","80.0"
"EcosystemandCarbonCycle","BurnedArea","GFED4.1S","ED-ModelC-final","Period Mean (original grids)","MeanState","shaf","scalar","%","1.42948","80.0"
"EcosystemandCarbonCycle","BurnedArea","GFED4.1S","ED-ModelC-final","Model Period Mean (intersection)","MeanState","shaf","scalar","%","1.47297","80.0"
"EcosystemandCarbonCycle","BurnedArea","GFED4.1S","ED-ModelC-final","Model Period Mean (complement)","MeanState","shaf","scalar","%","0.169837","80.0"
"EcosystemandCarbonCycle","BurnedArea","GFED4.1S","ED-ModelC-final","Benchmark Period Mean (intersection)","MeanState","boas","scalar","%","0.0336143","80.0"
"EcosystemandCarbonCycle","BurnedArea","GFED4.1S","ED-ModelC-final","Benchmark Period Mean (complement)","MeanState","boas","scalar","%","0","80.0"
"EcosystemandCarbonCycle","BurnedArea","GFED4.1S","ED-ModelC-final","Period Mean (original grids)","MeanState","boas","scalar","%","0.0731527","80.0"
"EcosystemandCarbonCycle","BurnedArea","GFED4.1S","ED-ModelC-final","Model Period Mean (intersection)","MeanState","boas","scalar","%","0.0741911","80.0"
"EcosystemandCarbonCycle","BurnedArea","GFED4.1S","ED-ModelC-final","Model Period Mean (complement)","MeanState","boas","scalar","%","0.00404477","80.0"
"EcosystemandCarbonCycle","BurnedArea","GFED4.1S","ED-ModelC-final","Benchmark Period Mean (intersection)","MeanState","ceas","scalar","%","0.125736","80.0"
"EcosystemandCarbonCycle","BurnedArea","GFED4.1S","ED-ModelC-final","Benchmark Period Mean (complement)","MeanState","ceas","scalar","%","0","80.0"
"EcosystemandCarbonCycle","BurnedArea","GFED4.1S","ED-ModelC-final","Period Mean (original grids)","MeanState","ceas","scalar","%","0.258832","80.0"
"EcosystemandCarbonCycle","BurnedArea","GFED4.1S","ED-ModelC-final","Model Period Mean (intersection)","MeanState","ceas","scalar","%","0.272982","80.0"
"EcosystemandCarbonCycle","BurnedArea","GFED4.1S","ED-ModelC-final","Model Period Mean (complement)","MeanState","ceas","scalar","%","0.100272","80.0"
"EcosystemandCarbonCycle","BurnedArea","GFED4.1S","ED-ModelC-final","Benchmark Period Mean (intersection)","MeanState","seas","scalar","%","0.148029","80.0"
"EcosystemandCarbonCycle","BurnedArea","GFED4.1S","ED-ModelC-final","Benchmark Period Mean (complement)","MeanState","seas","scalar","%","0","80.0"
"EcosystemandCarbonCycle","BurnedArea","GFED4.1S","ED-ModelC-final","Period Mean (original grids)","MeanState","seas","scalar","%","1.03614","80.0"
"EcosystemandCarbonCycle","BurnedArea","GFED4.1S","ED-ModelC-final","Model Period Mean (intersection)","MeanState","seas","scalar","%","1.12108","80.0"
"EcosystemandCarbonCycle","BurnedArea","GFED4.1S","ED-ModelC-final","Model Period Mean (complement)","MeanState","seas","scalar","%","0.105606","80.0"
"EcosystemandCarbonCycle","BurnedArea","GFED4.1S","ED-ModelC-final","Benchmark Period Mean (intersection)","MeanState","eqas","scalar","%","0.0480126","80.0"
"EcosystemandCarbonCycle","BurnedArea","GFED4.1S","ED-ModelC-final","Benchmark Period Mean (complement)","MeanState","eqas","scalar","%","0","80.0"
"EcosystemandCarbonCycle","BurnedArea","GFED4.1S","ED-ModelC-final","Period Mean (original grids)","MeanState","eqas","scalar","%","0.307191","80.0"
"EcosystemandCarbonCycle","BurnedArea","GFED4.1S","ED-ModelC-final","Model Period Mean (intersection)","MeanState","eqas","scalar","%","0.415556","80.0"
"EcosystemandCarbonCycle","BurnedArea","GFED4.1S","ED-ModelC-final","Model Period Mean (complement)","MeanState","eqas","scalar","%","0.0230431","80.0"
"EcosystemandCarbonCycle","BurnedArea","GFED4.1S","ED-ModelC-final","Benchmark Period Mean (intersection)","MeanState","aust","scalar","%","0.529194","80.0"
"EcosystemandCarbonCycle","BurnedArea","GFED4.1S","ED-ModelC-final","Benchmark Period Mean (complement)","MeanState","aust","scalar","%","0","80.0"
"EcosystemandCarbonCycle","BurnedArea","GFED4.1S","ED-ModelC-final","Period Mean (original grids)","MeanState","aust","scalar","%","0.511498","80.0"
"EcosystemandCarbonCycle","BurnedArea","GFED4.1S","ED-ModelC-final","Model Period Mean (intersection)","MeanState","aust","scalar","%","0.541069","80.0"
"EcosystemandCarbonCycle","BurnedArea","GFED4.1S","ED-ModelC-final","Model Period Mean (complement)","MeanState","aust","scalar","%","0.129021","80.0"
"EcosystemandCarbonCycle","BurnedArea","GFED4.1S","ED-ModelC-final","Spatial Distribution Score","MeanState","bona","score","1","0.654858","80.0"
"EcosystemandCarbonCycle","BurnedArea","GFED4.1S","ED-ModelC-final","Spatial Distribution Score","MeanState","tena","score","1","0.160304","80.0"
"EcosystemandCarbonCycle","BurnedArea","GFED4.1S","ED-ModelC-final","Spatial Distribution Score","MeanState","ceam","score","1","0.125564","80.0"
"EcosystemandCarbonCycle","BurnedArea","GFED4.1S","ED-ModelC-final","Spatial Distribution Score","MeanState","nhsa","score","1","0.626989","80.0"
"EcosystemandCarbonCycle","BurnedArea","GFED4.1S","ED-ModelC-final","Spatial Distribution Score","MeanState","shsa","score","1","0.383616","80.0"
"EcosystemandCarbonCycle","BurnedArea","GFED4.1S","ED-ModelC-final","Spatial Distribution Score","MeanState","euro","score","1","0.080499","80.0"
"EcosystemandCarbonCycle","BurnedArea","GFED4.1S","ED-ModelC-final","Spatial Distribution Score","MeanState","mide","score","1","0.0911787","80.0"
"EcosystemandCarbonCycle","BurnedArea","GFED4.1S","ED-ModelC-final","Spatial Distribution Score","MeanState","nhaf","score","1","0.59981","80.0"
"EcosystemandCarbonCycle","BurnedArea","GFED4.1S","ED-ModelC-final","Spatial Distribution Score","MeanState","shaf","score","1","0.567063","80.0"
"EcosystemandCarbonCycle","BurnedArea","GFED4.1S","ED-ModelC-final","Spatial Distribution Score","MeanState","boas","score","1","0.767865","80.0"
"EcosystemandCarbonCycle","BurnedArea","GFED4.1S","ED-ModelC-final","Spatial Distribution Score","MeanState","ceas","score","1","0.726466","80.0"
"EcosystemandCarbonCycle","BurnedArea","GFED4.1S","ED-ModelC-final","Spatial Distribution Score","MeanState","seas","score","1","0.358569","80.0"
"EcosystemandCarbonCycle","BurnedArea","GFED4.1S","ED-ModelC-final","Spatial Distribution Score","MeanState","eqas","score","1","0.177092","80.0"
"EcosystemandCarbonCycle","BurnedArea","GFED4.1S","ED-ModelC-final","Spatial Distribution Score","MeanState","aust","score","1","0.721918","80.0"
"EcosystemandCarbonCycle","BurnedArea","GFED4.1S","ED-ModelC-final","Phase Shift","MeanState","bona","scalar","months","1.89796","80.0"
"EcosystemandCarbonCycle","BurnedArea","GFED4.1S","ED-ModelC-final","Seasonal Cycle Score","MeanState","bona","score","1","0.925121","80.0"
"EcosystemandCarbonCycle","BurnedArea","GFED4.1S","ED-ModelC-final","Phase Shift","MeanState","tena","scalar","months","2.40692","80.0"
"EcosystemandCarbonCycle","BurnedArea","GFED4.1S","ED-ModelC-final","Seasonal Cycle Score","MeanState","tena","score","1","0.694036","80.0"
"EcosystemandCarbonCycle","BurnedArea","GFED4.1S","ED-ModelC-final","Phase Shift","MeanState","ceam","scalar","months","1.71508","80.0"
"EcosystemandCarbonCycle","BurnedArea","GFED4.1S","ED-ModelC-final","Seasonal Cycle Score","MeanState","ceam","score","1","0.84747","80.0"
"EcosystemandCarbonCycle","BurnedArea","GFED4.1S","ED-ModelC-final","Phase Shift","MeanState","nhsa","scalar","months","1.42272","80.0"
"EcosystemandCarbonCycle","BurnedArea","GFED4.1S","ED-ModelC-final","Seasonal Cycle Score","MeanState","nhsa","score","1","0.914425","80.0"
"EcosystemandCarbonCycle","BurnedArea","GFED4.1S","ED-ModelC-final","Phase Shift","MeanState","shsa","scalar","months","1.86776","80.0"
"EcosystemandCarbonCycle","BurnedArea","GFED4.1S","ED-ModelC-final","Seasonal Cycle Score","MeanState","shsa","score","1","0.820024","80.0"
"EcosystemandCarbonCycle","BurnedArea","GFED4.1S","ED-ModelC-final","Phase Shift","MeanState","euro","scalar","months","2.1894","80.0"
"EcosystemandCarbonCycle","BurnedArea","GFED4.1S","ED-ModelC-final","Seasonal Cycle Score","MeanState","euro","score","1","0.808165","80.0"
"EcosystemandCarbonCycle","BurnedArea","GFED4.1S","ED-ModelC-final","Phase Shift","MeanState","mide","scalar","months","2.54107","80.0"
"EcosystemandCarbonCycle","BurnedArea","GFED4.1S","ED-ModelC-final","Seasonal Cycle Score","MeanState","mide","score","1","0.76584","80.0"
"EcosystemandCarbonCycle","BurnedArea","GFED4.1S","ED-ModelC-final","Phase Shift","MeanState","nhaf","scalar","months","1.73904","80.0"
"EcosystemandCarbonCycle","BurnedArea","GFED4.1S","ED-ModelC-final","Seasonal Cycle Score","MeanState","nhaf","score","1","0.901029","80.0"
"EcosystemandCarbonCycle","BurnedArea","GFED4.1S","ED-ModelC-final","Phase Shift","MeanState","shaf","scalar","months","1.42193","80.0"
"EcosystemandCarbonCycle","BurnedArea","GFED4.1S","ED-ModelC-final","Seasonal Cycle Score","MeanState","shaf","score","1","0.902122","80.0"
"EcosystemandCarbonCycle","BurnedArea","GFED4.1S","ED-ModelC-final","Phase Shift","MeanState","boas","scalar","months","1.81847","80.0"
"EcosystemandCarbonCycle","BurnedArea","GFED4.1S","ED-ModelC-final","Seasonal Cycle Score","MeanState","boas","score","1","0.796639","80.0"
"EcosystemandCarbonCycle","BurnedArea","GFED4.1S","ED-ModelC-final","Phase Shift","MeanState","ceas","scalar","months","2.3707","80.0"
"EcosystemandCarbonCycle","BurnedArea","GFED4.1S","ED-ModelC-final","Seasonal Cycle Score","MeanState","ceas","score","1","0.722163","80.0"
"EcosystemandCarbonCycle","BurnedArea","GFED4.1S","ED-ModelC-final","Phase Shift","MeanState","seas","scalar","months","2.26639","80.0"
"EcosystemandCarbonCycle","BurnedArea","GFED4.1S","ED-ModelC-final","Seasonal Cycle Score","MeanState","seas","score","1","0.826697","80.0"
"EcosystemandCarbonCycle","BurnedArea","GFED4.1S","ED-ModelC-final","Phase Shift","MeanState","eqas","scalar","months","1.99882","80.0"
"EcosystemandCarbonCycle","BurnedArea","GFED4.1S","ED-ModelC-final","Seasonal Cycle Score","MeanState","eqas","score","1","0.836452","80.0"
"EcosystemandCarbonCycle","BurnedArea","GFED4.1S","ED-ModelC-final","Phase Shift","MeanState","aust","scalar","months","2.58364","80.0"
"EcosystemandCarbonCycle","BurnedArea","GFED4.1S","ED-ModelC-final","Seasonal Cycle Score","MeanState","aust","score","1","0.579524","80.0"
"EcosystemandCarbonCycle","BurnedArea","GFED4.1S","ED-ModelC-final","Bias","MeanState","bona","scalar","%","0.0118194","80.0"
"EcosystemandCarbonCycle","BurnedArea","GFED4.1S","ED-ModelC-final","Bias Score","MeanState","bona","score","1","0.883981","80.0"
"EcosystemandCarbonCycle","BurnedArea","GFED4.1S","ED-ModelC-final","Bias","MeanState","tena","scalar","%","0.35733","80.0"
"EcosystemandCarbonCycle","BurnedArea","GFED4.1S","ED-ModelC-final","Bias Score","MeanState","tena","score","1","0.437076","80.0"
"EcosystemandCarbonCycle","BurnedArea","GFED4.1S","ED-ModelC-final","Bias","MeanState","ceam","scalar","%","0.77317","80.0"
"EcosystemandCarbonCycle","BurnedArea","GFED4.1S","ED-ModelC-final","Bias Score","MeanState","ceam","score","1","0.286887","80.0"
"EcosystemandCarbonCycle","BurnedArea","GFED4.1S","ED-ModelC-final","Bias","MeanState","nhsa","scalar","%","0.749962","80.0"
"EcosystemandCarbonCycle","BurnedArea","GFED4.1S","ED-ModelC-final","Bias Score","MeanState","nhsa","score","1","0.501408","80.0"
"EcosystemandCarbonCycle","BurnedArea","GFED4.1S","ED-ModelC-final","Bias","MeanState","shsa","scalar","%","0.833593","80.0"
"EcosystemandCarbonCycle","BurnedArea","GFED4.1S","ED-ModelC-final","Bias Score","MeanState","shsa","score","1","0.473091","80.0"
"EcosystemandCarbonCycle","BurnedArea","GFED4.1S","ED-ModelC-final","Bias","MeanState","euro","scalar","%","0.29564","80.0"
"EcosystemandCarbonCycle","BurnedArea","GFED4.1S","ED-ModelC-final","Bias Score","MeanState","euro","score","1","0.39345","80.0"
"EcosystemandCarbonCycle","BurnedArea","GFED4.1S","ED-ModelC-final","Bias","MeanState","mide","scalar","%","0.399581","80.0"
"EcosystemandCarbonCycle","BurnedArea","GFED4.1S","ED-ModelC-final","Bias Score","MeanState","mide","score","1","0.436689","80.0"
"EcosystemandCarbonCycle","BurnedArea","GFED4.1S","ED-ModelC-final","Bias","MeanState","nhaf","scalar","%","0.281868","80.0"
"EcosystemandCarbonCycle","BurnedArea","GFED4.1S","ED-ModelC-final","Bias Score","MeanState","nhaf","score","1","0.769337","80.0"
"EcosystemandCarbonCycle","BurnedArea","GFED4.1S","ED-ModelC-final","Bias","MeanState","shaf","scalar","%","0.016048","80.0"
"EcosystemandCarbonCycle","BurnedArea","GFED4.1S","ED-ModelC-final","Bias Score","MeanState","shaf","score","1","0.759732","80.0"
"EcosystemandCarbonCycle","BurnedArea","GFED4.1S","ED-ModelC-final","Bias","MeanState","boas","scalar","%","0.0405767","80.0"
"EcosystemandCarbonCycle","BurnedArea","GFED4.1S","ED-ModelC-final","Bias Score","MeanState","boas","score","1","0.840753","80.0"
"EcosystemandCarbonCycle","BurnedArea","GFED4.1S","ED-ModelC-final","Bias","MeanState","ceas","scalar","%","0.147246","80.0"
"EcosystemandCarbonCycle","BurnedArea","GFED4.1S","ED-ModelC-final","Bias Score","MeanState","ceas","score","1","0.783351","80.0"
"EcosystemandCarbonCycle","BurnedArea","GFED4.1S","ED-ModelC-final","Bias","MeanState","seas","scalar","%","0.973053","80.0"
"EcosystemandCarbonCycle","BurnedArea","GFED4.1S","ED-ModelC-final","Bias Score","MeanState","seas","score","1","0.496169","80.0"
"EcosystemandCarbonCycle","BurnedArea","GFED4.1S","ED-ModelC-final","Bias","MeanState","eqas","scalar","%","0.367544","80.0"
"EcosystemandCarbonCycle","BurnedArea","GFED4.1S","ED-ModelC-final","Bias Score","MeanState","eqas","score","1","0.477132","80.0"
"EcosystemandCarbonCycle","BurnedArea","GFED4.1S","ED-ModelC-final","Bias","MeanState","aust","scalar","%","0.011875","80.0"
"EcosystemandCarbonCycle","BurnedArea","GFED4.1S","ED-ModelC-final","Bias Score","MeanState","aust","score","1","0.745626","80.0"
"EcosystemandCarbonCycle","BurnedArea","GFED4.1S","ED-ModelC-final","RMSE","MeanState","bona","scalar","%","0.129741","80.0"
"EcosystemandCarbonCycle","BurnedArea","GFED4.1S","ED-ModelC-final","RMSE Score","MeanState","bona","score","1","0.742535","80.0"
"EcosystemandCarbonCycle","BurnedArea","GFED4.1S","ED-ModelC-final","RMSE","MeanState","tena","scalar","%","0.609779","80.0"
"EcosystemandCarbonCycle","BurnedArea","GFED4.1S","ED-ModelC-final","RMSE Score","MeanState","tena","score","1","0.307975","80.0"
"EcosystemandCarbonCycle","BurnedArea","GFED4.1S","ED-ModelC-final","RMSE","MeanState","ceam","scalar","%","0.957688","80.0"
"EcosystemandCarbonCycle","BurnedArea","GFED4.1S","ED-ModelC-final","RMSE Score","MeanState","ceam","score","1","0.310422","80.0"
"EcosystemandCarbonCycle","BurnedArea","GFED4.1S","ED-ModelC-final","RMSE","MeanState","nhsa","scalar","%","0.914459","80.0"
"EcosystemandCarbonCycle","BurnedArea","GFED4.1S","ED-ModelC-final","RMSE Score","MeanState","nhsa","score","1","0.49315","80.0"
"EcosystemandCarbonCycle","BurnedArea","GFED4.1S","ED-ModelC-final","RMSE","MeanState","shsa","scalar","%","1.05571","80.0"
"EcosystemandCarbonCycle","BurnedArea","GFED4.1S","ED-ModelC-final","RMSE Score","MeanState","shsa","score","1","0.429758","80.0"
"EcosystemandCarbonCycle","BurnedArea","GFED4.1S","ED-ModelC-final","RMSE","MeanState","euro","scalar","%","0.516627","80.0"
"EcosystemandCarbonCycle","BurnedArea","GFED4.1S","ED-ModelC-final","RMSE Score","MeanState","euro","score","1","0.261763","80.0"
"EcosystemandCarbonCycle","BurnedArea","GFED4.1S","ED-ModelC-final","RMSE","MeanState","mide","scalar","%","0.650178","80.0"
"EcosystemandCarbonCycle","BurnedArea","GFED4.1S","ED-ModelC-final","RMSE Score","MeanState","mide","score","1","0.310067","80.0"
"EcosystemandCarbonCycle","BurnedArea","GFED4.1S","ED-ModelC-final","RMSE","MeanState","nhaf","scalar","%","2.60824","80.0"
"EcosystemandCarbonCycle","BurnedArea","GFED4.1S","ED-ModelC-final","RMSE Score","MeanState","nhaf","score","1","0.479548","80.0"
"EcosystemandCarbonCycle","BurnedArea","GFED4.1S","ED-ModelC-final","RMSE","MeanState","shaf","scalar","%","2.40356","80.0"
"EcosystemandCarbonCycle","BurnedArea","GFED4.1S","ED-ModelC-final","RMSE Score","MeanState","shaf","score","1","0.502274","80.0"
"EcosystemandCarbonCycle","BurnedArea","GFED4.1S","ED-ModelC-final","RMSE","MeanState","boas","scalar","%","0.175138","80.0"
"EcosystemandCarbonCycle","BurnedArea","GFED4.1S","ED-ModelC-final","RMSE Score","MeanState","boas","score","1","0.619204","80.0"
"EcosystemandCarbonCycle","BurnedArea","GFED4.1S","ED-ModelC-final","RMSE","MeanState","ceas","scalar","%","0.508035","80.0"
"EcosystemandCarbonCycle","BurnedArea","GFED4.1S","ED-ModelC-final","RMSE Score","MeanState","ceas","score","1","0.560258","80.0"
"EcosystemandCarbonCycle","BurnedArea","GFED4.1S","ED-ModelC-final","RMSE","MeanState","seas","scalar","%","1.31547","80.0"
"EcosystemandCarbonCycle","BurnedArea","GFED4.1S","ED-ModelC-final","RMSE Score","MeanState","seas","score","1","0.377266","80.0"
"EcosystemandCarbonCycle","BurnedArea","GFED4.1S","ED-ModelC-final","RMSE","MeanState","eqas","scalar","%","0.442797","80.0"
"EcosystemandCarbonCycle","BurnedArea","GFED4.1S","ED-ModelC-final","RMSE Score","MeanState","eqas","score","1","0.523149","80.0"
"EcosystemandCarbonCycle","BurnedArea","GFED4.1S","ED-ModelC-final","RMSE","MeanState","aust","scalar","%","1.13037","80.0"
"EcosystemandCarbonCycle","BurnedArea","GFED4.1S","ED-ModelC-final","RMSE Score","MeanState","aust","score","1","0.652014","80.0"
"EcosystemandCarbonCycle","BurnedArea","GFED4.1S","ED-ModelC-precip_shape","Benchmark Period Mean (intersection)","MeanState","bona","scalar","%","0.0334473","80.0"
"EcosystemandCarbonCycle","BurnedArea","GFED4.1S","ED-ModelC-precip_shape","Benchmark Period Mean (complement)","MeanState","bona","scalar","%","0","80.0"
"EcosystemandCarbonCycle","BurnedArea","GFED4.1S","ED-ModelC-precip_shape","Period Mean (original grids)","MeanState","bona","scalar","%","0.0227294","80.0"
"EcosystemandCarbonCycle","BurnedArea","GFED4.1S","ED-ModelC-precip_shape","Model Period Mean (intersection)","MeanState","bona","scalar","%","0.0234108","80.0"
"EcosystemandCarbonCycle","BurnedArea","GFED4.1S","ED-ModelC-precip_shape","Model Period Mean (complement)","MeanState","bona","scalar","%","0.00238458","80.0"
"EcosystemandCarbonCycle","BurnedArea","GFED4.1S","ED-ModelC-precip_shape","Benchmark Period Mean (intersection)","MeanState","tena","scalar","%","0.0259374","80.0"
"EcosystemandCarbonCycle","BurnedArea","GFED4.1S","ED-ModelC-precip_shape","Benchmark Period Mean (complement)","MeanState","tena","scalar","%","0","80.0"
"EcosystemandCarbonCycle","BurnedArea","GFED4.1S","ED-ModelC-precip_shape","Period Mean (original grids)","MeanState","tena","scalar","%","0.271924","80.0"
"EcosystemandCarbonCycle","BurnedArea","GFED4.1S","ED-ModelC-precip_shape","Model Period Mean (intersection)","MeanState","tena","scalar","%","0.27743","80.0"
"EcosystemandCarbonCycle","BurnedArea","GFED4.1S","ED-ModelC-precip_shape","Model Period Mean (complement)","MeanState","tena","scalar","%","0.104237","80.0"
"EcosystemandCarbonCycle","BurnedArea","GFED4.1S","ED-ModelC-precip_shape","Benchmark Period Mean (intersection)","MeanState","ceam","scalar","%","0.0824275","80.0"
"EcosystemandCarbonCycle","BurnedArea","GFED4.1S","ED-ModelC-precip_shape","Benchmark Period Mean (complement)","MeanState","ceam","scalar","%","0","80.0"
"EcosystemandCarbonCycle","BurnedArea","GFED4.1S","ED-ModelC-precip_shape","Period Mean (original grids)","MeanState","ceam","scalar","%","0.455882","80.0"
"EcosystemandCarbonCycle","BurnedArea","GFED4.1S","ED-ModelC-precip_shape","Model Period Mean (intersection)","MeanState","ceam","scalar","%","0.510818","80.0"
"EcosystemandCarbonCycle","BurnedArea","GFED4.1S","ED-ModelC-precip_shape","Model Period Mean (complement)","MeanState","ceam","scalar","%","0.105737","80.0"
"EcosystemandCarbonCycle","BurnedArea","GFED4.1S","ED-ModelC-precip_shape","Benchmark Period Mean (intersection)","MeanState","nhsa","scalar","%","0.142765","80.0"
"EcosystemandCarbonCycle","BurnedArea","GFED4.1S","ED-ModelC-precip_shape","Benchmark Period Mean (complement)","MeanState","nhsa","scalar","%","0","80.0"
"EcosystemandCarbonCycle","BurnedArea","GFED4.1S","ED-ModelC-precip_shape","Period Mean (original grids)","MeanState","nhsa","scalar","%","0.161035","80.0"
"EcosystemandCarbonCycle","BurnedArea","GFED4.1S","ED-ModelC-precip_shape","Model Period Mean (intersection)","MeanState","nhsa","scalar","%","0.168646","80.0"
"EcosystemandCarbonCycle","BurnedArea","GFED4.1S","ED-ModelC-precip_shape","Model Period Mean (complement)","MeanState","nhsa","scalar","%","0.052","80.0"
"EcosystemandCarbonCycle","BurnedArea","GFED4.1S","ED-ModelC-precip_shape","Benchmark Period Mean (intersection)","MeanState","shsa","scalar","%","0.145694","80.0"
"EcosystemandCarbonCycle","BurnedArea","GFED4.1S","ED-ModelC-precip_shape","Benchmark Period Mean (complement)","MeanState","shsa","scalar","%","0","80.0"
"EcosystemandCarbonCycle","BurnedArea","GFED4.1S","ED-ModelC-precip_shape","Period Mean (original grids)","MeanState","shsa","scalar","%","0.358961","80.0"
"EcosystemandCarbonCycle","BurnedArea","GFED4.1S","ED-ModelC-precip_shape","Model Period Mean (intersection)","MeanState","shsa","scalar","%","0.367053","80.0"
"EcosystemandCarbonCycle","BurnedArea","GFED4.1S","ED-ModelC-precip_shape","Model Period Mean (complement)","MeanState","shsa","scalar","%","0.146749","80.0"
"EcosystemandCarbonCycle","BurnedArea","GFED4.1S","ED-ModelC-precip_shape","Benchmark Period Mean (intersection)","MeanState","euro","scalar","%","0.0250618","80.0"
"EcosystemandCarbonCycle","BurnedArea","GFED4.1S","ED-ModelC-precip_shape","Benchmark Period Mean (complement)","MeanState","euro","scalar","%","0","80.0"
"EcosystemandCarbonCycle","BurnedArea","GFED4.1S","ED-ModelC-precip_shape","Period Mean (original grids)","MeanState","euro","scalar","%","0.113517","80.0"
"EcosystemandCarbonCycle","BurnedArea","GFED4.1S","ED-ModelC-precip_shape","Model Period Mean (intersection)","MeanState","euro","scalar","%","0.12596","80.0"
"EcosystemandCarbonCycle","BurnedArea","GFED4.1S","ED-ModelC-precip_shape","Model Period Mean (complement)","MeanState","euro","scalar","%","0.0189199","80.0"
"EcosystemandCarbonCycle","BurnedArea","GFED4.1S","ED-ModelC-precip_shape","Benchmark Period Mean (intersection)","MeanState","mide","scalar","%","0.025217","80.0"
"EcosystemandCarbonCycle","BurnedArea","GFED4.1S","ED-ModelC-precip_shape","Benchmark Period Mean (complement)","MeanState","mide","scalar","%","0","80.0"
"EcosystemandCarbonCycle","BurnedArea","GFED4.1S","ED-ModelC-precip_shape","Period Mean (original grids)","MeanState","mide","scalar","%","0.92824","80.0"
"EcosystemandCarbonCycle","BurnedArea","GFED4.1S","ED-ModelC-precip_shape","Model Period Mean (intersection)","MeanState","mide","scalar","%","0.938281","80.0"
"EcosystemandCarbonCycle","BurnedArea","GFED4.1S","ED-ModelC-precip_shape","Model Period Mean (complement)","MeanState","mide","scalar","%","0.902546","80.0"
"EcosystemandCarbonCycle","BurnedArea","GFED4.1S","ED-ModelC-precip_shape","Benchmark Period Mean (intersection)","MeanState","nhaf","scalar","%","1.23284","80.0"
"EcosystemandCarbonCycle","BurnedArea","GFED4.1S","ED-ModelC-precip_shape","Benchmark Period Mean (complement)","MeanState","nhaf","scalar","%","0","80.0"
"EcosystemandCarbonCycle","BurnedArea","GFED4.1S","ED-ModelC-precip_shape","Period Mean (original grids)","MeanState","nhaf","scalar","%","1.21995","80.0"
"EcosystemandCarbonCycle","BurnedArea","GFED4.1S","ED-ModelC-precip_shape","Model Period Mean (intersection)","MeanState","nhaf","scalar","%","1.23905","80.0"
"EcosystemandCarbonCycle","BurnedArea","GFED4.1S","ED-ModelC-precip_shape","Model Period Mean (complement)","MeanState","nhaf","scalar","%","0.94122","80.0"
"EcosystemandCarbonCycle","BurnedArea","GFED4.1S","ED-ModelC-precip_shape","Benchmark Period Mean (intersection)","MeanState","shaf","scalar","%","1.45692","80.0"
"EcosystemandCarbonCycle","BurnedArea","GFED4.1S","ED-ModelC-precip_shape","Benchmark Period Mean (complement)","MeanState","shaf","scalar","%","0","80.0"
"EcosystemandCarbonCycle","BurnedArea","GFED4.1S","ED-ModelC-precip_shape","Period Mean (original grids)","MeanState","shaf","scalar","%","0.977178","80.0"
"EcosystemandCarbonCycle","BurnedArea","GFED4.1S","ED-ModelC-precip_shape","Model Period Mean (intersection)","MeanState","shaf","scalar","%","0.993781","80.0"
"EcosystemandCarbonCycle","BurnedArea","GFED4.1S","ED-ModelC-precip_shape","Model Period Mean (complement)","MeanState","shaf","scalar","%","0.496267","80.0"
"EcosystemandCarbonCycle","BurnedArea","GFED4.1S","ED-ModelC-precip_shape","Benchmark Period Mean (intersection)","MeanState","boas","scalar","%","0.0336143","80.0"
"EcosystemandCarbonCycle","BurnedArea","GFED4.1S","ED-ModelC-precip_shape","Benchmark Period Mean (complement)","MeanState","boas","scalar","%","0","80.0"
"EcosystemandCarbonCycle","BurnedArea","GFED4.1S","ED-ModelC-precip_shape","Period Mean (original grids)","MeanState","boas","scalar","%","0.0333287","80.0"
"EcosystemandCarbonCycle","BurnedArea","GFED4.1S","ED-ModelC-precip_shape","Model Period Mean (intersection)","MeanState","boas","scalar","%","0.0338087","80.0"
"EcosystemandCarbonCycle","BurnedArea","GFED4.1S","ED-ModelC-precip_shape","Model Period Mean (complement)","MeanState","boas","scalar","%","0.0013771","80.0"
"EcosystemandCarbonCycle","BurnedArea","GFED4.1S","ED-ModelC-precip_shape","Benchmark Period Mean (intersection)","MeanState","ceas","scalar","%","0.125736","80.0"
"EcosystemandCarbonCycle","BurnedArea","GFED4.1S","ED-ModelC-precip_shape","Benchmark Period Mean (complement)","MeanState","ceas","scalar","%","0","80.0"
"EcosystemandCarbonCycle","BurnedArea","GFED4.1S","ED-ModelC-precip_shape","Period Mean (original grids)","MeanState","ceas","scalar","%","0.362017","80.0"
"EcosystemandCarbonCycle","BurnedArea","GFED4.1S","ED-ModelC-precip_shape","Model Period Mean (intersection)","MeanState","ceas","scalar","%","0.349719","80.0"
"EcosystemandCarbonCycle","BurnedArea","GFED4.1S","ED-ModelC-precip_shape","Model Period Mean (complement)","MeanState","ceas","scalar","%","0.499825","80.0"
"EcosystemandCarbonCycle","BurnedArea","GFED4.1S","ED-ModelC-precip_shape","Benchmark Period Mean (intersection)","MeanState","seas","scalar","%","0.148029","80.0"
"EcosystemandCarbonCycle","BurnedArea","GFED4.1S","ED-ModelC-precip_shape","Benchmark Period Mean (complement)","MeanState","seas","scalar","%","0","80.0"
"EcosystemandCarbonCycle","BurnedArea","GFED4.1S","ED-ModelC-precip_shape","Period Mean (original grids)","MeanState","seas","scalar","%","0.467253","80.0"
"EcosystemandCarbonCycle","BurnedArea","GFED4.1S","ED-ModelC-precip_shape","Model Period Mean (intersection)","MeanState","seas","scalar","%","0.498135","80.0"
"EcosystemandCarbonCycle","BurnedArea","GFED4.1S","ED-ModelC-precip_shape","Model Period Mean (complement)","MeanState","seas","scalar","%","0.128965","80.0"
"EcosystemandCarbonCycle","BurnedArea","GFED4.1S","ED-ModelC-precip_shape","Benchmark Period Mean (intersection)","MeanState","eqas","scalar","%","0.0480126","80.0"
"EcosystemandCarbonCycle","BurnedArea","GFED4.1S","ED-ModelC-precip_shape","Benchmark Period Mean (complement)","MeanState","eqas","scalar","%","0","80.0"
"EcosystemandCarbonCycle","BurnedArea","GFED4.1S","ED-ModelC-precip_shape","Period Mean (original grids)","MeanState","eqas","scalar","%","0.0391658","80.0"
"EcosystemandCarbonCycle","BurnedArea","GFED4.1S","ED-ModelC-precip_shape","Model Period Mean (intersection)","MeanState","eqas","scalar","%","0.0523133","80.0"
"EcosystemandCarbonCycle","BurnedArea","GFED4.1S","ED-ModelC-precip_shape","Model Period Mean (complement)","MeanState","eqas","scalar","%","0.00469108","80.0"
"EcosystemandCarbonCycle","BurnedArea","GFED4.1S","ED-ModelC-precip_shape","Benchmark Period Mean (intersection)","MeanState","aust","scalar","%","0.529194","80.0"
"EcosystemandCarbonCycle","BurnedArea","GFED4.1S","ED-ModelC-precip_shape","Benchmark Period Mean (complement)","MeanState","aust","scalar","%","0","80.0"
"EcosystemandCarbonCycle","BurnedArea","GFED4.1S","ED-ModelC-precip_shape","Period Mean (original grids)","MeanState","aust","scalar","%","0.70739","80.0"
"EcosystemandCarbonCycle","BurnedArea","GFED4.1S","ED-ModelC-precip_shape","Model Period Mean (intersection)","MeanState","aust","scalar","%","0.751444","80.0"
"EcosystemandCarbonCycle","BurnedArea","GFED4.1S","ED-ModelC-precip_shape","Model Period Mean (complement)","MeanState","aust","scalar","%","0.137575","80.0"
"EcosystemandCarbonCycle","BurnedArea","GFED4.1S","ED-ModelC-precip_shape","Spatial Distribution Score","MeanState","bona","score","1","0.47894","80.0"
"EcosystemandCarbonCycle","BurnedArea","GFED4.1S","ED-ModelC-precip_shape","Spatial Distribution Score","MeanState","tena","score","1","0.0632332","80.0"
"EcosystemandCarbonCycle","BurnedArea","GFED4.1S","ED-ModelC-precip_shape","Spatial Distribution Score","MeanState","ceam","score","1","0.152787","80.0"
"EcosystemandCarbonCycle","BurnedArea","GFED4.1S","ED-ModelC-precip_shape","Spatial Distribution Score","MeanState","nhsa","score","1","0.69186","80.0"
"EcosystemandCarbonCycle","BurnedArea","GFED4.1S","ED-ModelC-precip_shape","Spatial Distribution Score","MeanState","shsa","score","1","0.607011","80.0"
"EcosystemandCarbonCycle","BurnedArea","GFED4.1S","ED-ModelC-precip_shape","Spatial Distribution Score","MeanState","euro","score","1","0.218764","80.0"
"EcosystemandCarbonCycle","BurnedArea","GFED4.1S","ED-ModelC-precip_shape","Spatial Distribution Score","MeanState","mide","score","1","0.0275066","80.0"
"EcosystemandCarbonCycle","BurnedArea","GFED4.1S","ED-ModelC-precip_shape","Spatial Distribution Score","MeanState","nhaf","score","1","0.523489","80.0"
"EcosystemandCarbonCycle","BurnedArea","GFED4.1S","ED-ModelC-precip_shape","Spatial Distribution Score","MeanState","shaf","score","1","0.412928","80.0"
"EcosystemandCarbonCycle","BurnedArea","GFED4.1S","ED-ModelC-precip_shape","Spatial Distribution Score","MeanState","boas","score","1","0.589272","80.0"
"EcosystemandCarbonCycle","BurnedArea","GFED4.1S","ED-ModelC-precip_shape","Spatial Distribution Score","MeanState","ceas","score","1","0.420535","80.0"
"EcosystemandCarbonCycle","BurnedArea","GFED4.1S","ED-ModelC-precip_shape","Spatial Distribution Score","MeanState","seas","score","1","0.483238","80.0"
"EcosystemandCarbonCycle","BurnedArea","GFED4.1S","ED-ModelC-precip_shape","Spatial Distribution Score","MeanState","eqas","score","1","0.626667","80.0"
"EcosystemandCarbonCycle","BurnedArea","GFED4.1S","ED-ModelC-precip_shape","Spatial Distribution Score","MeanState","aust","score","1","0.67398","80.0"
"EcosystemandCarbonCycle","BurnedArea","GFED4.1S","ED-ModelC-precip_shape","Phase Shift","MeanState","bona","scalar","months","1.90872","80.0"
"EcosystemandCarbonCycle","BurnedArea","GFED4.1S","ED-ModelC-precip_shape","Seasonal Cycle Score","MeanState","bona","score","1","0.923771","80.0"
"EcosystemandCarbonCycle","BurnedArea","GFED4.1S","ED-ModelC-precip_shape","Phase Shift","MeanState","tena","scalar","months","2.43391","80.0"
"EcosystemandCarbonCycle","BurnedArea","GFED4.1S","ED-ModelC-precip_shape","Seasonal Cycle Score","MeanState","tena","score","1","0.678789","80.0"
"EcosystemandCarbonCycle","BurnedArea","GFED4.1S","ED-ModelC-precip_shape","Phase Shift","MeanState","ceam","scalar","months","1.68272","80.0"
"EcosystemandCarbonCycle","BurnedArea","GFED4.1S","ED-ModelC-precip_shape","Seasonal Cycle Score","MeanState","ceam","score","1","0.863352","80.0"
"EcosystemandCarbonCycle","BurnedArea","GFED4.1S","ED-ModelC-precip_shape","Phase Shift","MeanState","nhsa","scalar","months","1.3163","80.0"
"EcosystemandCarbonCycle","BurnedArea","GFED4.1S","ED-ModelC-precip_shape","Seasonal Cycle Score","MeanState","nhsa","score","1","0.911659","80.0"
"EcosystemandCarbonCycle","BurnedArea","GFED4.1S","ED-ModelC-precip_shape","Phase Shift","MeanState","shsa","scalar","months","1.53815","80.0"
"EcosystemandCarbonCycle","BurnedArea","GFED4.1S","ED-ModelC-precip_shape","Seasonal Cycle Score","MeanState","shsa","score","1","0.9035","80.0"
"EcosystemandCarbonCycle","BurnedArea","GFED4.1S","ED-ModelC-precip_shape","Phase Shift","MeanState","euro","scalar","months","2.21321","80.0"
"EcosystemandCarbonCycle","BurnedArea","GFED4.1S","ED-ModelC-precip_shape","Seasonal Cycle Score","MeanState","euro","score","1","0.80739","80.0"
"EcosystemandCarbonCycle","BurnedArea","GFED4.1S","ED-ModelC-precip_shape","Phase Shift","MeanState","mide","scalar","months","2.32327","80.0"
"EcosystemandCarbonCycle","BurnedArea","GFED4.1S","ED-ModelC-precip_shape","Seasonal Cycle Score","MeanState","mide","score","1","0.791758","80.0"
"EcosystemandCarbonCycle","BurnedArea","GFED4.1S","ED-ModelC-precip_shape","Phase Shift","MeanState","nhaf","scalar","months","1.91045","80.0"
"EcosystemandCarbonCycle","BurnedArea","GFED4.1S","ED-ModelC-precip_shape","Seasonal Cycle Score","MeanState","nhaf","score","1","0.843563","80.0"
"EcosystemandCarbonCycle","BurnedArea","GFED4.1S","ED-ModelC-precip_shape","Phase Shift","MeanState","shaf","scalar","months","1.3019","80.0"
"EcosystemandCarbonCycle","BurnedArea","GFED4.1S","ED-ModelC-precip_shape","Seasonal Cycle Score","MeanState","shaf","score","1","0.915954","80.0"
"EcosystemandCarbonCycle","BurnedArea","GFED4.1S","ED-ModelC-precip_shape","Phase Shift","MeanState","boas","scalar","months","1.8267","80.0"
"EcosystemandCarbonCycle","BurnedArea","GFED4.1S","ED-ModelC-precip_shape","Seasonal Cycle Score","MeanState","boas","score","1","0.802358","80.0"
"EcosystemandCarbonCycle","BurnedArea","GFED4.1S","ED-ModelC-precip_shape","Phase Shift","MeanState","ceas","scalar","months","2.43488","80.0"
"EcosystemandCarbonCycle","BurnedArea","GFED4.1S","ED-ModelC-precip_shape","Seasonal Cycle Score","MeanState","ceas","score","1","0.719963","80.0"
"EcosystemandCarbonCycle","BurnedArea","GFED4.1S","ED-ModelC-precip_shape","Phase Shift","MeanState","seas","scalar","months","1.9884","80.0"
"EcosystemandCarbonCycle","BurnedArea","GFED4.1S","ED-ModelC-precip_shape","Seasonal Cycle Score","MeanState","seas","score","1","0.860629","80.0"
"EcosystemandCarbonCycle","BurnedArea","GFED4.1S","ED-ModelC-precip_shape","Phase Shift","MeanState","eqas","scalar","months","2.08698","80.0"
"EcosystemandCarbonCycle","BurnedArea","GFED4.1S","ED-ModelC-precip_shape","Seasonal Cycle Score","MeanState","eqas","score","1","0.832657","80.0"
"EcosystemandCarbonCycle","BurnedArea","GFED4.1S","ED-ModelC-precip_shape","Phase Shift","MeanState","aust","scalar","months","2.4322","80.0"
"EcosystemandCarbonCycle","BurnedArea","GFED4.1S","ED-ModelC-precip_shape","Seasonal Cycle Score","MeanState","aust","score","1","0.611789","80.0"
"EcosystemandCarbonCycle","BurnedArea","GFED4.1S","ED-ModelC-precip_shape","Bias","MeanState","bona","scalar","%","-0.0100365","80.0"
"EcosystemandCarbonCycle","BurnedArea","GFED4.1S","ED-ModelC-precip_shape","Bias Score","MeanState","bona","score","1","0.893959","80.0"
"EcosystemandCarbonCycle","BurnedArea","GFED4.1S","ED-ModelC-precip_shape","Bias","MeanState","tena","scalar","%","0.251493","80.0"
"EcosystemandCarbonCycle","BurnedArea","GFED4.1S","ED-ModelC-precip_shape","Bias Score","MeanState","tena","score","1","0.547995","80.0"
"EcosystemandCarbonCycle","BurnedArea","GFED4.1S","ED-ModelC-precip_shape","Bias","MeanState","ceam","scalar","%","0.42839","80.0"
"EcosystemandCarbonCycle","BurnedArea","GFED4.1S","ED-ModelC-precip_shape","Bias Score","MeanState","ceam","score","1","0.545306","80.0"
"EcosystemandCarbonCycle","BurnedArea","GFED4.1S","ED-ModelC-precip_shape","Bias","MeanState","nhsa","scalar","%","0.025881","80.0"
"EcosystemandCarbonCycle","BurnedArea","GFED4.1S","ED-ModelC-precip_shape","Bias Score","MeanState","nhsa","score","1","0.715153","80.0"
"EcosystemandCarbonCycle","BurnedArea","GFED4.1S","ED-ModelC-precip_shape","Bias","MeanState","shsa","scalar","%","0.221359","80.0"
"EcosystemandCarbonCycle","BurnedArea","GFED4.1S","ED-ModelC-precip_shape","Bias Score","MeanState","shsa","score","1","0.712979","80.0"
"EcosystemandCarbonCycle","BurnedArea","GFED4.1S","ED-ModelC-precip_shape","Bias","MeanState","euro","scalar","%","0.100899","80.0"
"EcosystemandCarbonCycle","BurnedArea","GFED4.1S","ED-ModelC-precip_shape","Bias Score","MeanState","euro","score","1","0.672032","80.0"
"EcosystemandCarbonCycle","BurnedArea","GFED4.1S","ED-ModelC-precip_shape","Bias","MeanState","mide","scalar","%","0.913064","80.0"
"EcosystemandCarbonCycle","BurnedArea","GFED4.1S","ED-ModelC-precip_shape","Bias Score","MeanState","mide","score","1","0.384483","80.0"
"EcosystemandCarbonCycle","BurnedArea","GFED4.1S","ED-ModelC-precip_shape","Bias","MeanState","nhaf","scalar","%","0.00621111","80.0"
"EcosystemandCarbonCycle","BurnedArea","GFED4.1S","ED-ModelC-precip_shape","Bias Score","MeanState","nhaf","score","1","0.721362","80.0"
"EcosystemandCarbonCycle","BurnedArea","GFED4.1S","ED-ModelC-precip_shape","Bias","MeanState","shaf","scalar","%","-0.463141","80.0"
"EcosystemandCarbonCycle","BurnedArea","GFED4.1S","ED-ModelC-precip_shape","Bias Score","MeanState","shaf","score","1","0.690842","80.0"
"EcosystemandCarbonCycle","BurnedArea","GFED4.1S","ED-ModelC-precip_shape","Bias","MeanState","boas","scalar","%","0.000194386","80.0"
"EcosystemandCarbonCycle","BurnedArea","GFED4.1S","ED-ModelC-precip_shape","Bias Score","MeanState","boas","score","1","0.882003","80.0"
"EcosystemandCarbonCycle","BurnedArea","GFED4.1S","ED-ModelC-precip_shape","Bias","MeanState","ceas","scalar","%","0.223983","80.0"
"EcosystemandCarbonCycle","BurnedArea","GFED4.1S","ED-ModelC-precip_shape","Bias Score","MeanState","ceas","score","1","0.797649","80.0"
"EcosystemandCarbonCycle","BurnedArea","GFED4.1S","ED-ModelC-precip_shape","Bias","MeanState","seas","scalar","%","0.350106","80.0"
"EcosystemandCarbonCycle","BurnedArea","GFED4.1S","ED-ModelC-precip_shape","Bias Score","MeanState","seas","score","1","0.695353","80.0"
"EcosystemandCarbonCycle","BurnedArea","GFED4.1S","ED-ModelC-precip_shape","Bias","MeanState","eqas","scalar","%","0.00430077","80.0"
"EcosystemandCarbonCycle","BurnedArea","GFED4.1S","ED-ModelC-precip_shape","Bias Score","MeanState","eqas","score","1","0.715337","80.0"
"EcosystemandCarbonCycle","BurnedArea","GFED4.1S","ED-ModelC-precip_shape","Bias","MeanState","aust","scalar","%","0.22225","80.0"
"EcosystemandCarbonCycle","BurnedArea","GFED4.1S","ED-ModelC-precip_shape","Bias Score","MeanState","aust","score","1","0.750577","80.0"
"EcosystemandCarbonCycle","BurnedArea","GFED4.1S","ED-ModelC-precip_shape","RMSE","MeanState","bona","scalar","%","0.102787","80.0"
"EcosystemandCarbonCycle","BurnedArea","GFED4.1S","ED-ModelC-precip_shape","RMSE Score","MeanState","bona","score","1","0.753023","80.0"
"EcosystemandCarbonCycle","BurnedArea","GFED4.1S","ED-ModelC-precip_shape","RMSE","MeanState","tena","scalar","%","0.42594","80.0"
"EcosystemandCarbonCycle","BurnedArea","GFED4.1S","ED-ModelC-precip_shape","RMSE Score","MeanState","tena","score","1","0.393337","80.0"
"EcosystemandCarbonCycle","BurnedArea","GFED4.1S","ED-ModelC-precip_shape","RMSE","MeanState","ceam","scalar","%","0.63825","80.0"
"EcosystemandCarbonCycle","BurnedArea","GFED4.1S","ED-ModelC-precip_shape","RMSE Score","MeanState","ceam","score","1","0.424532","80.0"
"EcosystemandCarbonCycle","BurnedArea","GFED4.1S","ED-ModelC-precip_shape","RMSE","MeanState","nhsa","scalar","%","0.236392","80.0"
"EcosystemandCarbonCycle","BurnedArea","GFED4.1S","ED-ModelC-precip_shape","RMSE Score","MeanState","nhsa","score","1","0.573589","80.0"
"EcosystemandCarbonCycle","BurnedArea","GFED4.1S","ED-ModelC-precip_shape","RMSE","MeanState","shsa","scalar","%","0.481007","80.0"
"EcosystemandCarbonCycle","BurnedArea","GFED4.1S","ED-ModelC-precip_shape","RMSE Score","MeanState","shsa","score","1","0.537932","80.0"
"EcosystemandCarbonCycle","BurnedArea","GFED4.1S","ED-ModelC-precip_shape","RMSE","MeanState","euro","scalar","%","0.199611","80.0"
"EcosystemandCarbonCycle","BurnedArea","GFED4.1S","ED-ModelC-precip_shape","RMSE Score","MeanState","euro","score","1","0.489783","80.0"
"EcosystemandCarbonCycle","BurnedArea","GFED4.1S","ED-ModelC-precip_shape","RMSE","MeanState","mide","scalar","%","1.27145","80.0"
"EcosystemandCarbonCycle","BurnedArea","GFED4.1S","ED-ModelC-precip_shape","RMSE Score","MeanState","mide","score","1","0.276893","80.0"
"EcosystemandCarbonCycle","BurnedArea","GFED4.1S","ED-ModelC-precip_shape","RMSE","MeanState","nhaf","scalar","%","2.88624","80.0"
"EcosystemandCarbonCycle","BurnedArea","GFED4.1S","ED-ModelC-precip_shape","RMSE Score","MeanState","nhaf","score","1","0.457855","80.0"
"EcosystemandCarbonCycle","BurnedArea","GFED4.1S","ED-ModelC-precip_shape","RMSE","MeanState","shaf","scalar","%","2.5446","80.0"
"EcosystemandCarbonCycle","BurnedArea","GFED4.1S","ED-ModelC-precip_shape","RMSE Score","MeanState","shaf","score","1","0.490047","80.0"
"EcosystemandCarbonCycle","BurnedArea","GFED4.1S","ED-ModelC-precip_shape","RMSE","MeanState","boas","scalar","%","0.105426","80.0"
"EcosystemandCarbonCycle","BurnedArea","GFED4.1S","ED-ModelC-precip_shape","RMSE Score","MeanState","boas","score","1","0.690884","80.0"
"EcosystemandCarbonCycle","BurnedArea","GFED4.1S","ED-ModelC-precip_shape","RMSE","MeanState","ceas","scalar","%","0.620818","80.0"
"EcosystemandCarbonCycle","BurnedArea","GFED4.1S","ED-ModelC-precip_shape","RMSE Score","MeanState","ceas","score","1","0.594006","80.0"
"EcosystemandCarbonCycle","BurnedArea","GFED4.1S","ED-ModelC-precip_shape","RMSE","MeanState","seas","scalar","%","0.726306","80.0"
"EcosystemandCarbonCycle","BurnedArea","GFED4.1S","ED-ModelC-precip_shape","RMSE Score","MeanState","seas","score","1","0.46958","80.0"
"EcosystemandCarbonCycle","BurnedArea","GFED4.1S","ED-ModelC-precip_shape","RMSE","MeanState","eqas","scalar","%","0.116659","80.0"
"EcosystemandCarbonCycle","BurnedArea","GFED4.1S","ED-ModelC-precip_shape","RMSE Score","MeanState","eqas","score","1","0.59074","80.0"
"EcosystemandCarbonCycle","BurnedArea","GFED4.1S","ED-ModelC-precip_shape","RMSE","MeanState","aust","scalar","%","1.32999","80.0"
"EcosystemandCarbonCycle","BurnedArea","GFED4.1S","ED-ModelC-precip_shape","RMSE Score","MeanState","aust","score","1","0.64865","80.0"
"EcosystemandCarbonCycle","BurnedArea","GFED4.1S","ED-ModelC-temp_window","Benchmark Period Mean (intersection)","MeanState","bona","scalar","%","0.0334473","80.0"
"EcosystemandCarbonCycle","BurnedArea","GFED4.1S","ED-ModelC-temp_window","Benchmark Period Mean (complement)","MeanState","bona","scalar","%","0","80.0"
"EcosystemandCarbonCycle","BurnedArea","GFED4.1S","ED-ModelC-temp_window","Period Mean (original grids)","MeanState","bona","scalar","%","0.0322143","80.0"
"EcosystemandCarbonCycle","BurnedArea","GFED4.1S","ED-ModelC-temp_window","Model Period Mean (intersection)","MeanState","bona","scalar","%","0.033158","80.0"
"EcosystemandCarbonCycle","BurnedArea","GFED4.1S","ED-ModelC-temp_window","Model Period Mean (complement)","MeanState","bona","scalar","%","0.00403752","80.0"
"EcosystemandCarbonCycle","BurnedArea","GFED4.1S","ED-ModelC-temp_window","Benchmark Period Mean (intersection)","MeanState","tena","scalar","%","0.0259374","80.0"
"EcosystemandCarbonCycle","BurnedArea","GFED4.1S","ED-ModelC-temp_window","Benchmark Period Mean (complement)","MeanState","tena","scalar","%","0","80.0"
"EcosystemandCarbonCycle","BurnedArea","GFED4.1S","ED-ModelC-temp_window","Period Mean (original grids)","MeanState","tena","scalar","%","0.289011","80.0"
"EcosystemandCarbonCycle","BurnedArea","GFED4.1S","ED-ModelC-temp_window","Model Period Mean (intersection)","MeanState","tena","scalar","%","0.295657","80.0"
"EcosystemandCarbonCycle","BurnedArea","GFED4.1S","ED-ModelC-temp_window","Model Period Mean (complement)","MeanState","tena","scalar","%","0.0866131","80.0"
"EcosystemandCarbonCycle","BurnedArea","GFED4.1S","ED-ModelC-temp_window","Benchmark Period Mean (intersection)","MeanState","ceam","scalar","%","0.0824275","80.0"
"EcosystemandCarbonCycle","BurnedArea","GFED4.1S","ED-ModelC-temp_window","Benchmark Period Mean (complement)","MeanState","ceam","scalar","%","0","80.0"
"EcosystemandCarbonCycle","BurnedArea","GFED4.1S","ED-ModelC-temp_window","Period Mean (original grids)","MeanState","ceam","scalar","%","0.594886","80.0"
"EcosystemandCarbonCycle","BurnedArea","GFED4.1S","ED-ModelC-temp_window","Model Period Mean (intersection)","MeanState","ceam","scalar","%","0.670257","80.0"
"EcosystemandCarbonCycle","BurnedArea","GFED4.1S","ED-ModelC-temp_window","Model Period Mean (complement)","MeanState","ceam","scalar","%","0.114486","80.0"
"EcosystemandCarbonCycle","BurnedArea","GFED4.1S","ED-ModelC-temp_window","Benchmark Period Mean (intersection)","MeanState","nhsa","scalar","%","0.142765","80.0"
"EcosystemandCarbonCycle","BurnedArea","GFED4.1S","ED-ModelC-temp_window","Benchmark Period Mean (complement)","MeanState","nhsa","scalar","%","0","80.0"
"EcosystemandCarbonCycle","BurnedArea","GFED4.1S","ED-ModelC-temp_window","Period Mean (original grids)","MeanState","nhsa","scalar","%","0.366041","80.0"
"EcosystemandCarbonCycle","BurnedArea","GFED4.1S","ED-ModelC-temp_window","Model Period Mean (intersection)","MeanState","nhsa","scalar","%","0.387175","80.0"
"EcosystemandCarbonCycle","BurnedArea","GFED4.1S","ED-ModelC-temp_window","Model Period Mean (complement)","MeanState","nhsa","scalar","%","0.0632427","80.0"
"EcosystemandCarbonCycle","BurnedArea","GFED4.1S","ED-ModelC-temp_window","Benchmark Period Mean (intersection)","MeanState","shsa","scalar","%","0.145694","80.0"
"EcosystemandCarbonCycle","BurnedArea","GFED4.1S","ED-ModelC-temp_window","Benchmark Period Mean (complement)","MeanState","shsa","scalar","%","0","80.0"
"EcosystemandCarbonCycle","BurnedArea","GFED4.1S","ED-ModelC-temp_window","Period Mean (original grids)","MeanState","shsa","scalar","%","0.574692","80.0"
"EcosystemandCarbonCycle","BurnedArea","GFED4.1S","ED-ModelC-temp_window","Model Period Mean (intersection)","MeanState","shsa","scalar","%","0.591884","80.0"
"EcosystemandCarbonCycle","BurnedArea","GFED4.1S","ED-ModelC-temp_window","Model Period Mean (complement)","MeanState","shsa","scalar","%","0.123827","80.0"
"EcosystemandCarbonCycle","BurnedArea","GFED4.1S","ED-ModelC-temp_window","Benchmark Period Mean (intersection)","MeanState","euro","scalar","%","0.0250618","80.0"
"EcosystemandCarbonCycle","BurnedArea","GFED4.1S","ED-ModelC-temp_window","Benchmark Period Mean (complement)","MeanState","euro","scalar","%","0","80.0"
"EcosystemandCarbonCycle","BurnedArea","GFED4.1S","ED-ModelC-temp_window","Period Mean (original grids)","MeanState","euro","scalar","%","0.182232","80.0"
"EcosystemandCarbonCycle","BurnedArea","GFED4.1S","ED-ModelC-temp_window","Model Period Mean (intersection)","MeanState","euro","scalar","%","0.20285","80.0"
"EcosystemandCarbonCycle","BurnedArea","GFED4.1S","ED-ModelC-temp_window","Model Period Mean (complement)","MeanState","euro","scalar","%","0.0254908","80.0"
"EcosystemandCarbonCycle","BurnedArea","GFED4.1S","ED-ModelC-temp_window","Benchmark Period Mean (intersection)","MeanState","mide","scalar","%","0.025217","80.0"
"EcosystemandCarbonCycle","BurnedArea","GFED4.1S","ED-ModelC-temp_window","Benchmark Period Mean (complement)","MeanState","mide","scalar","%","0","80.0"
"EcosystemandCarbonCycle","BurnedArea","GFED4.1S","ED-ModelC-temp_window","Period Mean (original grids)","MeanState","mide","scalar","%","0.600965","80.0"
"EcosystemandCarbonCycle","BurnedArea","GFED4.1S","ED-ModelC-temp_window","Model Period Mean (intersection)","MeanState","mide","scalar","%","0.648174","80.0"
"EcosystemandCarbonCycle","BurnedArea","GFED4.1S","ED-ModelC-temp_window","Model Period Mean (complement)","MeanState","mide","scalar","%","0.480162","80.0"
"EcosystemandCarbonCycle","BurnedArea","GFED4.1S","ED-ModelC-temp_window","Benchmark Period Mean (intersection)","MeanState","nhaf","scalar","%","1.23284","80.0"
"EcosystemandCarbonCycle","BurnedArea","GFED4.1S","ED-ModelC-temp_window","Benchmark Period Mean (complement)","MeanState","nhaf","scalar","%","0","80.0"
"EcosystemandCarbonCycle","BurnedArea","GFED4.1S","ED-ModelC-temp_window","Period Mean (original grids)","MeanState","nhaf","scalar","%","1.53504","80.0"
"EcosystemandCarbonCycle","BurnedArea","GFED4.1S","ED-ModelC-temp_window","Model Period Mean (intersection)","MeanState","nhaf","scalar","%","1.55425","80.0"
"EcosystemandCarbonCycle","BurnedArea","GFED4.1S","ED-ModelC-temp_window","Model Period Mean (complement)","MeanState","nhaf","scalar","%","1.25474","80.0"
"EcosystemandCarbonCycle","BurnedArea","GFED4.1S","ED-ModelC-temp_window","Benchmark Period Mean (intersection)","MeanState","shaf","scalar","%","1.45692","80.0"
"EcosystemandCarbonCycle","BurnedArea","GFED4.1S","ED-ModelC-temp_window","Benchmark Period Mean (complement)","MeanState","shaf","scalar","%","0","80.0"
"EcosystemandCarbonCycle","BurnedArea","GFED4.1S","ED-ModelC-temp_window","Period Mean (original grids)","MeanState","shaf","scalar","%","1.16214","80.0"
"EcosystemandCarbonCycle","BurnedArea","GFED4.1S","ED-ModelC-temp_window","Model Period Mean (intersection)","MeanState","shaf","scalar","%","1.18711","80.0"
"EcosystemandCarbonCycle","BurnedArea","GFED4.1S","ED-ModelC-temp_window","Model Period Mean (complement)","MeanState","shaf","scalar","%","0.438936","80.0"
"EcosystemandCarbonCycle","BurnedArea","GFED4.1S","ED-ModelC-temp_window","Benchmark Period Mean (intersection)","MeanState","boas","scalar","%","0.0336143","80.0"
"EcosystemandCarbonCycle","BurnedArea","GFED4.1S","ED-ModelC-temp_window","Benchmark Period Mean (complement)","MeanState","boas","scalar","%","0","80.0"
"EcosystemandCarbonCycle","BurnedArea","GFED4.1S","ED-ModelC-temp_window","Period Mean (original grids)","MeanState","boas","scalar","%","0.044728","80.0"
"EcosystemandCarbonCycle","BurnedArea","GFED4.1S","ED-ModelC-temp_window","Model Period Mean (intersection)","MeanState","boas","scalar","%","0.0453441","80.0"
"EcosystemandCarbonCycle","BurnedArea","GFED4.1S","ED-ModelC-temp_window","Model Period Mean (complement)","MeanState","boas","scalar","%","0.00372162","80.0"
"EcosystemandCarbonCycle","BurnedArea","GFED4.1S","ED-ModelC-temp_window","Benchmark Period Mean (intersection)","MeanState","ceas","scalar","%","0.125736","80.0"
"EcosystemandCarbonCycle","BurnedArea","GFED4.1S","ED-ModelC-temp_window","Benchmark Period Mean (complement)","MeanState","ceas","scalar","%","0","80.0"
"EcosystemandCarbonCycle","BurnedArea","GFED4.1S","ED-ModelC-temp_window","Period Mean (original grids)","MeanState","ceas","scalar","%","0.23236","80.0"
"EcosystemandCarbonCycle","BurnedArea","GFED4.1S","ED-ModelC-temp_window","Model Period Mean (intersection)","MeanState","ceas","scalar","%","0.238806","80.0"
"EcosystemandCarbonCycle","BurnedArea","GFED4.1S","ED-ModelC-temp_window","Model Period Mean (complement)","MeanState","ceas","scalar","%","0.160126","80.0"
"EcosystemandCarbonCycle","BurnedArea","GFED4.1S","ED-ModelC-temp_window","Benchmark Period Mean (intersection)","MeanState","seas","scalar","%","0.148029","80.0"
"EcosystemandCarbonCycle","BurnedArea","GFED4.1S","ED-ModelC-temp_window","Benchmark Period Mean (complement)","MeanState","seas","scalar","%","0","80.0"
"EcosystemandCarbonCycle","BurnedArea","GFED4.1S","ED-ModelC-temp_window","Period Mean (original grids)","MeanState","seas","scalar","%","0.751561","80.0"
"EcosystemandCarbonCycle","BurnedArea","GFED4.1S","ED-ModelC-temp_window","Model Period Mean (intersection)","MeanState","seas","scalar","%","0.806847","80.0"
"EcosystemandCarbonCycle","BurnedArea","GFED4.1S","ED-ModelC-temp_window","Model Period Mean (complement)","MeanState","seas","scalar","%","0.145939","80.0"
"EcosystemandCarbonCycle","BurnedArea","GFED4.1S","ED-ModelC-temp_window","Benchmark Period Mean (intersection)","MeanState","eqas","scalar","%","0.0480126","80.0"
"EcosystemandCarbonCycle","BurnedArea","GFED4.1S","ED-ModelC-temp_window","Benchmark Period Mean (complement)","MeanState","eqas","scalar","%","0","80.0"
"EcosystemandCarbonCycle","BurnedArea","GFED4.1S","ED-ModelC-temp_window","Period Mean (original grids)","MeanState","eqas","scalar","%","0.109897","80.0"
"EcosystemandCarbonCycle","BurnedArea","GFED4.1S","ED-ModelC-temp_window","Model Period Mean (intersection)","MeanState","eqas","scalar","%","0.148443","80.0"
"EcosystemandCarbonCycle","BurnedArea","GFED4.1S","ED-ModelC-temp_window","Model Period Mean (complement)","MeanState","eqas","scalar","%","0.00882542","80.0"
"EcosystemandCarbonCycle","BurnedArea","GFED4.1S","ED-ModelC-temp_window","Benchmark Period Mean (intersection)","MeanState","aust","scalar","%","0.529194","80.0"
"EcosystemandCarbonCycle","BurnedArea","GFED4.1S","ED-ModelC-temp_window","Benchmark Period Mean (complement)","MeanState","aust","scalar","%","0","80.0"
"EcosystemandCarbonCycle","BurnedArea","GFED4.1S","ED-ModelC-temp_window","Period Mean (original grids)","MeanState","aust","scalar","%","0.609206","80.0"
"EcosystemandCarbonCycle","BurnedArea","GFED4.1S","ED-ModelC-temp_window","Model Period Mean (intersection)","MeanState","aust","scalar","%","0.647263","80.0"
"EcosystemandCarbonCycle","BurnedArea","GFED4.1S","ED-ModelC-temp_window","Model Period Mean (complement)","MeanState","aust","scalar","%","0.116969","80.0"
"EcosystemandCarbonCycle","BurnedArea","GFED4.1S","ED-ModelC-temp_window","Spatial Distribution Score","MeanState","bona","score","1","0.440552","80.0"
"EcosystemandCarbonCycle","BurnedArea","GFED4.1S","ED-ModelC-temp_window","Spatial Distribution Score","MeanState","tena","score","1","0.100804","80.0"
"EcosystemandCarbonCycle","BurnedArea","GFED4.1S","ED-ModelC-temp_window","Spatial Distribution Score","MeanState","ceam","score","1","0.162155","80.0"
"EcosystemandCarbonCycle","BurnedArea","GFED4.1S","ED-ModelC-temp_window","Spatial Distribution Score","MeanState","nhsa","score","1","0.7972","80.0"
"EcosystemandCarbonCycle","BurnedArea","GFED4.1S","ED-ModelC-temp_window","Spatial Distribution Score","MeanState","shsa","score","1","0.565465","80.0"
"EcosystemandCarbonCycle","BurnedArea","GFED4.1S","ED-ModelC-temp_window","Spatial Distribution Score","MeanState","euro","score","1","0.143596","80.0"
"EcosystemandCarbonCycle","BurnedArea","GFED4.1S","ED-ModelC-temp_window","Spatial Distribution Score","MeanState","mide","score","1","0.0394948","80.0"
"EcosystemandCarbonCycle","BurnedArea","GFED4.1S","ED-ModelC-temp_window","Spatial Distribution Score","MeanState","nhaf","score","1","0.510711","80.0"
"EcosystemandCarbonCycle","BurnedArea","GFED4.1S","ED-ModelC-temp_window","Spatial Distribution Score","MeanState","shaf","score","1","0.384318","80.0"
"EcosystemandCarbonCycle","BurnedArea","GFED4.1S","ED-ModelC-temp_window","Spatial Distribution Score","MeanState","boas","score","1","0.587043","80.0"
"EcosystemandCarbonCycle","BurnedArea","GFED4.1S","ED-ModelC-temp_window","Spatial Distribution Score","MeanState","ceas","score","1","0.6191","80.0"
"EcosystemandCarbonCycle","BurnedArea","GFED4.1S","ED-ModelC-temp_window","Spatial Distribution Score","MeanState","seas","score","1","0.425948","80.0"
"EcosystemandCarbonCycle","BurnedArea","GFED4.1S","ED-ModelC-temp_window","Spatial Distribution Score","MeanState","eqas","score","1","0.50612","80.0"
"EcosystemandCarbonCycle","BurnedArea","GFED4.1S","ED-ModelC-temp_window","Spatial Distribution Score","MeanState","aust","score","1","0.646759","80.0"
"EcosystemandCarbonCycle","BurnedArea","GFED4.1S","ED-ModelC-temp_window","Phase Shift","MeanState","bona","scalar","months","1.90592","80.0"
"EcosystemandCarbonCycle","BurnedArea","GFED4.1S","ED-ModelC-temp_window","Seasonal Cycle Score","MeanState","bona","score","1","0.919857","80.0"
"EcosystemandCarbonCycle","BurnedArea","GFED4.1S","ED-ModelC-temp_window","Phase Shift","MeanState","tena","scalar","months","2.40255","80.0"
"EcosystemandCarbonCycle","BurnedArea","GFED4.1S","ED-ModelC-temp_window","Seasonal Cycle Score","MeanState","tena","score","1","0.69174","80.0"
"EcosystemandCarbonCycle","BurnedArea","GFED4.1S","ED-ModelC-temp_window","Phase Shift","MeanState","ceam","scalar","months","1.81622","80.0"
"EcosystemandCarbonCycle","BurnedArea","GFED4.1S","ED-ModelC-temp_window","Seasonal Cycle Score","MeanState","ceam","score","1","0.828178","80.0"
"EcosystemandCarbonCycle","BurnedArea","GFED4.1S","ED-ModelC-temp_window","Phase Shift","MeanState","nhsa","scalar","months","1.44383","80.0"
"EcosystemandCarbonCycle","BurnedArea","GFED4.1S","ED-ModelC-temp_window","Seasonal Cycle Score","MeanState","nhsa","score","1","0.912922","80.0"
"EcosystemandCarbonCycle","BurnedArea","GFED4.1S","ED-ModelC-temp_window","Phase Shift","MeanState","shsa","scalar","months","1.81116","80.0"
"EcosystemandCarbonCycle","BurnedArea","GFED4.1S","ED-ModelC-temp_window","Seasonal Cycle Score","MeanState","shsa","score","1","0.833085","80.0"
"EcosystemandCarbonCycle","BurnedArea","GFED4.1S","ED-ModelC-temp_window","Phase Shift","MeanState","euro","scalar","months","2.21971","80.0"
"EcosystemandCarbonCycle","BurnedArea","GFED4.1S","ED-ModelC-temp_window","Seasonal Cycle Score","MeanState","euro","score","1","0.802348","80.0"
"EcosystemandCarbonCycle","BurnedArea","GFED4.1S","ED-ModelC-temp_window","Phase Shift","MeanState","mide","scalar","months","2.50442","80.0"
"EcosystemandCarbonCycle","BurnedArea","GFED4.1S","ED-ModelC-temp_window","Seasonal Cycle Score","MeanState","mide","score","1","0.77955","80.0"
"EcosystemandCarbonCycle","BurnedArea","GFED4.1S","ED-ModelC-temp_window","Phase Shift","MeanState","nhaf","scalar","months","1.73204","80.0"
"EcosystemandCarbonCycle","BurnedArea","GFED4.1S","ED-ModelC-temp_window","Seasonal Cycle Score","MeanState","nhaf","score","1","0.873946","80.0"
"EcosystemandCarbonCycle","BurnedArea","GFED4.1S","ED-ModelC-temp_window","Phase Shift","MeanState","shaf","scalar","months","1.33815","80.0"
"EcosystemandCarbonCycle","BurnedArea","GFED4.1S","ED-ModelC-temp_window","Seasonal Cycle Score","MeanState","shaf","score","1","0.913889","80.0"
"EcosystemandCarbonCycle","BurnedArea","GFED4.1S","ED-ModelC-temp_window","Phase Shift","MeanState","boas","scalar","months","1.81165","80.0"
"EcosystemandCarbonCycle","BurnedArea","GFED4.1S","ED-ModelC-temp_window","Seasonal Cycle Score","MeanState","boas","score","1","0.803329","80.0"
"EcosystemandCarbonCycle","BurnedArea","GFED4.1S","ED-ModelC-temp_window","Phase Shift","MeanState","ceas","scalar","months","2.40807","80.0"
"EcosystemandCarbonCycle","BurnedArea","GFED4.1S","ED-ModelC-temp_window","Seasonal Cycle Score","MeanState","ceas","score","1","0.725289","80.0"
"EcosystemandCarbonCycle","BurnedArea","GFED4.1S","ED-ModelC-temp_window","Phase Shift","MeanState","seas","scalar","months","2.51836","80.0"
"EcosystemandCarbonCycle","BurnedArea","GFED4.1S","ED-ModelC-temp_window","Seasonal Cycle Score","MeanState","seas","score","1","0.790666","80.0"
"EcosystemandCarbonCycle","BurnedArea","GFED4.1S","ED-ModelC-temp_window","Phase Shift","MeanState","eqas","scalar","months","1.97133","80.0"
"EcosystemandCarbonCycle","BurnedArea","GFED4.1S","ED-ModelC-temp_window","Seasonal Cycle Score","MeanState","eqas","score","1","0.850199","80.0"
"EcosystemandCarbonCycle","BurnedArea","GFED4.1S","ED-ModelC-temp_window","Phase Shift","MeanState","aust","scalar","months","2.54152","80.0"
"EcosystemandCarbonCycle","BurnedArea","GFED4.1S","ED-ModelC-temp_window","Seasonal Cycle Score","MeanState","aust","score","1","0.582625","80.0"
"EcosystemandCarbonCycle","BurnedArea","GFED4.1S","ED-ModelC-temp_window","Bias","MeanState","bona","scalar","%","-0.000289364","80.0"
"EcosystemandCarbonCycle","BurnedArea","GFED4.1S","ED-ModelC-temp_window","Bias Score","MeanState","bona","score","1","0.895437","80.0"
"EcosystemandCarbonCycle","BurnedArea","GFED4.1S","ED-ModelC-temp_window","Bias","MeanState","tena","scalar","%","0.26972","80.0"
"EcosystemandCarbonCycle","BurnedArea","GFED4.1S","ED-ModelC-temp_window","Bias Score","MeanState","tena","score","1","0.49095","80.0"
"EcosystemandCarbonCycle","BurnedArea","GFED4.1S","ED-ModelC-temp_window","Bias","MeanState","ceam","scalar","%","0.58783","80.0"
"EcosystemandCarbonCycle","BurnedArea","GFED4.1S","ED-ModelC-temp_window","Bias Score","MeanState","ceam","score","1","0.413998","80.0"
"EcosystemandCarbonCycle","BurnedArea","GFED4.1S","ED-ModelC-temp_window","Bias","MeanState","nhsa","scalar","%","0.24441","80.0"
"EcosystemandCarbonCycle","BurnedArea","GFED4.1S","ED-ModelC-temp_window","Bias Score","MeanState","nhsa","score","1","0.620333","80.0"
"EcosystemandCarbonCycle","BurnedArea","GFED4.1S","ED-ModelC-temp_window","Bias","MeanState","shsa","scalar","%","0.44619","80.0"
"EcosystemandCarbonCycle","BurnedArea","GFED4.1S","ED-ModelC-temp_window","Bias Score","MeanState","shsa","score","1","0.621356","80.0"
"EcosystemandCarbonCycle","BurnedArea","GFED4.1S","ED-ModelC-temp_window","Bias","MeanState","euro","scalar","%","0.177788","80.0"
"EcosystemandCarbonCycle","BurnedArea","GFED4.1S","ED-ModelC-temp_window","Bias Score","MeanState","euro","score","1","0.571108","80.0"
"EcosystemandCarbonCycle","BurnedArea","GFED4.1S","ED-ModelC-temp_window","Bias","MeanState","mide","scalar","%","0.622957","80.0"
"EcosystemandCarbonCycle","BurnedArea","GFED4.1S","ED-ModelC-temp_window","Bias Score","MeanState","mide","score","1","0.404558","80.0"
"EcosystemandCarbonCycle","BurnedArea","GFED4.1S","ED-ModelC-temp_window","Bias","MeanState","nhaf","scalar","%","0.321406","80.0"
"EcosystemandCarbonCycle","BurnedArea","GFED4.1S","ED-ModelC-temp_window","Bias Score","MeanState","nhaf","score","1","0.746429","80.0"
"EcosystemandCarbonCycle","BurnedArea","GFED4.1S","ED-ModelC-temp_window","Bias","MeanState","shaf","scalar","%","-0.269809","80.0"
"EcosystemandCarbonCycle","BurnedArea","GFED4.1S","ED-ModelC-temp_window","Bias Score","MeanState","shaf","score","1","0.728496","80.0"
"EcosystemandCarbonCycle","BurnedArea","GFED4.1S","ED-ModelC-temp_window","Bias","MeanState","boas","scalar","%","0.0117297","80.0"
"EcosystemandCarbonCycle","BurnedArea","GFED4.1S","ED-ModelC-temp_window","Bias Score","MeanState","boas","score","1","0.869865","80.0"
"EcosystemandCarbonCycle","BurnedArea","GFED4.1S","ED-ModelC-temp_window","Bias","MeanState","ceas","scalar","%","0.11307","80.0"
"EcosystemandCarbonCycle","BurnedArea","GFED4.1S","ED-ModelC-temp_window","Bias Score","MeanState","ceas","score","1","0.810598","80.0"
"EcosystemandCarbonCycle","BurnedArea","GFED4.1S","ED-ModelC-temp_window","Bias","MeanState","seas","scalar","%","0.658818","80.0"
"EcosystemandCarbonCycle","BurnedArea","GFED4.1S","ED-ModelC-temp_window","Bias Score","MeanState","seas","score","1","0.591162","80.0"
"EcosystemandCarbonCycle","BurnedArea","GFED4.1S","ED-ModelC-temp_window","Bias","MeanState","eqas","scalar","%","0.100431","80.0"
"EcosystemandCarbonCycle","BurnedArea","GFED4.1S","ED-ModelC-temp_window","Bias Score","MeanState","eqas","score","1","0.666304","80.0"
"EcosystemandCarbonCycle","BurnedArea","GFED4.1S","ED-ModelC-temp_window","Bias","MeanState","aust","scalar","%","0.118069","80.0"
"EcosystemandCarbonCycle","BurnedArea","GFED4.1S","ED-ModelC-temp_window","Bias Score","MeanState","aust","score","1","0.736245","80.0"
"EcosystemandCarbonCycle","BurnedArea","GFED4.1S","ED-ModelC-temp_window","RMSE","MeanState","bona","scalar","%","0.107042","80.0"
"EcosystemandCarbonCycle","BurnedArea","GFED4.1S","ED-ModelC-temp_window","RMSE Score","MeanState","bona","score","1","0.752194","80.0"
"EcosystemandCarbonCycle","BurnedArea","GFED4.1S","ED-ModelC-temp_window","RMSE","MeanState","tena","scalar","%","0.445826","80.0"
"EcosystemandCarbonCycle","BurnedArea","GFED4.1S","ED-ModelC-temp_window","RMSE Score","MeanState","tena","score","1","0.360569","80.0"
"EcosystemandCarbonCycle","BurnedArea","GFED4.1S","ED-ModelC-temp_window","RMSE","MeanState","ceam","scalar","%","0.791155","80.0"
"EcosystemandCarbonCycle","BurnedArea","GFED4.1S","ED-ModelC-temp_window","RMSE Score","MeanState","ceam","score","1","0.348261","80.0"
"EcosystemandCarbonCycle","BurnedArea","GFED4.1S","ED-ModelC-temp_window","RMSE","MeanState","nhsa","scalar","%","0.445421","80.0"
"EcosystemandCarbonCycle","BurnedArea","GFED4.1S","ED-ModelC-temp_window","RMSE Score","MeanState","nhsa","score","1","0.527572","80.0"
"EcosystemandCarbonCycle","BurnedArea","GFED4.1S","ED-ModelC-temp_window","RMSE","MeanState","shsa","scalar","%","0.71954","80.0"
"EcosystemandCarbonCycle","BurnedArea","GFED4.1S","ED-ModelC-temp_window","RMSE Score","MeanState","shsa","score","1","0.454271","80.0"
"EcosystemandCarbonCycle","BurnedArea","GFED4.1S","ED-ModelC-temp_window","RMSE","MeanState","euro","scalar","%","0.309075","80.0"
"EcosystemandCarbonCycle","BurnedArea","GFED4.1S","ED-ModelC-temp_window","RMSE Score","MeanState","euro","score","1","0.396016","80.0"
"EcosystemandCarbonCycle","BurnedArea","GFED4.1S","ED-ModelC-temp_window","RMSE","MeanState","mide","scalar","%","0.91912","80.0"
"EcosystemandCarbonCycle","BurnedArea","GFED4.1S","ED-ModelC-temp_window","RMSE Score","MeanState","mide","score","1","0.279077","80.0"
"EcosystemandCarbonCycle","BurnedArea","GFED4.1S","ED-ModelC-temp_window","RMSE","MeanState","nhaf","scalar","%","2.96123","80.0"
"EcosystemandCarbonCycle","BurnedArea","GFED4.1S","ED-ModelC-temp_window","RMSE Score","MeanState","nhaf","score","1","0.47468","80.0"
"EcosystemandCarbonCycle","BurnedArea","GFED4.1S","ED-ModelC-temp_window","RMSE","MeanState","shaf","scalar","%","2.41161","80.0"
"EcosystemandCarbonCycle","BurnedArea","GFED4.1S","ED-ModelC-temp_window","RMSE Score","MeanState","shaf","score","1","0.50634","80.0"
"EcosystemandCarbonCycle","BurnedArea","GFED4.1S","ED-ModelC-temp_window","RMSE","MeanState","boas","scalar","%","0.118024","80.0"
"EcosystemandCarbonCycle","BurnedArea","GFED4.1S","ED-ModelC-temp_window","RMSE Score","MeanState","boas","score","1","0.676065","80.0"
"EcosystemandCarbonCycle","BurnedArea","GFED4.1S","ED-ModelC-temp_window","RMSE","MeanState","ceas","scalar","%","0.461021","80.0"
"EcosystemandCarbonCycle","BurnedArea","GFED4.1S","ED-ModelC-temp_window","RMSE Score","MeanState","ceas","score","1","0.60459","80.0"
"EcosystemandCarbonCycle","BurnedArea","GFED4.1S","ED-ModelC-temp_window","RMSE","MeanState","seas","scalar","%","1.0702","80.0"
"EcosystemandCarbonCycle","BurnedArea","GFED4.1S","ED-ModelC-temp_window","RMSE Score","MeanState","seas","score","1","0.382273","80.0"
"EcosystemandCarbonCycle","BurnedArea","GFED4.1S","ED-ModelC-temp_window","RMSE","MeanState","eqas","scalar","%","0.191617","80.0"
"EcosystemandCarbonCycle","BurnedArea","GFED4.1S","ED-ModelC-temp_window","RMSE Score","MeanState","eqas","score","1","0.567163","80.0"
"EcosystemandCarbonCycle","BurnedArea","GFED4.1S","ED-ModelC-temp_window","RMSE","MeanState","aust","scalar","%","1.28647","80.0"
"EcosystemandCarbonCycle","BurnedArea","GFED4.1S","ED-ModelC-temp_window","RMSE Score","MeanState","aust","score","1","0.646197","80.0"
"EcosystemandCarbonCycle","BurnedArea","GFED4.1S","ED-ModelC-humid_suppression","Benchmark Period Mean (intersection)","MeanState","bona","scalar","%","0.0334473","80.0"
"EcosystemandCarbonCycle","BurnedArea","GFED4.1S","ED-ModelC-humid_suppression","Benchmark Period Mean (complement)","MeanState","bona","scalar","%","0","80.0"
"EcosystemandCarbonCycle","BurnedArea","GFED4.1S","ED-ModelC-humid_suppression","Period Mean (original grids)","MeanState","bona","scalar","%","0.0112189","80.0"
"EcosystemandCarbonCycle","BurnedArea","GFED4.1S","ED-ModelC-humid_suppression","Model Period Mean (intersection)","MeanState","bona","scalar","%","0.0115494","80.0"
"EcosystemandCarbonCycle","BurnedArea","GFED4.1S","ED-ModelC-humid_suppression","Model Period Mean (complement)","MeanState","bona","scalar","%","0.00135133","80.0"
"EcosystemandCarbonCycle","BurnedArea","GFED4.1S","ED-ModelC-humid_suppression","Benchmark Period Mean (intersection)","MeanState","tena","scalar","%","0.0259374","80.0"
"EcosystemandCarbonCycle","BurnedArea","GFED4.1S","ED-ModelC-humid_suppression","Benchmark Period Mean (complement)","MeanState","tena","scalar","%","0","80.0"
"EcosystemandCarbonCycle","BurnedArea","GFED4.1S","ED-ModelC-humid_suppression","Period Mean (original grids)","MeanState","tena","scalar","%","0.251401","80.0"
"EcosystemandCarbonCycle","BurnedArea","GFED4.1S","ED-ModelC-humid_suppression","Model Period Mean (intersection)","MeanState","tena","scalar","%","0.25648","80.0"
"EcosystemandCarbonCycle","BurnedArea","GFED4.1S","ED-ModelC-humid_suppression","Model Period Mean (complement)","MeanState","tena","scalar","%","0.0967446","80.0"
"EcosystemandCarbonCycle","BurnedArea","GFED4.1S","ED-ModelC-humid_suppression","Benchmark Period Mean (intersection)","MeanState","ceam","scalar","%","0.0824275","80.0"
"EcosystemandCarbonCycle","BurnedArea","GFED4.1S","ED-ModelC-humid_suppression","Benchmark Period Mean (complement)","MeanState","ceam","scalar","%","0","80.0"
"EcosystemandCarbonCycle","BurnedArea","GFED4.1S","ED-ModelC-humid_suppression","Period Mean (original grids)","MeanState","ceam","scalar","%","0.466834","80.0"
"EcosystemandCarbonCycle","BurnedArea","GFED4.1S","ED-ModelC-humid_suppression","Model Period Mean (intersection)","MeanState","ceam","scalar","%","0.525631","80.0"
"EcosystemandCarbonCycle","BurnedArea","GFED4.1S","ED-ModelC-humid_suppression","Model Period Mean (complement)","MeanState","ceam","scalar","%","0.092082","80.0"
"EcosystemandCarbonCycle","BurnedArea","GFED4.1S","ED-ModelC-humid_suppression","Benchmark Period Mean (intersection)","MeanState","nhsa","scalar","%","0.142765","80.0"
"EcosystemandCarbonCycle","BurnedArea","GFED4.1S","ED-ModelC-humid_suppression","Benchmark Period Mean (complement)","MeanState","nhsa","scalar","%","0","80.0"
"EcosystemandCarbonCycle","BurnedArea","GFED4.1S","ED-ModelC-humid_suppression","Period Mean (original grids)","MeanState","nhsa","scalar","%","0.292628","80.0"
"EcosystemandCarbonCycle","BurnedArea","GFED4.1S","ED-ModelC-humid_suppression","Model Period Mean (intersection)","MeanState","nhsa","scalar","%","0.307777","80.0"
"EcosystemandCarbonCycle","BurnedArea","GFED4.1S","ED-ModelC-humid_suppression","Model Period Mean (complement)","MeanState","nhsa","scalar","%","0.0755784","80.0"
"EcosystemandCarbonCycle","BurnedArea","GFED4.1S","ED-ModelC-humid_suppression","Benchmark Period Mean (intersection)","MeanState","shsa","scalar","%","0.145694","80.0"
"EcosystemandCarbonCycle","BurnedArea","GFED4.1S","ED-ModelC-humid_suppression","Benchmark Period Mean (complement)","MeanState","shsa","scalar","%","0","80.0"
"EcosystemandCarbonCycle","BurnedArea","GFED4.1S","ED-ModelC-humid_suppression","Period Mean (original grids)","MeanState","shsa","scalar","%","0.476672","80.0"
"EcosystemandCarbonCycle","BurnedArea","GFED4.1S","ED-ModelC-humid_suppression","Model Period Mean (intersection)","MeanState","shsa","scalar","%","0.493194","80.0"
"EcosystemandCarbonCycle","BurnedArea","GFED4.1S","ED-ModelC-humid_suppression","Model Period Mean (complement)","MeanState","shsa","scalar","%","0.0434007","80.0"
"EcosystemandCarbonCycle","BurnedArea","GFED4.1S","ED-ModelC-humid_suppression","Benchmark Period Mean (intersection)","MeanState","euro","scalar","%","0.0250618","80.0"
"EcosystemandCarbonCycle","BurnedArea","GFED4.1S","ED-ModelC-humid_suppression","Benchmark Period Mean (complement)","MeanState","euro","scalar","%","0","80.0"
"EcosystemandCarbonCycle","BurnedArea","GFED4.1S","ED-ModelC-humid_suppression","Period Mean (original grids)","MeanState","euro","scalar","%","0.11184","80.0"
"EcosystemandCarbonCycle","BurnedArea","GFED4.1S","ED-ModelC-humid_suppression","Model Period Mean (intersection)","MeanState","euro","scalar","%","0.124216","80.0"
"EcosystemandCarbonCycle","BurnedArea","GFED4.1S","ED-ModelC-humid_suppression","Model Period Mean (complement)","MeanState","euro","scalar","%","0.0177601","80.0"
"EcosystemandCarbonCycle","BurnedArea","GFED4.1S","ED-ModelC-humid_suppression","Benchmark Period Mean (intersection)","MeanState","mide","scalar","%","0.025217","80.0"
"EcosystemandCarbonCycle","BurnedArea","GFED4.1S","ED-ModelC-humid_suppression","Benchmark Period Mean (complement)","MeanState","mide","scalar","%","0","80.0"
"EcosystemandCarbonCycle","BurnedArea","GFED4.1S","ED-ModelC-humid_suppression","Period Mean (original grids)","MeanState","mide","scalar","%","0.895788","80.0"
"EcosystemandCarbonCycle","BurnedArea","GFED4.1S","ED-ModelC-humid_suppression","Model Period Mean (intersection)","MeanState","mide","scalar","%","0.928084","80.0"
"EcosystemandCarbonCycle","BurnedArea","GFED4.1S","ED-ModelC-humid_suppression","Model Period Mean (complement)","MeanState","mide","scalar","%","0.813146","80.0"
"EcosystemandCarbonCycle","BurnedArea","GFED4.1S","ED-ModelC-humid_suppression","Benchmark Period Mean (intersection)","MeanState","nhaf","scalar","%","1.23284","80.0"
"EcosystemandCarbonCycle","BurnedArea","GFED4.1S","ED-ModelC-humid_suppression","Benchmark Period Mean (complement)","MeanState","nhaf","scalar","%","0","80.0"
"EcosystemandCarbonCycle","BurnedArea","GFED4.1S","ED-ModelC-humid_suppression","Period Mean (original grids)","MeanState","nhaf","scalar","%","1.62507","80.0"
"EcosystemandCarbonCycle","BurnedArea","GFED4.1S","ED-ModelC-humid_suppression","Model Period Mean (intersection)","MeanState","nhaf","scalar","%","1.6287","80.0"
"EcosystemandCarbonCycle","BurnedArea","GFED4.1S","ED-ModelC-humid_suppression","Model Period Mean (complement)","MeanState","nhaf","scalar","%","1.57209","80.0"
"EcosystemandCarbonCycle","BurnedArea","GFED4.1S","ED-ModelC-humid_suppression","Benchmark Period Mean (intersection)","MeanState","shaf","scalar","%","1.45692","80.0"
"EcosystemandCarbonCycle","BurnedArea","GFED4.1S","ED-ModelC-humid_suppression","Benchmark Period Mean (complement)","MeanState","shaf","scalar","%","0","80.0"
"EcosystemandCarbonCycle","BurnedArea","GFED4.1S","ED-ModelC-humid_suppression","Period Mean (original grids)","MeanState","shaf","scalar","%","0.931996","80.0"
"EcosystemandCarbonCycle","BurnedArea","GFED4.1S","ED-ModelC-humid_suppression","Model Period Mean (intersection)","MeanState","shaf","scalar","%","0.955225","80.0"
"EcosystemandCarbonCycle","BurnedArea","GFED4.1S","ED-ModelC-humid_suppression","Model Period Mean (complement)","MeanState","shaf","scalar","%","0.259157","80.0"
"EcosystemandCarbonCycle","BurnedArea","GFED4.1S","ED-ModelC-humid_suppression","Benchmark Period Mean (intersection)","MeanState","boas","scalar","%","0.0336143","80.0"
"EcosystemandCarbonCycle","BurnedArea","GFED4.1S","ED-ModelC-humid_suppression","Benchmark Period Mean (complement)","MeanState","boas","scalar","%","0","80.0"
"EcosystemandCarbonCycle","BurnedArea","GFED4.1S","ED-ModelC-humid_suppression","Period Mean (original grids)","MeanState","boas","scalar","%","0.0162966","80.0"
"EcosystemandCarbonCycle","BurnedArea","GFED4.1S","ED-ModelC-humid_suppression","Model Period Mean (intersection)","MeanState","boas","scalar","%","0.0165261","80.0"
"EcosystemandCarbonCycle","BurnedArea","GFED4.1S","ED-ModelC-humid_suppression","Model Period Mean (complement)","MeanState","boas","scalar","%","0.00101774","80.0"
"EcosystemandCarbonCycle","BurnedArea","GFED4.1S","ED-ModelC-humid_suppression","Benchmark Period Mean (intersection)","MeanState","ceas","scalar","%","0.125736","80.0"
"EcosystemandCarbonCycle","BurnedArea","GFED4.1S","ED-ModelC-humid_suppression","Benchmark Period Mean (complement)","MeanState","ceas","scalar","%","0","80.0"
"EcosystemandCarbonCycle","BurnedArea","GFED4.1S","ED-ModelC-humid_suppression","Period Mean (original grids)","MeanState","ceas","scalar","%","0.328877","80.0"
"EcosystemandCarbonCycle","BurnedArea","GFED4.1S","ED-ModelC-humid_suppression","Model Period Mean (intersection)","MeanState","ceas","scalar","%","0.318509","80.0"
"EcosystemandCarbonCycle","BurnedArea","GFED4.1S","ED-ModelC-humid_suppression","Model Period Mean (complement)","MeanState","ceas","scalar","%","0.445052","80.0"
"EcosystemandCarbonCycle","BurnedArea","GFED4.1S","ED-ModelC-humid_suppression","Benchmark Period Mean (intersection)","MeanState","seas","scalar","%","0.148029","80.0"
"EcosystemandCarbonCycle","BurnedArea","GFED4.1S","ED-ModelC-humid_suppression","Benchmark Period Mean (complement)","MeanState","seas","scalar","%","0","80.0"
"EcosystemandCarbonCycle","BurnedArea","GFED4.1S","ED-ModelC-humid_suppression","Period Mean (original grids)","MeanState","seas","scalar","%","0.570226","80.0"
"EcosystemandCarbonCycle","BurnedArea","GFED4.1S","ED-ModelC-humid_suppression","Model Period Mean (intersection)","MeanState","seas","scalar","%","0.609476","80.0"
"EcosystemandCarbonCycle","BurnedArea","GFED4.1S","ED-ModelC-humid_suppression","Model Period Mean (complement)","MeanState","seas","scalar","%","0.140272","80.0"
"EcosystemandCarbonCycle","BurnedArea","GFED4.1S","ED-ModelC-humid_suppression","Benchmark Period Mean (intersection)","MeanState","eqas","scalar","%","0.0480126","80.0"
"EcosystemandCarbonCycle","BurnedArea","GFED4.1S","ED-ModelC-humid_suppression","Benchmark Period Mean (complement)","MeanState","eqas","scalar","%","0","80.0"
"EcosystemandCarbonCycle","BurnedArea","GFED4.1S","ED-ModelC-humid_suppression","Period Mean (original grids)","MeanState","eqas","scalar","%","0.0836657","80.0"
"EcosystemandCarbonCycle","BurnedArea","GFED4.1S","ED-ModelC-humid_suppression","Model Period Mean (intersection)","MeanState","eqas","scalar","%","0.111273","80.0"
"EcosystemandCarbonCycle","BurnedArea","GFED4.1S","ED-ModelC-humid_suppression","Model Period Mean (complement)","MeanState","eqas","scalar","%","0.0112752","80.0"
"EcosystemandCarbonCycle","BurnedArea","GFED4.1S","ED-ModelC-humid_suppression","Benchmark Period Mean (intersection)","MeanState","aust","scalar","%","0.529194","80.0"
"EcosystemandCarbonCycle","BurnedArea","GFED4.1S","ED-ModelC-humid_suppression","Benchmark Period Mean (complement)","MeanState","aust","scalar","%","0","80.0"
"EcosystemandCarbonCycle","BurnedArea","GFED4.1S","ED-ModelC-humid_suppression","Period Mean (original grids)","MeanState","aust","scalar","%","0.688146","80.0"
"EcosystemandCarbonCycle","BurnedArea","GFED4.1S","ED-ModelC-humid_suppression","Model Period Mean (intersection)","MeanState","aust","scalar","%","0.730868","80.0"
"EcosystemandCarbonCycle","BurnedArea","GFED4.1S","ED-ModelC-humid_suppression","Model Period Mean (complement)","MeanState","aust","scalar","%","0.135568","80.0"
"EcosystemandCarbonCycle","BurnedArea","GFED4.1S","ED-ModelC-humid_suppression","Spatial Distribution Score","MeanState","bona","score","1","0.142411","80.0"
"EcosystemandCarbonCycle","BurnedArea","GFED4.1S","ED-ModelC-humid_suppression","Spatial Distribution Score","MeanState","tena","score","1","0.0821389","80.0"
"EcosystemandCarbonCycle","BurnedArea","GFED4.1S","ED-ModelC-humid_suppression","Spatial Distribution Score","MeanState","ceam","score","1","0.199628","80.0"
"EcosystemandCarbonCycle","BurnedArea","GFED4.1S","ED-ModelC-humid_suppression","Spatial Distribution Score","MeanState","nhsa","score","1","0.820359","80.0"
"EcosystemandCarbonCycle","BurnedArea","GFED4.1S","ED-ModelC-humid_suppression","Spatial Distribution Score","MeanState","shsa","score","1","0.559891","80.0"
"EcosystemandCarbonCycle","BurnedArea","GFED4.1S","ED-ModelC-humid_suppression","Spatial Distribution Score","MeanState","euro","score","1","0.201779","80.0"
"EcosystemandCarbonCycle","BurnedArea","GFED4.1S","ED-ModelC-humid_suppression","Spatial Distribution Score","MeanState","mide","score","1","0.0275947","80.0"
"EcosystemandCarbonCycle","BurnedArea","GFED4.1S","ED-ModelC-humid_suppression","Spatial Distribution Score","MeanState","nhaf","score","1","0.575402","80.0"
"EcosystemandCarbonCycle","BurnedArea","GFED4.1S","ED-ModelC-humid_suppression","Spatial Distribution Score","MeanState","shaf","score","1","0.282655","80.0"
"EcosystemandCarbonCycle","BurnedArea","GFED4.1S","ED-ModelC-humid_suppression","Spatial Distribution Score","MeanState","boas","score","1","0.191135","80.0"
"EcosystemandCarbonCycle","BurnedArea","GFED4.1S","ED-ModelC-humid_suppression","Spatial Distribution Score","MeanState","ceas","score","1","0.455884","80.0"
"EcosystemandCarbonCycle","BurnedArea","GFED4.1S","ED-ModelC-humid_suppression","Spatial Distribution Score","MeanState","seas","score","1","0.467702","80.0"
"EcosystemandCarbonCycle","BurnedArea","GFED4.1S","ED-ModelC-humid_suppression","Spatial Distribution Score","MeanState","eqas","score","1","0.49077","80.0"
"EcosystemandCarbonCycle","BurnedArea","GFED4.1S","ED-ModelC-humid_suppression","Spatial Distribution Score","MeanState","aust","score","1","0.680365","80.0"
"EcosystemandCarbonCycle","BurnedArea","GFED4.1S","ED-ModelC-humid_suppression","Phase Shift","MeanState","bona","scalar","months","1.88585","80.0"
"EcosystemandCarbonCycle","BurnedArea","GFED4.1S","ED-ModelC-humid_suppression","Seasonal Cycle Score","MeanState","bona","score","1","0.928789","80.0"
"EcosystemandCarbonCycle","BurnedArea","GFED4.1S","ED-ModelC-humid_suppression","Phase Shift","MeanState","tena","scalar","months","2.32928","80.0"
"EcosystemandCarbonCycle","BurnedArea","GFED4.1S","ED-ModelC-humid_suppression","Seasonal Cycle Score","MeanState","tena","score","1","0.723923","80.0"
"EcosystemandCarbonCycle","BurnedArea","GFED4.1S","ED-ModelC-humid_suppression","Phase Shift","MeanState","ceam","scalar","months","1.64804","80.0"
"EcosystemandCarbonCycle","BurnedArea","GFED4.1S","ED-ModelC-humid_suppression","Seasonal Cycle Score","MeanState","ceam","score","1","0.877158","80.0"
"EcosystemandCarbonCycle","BurnedArea","GFED4.1S","ED-ModelC-humid_suppression","Phase Shift","MeanState","nhsa","scalar","months","1.31327","80.0"
"EcosystemandCarbonCycle","BurnedArea","GFED4.1S","ED-ModelC-humid_suppression","Seasonal Cycle Score","MeanState","nhsa","score","1","0.912096","80.0"
"EcosystemandCarbonCycle","BurnedArea","GFED4.1S","ED-ModelC-humid_suppression","Phase Shift","MeanState","shsa","scalar","months","1.73051","80.0"
"EcosystemandCarbonCycle","BurnedArea","GFED4.1S","ED-ModelC-humid_suppression","Seasonal Cycle Score","MeanState","shsa","score","1","0.861367","80.0"
"EcosystemandCarbonCycle","BurnedArea","GFED4.1S","ED-ModelC-humid_suppression","Phase Shift","MeanState","euro","scalar","months","2.15064","80.0"
"EcosystemandCarbonCycle","BurnedArea","GFED4.1S","ED-ModelC-humid_suppression","Seasonal Cycle Score","MeanState","euro","score","1","0.816971","80.0"
"EcosystemandCarbonCycle","BurnedArea","GFED4.1S","ED-ModelC-humid_suppression","Phase Shift","MeanState","mide","scalar","months","2.33123","80.0"
"EcosystemandCarbonCycle","BurnedArea","GFED4.1S","ED-ModelC-humid_suppression","Seasonal Cycle Score","MeanState","mide","score","1","0.804057","80.0"
"EcosystemandCarbonCycle","BurnedArea","GFED4.1S","ED-ModelC-humid_suppression","Phase Shift","MeanState","nhaf","scalar","months","2.02487","80.0"
"EcosystemandCarbonCycle","BurnedArea","GFED4.1S","ED-ModelC-humid_suppression","Seasonal Cycle Score","MeanState","nhaf","score","1","0.826418","80.0"
"EcosystemandCarbonCycle","BurnedArea","GFED4.1S","ED-ModelC-humid_suppression","Phase Shift","MeanState","shaf","scalar","months","1.39393","80.0"
"EcosystemandCarbonCycle","BurnedArea","GFED4.1S","ED-ModelC-humid_suppression","Seasonal Cycle Score","MeanState","shaf","score","1","0.898116","80.0"
"EcosystemandCarbonCycle","BurnedArea","GFED4.1S","ED-ModelC-humid_suppression","Phase Shift","MeanState","boas","scalar","months","1.82192","80.0"
"EcosystemandCarbonCycle","BurnedArea","GFED4.1S","ED-ModelC-humid_suppression","Seasonal Cycle Score","MeanState","boas","score","1","0.796517","80.0"
"EcosystemandCarbonCycle","BurnedArea","GFED4.1S","ED-ModelC-humid_suppression","Phase Shift","MeanState","ceas","scalar","months","2.37355","80.0"
"EcosystemandCarbonCycle","BurnedArea","GFED4.1S","ED-ModelC-humid_suppression","Seasonal Cycle Score","MeanState","ceas","score","1","0.72759","80.0"
"EcosystemandCarbonCycle","BurnedArea","GFED4.1S","ED-ModelC-humid_suppression","Phase Shift","MeanState","seas","scalar","months","1.97478","80.0"
"EcosystemandCarbonCycle","BurnedArea","GFED4.1S","ED-ModelC-humid_suppression","Seasonal Cycle Score","MeanState","seas","score","1","0.879205","80.0"
"EcosystemandCarbonCycle","BurnedArea","GFED4.1S","ED-ModelC-humid_suppression","Phase Shift","MeanState","eqas","scalar","months","1.98899","80.0"
"EcosystemandCarbonCycle","BurnedArea","GFED4.1S","ED-ModelC-humid_suppression","Seasonal Cycle Score","MeanState","eqas","score","1","0.852658","80.0"
"EcosystemandCarbonCycle","BurnedArea","GFED4.1S","ED-ModelC-humid_suppression","Phase Shift","MeanState","aust","scalar","months","2.38008","80.0"
"EcosystemandCarbonCycle","BurnedArea","GFED4.1S","ED-ModelC-humid_suppression","Seasonal Cycle Score","MeanState","aust","score","1","0.627192","80.0"
"EcosystemandCarbonCycle","BurnedArea","GFED4.1S","ED-ModelC-humid_suppression","Bias","MeanState","bona","scalar","%","-0.021898","80.0"
"EcosystemandCarbonCycle","BurnedArea","GFED4.1S","ED-ModelC-humid_suppression","Bias Score","MeanState","bona","score","1","0.895043","80.0"
"EcosystemandCarbonCycle","BurnedArea","GFED4.1S","ED-ModelC-humid_suppression","Bias","MeanState","tena","scalar","%","0.230543","80.0"
"EcosystemandCarbonCycle","BurnedArea","GFED4.1S","ED-ModelC-humid_suppression","Bias Score","MeanState","tena","score","1","0.550548","80.0"
"EcosystemandCarbonCycle","BurnedArea","GFED4.1S","ED-ModelC-humid_suppression","Bias","MeanState","ceam","scalar","%","0.443203","80.0"
"EcosystemandCarbonCycle","BurnedArea","GFED4.1S","ED-ModelC-humid_suppression","Bias Score","MeanState","ceam","score","1","0.518427","80.0"
"EcosystemandCarbonCycle","BurnedArea","GFED4.1S","ED-ModelC-humid_suppression","Bias","MeanState","nhsa","scalar","%","0.165012","80.0"
"EcosystemandCarbonCycle","BurnedArea","GFED4.1S","ED-ModelC-humid_suppression","Bias Score","MeanState","nhsa","score","1","0.675573","80.0"
"EcosystemandCarbonCycle","BurnedArea","GFED4.1S","ED-ModelC-humid_suppression","Bias","MeanState","shsa","scalar","%","0.3475","80.0"
"EcosystemandCarbonCycle","BurnedArea","GFED4.1S","ED-ModelC-humid_suppression","Bias Score","MeanState","shsa","score","1","0.660549","80.0"
"EcosystemandCarbonCycle","BurnedArea","GFED4.1S","ED-ModelC-humid_suppression","Bias","MeanState","euro","scalar","%","0.0991539","80.0"
"EcosystemandCarbonCycle","BurnedArea","GFED4.1S","ED-ModelC-humid_suppression","Bias Score","MeanState","euro","score","1","0.663897","80.0"
"EcosystemandCarbonCycle","BurnedArea","GFED4.1S","ED-ModelC-humid_suppression","Bias","MeanState","mide","scalar","%","0.902867","80.0"
"EcosystemandCarbonCycle","BurnedArea","GFED4.1S","ED-ModelC-humid_suppression","Bias Score","MeanState","mide","score","1","0.374091","80.0"
"EcosystemandCarbonCycle","BurnedArea","GFED4.1S","ED-ModelC-humid_suppression","Bias","MeanState","nhaf","scalar","%","0.39586","80.0"
"EcosystemandCarbonCycle","BurnedArea","GFED4.1S","ED-ModelC-humid_suppression","Bias Score","MeanState","nhaf","score","1","0.741067","80.0"
"EcosystemandCarbonCycle","BurnedArea","GFED4.1S","ED-ModelC-humid_suppression","Bias","MeanState","shaf","scalar","%","-0.501696","80.0"
"EcosystemandCarbonCycle","BurnedArea","GFED4.1S","ED-ModelC-humid_suppression","Bias Score","MeanState","shaf","score","1","0.694352","80.0"
"EcosystemandCarbonCycle","BurnedArea","GFED4.1S","ED-ModelC-humid_suppression","Bias","MeanState","boas","scalar","%","-0.0170882","80.0"
"EcosystemandCarbonCycle","BurnedArea","GFED4.1S","ED-ModelC-humid_suppression","Bias Score","MeanState","boas","score","1","0.880617","80.0"
"EcosystemandCarbonCycle","BurnedArea","GFED4.1S","ED-ModelC-humid_suppression","Bias","MeanState","ceas","scalar","%","0.192773","80.0"
"EcosystemandCarbonCycle","BurnedArea","GFED4.1S","ED-ModelC-humid_suppression","Bias Score","MeanState","ceas","score","1","0.79378","80.0"
"EcosystemandCarbonCycle","BurnedArea","GFED4.1S","ED-ModelC-humid_suppression","Bias","MeanState","seas","scalar","%","0.461447","80.0"
"EcosystemandCarbonCycle","BurnedArea","GFED4.1S","ED-ModelC-humid_suppression","Bias Score","MeanState","seas","score","1","0.660957","80.0"
"EcosystemandCarbonCycle","BurnedArea","GFED4.1S","ED-ModelC-humid_suppression","Bias","MeanState","eqas","scalar","%","0.0632606","80.0"
"EcosystemandCarbonCycle","BurnedArea","GFED4.1S","ED-ModelC-humid_suppression","Bias Score","MeanState","eqas","score","1","0.70194","80.0"
"EcosystemandCarbonCycle","BurnedArea","GFED4.1S","ED-ModelC-humid_suppression","Bias","MeanState","aust","scalar","%","0.201674","80.0"
"EcosystemandCarbonCycle","BurnedArea","GFED4.1S","ED-ModelC-humid_suppression","Bias Score","MeanState","aust","score","1","0.752679","80.0"
"EcosystemandCarbonCycle","BurnedArea","GFED4.1S","ED-ModelC-humid_suppression","RMSE","MeanState","bona","scalar","%","0.091213","80.0"
"EcosystemandCarbonCycle","BurnedArea","GFED4.1S","ED-ModelC-humid_suppression","RMSE Score","MeanState","bona","score","1","0.754744","80.0"
"EcosystemandCarbonCycle","BurnedArea","GFED4.1S","ED-ModelC-humid_suppression","RMSE","MeanState","tena","scalar","%","0.413712","80.0"
"EcosystemandCarbonCycle","BurnedArea","GFED4.1S","ED-ModelC-humid_suppression","RMSE Score","MeanState","tena","score","1","0.38379","80.0"
"EcosystemandCarbonCycle","BurnedArea","GFED4.1S","ED-ModelC-humid_suppression","RMSE","MeanState","ceam","scalar","%","0.631364","80.0"
"EcosystemandCarbonCycle","BurnedArea","GFED4.1S","ED-ModelC-humid_suppression","RMSE Score","MeanState","ceam","score","1","0.44792","80.0"
"EcosystemandCarbonCycle","BurnedArea","GFED4.1S","ED-ModelC-humid_suppression","RMSE","MeanState","nhsa","scalar","%","0.328521","80.0"
"EcosystemandCarbonCycle","BurnedArea","GFED4.1S","ED-ModelC-humid_suppression","RMSE Score","MeanState","nhsa","score","1","0.566673","80.0"
"EcosystemandCarbonCycle","BurnedArea","GFED4.1S","ED-ModelC-humid_suppression","RMSE","MeanState","shsa","scalar","%","0.552193","80.0"
"EcosystemandCarbonCycle","BurnedArea","GFED4.1S","ED-ModelC-humid_suppression","RMSE Score","MeanState","shsa","score","1","0.526798","80.0"
"EcosystemandCarbonCycle","BurnedArea","GFED4.1S","ED-ModelC-humid_suppression","RMSE","MeanState","euro","scalar","%","0.211345","80.0"
"EcosystemandCarbonCycle","BurnedArea","GFED4.1S","ED-ModelC-humid_suppression","RMSE Score","MeanState","euro","score","1","0.474147","80.0"
"EcosystemandCarbonCycle","BurnedArea","GFED4.1S","ED-ModelC-humid_suppression","RMSE","MeanState","mide","scalar","%","1.3382","80.0"
"EcosystemandCarbonCycle","BurnedArea","GFED4.1S","ED-ModelC-humid_suppression","RMSE Score","MeanState","mide","score","1","0.25197","80.0"
"EcosystemandCarbonCycle","BurnedArea","GFED4.1S","ED-ModelC-humid_suppression","RMSE","MeanState","nhaf","scalar","%","3.07998","80.0"
"EcosystemandCarbonCycle","BurnedArea","GFED4.1S","ED-ModelC-humid_suppression","RMSE Score","MeanState","nhaf","score","1","0.461","80.0"
"EcosystemandCarbonCycle","BurnedArea","GFED4.1S","ED-ModelC-humid_suppression","RMSE","MeanState","shaf","scalar","%","2.51804","80.0"
"EcosystemandCarbonCycle","BurnedArea","GFED4.1S","ED-ModelC-humid_suppression","RMSE Score","MeanState","shaf","score","1","0.478825","80.0"
"EcosystemandCarbonCycle","BurnedArea","GFED4.1S","ED-ModelC-humid_suppression","RMSE","MeanState","boas","scalar","%","0.0839772","80.0"
"EcosystemandCarbonCycle","BurnedArea","GFED4.1S","ED-ModelC-humid_suppression","RMSE Score","MeanState","boas","score","1","0.711482","80.0"
"EcosystemandCarbonCycle","BurnedArea","GFED4.1S","ED-ModelC-humid_suppression","RMSE","MeanState","ceas","scalar","%","0.59881","80.0"
"EcosystemandCarbonCycle","BurnedArea","GFED4.1S","ED-ModelC-humid_suppression","RMSE Score","MeanState","ceas","score","1","0.599962","80.0"
"EcosystemandCarbonCycle","BurnedArea","GFED4.1S","ED-ModelC-humid_suppression","RMSE","MeanState","seas","scalar","%","0.802365","80.0"
"EcosystemandCarbonCycle","BurnedArea","GFED4.1S","ED-ModelC-humid_suppression","RMSE Score","MeanState","seas","score","1","0.460269","80.0"
"EcosystemandCarbonCycle","BurnedArea","GFED4.1S","ED-ModelC-humid_suppression","RMSE","MeanState","eqas","scalar","%","0.156627","80.0"
"EcosystemandCarbonCycle","BurnedArea","GFED4.1S","ED-ModelC-humid_suppression","RMSE Score","MeanState","eqas","score","1","0.588794","80.0"
"EcosystemandCarbonCycle","BurnedArea","GFED4.1S","ED-ModelC-humid_suppression","RMSE","MeanState","aust","scalar","%","1.32042","80.0"
"EcosystemandCarbonCycle","BurnedArea","GFED4.1S","ED-ModelC-humid_suppression","RMSE Score","MeanState","aust","score","1","0.652207","80.0"